kategoria_produktu,nazwa,marka,cena_aktualna,cena_regularna,material,fason,ksztalt,rodzaj_dekoltu,dlugosc_rekawa,fason_clean,trend_score
koszulki z krótkim rękawem (męskie),- t-shirt z nadrukiem,nike sportswear,199.0,179.0,100% bawełna,regular,Prosty,Okrągły,Krótki rękaw,koszulka regular fit,3.33
koszulki z krótkim rękawem (męskie),- t-shirt z nadrukiem,karl lagerfeld,265.28,,"95% bawełna, 5% elastan",regular,Prosty,Okrągły,Krótki rękaw,koszulka regular fit,3.33
koszulki z krótkim rękawem (męskie),- t-shirt z nadrukiem,iceberg,899.0,779.0,100% bawełna,regular,Prosty,Okrągły,Krótki rękaw,koszulka regular fit,3.33
koszulki z krótkim rękawem (męskie),- t-shirt z nadrukiem,dc shoes,101.99,169.99,100% bawełna,loose fit,Prosty,Okrągły,Krótki rękaw,koszulka loose fit,3.33
koszulki z krótkim rękawem (męskie),- bluzka z długim rękawem,adidas originals,197.0,359.0,100% poliester,regular,Prosty,,Długi rękaw,koszulka regular fit,3.33
koszulki z krótkim rękawem (męskie),wilbur - t-shirt basic,indicode jeans wilbur,89.99,,100% bawełna,slim,Dopasowany,Okrągły,Krótki rękaw,koszulka slim fit,32.2
koszulki z krótkim rękawem (męskie),- koszulka polo,lyle & scott,287.0,319.0,100% bawełna,regular,Prosty,,Krótki rękaw,koszulka regular fit,3.33
koszulki z krótkim rękawem (męskie),portisol - t-shirt z nadrukiem,vilebrequin portisol,499.0,,100% bawełna,regular,Prosty,Okrągły,Krótki rękaw,koszulka regular fit,3.33
koszulki z krótkim rękawem (męskie),unisex - bluzka z długim rękawem,edwin unisex,319.0,129.0,100% bawełna,loose fit,Prosty,Okrągły,Długi rękaw,koszulka loose fit,3.33
koszulki z krótkim rękawem (męskie),- t-shirt basic,lyle & scott,143.0,159.0,100% bawełna,regular,Prosty,Okrągły,Krótki rękaw,koszulka regular fit,3.33
koszulki z krótkim rękawem (męskie),- bluzka z długim rękawem,tommy jeans,209.0,,100% bawełna,regular,Prosty,Okrągły,Długi rękaw,koszulka regular fit,3.33
koszulki z krótkim rękawem (męskie),- t-shirt basic,liu jo,469.0,229.0,100% bawełna,regular,Prosty,Okrągły,Krótki rękaw,koszulka regular fit,3.33
koszulki z krótkim rękawem (męskie),- koszulka polo,massimo dutti,249.0,,100% bawełna,regular,Prosty,,Krótki rękaw,koszulka regular fit,3.33
koszulki z krótkim rękawem (męskie),newport - t-shirt basic,calvin klein golf newport,199.0,109.0,"88% poliester, 12% elastan",slim,Prosty,Okrągły,Krótki rękaw,koszulka slim fit,32.2
koszulki z krótkim rękawem (męskie),- koszulka polo,boggi milano,529.0,164.99,"56% bawełna, 39% poliester, 5% elastan",regular,Prosty,,Krótki rękaw,koszulka regular fit,3.33
koszulki z krótkim rękawem (męskie),aaron - t-shirt z nadrukiem,thinking mu aaron,256.0,234.62,100% bawełna,loose fit,Rozkloszowany,Okrągły,Krótki rękaw,koszulka loose fit,3.33
koszulki z krótkim rękawem (męskie),pike oversized - t-shirt z nadrukiem,pegador pike oversized,161.0,,100% bawełna,loose fit,Prosty,,Półrękawek,koszulka loose fit,3.33
koszulki z krótkim rękawem (męskie),- t-shirt basic,next,292.0,169.0,100% bawełna,regular,Prosty,Okrągły,Krótki rękaw,koszulka regular fit,3.33
koszulki z krótkim rękawem (męskie),stride - bluzka z długim rękawem,nike performance stride,289.0,249.0,"88% poliester, 12% elastan",regular,Prosty,,Długi rękaw,koszulka regular fit,3.33
koszulki z krótkim rękawem (męskie),unisex - koszulka polo,umbro unisex,108.0,309.0,100% poliester,regular,Prosty,,Krótki rękaw,koszulka regular fit,3.33
koszulki z krótkim rękawem (męskie),- t-shirt basic,polo ralph lauren,419.0,419.0,100% bawełna,regular,Prosty,Okrągły,Krótki rękaw,koszulka regular fit,3.33
koszulki z krótkim rękawem (męskie),- koszulka polo,boggi milano,529.0,140.99,"94% len, 6% elastan",regular,Prosty,Wycięcie typu V,Krótki rękaw,koszulka regular fit,3.33
koszulki z krótkim rękawem (męskie),do not use - t-shirt basic,urban classics do not use,49.0,,100% bawełna,regular,Prosty,Okrągły,Krótki rękaw,koszulka regular fit,3.33
koszulki z krótkim rękawem (męskie),- t-shirt z nadrukiem,quiksilver,76.99,109.99,100% bawełna,regular,Prosty,Okrągły,Krótki rękaw,koszulka regular fit,3.33
koszulki z krótkim rękawem (męskie),t-shirt z nadrukiem,s.oliver t,89.99,99.0,"60% bawełna, 40% poliester",regular,Prosty,Okrągły,Krótki rękaw,koszulka regular fit,3.33
koszulki z krótkim rękawem (męskie),3 pack - t-shirt basic,u.s. polo assn. 3 pack,191.0,,100% bawełna,regular,Prosty,Okrągły,Krótki rękaw,koszulka regular fit,3.33
koszulki z krótkim rękawem (męskie),jormontauk - t-shirt z nadrukiem,jack & jones jormontauk,71.0,,100% bawełna,loose fit,Prosty,Okrągły,Krótki rękaw,koszulka loose fit,3.33
koszulki z krótkim rękawem (męskie),st. erney - t-shirt z nadrukiem,lonsdale st. erney,70.0,,100% bawełna,regular,Prosty,Okrągły,Krótki rękaw,koszulka regular fit,3.33
koszulki z krótkim rękawem (męskie),- koszulka polo,adidas performance,329.0,179.99,"83% poliester, 17% elastan",regular,Prosty,,Krótki rękaw,koszulka regular fit,3.33
koszulki z krótkim rękawem (męskie),timmi - t-shirt z nadrukiem,kronstadt timmi,129.99,184.0,100% bawełna,regular,Prosty,Okrągły,Krótki rękaw,koszulka regular fit,3.33
koszulki z krótkim rękawem (męskie),- artykuły klubowe,puma,169.0,129.0,100% bawełna,regular,Prosty,Okrągły,Krótki rękaw,koszulka regular fit,3.33
koszulki z krótkim rękawem (męskie),- t-shirt basic,jack & jones,286.0,79.0,"52% bawełna, 48% poliester",loose fit,Prosty,Okrągły,Półrękawek,koszulka loose fit,3.33
koszulki z krótkim rękawem (męskie),- t-shirt z nadrukiem,karl kani,97.0,139.0,100% bawełna,loose fit,Prosty,Okrągły,Półrękawek,koszulka loose fit,3.33
koszulki z krótkim rękawem (męskie),- t-shirt z nadrukiem,pier one,100.0,,100% bawełna,regular,Prosty,Okrągły,Krótki rękaw,koszulka regular fit,3.33
koszulki z krótkim rękawem (męskie),- t-shirt z nadrukiem,lacoste,305.0,339.0,100% bawełna,regular,Prosty,Okrągły,Krótki rękaw,koszulka regular fit,3.33
koszulki z krótkim rękawem (męskie),- t-shirt z nadrukiem,nike golf,111.0,159.0,100% bawełna,regular,Prosty,Okrągły,Krótki rękaw,koszulka regular fit,3.33
koszulki z krótkim rękawem (męskie),- t-shirt basic,hollister co.,79.0,129.0,"54% bawełna, 46% poliester",regular,Prosty,Okrągły,Krótki rękaw,koszulka regular fit,3.33
koszulki z krótkim rękawem (męskie),feel the heat round neck - t-shirt z nadrukiem,mister tee feel the heat round neck,67.0,79.0,100% bawełna,regular,Prosty,Okrągły,Krótki rękaw,koszulka regular fit,3.33
koszulki z krótkim rękawem (męskie),- koszulka sportowa,under armour,145.0,139.0,100% poliester,regular,Prosty,Okrągły,Krótki rękaw,koszulka regular fit,3.33
koszulki z krótkim rękawem (męskie),- t-shirt z nadrukiem,lost youth,103.0,159.0,100% bawełna,loose fit,Prosty,Okrągły,Krótki rękaw,koszulka loose fit,3.33
koszulki z krótkim rękawem (męskie),copenhagen - t-shirt z nadrukiem,clean cut copenhagen copenhagen,118.0,159.0,"95% bawełna, 5% elastan",loose fit,Prosty,Okrągły,Krótki rękaw,koszulka loose fit,3.33
koszulki z krótkim rękawem (męskie),blairmore - t-shirt z nadrukiem,lonsdale blairmore,159.0,99.0,100% bawełna,regular,Prosty,Okrągły,Krótki rękaw,koszulka regular fit,3.33
koszulki z krótkim rękawem (męskie),emerge - bluzka z długim rękawem,carhartt wip emerge,289.0,239.0,100% bawełna,regular,Prosty,Okrągły,Długi rękaw,koszulka regular fit,3.33
koszulki z krótkim rękawem (męskie),- top,mango,159.99,319.0,100% bawełna,regular,Prosty,"Okrągły, głęboko wycięty",Bez rękawów,koszulka regular fit,3.33
koszulki z krótkim rękawem (męskie),- koszulka polo,s.oliver,357.0,119.99,100% bawełna,regular,Prosty,Wycięcie typu V,Krótki rękaw,koszulka regular fit,3.33
koszulki z krótkim rękawem (męskie),- t-shirt z nadrukiem,s.oliver,89.99,109.0,100% bawełna,regular,Prosty,Okrągły,Krótki rękaw,koszulka regular fit,3.33
koszulki z krótkim rękawem (męskie),- koszulka polo,s.oliver,263.0,329.0,100% bawełna,regular,Prosty,Wycięcie typu V,Krótki rękaw,koszulka regular fit,3.33
koszulki z krótkim rękawem (męskie),jprblamason - koszulka polo,jack & jones premium jprblamason,219.99,179.0,100% bawełna,loose fit,Prosty,Typu Henley,Półrękawek,koszulka loose fit,3.33
koszulki z krótkim rękawem (męskie),unisex - bluzka z długim rękawem,wasted paris unisex,242.0,269.0,100% bawełna,loose fit,Prosty,Okrągły,Długi rękaw,koszulka loose fit,3.33
koszulki z krótkim rękawem (męskie),unisex - bluzka z długim rękawem,yourturn unisex,47.0,94.0,100% bawełna,regular,Prosty,Okrągły,Długi rękaw,koszulka regular fit,3.33
koszulki z krótkim rękawem (męskie),- koszulka polo,boggi milano,419.0,164.99,100% bawełna,regular,Prosty,,Krótki rękaw,koszulka regular fit,3.33
koszulki z krótkim rękawem (męskie),jacko - t-shirt basic,pepe jeans jacko,139.0,159.0,100% bawełna,regular,Prosty,Okrągły,Krótki rękaw,koszulka regular fit,3.33
koszulki z krótkim rękawem (męskie),- t-shirt basic,tom tailor denim,99.0,319.0,100% bawełna,loose fit,Prosty,Okrągły,Krótki rękaw,koszulka loose fit,3.33
koszulki z krótkim rękawem (męskie),t-shirt z nadrukiem,upscale by mister tee t,58.0,,100% bawełna,nadwymiarowy,Prosty,Okrągły,Krótki rękaw,koszulka oversize,22.7
koszulki z krótkim rękawem (męskie),- t-shirt z nadrukiem,dc shoes,149.99,179.0,100% bawełna,loose fit,Prosty,Okrągły,Krótki rękaw,koszulka loose fit,3.33
koszulki z krótkim rękawem (męskie),- t-shirt z nadrukiem,adidas originals,72.0,179.0,100% bawełna,regular,Prosty,Okrągły,Krótki rękaw,koszulka regular fit,3.33
koszulki z krótkim rękawem (męskie),- t-shirt z nadrukiem,rockshirts,99.0,879.0,100% bawełna,regular,Prosty,Okrągły,Krótki rękaw,koszulka regular fit,3.33
koszulki z krótkim rękawem (męskie),ashton - t-shirt basic,blend ashton,72.0,,100% bawełna,regular,Prosty,Typu Henley,Krótki rękaw,koszulka regular fit,3.33
koszulki z krótkim rękawem (męskie),unisex - t-shirt z nadrukiem,santa cruz unisex,87.0,159.0,100% bawełna,regular,Prosty,Okrągły,Krótki rękaw,koszulka regular fit,3.33
koszulki z krótkim rękawem (męskie),- koszulka polo,tommy hilfiger,449.0,409.0,"65% bawełna, 35% poliester",regular,Prosty,,Krótki rękaw,koszulka regular fit,3.33
koszulki z krótkim rękawem (męskie),- t-shirt basic,billabong,149.99,79.0,"85% poliester, 15% elastan",regular,Prosty,Okrągły,Krótki rękaw,koszulka regular fit,3.33
koszulki z krótkim rękawem (męskie),- t-shirt z nadrukiem,jp1880,139.99,,100% bawełna,regular,Prosty,Okrągły,Krótki rękaw,koszulka regular fit,3.33
koszulki z krótkim rękawem (męskie),- t-shirt z nadrukiem,ea7 emporio armani,375.0,469.0,"52% lyocell, 48% poliester",regular fit,Prosty,Okrągły,Krótki rękaw,koszulka regular fit,3.33
koszulki z krótkim rękawem (męskie),- t-shirt z nadrukiem,pepe jeans,159.0,139.0,100% bawełna,regular,Prosty,Okrągły,Krótki rękaw,koszulka regular fit,3.33
koszulki z krótkim rękawem (męskie),- t-shirt z nadrukiem,michael kors,309.0,399.0,100% bawełna,regular,Prosty,Okrągły,Krótki rękaw,koszulka regular fit,3.33
koszulki z krótkim rękawem (męskie),slhroland - t-shirt basic,selected slhroland,161.0,179.0,"95% bawełna, 5% elastan",regular,Prosty,Okrągły,Krótki rękaw,koszulka regular fit,3.33
koszulki z krótkim rękawem (męskie),- t-shirt z nadrukiem,henry tiger,99.99,,100% bawełna,regular,Prosty,Okrągły,Krótki rękaw,koszulka regular fit,3.33
koszulki z krótkim rękawem (męskie),beyond - koszulka polo,adidas golf beyond,369.0,169.0,100% poliester,regular,Prosty,,Krótki rękaw,koszulka regular fit,3.33
koszulki z krótkim rękawem (męskie),healthy body - t-shirt z nadrukiem,henry tiger healthy body,99.99,,100% bawełna,regular,Prosty,Okrągły,Krótki rękaw,koszulka regular fit,3.33
koszulki z krótkim rękawem (męskie),- t-shirt z nadrukiem,quiksilver,76.99,109.99,100% bawełna,loose fit,Prosty,Okrągły,Krótki rękaw,koszulka loose fit,3.33
koszulki z krótkim rękawem (męskie),- koszulka polo,bogner,900.0,379.99,100% bawełna,loose fit,Prosty,,Krótki rękaw,koszulka loose fit,3.33
koszulki z krótkim rękawem (męskie),- t-shirt z nadrukiem,tommy jeans,90.0,199.0,100% bawełna,regular,Prosty,Okrągły,Krótki rękaw,koszulka regular fit,3.33
koszulki z krótkim rękawem (męskie),- t-shirt basic,next,104.0,182.0,100% bawełna,regular,Prosty,Okrągły,Krótki rękaw,koszulka regular fit,3.33
koszulki z krótkim rękawem (męskie),- t-shirt z nadrukiem,champion,134.0,,100% bawełna,regular,Prosty,Okrągły,Krótki rękaw,koszulka regular fit,3.33
koszulki z krótkim rękawem (męskie),ps spirit70 - t-shirt basic,boss ps spirit70,584.0,899.0,"60% modal, 23% poliamid, 17% jedwab",regular,Prosty,Okrągły,Krótki rękaw,koszulka regular fit,3.33
koszulki z krótkim rękawem (męskie),- koszulka polo,redefined rebel,125.0,,"60% bawełna, 40% poliester",regular,Prosty,,Długi rękaw,koszulka regular fit,3.33
koszulki z krótkim rękawem (męskie),- t-shirt z nadrukiem,polo ralph lauren,339.0,639.0,100% bawełna,regular,Prosty,Okrągły,Krótki rękaw,koszulka regular fit,3.33
koszulki z krótkim rękawem (męskie),- t-shirt z nadrukiem,mister tee,61.0,79.0,100% bawełna,regular,Prosty,Okrągły,Krótki rękaw,koszulka regular fit,3.33
koszulki z krótkim rękawem (męskie),unisex days before summer - t-shirt z nadrukiem,upscale by mister tee unisex days before summer,52.0,,100% bawełna,nadwymiarowy,Prosty,Okrągły,Krótki rękaw,koszulka oversize,22.7
koszulki z krótkim rękawem (męskie),- t-shirt z nadrukiem,wood wood,405.0,,100% bawełna,loose fit,Prosty,Okrągły,Półrękawek,koszulka loose fit,3.33
koszulki z krótkim rękawem (męskie),taul - t-shirt basic,boss taul,207.0,319.0,"92% bawełna, 8% elastan",regular,Prosty,Okrągły,Krótki rękaw,koszulka regular fit,3.33
koszulki z krótkim rękawem (męskie),basketball clouds - t-shirt z nadrukiem,mister tee basketball clouds,64.0,89.0,100% bawełna,regular,Prosty,Okrągły,Krótki rękaw,koszulka regular fit,3.33
koszulki z krótkim rękawem (męskie),- koszulka polo,bogner,600.0,519.0,"51% bawełna, 45% poliester, 4% elastan",regular,Prosty,,Krótki rękaw,koszulka regular fit,3.33
koszulki z krótkim rękawem (męskie),- t-shirt z nadrukiem,henry tiger,109.99,,100% bawełna,regular,Prosty,Okrągły,Krótki rękaw,koszulka regular fit,3.33
koszulki z krótkim rękawem (męskie),- t-shirt basic,pier one sport,40.0,,"88% poliester, 12% elastan",slim,Prosty,Okrągły,Krótki rękaw,koszulka slim fit,32.2
koszulki z krótkim rękawem (męskie),- t-shirt z nadrukiem,adidas performance,159.0,159.0,"65% poliester, 35% bawełna",nadwymiarowy,Prosty,Okrągły,Półrękawek,koszulka oversize,22.7
koszulki z krótkim rękawem (męskie),- koszulka sportowa,puma,174.0,229.0,"94% poliester, 6% elastan",regular,Prosty,Okrągły,Krótki rękaw,koszulka regular fit,3.33
koszulki z krótkim rękawem (męskie),- t-shirt z nadrukiem,forsberg,119.99,109.99,"60% bawełna, 40% poliester",regular,Prosty,Okrągły,Krótki rękaw,koszulka regular fit,3.33
koszulki z krótkim rękawem (męskie),- koszulka polo,red bull racing x pepe jeans,260.0,325.0,100% bawełna,regular,Prosty,Wycięcie typu V,Krótki rękaw,koszulka regular fit,3.33
koszulki z krótkim rękawem (męskie),bhevo - koszulka polo,blend bhevo,109.0,179.0,100% bawełna,regular,Prosty,Wycięcie typu V,Krótki rękaw,koszulka regular fit,3.33
koszulki z krótkim rękawem (męskie),los angeles - t-shirt z nadrukiem,mister tee los angeles,58.0,79.0,100% bawełna,regular,Prosty,Okrągły,Krótki rękaw,koszulka regular fit,3.33
koszulki z krótkim rękawem (męskie),- bluzka z długim rękawem,adidas originals,180.0,359.0,100% poliester,loose fit,Prosty,Wycięcie typu V,Bardzo długi rękaw,koszulka loose fit,3.33
koszulki z krótkim rękawem (męskie),- t-shirt basic,seidensticker,229.0,399.0,100% bawełna,regular,Prosty,Okrągły,Krótki rękaw,koszulka regular fit,3.33
koszulki z krótkim rękawem (męskie),- t-shirt z nadrukiem,carlo colucci,449.0,199.0,100% bawełna,loose fit,Prosty,Okrągły,Półrękawek,koszulka loose fit,3.33
koszulki z krótkim rękawem (męskie),tierra - t-shirt z nadrukiem,allsaints tierra,278.0,309.0,100% bawełna,loose fit,Prosty,Okrągły,Krótki rękaw,koszulka loose fit,3.33
koszulki z krótkim rękawem (męskie),- koszulka sportowa,mammut,229.0,229.0,100% poliester,slim,Prosty,Okrągły,Krótki rękaw,koszulka slim fit,32.2
koszulki z krótkim rękawem (męskie),- t-shirt z nadrukiem,henry tiger,99.99,,100% bawełna,regular,Prosty,Okrągły,Krótki rękaw,koszulka regular fit,3.33
koszulki z krótkim rękawem (męskie),- t-shirt basic,napapijri,90.0,139.0,100% bawełna,regular,Prosty,Okrągły,Krótki rękaw,koszulka regular fit,3.33
koszulki z krótkim rękawem (męskie),- t-shirt z nadrukiem,karma8a,279.0,139.0,100% bawełna,loose fit,Prosty,Okrągły,Krótki rękaw,koszulka loose fit,3.33
koszulki z krótkim rękawem (męskie),- koszulka polo,s.oliver,263.0,,100% bawełna,regular,Prosty,Wycięcie typu V,Krótki rękaw,koszulka regular fit,3.33
koszulki z krótkim rękawem (męskie),texas city - t-shirt basic,mcs texas city,74.99,,100% bawełna,regular,Prosty,Okrągły,Krótki rękaw,koszulka regular fit,3.33
koszulki z krótkim rękawem (męskie),join life - t-shirt basic,pull&bear join life,45.9,79.0,100% bawełna,loose fit,Prosty,Okrągły,Półrękawek,koszulka loose fit,3.33
koszulki z krótkim rękawem (męskie),france 2026/27 home - t-shirt z nadrukiem,nike performance france 2026/27 home,679.0,449.0,100% poliester,regular,Dopasowany,,Krótki rękaw,koszulka regular fit,3.33
koszulki z krótkim rękawem (męskie),- t-shirt z nadrukiem,carhartt wip,175.0,269.0,100% bawełna,regular,Prosty,Okrągły,Krótki rękaw,koszulka regular fit,3.33
koszulki z krótkim rękawem (męskie),- t-shirt z nadrukiem,joop!,629.0,187.99,"53% bawełna, 47% wiskoza",regular,Prosty,Okrągły,Krótki rękaw,koszulka regular fit,3.33
koszulki z krótkim rękawem (męskie),- koszulka polo,fynch,249.95,239.0,100% bawełna,regular,Prosty,,Krótki rękaw,koszulka regular fit,3.33
koszulki z krótkim rękawem (męskie),mean girls - t-shirt z nadrukiem,henry tiger mean girls,169.99,,100% bawełna,regular,Prosty,Okrągły,Krótki rękaw,koszulka regular fit,3.33
koszulki z krótkim rękawem (męskie),- koszulka polo,street one men,189.0,269.99,100% bawełna,regular,Prosty,Wycięcie typu V,Krótki rękaw,koszulka regular fit,3.33
koszulki z krótkim rękawem (męskie),t-shirt basic,nike performance t,82.99,79.0,100% poliester,slim,Prosty,Okrągły,Krótki rękaw,koszulka slim fit,32.2
koszulki z krótkim rękawem (męskie),italy - t-shirt z nadrukiem,merchcode italy,76.0,119.0,100% bawełna,regular,Prosty,Okrągły,Krótki rękaw,koszulka regular fit,3.33
koszulki z krótkim rękawem (męskie),- t-shirt z nadrukiem,jack & jones,80.95,,100% bawełna,loose fit,Prosty,Okrągły,Krótki rękaw,koszulka loose fit,3.33
koszulki z krótkim rękawem (męskie),onsmass - t-shirt z nadrukiem,only & sons onsmass,79.0,179.0,100% bawełna,regular,Prosty,Okrągły,Krótki rękaw,koszulka regular fit,3.33
koszulki z krótkim rękawem (męskie),- bluzka z długim rękawem,aries,609.0,,100% bawełna,loose fit,Prosty,Okrągły,Długi rękaw,koszulka loose fit,3.33
koszulki z krótkim rękawem (męskie),- koszulka polo,boggi milano,419.0,399.0,100% bawełna,regular,Prosty,,Krótki rękaw,koszulka regular fit,3.33
koszulki z krótkim rękawem (męskie),- koszulka polo,s.oliver,126.99,199.99,100% bawełna,regular,Prosty,,Krótki rękaw,koszulka regular fit,3.33
koszulki z krótkim rękawem (męskie),- koszulka polo,farah,360.0,149.99,100% bawełna,loose fit,Prosty,,Półrękawek,koszulka loose fit,3.33
koszulki z krótkim rękawem (męskie),- t-shirt z nadrukiem,pull&bear,69.9,129.0,100% bawełna,loose fit,Prosty,Okrągły,Krótki rękaw,koszulka loose fit,3.33
koszulki z krótkim rękawem (męskie),- t-shirt z nadrukiem,merchcode,106.0,119.0,100% bawełna,regular,Prosty,Okrągły,Krótki rękaw,koszulka regular fit,3.33
koszulki z krótkim rękawem (męskie),kendrick - t-shirt basic,drykorn kendrick,233.0,,100% bawełna,regular,Prosty,Okrągły,Krótki rękaw,koszulka regular fit,3.33
koszulki z krótkim rękawem (męskie),foundation - koszulka sportowa,under armour foundation,116.0,129.0,"60% bawełna, 40% poliester",regular,Prosty,Okrągły,Krótki rękaw,koszulka regular fit,3.33
koszulki z krótkim rękawem (męskie),- t-shirt basic,harper & neyer,122.0,159.0,100% bawełna,regular,Prosty,Okrągły,Krótki rękaw,koszulka regular fit,3.33
koszulki z krótkim rękawem (męskie),wild worlds - koszulka sportowa,quiksilver wild worlds,129.99,179.0,100% bawełna,regular,Prosty,Okrągły,Krótki rękaw,koszulka regular fit,3.33
koszulki z krótkim rękawem (męskie),- t-shirt basic,s.oliver,69.99,129.99,100% bawełna,regular,Prosty,Okrągły,Krótki rękaw,koszulka regular fit,3.33
koszulki z krótkim rękawem (męskie),studio - t-shirt z nadrukiem,wrstbhvr studio,238.0,340.0,100% bawełna,nadwymiarowy,Prosty,Okrągły,Półrękawek,koszulka oversize,22.7
koszulki z krótkim rękawem (męskie),- t-shirt basic,boss,287.0,319.0,"95% bawełna, 5% elastan",loose fit,Prosty,,Krótki rękaw,koszulka loose fit,3.33
koszulki z krótkim rękawem (męskie),unisex - koszulka polo,adidas originals unisex,175.0,319.0,100% poliester,loose fit,Prosty,,Krótki rękaw,koszulka loose fit,3.33
koszulki z krótkim rękawem (męskie),- t-shirt z nadrukiem,qs,79.99,129.0,100% bawełna,regular,Prosty,Okrągły,Krótki rękaw,koszulka regular fit,3.33
koszulki z krótkim rękawem (męskie),- t-shirt z nadrukiem,lindbergh,139.96,199.95,100% bawełna,nadwymiarowy,Prosty,Okrągły,Półrękawek,koszulka oversize,22.7
koszulki z krótkim rękawem (męskie),- koszulka polo,polo ralph lauren big & tall,549.0,719.0,100% bawełna,regular,Prosty,,Krótki rękaw,koszulka regular fit,3.33
koszulki z krótkim rękawem (męskie),- koszulka polo,tommy hilfiger,409.0,249.0,100% bawełna,regular,Prosty,,Krótki rękaw,koszulka regular fit,3.33
koszulki z krótkim rękawem (męskie),- koszulka polo,s.oliver,357.0,199.0,100% bawełna,regular,Prosty,,Krótki rękaw,koszulka regular fit,3.33
koszulki z krótkim rękawem (męskie),- krótkie spodenki sportowe,puma,281.95,,100% poliester,regular,Prosty,Okrągły,Krótki rękaw,koszulka regular fit,3.33
koszulki z krótkim rękawem (męskie),- koszulka polo,jack & jones,286.0,149.0,"85% bawełna, 15% poliester",regular,Prosty,Wycięcie typu V,Krótki rękaw,koszulka regular fit,3.33
koszulki z krótkim rękawem (męskie),- t-shirt z nadrukiem,jp1880,179.99,319.0,100% bawełna,regular,Prosty,Okrągły,Krótki rękaw,koszulka regular fit,3.33
koszulki z krótkim rękawem (męskie),- t-shirt basic,hugo,160.0,229.0,100% bawełna,loose fit,Prosty,Okrągły,Krótki rękaw,koszulka loose fit,3.33
koszulki z krótkim rękawem (męskie),gio - t-shirt z nadrukiem,pepe jeans gio,159.0,139.0,100% bawełna,regular,Prosty,Okrągły,Krótki rękaw,koszulka regular fit,3.33
koszulki z krótkim rękawem (męskie),- koszulka polo,street one men,169.0,129.99,"50% bawełna, 48% poliester, 2% elastan",regular,Prosty,,Krótki rękaw,koszulka regular fit,3.33
koszulki z krótkim rękawem (męskie),- t-shirt basic,jack & jones,97.45,129.99,"60% bawełna, 20% wiskoza, 20% nylon",regular,Prosty,Okrągły,Krótki rękaw,koszulka regular fit,3.33
koszulki z krótkim rękawem (męskie),jorharvard - t-shirt z nadrukiem,jack & jones jorharvard,76.0,109.0,100% bawełna,regular fit,Prosty,Okrągły,Krótki rękaw,koszulka regular fit,3.33
koszulki z krótkim rękawem (męskie),- t-shirt z nadrukiem,henry tiger,179.99,129.0,100% bawełna,regular,Prosty,Okrągły,Krótki rękaw,koszulka regular fit,3.33
koszulki z krótkim rękawem (męskie),- t-shirt basic,tommy jeans,170.0,189.0,100% bawełna,loose fit,Prosty,Okrągły,Krótki rękaw,koszulka loose fit,3.33
koszulki z krótkim rękawem (męskie),- t-shirt basic,casual friday,129.0,109.0,100% bawełna,regular,Prosty,Okrągły,Krótki rękaw,koszulka regular fit,3.33
koszulki z krótkim rękawem (męskie),- t-shirt basic,adolfo dominguez,439.0,219.0,"58% len, 42% wiskoza",loose fit,Prosty,Okrągły,Krótki rękaw,koszulka loose fit,3.33
koszulki z krótkim rękawem (męskie),- koszulka polo,jp1880,199.99,219.0,100% bawełna,regular,Prosty,,Krótki rękaw,koszulka regular fit,3.33
koszulki z krótkim rękawem (męskie),- koszulka polo,red bull racing x pepe jeans,223.2,279.0,100% bawełna,regular,Prosty,Wycięcie typu V,Krótki rękaw,koszulka regular fit,3.33
koszulki z krótkim rękawem (męskie),t-shirt basic,michael kors t,309.0,259.0,100% bawełna,prosty,,Okrągły,Krótki rękaw,koszulka regular fit,3.33
koszulki z krótkim rękawem (męskie),unisex - t-shirt z nadrukiem,yourturn unisex,32.0,79.0,100% bawełna,loose fit,Prosty,Okrągły,Półrękawek,koszulka loose fit,3.33
koszulki z krótkim rękawem (męskie),- t-shirt z nadrukiem,msgm,799.0,749.0,100% bawełna,loose fit,Prosty,Okrągły,Bardzo długi rękaw,koszulka loose fit,3.33
koszulki z krótkim rękawem (męskie),unisex - t-shirt z nadrukiem,timberland unisex,98.0,109.0,100% bawełna,regular,Prosty,Okrągły,Krótki rękaw,koszulka regular fit,3.33
koszulki z krótkim rękawem (męskie),- t-shirt z nadrukiem,selected,164.99,84.0,"78% bawełna, 15% poliester, 7% wiskoza",regular,Prosty,Okrągły,Krótki rękaw,koszulka regular fit,3.33
koszulki z krótkim rękawem (męskie),- t-shirt z nadrukiem,s.oliver,364.95,269.0,100% bawełna,regular,Prosty,Okrągły,Krótki rękaw,koszulka regular fit,3.33
koszulki z krótkim rękawem (męskie),- t-shirt basic,casual friday,109.0,346.0,100% bawełna,regular,Prosty,Okrągły,Krótki rękaw,koszulka regular fit,3.33
koszulki z krótkim rękawem (męskie),- t-shirt basic,qs,79.99,179.0,"50% poliester, 50% bawełna",loose fit,Prosty,Okrągły,Półrękawek,koszulka loose fit,3.33
koszulki z krótkim rękawem (męskie),- koszulka polo,boss,629.0,84.0,100% bawełna,regular,Prosty,Wycięcie typu V,Krótki rękaw,koszulka regular fit,3.33
koszulki z krótkim rękawem (męskie),- t-shirt basic,superdry & co,109.0,129.0,100% bawełna,regular,Prosty,Okrągły,Krótki rękaw,koszulka regular fit,3.33
koszulki z krótkim rękawem (męskie),- koszulka polo,arket,250.0,139.0,100% bawełna,regular,Prosty,Wycięcie typu V,Krótki rękaw,koszulka regular fit,3.33
koszulki z krótkim rękawem (męskie),free wheel - t-shirt z nadrukiem,volcom free wheel,149.0,129.0,"50% bawełna, 50% poliester",regular,Prosty,Okrągły,Krótki rękaw,koszulka regular fit,3.33
koszulki z krótkim rękawem (męskie),- t-shirt z nadrukiem,tom tailor,90.0,,100% bawełna,regular,Prosty,Okrągły,Krótki rękaw,koszulka regular fit,3.33
koszulki z krótkim rękawem (męskie),- koszulka sportowa,adidas terrex,199.0,179.0,100% poliester,loose fit,Prosty,Okrągły,Krótki rękaw,koszulka loose fit,3.33
koszulki z krótkim rękawem (męskie),unisex - t-shirt z nadrukiem,umbro unisex,179.0,159.0,100% bawełna,regular,Prosty,Okrągły,Krótki rękaw,koszulka regular fit,3.33
koszulki z krótkim rękawem (męskie),- t-shirt z nadrukiem,mustang,99.95,139.0,100% bawełna,regular,Prosty,Okrągły,Krótki rękaw,koszulka regular fit,3.33
koszulki z krótkim rękawem (męskie),jorcatskills - t-shirt z nadrukiem,jack & jones jorcatskills,99.99,79.0,100% bawełna,regular,Prosty,Okrągły,Krótki rękaw,koszulka regular fit,3.33
koszulki z krótkim rękawem (męskie),- t-shirt z nadrukiem,mister tee,64.0,99.0,100% bawełna,regular,Prosty,Okrągły,Krótki rękaw,koszulka regular fit,3.33
koszulki z krótkim rękawem (męskie),regular - t-shirt basic,seidensticker regular,199.0,359.0,100% bawełna,regular,Prosty,Okrągły,Krótki rękaw,koszulka regular fit,3.33
koszulki z krótkim rękawem (męskie),lunar bear - t-shirt z nadrukiem,smartwool lunar bear,329.0,199.9,"56% wełna, 44% poliester",regular,Prosty,Okrągły,Krótki rękaw,koszulka regular fit,3.33
koszulki z krótkim rękawem (męskie),freddy - t-shirt z nadrukiem,the new originals freddy,319.0,179.0,100% bawełna,regular,Prosty,Okrągły,Krótki rękaw,koszulka regular fit,3.33
koszulki z krótkim rękawem (męskie),- t-shirt basic,dstrezzed,196.0,359.0,100% bawełna,loose fit,Prosty,Okrągły,Półrękawek,koszulka loose fit,3.33
koszulki z krótkim rękawem (męskie),- t-shirt z nadrukiem,henry tiger,109.99,79.0,100% bawełna,regular,Prosty,Okrągły,Krótki rękaw,koszulka regular fit,3.33
koszulki z krótkim rękawem (męskie),- t-shirt basic,seidensticker,229.0,179.0,100% bawełna,loose fit,Prosty,Okrągły,Krótki rękaw,koszulka loose fit,3.33
koszulki z krótkim rękawem (męskie),- t-shirt z nadrukiem,o'neill,118.15,,100% bawełna,loose fit,Prosty,Okrągły,Krótki rękaw,koszulka loose fit,3.33
koszulki z krótkim rękawem (męskie),- t-shirt basic,mos mosh gallery,300.0,119.0,100% bawełna,regular,Prosty,Okrągły,Krótki rękaw,koszulka regular fit,3.33
koszulki z krótkim rękawem (męskie),basketball - t-shirt z nadrukiem,henry tiger basketball,179.99,129.0,100% bawełna,regular,Prosty,Okrągły,Krótki rękaw,koszulka regular fit,3.33
koszulki z krótkim rękawem (męskie),- t-shirt z nadrukiem,students,215.0,,100% bawełna,loose fit,Prosty,Okrągły,Krótki rękaw,koszulka loose fit,3.33
koszulki z krótkim rękawem (męskie),- t-shirt z nadrukiem,superdry & co,169.0,89.0,100% bawełna,regular,Prosty,Okrągły,Krótki rękaw,koszulka regular fit,3.33
koszulki z krótkim rękawem (męskie),- koszulka polo,quiksilver,149.99,79.0,100% bawełna,regular,Prosty,Okrągły,Krótki rękaw,koszulka regular fit,3.33
koszulki z krótkim rękawem (męskie),- t-shirt basic,jack & jones,257.0,279.0,"92% bawełna, 8% elastan",regular,Prosty,Wycięcie typu V,Krótki rękaw,koszulka regular fit,3.33
koszulki z krótkim rękawem (męskie),- koszulka polo,casual friday,164.0,219.0,"40% poliester, 40% bawełna, 20% wiskoza",regular,Prosty,,Krótki rękaw,koszulka regular fit,3.33
koszulki z krótkim rękawem (męskie),- t-shirt z nadrukiem,s.oliver,69.99,84.0,100% bawełna,regular,Prosty,Okrągły,Krótki rękaw,koszulka regular fit,3.33
koszulki z krótkim rękawem (męskie),- t-shirt z nadrukiem,dropsize,73.0,99.0,100% bawełna,loose fit,Prosty,Okrągły,Półrękawek,koszulka loose fit,3.33
koszulki z krótkim rękawem (męskie),regular fit - t-shirt basic,joules regular fit,134.0,247.0,100% bawełna,regular,Prosty,Okrągły,Krótki rękaw,koszulka regular fit,3.33
koszulki z krótkim rękawem (męskie),- t-shirt z nadrukiem,diverse,71.99,,100% bawełna,loose fit,Prosty,Okrągły,Półrękawek,koszulka loose fit,3.33
koszulki z krótkim rękawem (męskie),- t-shirt basic,massimo dutti,129.0,126.56,"80% bawełna, 20% wiskoza",regular,Prosty,Okrągły,Krótki rękaw,koszulka regular fit,3.33
koszulki z krótkim rękawem (męskie),- t-shirt z nadrukiem,henry tiger,99.99,,100% bawełna,regular,Prosty,Okrągły,Krótki rękaw,koszulka regular fit,3.33
koszulki z krótkim rękawem (męskie),- koszulka polo,boggi milano,579.0,379.99,100% bawełna,regular,Prosty,Wycięcie typu V,Krótki rękaw,koszulka regular fit,3.33
koszulki z krótkim rękawem (męskie),regular fit - t-shirt basic,reiss regular fit,451.0,799.0,"77% poliester, 16% wiskoza, 7% elastan",regular,Prosty,Okrągły,Krótki rękaw,koszulka regular fit,3.33
koszulki z krótkim rękawem (męskie),essential - t-shirt basic,next essential,52.0,129.0,100% bawełna,loose fit,Prosty,Okrągły,Krótki rękaw,koszulka loose fit,3.33
koszulki z krótkim rękawem (męskie),- t-shirt basic,polo ralph lauren,379.0,339.0,100% bawełna,slim,Dopasowany,Okrągły,Krótki rękaw,koszulka slim fit,32.2
koszulki z krótkim rękawem (męskie),jorcphpadel - t-shirt z nadrukiem,jack & jones jorcphpadel,63.0,79.0,100% bawełna,regular,Prosty,Okrągły,Krótki rękaw,koszulka regular fit,3.33
koszulki z krótkim rękawem (męskie),koszulka polo,lindbergh koszulka polo,119.96,,100% bawełna,regular,Prosty,,Krótki rękaw,koszulka regular fit,3.33
koszulki z krótkim rękawem (męskie),- koszulka polo,blend,169.0,149.0,100% bawełna,regular,Prosty,,Krótki rękaw,koszulka regular fit,3.33
koszulki z krótkim rękawem (męskie),betty boop - t-shirt z nadrukiem,henry tiger betty boop,159.99,559.0,100% bawełna,regular,Prosty,Okrągły,Krótki rękaw,koszulka regular fit,3.33
koszulki z krótkim rękawem (męskie),- t-shirt z nadrukiem,s.oliver,69.99,69.0,100% bawełna,regular,Prosty,Okrągły,Krótki rękaw,koszulka regular fit,3.33
koszulki z krótkim rękawem (męskie),- top,nike performance,143.0,,"90% poliester, 10% elastan",skinny,Dopasowanie do figury,Okrągły,Bez rękawów,koszulka skinny fit,0.0
koszulki z krótkim rękawem (męskie),- t-shirt z nadrukiem,mister tee,61.0,79.0,100% bawełna,regular,Prosty,Okrągły,Krótki rękaw,koszulka regular fit,3.33
koszulki z krótkim rękawem (męskie),rhythm blues - t-shirt z nadrukiem,henry tiger rhythm blues,99.99,,100% bawełna,regular,Prosty,Okrągły,Krótki rękaw,koszulka regular fit,3.33
koszulki z krótkim rękawem (męskie),dao - koszulka polo,blend dao,169.0,169.0,"50% bawełna, 50% lyocell",regular,Prosty,,Krótki rękaw,koszulka regular fit,3.33
koszulki z krótkim rękawem (męskie),sky - koszulka sportowa,dynafit sky,219.0,179.0,100% poliester,regular,Dopasowany,Okrągły,Krótki rękaw,koszulka regular fit,3.33
koszulki z krótkim rękawem (męskie),- koszulka polo,hugo,311.0,479.0,"92% bawełna, 8% elastan",regular,Prosty,Wycięcie typu V,Krótki rękaw,koszulka regular fit,3.33
koszulki z krótkim rękawem (męskie),- t-shirt z nadrukiem,jack & jones,86.2,114.99,100% bawełna,loose fit,Prosty,Okrągły,Krótki rękaw,koszulka loose fit,3.33
koszulki z krótkim rękawem (męskie),- t-shirt basic,mustang,99.95,179.0,100% bawełna,regular,Prosty,Okrągły,Krótki rękaw,koszulka regular fit,3.33
koszulki z krótkim rękawem (męskie),- t-shirt z nadrukiem,ps paul smith,469.0,359.0,100% bawełna,regular,Prosty,Okrągły,Krótki rękaw,koszulka regular fit,3.33
koszulki z krótkim rękawem (męskie),- t-shirt z nadrukiem,mister tee,82.0,,100% bawełna,regular,Prosty,Okrągły,Krótki rękaw,koszulka regular fit,3.33
koszulki z krótkim rękawem (męskie),- koszulka sportowa,on,360.0,139.0,"90% poliester, 10% elastan",regular,Prosty,Okrągły,Krótki rękaw,koszulka regular fit,3.33
koszulki z krótkim rękawem (męskie),- t-shirt basic,tiger of sweden,399.0,,100% bawełna,regular,Prosty,Okrągły,Krótki rękaw,koszulka regular fit,3.33
koszulki z krótkim rękawem (męskie),- t-shirt z nadrukiem,qs,89.99,159.0,100% bawełna,regular,Prosty,Okrągły,Półrękawek,koszulka regular fit,3.33
koszulki z krótkim rękawem (męskie),- t-shirt basic,superdry & co,129.0,199.0,100% bawełna,regular,Prosty,Okrągły,Krótki rękaw,koszulka regular fit,3.33
koszulki z krótkim rękawem (męskie),danny - t-shirt basic,farah danny,145.0,305.0,100% bawełna,regular,Prosty,Okrągły,Krótki rękaw,koszulka regular fit,3.33
koszulki z krótkim rękawem (męskie),- t-shirt z nadrukiem,upscale by mister tee,82.0,119.0,100% bawełna,loose fit,Prosty,Okrągły,Krótki rękaw,koszulka loose fit,3.33
koszulki z krótkim rękawem (męskie),- t-shirt basic,allsaints,319.0,129.99,100% bawełna,regular,Dopasowany,Okrągły,Krótki rękaw,koszulka regular fit,3.33
koszulki z krótkim rękawem (męskie),- bluzka z długim rękawem,guess,143.0,159.0,"95% bawełna, 5% elastan",slim,Prosty,Okrągły,Długi rękaw,koszulka slim fit,32.2
koszulki z krótkim rękawem (męskie),adam - t-shirt basic,nn.07 adam,260.0,,100% bawełna,regular,Prosty,Okrągły,Krótki rękaw,koszulka regular fit,3.33
koszulki z krótkim rękawem (męskie),- t-shirt basic,quiksilver,109.99,196.58,100% bawełna,regular,Prosty,Okrągły,Krótki rękaw,koszulka regular fit,3.33
koszulki z krótkim rękawem (męskie),- t-shirt z nadrukiem,pier one,64.0,129.0,100% bawełna,slim,Prosty,Okrągły,Krótki rękaw,koszulka slim fit,32.2
koszulki z krótkim rękawem (męskie),slim shield ss pique polo - koszulka polo,gant slim shield ss pique polo,409.0,289.0,100% bawełna,regular,Prosty,Wycięcie typu V,Krótki rękaw,koszulka regular fit,3.33
koszulki z krótkim rękawem (męskie),- t-shirt basic,selected,279.99,359.0,"50% wiskoza, 30% nylon, 20% poliester",regular,Prosty,Okrągły,Krótki rękaw,koszulka regular fit,3.33
koszulki z krótkim rękawem (męskie),- t-shirt z nadrukiem,polo ralph lauren,559.0,649.0,100% bawełna,regular,Prosty,Okrągły,Półrękawek,koszulka regular fit,3.33
koszulki z krótkim rękawem (męskie),italy 26 away - koszulka sportowa,adidas performance italy 26 away,649.0,449.0,100% poliester,regular,Dopasowany,Wycięcie typu V,Krótki rękaw,koszulka regular fit,3.33
koszulki z krótkim rękawem (męskie),- t-shirt z nadrukiem,bershka,59.9,79.0,100% bawełna,regular,Prosty,Okrągły,Krótki rękaw,koszulka regular fit,3.33
koszulki z krótkim rękawem (męskie),- koszulka polo,boggi milano,529.0,,"56% bawełna, 39% poliester, 5% elastan",regular,Prosty,,Krótki rękaw,koszulka regular fit,3.33
koszulki z krótkim rękawem (męskie),- t-shirt basic,nils sundström,79.95,211.99,"60% bawełna, 40% poliester",regular,Prosty,Okrągły,Krótki rękaw,koszulka regular fit,3.33
koszulki z krótkim rękawem (męskie),- t-shirt z nadrukiem,boss,287.0,319.0,100% bawełna,regular,Prosty,Okrągły,Krótki rękaw,koszulka regular fit,3.33
koszulki z krótkim rękawem (męskie),- t-shirt basic,next,52.0,169.0,100% bawełna,regular,Prosty,Okrągły,Krótki rękaw,koszulka regular fit,3.33
koszulki z krótkim rękawem (męskie),riviera - koszulka polo,hackett london riviera,709.0,179.99,100% bawełna,regular,Prosty,Okrągły,Krótki rękaw,koszulka regular fit,3.33
koszulki z krótkim rękawem (męskie),- t-shirt z nadrukiem,karl kani,118.0,139.0,100% bawełna,loose fit,Prosty,Okrągły,Półrękawek,koszulka loose fit,3.33
koszulki z krótkim rękawem (męskie),- t-shirt z nadrukiem,puma,79.0,99.0,100% bawełna,regular,Prosty,Okrągły,Krótki rękaw,koszulka regular fit,3.33
koszulki z krótkim rękawem (męskie),unisex - t-shirt z nadrukiem,calvin klein jeans unisex,188.0,209.0,100% bawełna,loose fit,Prosty,Okrągły,Krótki rękaw,koszulka loose fit,3.33
koszulki z krótkim rękawem (męskie),- koszulka polo,próchnik,169.9,,"70% wiskoza, 30% nylon",regular fit,Prosty,,Krótki rękaw,koszulka regular fit,3.33
koszulki z krótkim rękawem (męskie),- t-shirt basic,boss,172.0,229.0,100% bawełna,regular,Prosty,Okrągły,Krótki rękaw,koszulka regular fit,3.33
koszulki z krótkim rękawem (męskie),- t-shirt basic,polo ralph lauren,519.0,419.0,"90% bawełna, 10% poliester",regular,Prosty,Okrągły,Krótki rękaw,koszulka regular fit,3.33
koszulki z krótkim rękawem (męskie),t-shirt z nadrukiem,ps paul smith t,319.0,,100% bawełna,regular,Prosty,Okrągły,Krótki rękaw,koszulka regular fit,3.33
koszulki z krótkim rękawem (męskie),- koszulka polo,matinique,319.0,149.0,"87% bawełna, 11% poliester, 2% elastan",regular,Prosty,,Krótki rękaw,koszulka regular fit,3.33
koszulki z krótkim rękawem (męskie),- koszulka polo,lerros,262.0,211.99,"60% bawełna, 40% poliester",regular,Prosty,Wycięcie typu V,Krótki rękaw,koszulka regular fit,3.33
koszulki z krótkim rękawem (męskie),- t-shirt basic,camel active,129.95,211.99,100% bawełna,regular,Prosty,Okrągły,Krótki rękaw,koszulka regular fit,3.33
koszulki z krótkim rękawem (męskie),acciano - t-shirt basic,ellesse acciano,89.25,,100% bawełna,regular,Prosty,Okrągły,Krótki rękaw,koszulka regular fit,3.33
koszulki z krótkim rękawem (męskie),- t-shirt z nadrukiem,henry tiger,99.99,,100% bawełna,regular,Prosty,Okrągły,Krótki rękaw,koszulka regular fit,3.33
koszulki z krótkim rękawem (męskie),- t-shirt z nadrukiem,mister tee,70.0,119.0,100% bawełna,loose fit,Prosty,Okrągły,Półrękawek,koszulka loose fit,3.33
koszulki z krótkim rękawem (męskie),train core - t-shirt z nadrukiem,ea7 emporio armani train core,319.0,219.0,100% bawełna,regular,Prosty,Okrągły,Krótki rękaw,koszulka regular fit,3.33
koszulki z krótkim rękawem (męskie),croatia - koszulka reprezentacji,nike performance croatia,339.0,,100% poliester,regular,Prosty,Wycięcie typu V,Krótki rękaw,koszulka regular fit,3.33
koszulki z krótkim rękawem (męskie),- t-shirt z nadrukiem,billabong,149.99,149.99,100% bawełna,regular,Prosty,Okrągły,Krótki rękaw,koszulka regular fit,3.33
koszulki z krótkim rękawem (męskie),- t-shirt z nadrukiem,u.s. polo assn.,109.99,,100% bawełna,regular,Prosty,Okrągły,Krótki rękaw,koszulka regular fit,3.33
koszulki z krótkim rękawem (męskie),style ss-blk - koszulka sportowa,under armour style ss,129.99,159.0,"60% bawełna, 40% poliester",prosty,Prosty,Okrągły,Krótki rękaw,koszulka regular fit,3.33
koszulki z krótkim rękawem (męskie),- t-shirt z nadrukiem,dc shoes,149.99,99.0,100% bawełna,loose fit,Prosty,Okrągły,Krótki rękaw,koszulka loose fit,3.33
koszulki z krótkim rękawem (męskie),t-shirt z nadrukiem,upscale by mister tee t,79.0,159.0,100% bawełna,nadwymiarowy,Prosty,Okrągły,Krótki rękaw,koszulka oversize,22.7
koszulki z krótkim rękawem (męskie),- t-shirt z nadrukiem,prosto,125.0,159.0,100% bawełna,regular,Prosty,Okrągły,Krótki rękaw,koszulka regular fit,3.33
koszulki z krótkim rękawem (męskie),asbury - t-shirt z nadrukiem,nike performance asbury,169.99,159.0,100% bawełna,regular,Prosty,Okrągły,Krótki rękaw,koszulka regular fit,3.33
koszulki z krótkim rękawem (męskie),- t-shirt z nadrukiem,jack & jones,89.99,129.0,100% bawełna,regular,Prosty,Okrągły,Krótki rękaw,koszulka regular fit,3.33
koszulki z krótkim rękawem (męskie),- t-shirt z nadrukiem,karma8a,279.0,319.0,100% bawełna,regular,Prosty,Okrągły,Krótki rękaw,koszulka regular fit,3.33
koszulki z krótkim rękawem (męskie),- t-shirt z nadrukiem,lindbergh,149.95,179.0,100% bawełna,regular,Prosty,Okrągły,Krótki rękaw,koszulka regular fit,3.33
koszulki z krótkim rękawem (męskie),- t-shirt basic,scalpers,137.35,119.0,100% bawełna,regular,Prosty,Okrągły,Krótki rękaw,koszulka regular fit,3.33
koszulki z krótkim rękawem (męskie),- koszulka polo,scalpers,168.77,210.96,100% bawełna,regular fit,Prosty,,Krótki rękaw,koszulka regular fit,3.33
koszulki z krótkim rękawem (męskie),- t-shirt z nadrukiem,klitmøller collective,275.0,119.0,100% bawełna,regular,Prosty,Okrągły,Krótki rękaw,koszulka regular fit,3.33
koszulki z krótkim rękawem (męskie),unisex - t-shirt basic,yourturn unisex,84.0,89.0,"57% bawełna, 38% poliester, 5% elastan",loose fit,Prosty,Okrągły,Półrękawek,koszulka loose fit,3.33
koszulki z krótkim rękawem (męskie),koszulka polo,polo ralph lauren koszulka polo,402.0,639.0,100% bawełna,slim,Prosty,,Krótki rękaw,koszulka slim fit,32.2
koszulki z krótkim rękawem (męskie),- koszulka polo,boggi milano,479.0,234.99,"45% lyocell, 36% poliester, 19% len",regular,Prosty,,Krótki rękaw,koszulka regular fit,3.33
koszulki z krótkim rękawem (męskie),- koszulka polo,closed,899.0,,"70% bawełna, 30% poliamid",regular,Prosty,,Krótki rękaw,koszulka regular fit,3.33
koszulki z krótkim rękawem (męskie),- koszulka polo,lerros,286.0,119.99,100% bawełna,regular,Prosty,,Krótki rękaw,koszulka regular fit,3.33
koszulki z krótkim rękawem (męskie),- t-shirt basic,gant,215.0,,100% bawełna,regular,Prosty,Okrągły,Krótki rękaw,koszulka regular fit,3.33
koszulki z krótkim rękawem (męskie),- koszulka polo,jp1880,109.99,239.0,"60% bawełna, 40% poliester",regular,Prosty,,Krótki rękaw,koszulka regular fit,3.33
koszulki z krótkim rękawem (męskie),koszulka polo,casamoda koszulka polo,212.37,129.99,"95% bawełna, 5% elastan",regular,Prosty,,Krótki rękaw,koszulka regular fit,3.33
koszulki z krótkim rękawem (męskie),- t-shirt z nadrukiem,jp1880,139.99,179.99,"96% poliester, 4% elastan",regular,Prosty,Okrągły,Krótki rękaw,koszulka regular fit,3.33
koszulki z krótkim rękawem (męskie),koszulka polo,lacoste koszulka polo,549.0,129.99,100% bawełna,regular,Prosty,,Krótki rękaw,koszulka regular fit,3.33
koszulki z krótkim rękawem (męskie),- t-shirt z nadrukiem,mustang,99.95,89.0,100% bawełna,regular,Prosty,Okrągły,Krótki rękaw,koszulka regular fit,3.33
koszulki z krótkim rękawem (męskie),- t-shirt z nadrukiem,marc o'polo,129.0,209.0,100% bawełna,regular,Prosty,Okrągły,Krótki rękaw,koszulka regular fit,3.33
koszulki z krótkim rękawem (męskie),stewart - t-shirt basic,dstrezzed stewart,112.0,229.0,100% bawełna,regular,Prosty,Wycięcie typu V,Krótki rękaw,koszulka regular fit,3.33
koszulki z krótkim rękawem (męskie),diamond - t-shirt basic,han kjøbenhavn diamond,369.0,359.0,100% bawełna,regular,Prosty,Okrągły,Krótki rękaw,koszulka regular fit,3.33
koszulki z krótkim rękawem (męskie),unisex - t-shirt z nadrukiem,calvin klein jeans unisex,84.0,129.0,100% bawełna,regular,Prosty,Okrągły,Krótki rękaw,koszulka regular fit,3.33
koszulki z krótkim rękawem (męskie),jormaine - t-shirt z nadrukiem,jack & jones jormaine,80.0,,100% bawełna,loose fit,Prosty,Okrągły,Krótki rękaw,koszulka loose fit,3.33
koszulki z krótkim rękawem (męskie),diamond - t-shirt basic,han kjøbenhavn diamond,369.0,539.0,100% bawełna,regular,Prosty,Okrągły,Krótki rękaw,koszulka regular fit,3.33
koszulki z krótkim rękawem (męskie),- koszulka sportowa,nike performance,229.0,219.0,"60% bawełna, 40% poliester",regular,Prosty,Okrągły,Krótki rękaw,koszulka regular fit,3.33
koszulki z krótkim rękawem (męskie),elevate - koszulka polo,oakley elevate,379.0,219.0,"53% bawełna, 30% poliester, 17% elastomultiester",loose fit,Prosty,,Półrękawek,koszulka loose fit,3.33
koszulki z krótkim rękawem (męskie),fsc bamboo - koszulka polo,jbs of denmark fsc bamboo,250.99,179.0,"65% wiskoza, 30% bawełna, 5% elastan",regular,Prosty,,Krótki rękaw,koszulka regular fit,3.33
koszulki z krótkim rękawem (męskie),- t-shirt z nadrukiem,puma,119.0,149.0,100% poliester,regular,Prosty,Okrągły,Krótki rękaw,koszulka regular fit,3.33
koszulki z krótkim rękawem (męskie),jornorrebro - t-shirt basic,jack & jones jornorrebro,63.95,,100% bawełna,regular,Prosty,Okrągły,Krótki rękaw,koszulka regular fit,3.33
koszulki z krótkim rękawem (męskie),- koszulka polo,ps paul smith,469.0,449.0,100% bawełna,regular,Prosty,,Krótki rękaw,koszulka regular fit,3.33
koszulki z krótkim rękawem (męskie),- t-shirt z nadrukiem,iceberg,1029.0,819.0,100% bawełna,regular,Prosty,Okrągły,Krótki rękaw,koszulka regular fit,3.33
koszulki z krótkim rękawem (męskie),- koszulka polo,maerz muenchen,532.0,379.99,100% bawełna,regular,Prosty,Wycięcie typu V,Krótki rękaw,koszulka regular fit,3.33
koszulki z krótkim rękawem (męskie),- koszulka polo,lindbergh,178.96,199.95,"80% wiskoza, 20% nylon",slim,Prosty,Wycięcie typu V,Krótki rękaw,koszulka slim fit,32.2
koszulki z krótkim rękawem (męskie),- koszulka polo,scalpers,168.77,210.96,100% bawełna,regular fit,Prosty,,Krótki rękaw,koszulka regular fit,3.33
koszulki z krótkim rękawem (męskie),- koszulka polo,armani exchange,359.0,499.0,100% bawełna,regular,Prosty,,Krótki rękaw,koszulka regular fit,3.33
koszulki z krótkim rękawem (męskie),- koszulka polo,ochnik,99.9,,100% bawełna,regular fit,Prosty,,Krótki rękaw,koszulka regular fit,3.33
koszulki z krótkim rękawem (męskie),- t-shirt z nadrukiem,the north face,143.0,159.0,100% bawełna,regular,Prosty,Okrągły,Krótki rękaw,koszulka regular fit,3.33
koszulki z krótkim rękawem (męskie),- koszulka polo,polo ralph lauren,699.0,529.0,"84% bawełna, 16% poliester",regular,Prosty,,Krótki rękaw,koszulka regular fit,3.33
koszulki z krótkim rękawem (męskie),- bluzka z długim rękawem,pier one,76.0,84.0,"65% poliester, 35% bawełna",regular,Prosty,Okrągły,Długi rękaw,koszulka regular fit,3.33
koszulki z krótkim rękawem (męskie),koszulka polo,lonsdale koszulka polo,179.0,179.0,100% bawełna,regular,Prosty,Okrągły,Krótki rękaw,koszulka regular fit,3.33
koszulki z krótkim rękawem (męskie),olau - koszulka polo,signal olau,210.82,350.0,"50% bawełna, 50% poliester",regular fit,Prosty,,Krótki rękaw,koszulka regular fit,3.33
koszulki z krótkim rękawem (męskie),- t-shirt z nadrukiem,emporio armani,573.75,539.0,100% bawełna,regular,Prosty,Okrągły,Krótki rękaw,koszulka regular fit,3.33
koszulki z krótkim rękawem (męskie),- t-shirt z nadrukiem,puma,71.0,,100% bawełna,regular,Prosty,Okrągły,Krótki rękaw,koszulka regular fit,3.33
koszulki z krótkim rękawem (męskie),parsons point™ - koszulka sportowa,columbia parsons point™,161.0,179.0,"94% poliester, 6% elastan",regular,Prosty,Okrągły,Krótki rękaw,koszulka regular fit,3.33
koszulki z krótkim rękawem (męskie),keelan - t-shirt basic,blend keelan,89.0,109.0,100% bawełna,loose fit,Prosty,Okrągły,Krótki rękaw,koszulka loose fit,3.33
koszulki z krótkim rękawem (męskie),- t-shirt z nadrukiem,guess,265.0,159.0,100% bawełna,regular,Prosty,Okrągły,Krótki rękaw,koszulka regular fit,3.33
koszulki z krótkim rękawem (męskie),20th anniversary - t-shirt z nadrukiem,venum 20th anniversary,169.0,159.0,100% bawełna,regular,Prosty,Okrągły,Krótki rękaw,koszulka regular fit,3.33
koszulki z krótkim rękawem (męskie),- t-shirt z nadrukiem,henry tiger,99.99,,100% bawełna,regular,Prosty,Okrągły,Krótki rękaw,koszulka regular fit,3.33
koszulki z krótkim rękawem (męskie),- t-shirt z nadrukiem,champion,98.0,109.0,100% bawełna,regular,Prosty,Okrągły,Krótki rękaw,koszulka regular fit,3.33
koszulki z krótkim rękawem (męskie),- t-shirt z nadrukiem,versace,2029.0,5399.0,100% bawełna,regular,Prosty,Okrągły,Krótki rękaw,koszulka regular fit,3.33
koszulki z krótkim rękawem (męskie),- t-shirt z nadrukiem,henry tiger,99.99,,100% bawełna,regular,Prosty,Okrągły,Krótki rękaw,koszulka regular fit,3.33
koszulki z krótkim rękawem (męskie),unisex - t-shirt z nadrukiem,huf unisex,179.0,,100% bawełna,loose fit,Prosty,Okrągły,Krótki rękaw,koszulka loose fit,3.33
koszulki z krótkim rękawem (męskie),- koszulka polo,finshley & harding,149.95,234.99,"96% bawełna, 4% elastan",regular,Prosty,,Krótki rękaw,koszulka regular fit,3.33
koszulki z krótkim rękawem (męskie),- t-shirt basic,next,52.0,119.9,100% bawełna,regular,Prosty,Okrągły,Krótki rękaw,koszulka regular fit,3.33
koszulki z krótkim rękawem (męskie),- koszulka polo,scalpers,168.77,210.96,100% bawełna,regular fit,Prosty,,Krótki rękaw,koszulka regular fit,3.33
koszulki z krótkim rękawem (męskie),slhaspen - t-shirt basic,selected slhaspen,98.0,,100% bawełna,regular,Prosty,Okrągły,Krótki rękaw,koszulka regular fit,3.33
koszulki z krótkim rękawem (męskie),- t-shirt z nadrukiem,mustang,149.0,129.0,100% bawełna,regular,Prosty,Okrągły,Krótki rękaw,koszulka regular fit,3.33
koszulki z krótkim rękawem (męskie),minecraft 9 character boxup - t-shirt z nadrukiem,henry tiger minecraft 9 character boxup,169.99,,100% bawełna,regular,Prosty,Okrągły,Krótki rękaw,koszulka regular fit,3.33
koszulki z krótkim rękawem (męskie),- koszulka polo,pier one,40.0,,100% bawełna,regular,Prosty,,Długi rękaw,koszulka regular fit,3.33
koszulki z krótkim rękawem (męskie),bhmstea - t-shirt z nadrukiem,blend bhmstea,66.0,129.0,100% bawełna,loose fit,Prosty,Okrągły,Półrękawek,koszulka loose fit,3.33
koszulki z krótkim rękawem (męskie),- koszulka sportowa,nike performance,109.0,159.0,100% poliester,slim,Dopasowany,,Krótki rękaw,koszulka slim fit,32.2
koszulki z krótkim rękawem (męskie),- koszulka polo,bondelid,199.0,179.0,100% bawełna,regular,Prosty,,Krótki rękaw,koszulka regular fit,3.33
koszulki z krótkim rękawem (męskie),- koszulka polo,pako lorente,149.99,149.99,"97% bawełna, 3% elastan",loose fit,Prosty,,Krótki rękaw,koszulka loose fit,3.33
koszulki z krótkim rękawem (męskie),- bluzka z długim rękawem,pull&bear,89.9,129.0,100% bawełna,loose fit,Prosty,Okrągły,Długi rękaw,koszulka loose fit,3.33
koszulki z krótkim rękawem (męskie),2pac prayer - t-shirt z nadrukiem,mister tee 2pac prayer,76.0,119.0,100% bawełna,regular,,Okrągły,Krótki rękaw,koszulka regular fit,3.33
koszulki z krótkim rękawem (męskie),green day dookie sketched up - t-shirt z nadrukiem,merchcode green day dookie sketched up,82.0,119.0,100% bawełna,regular,Prosty,Okrągły,Krótki rękaw,koszulka regular fit,3.33
koszulki z krótkim rękawem (męskie),- t-shirt z nadrukiem,karl lagerfeld jeans,233.0,,100% bawełna,regular,Prosty,Okrągły,Krótki rękaw,koszulka regular fit,3.33
koszulki z krótkim rękawem (męskie),- t-shirt basic,u.s. polo assn.,81.99,,100% bawełna,regular,Prosty,Wycięcie typu V,Krótki rękaw,koszulka regular fit,3.33
koszulki z krótkim rękawem (męskie),- t-shirt basic,only & sons,240.0,269.0,100% bawełna,loose fit,Prosty,Okrągły,Krótki rękaw,koszulka loose fit,3.33
koszulki z krótkim rękawem (męskie),paul - koszulka polo,nn.07 paul,719.0,789.0,100% bawełna,regular,Prosty,Wycięcie typu V,Krótki rękaw,koszulka regular fit,3.33
koszulki z krótkim rękawem (męskie),- t-shirt basic,guess jeans,159.0,59.0,100% bawełna,regular,Prosty,Okrągły,Krótki rękaw,koszulka regular fit,3.33
koszulki z krótkim rękawem (męskie),- t-shirt z nadrukiem,mister tee,61.0,,100% bawełna,loose fit,Prosty,Okrągły,Krótki rękaw,koszulka loose fit,3.33
koszulki z krótkim rękawem (męskie),- t-shirt z nadrukiem,henry tiger,99.99,,100% bawełna,regular,Prosty,Okrągły,Krótki rękaw,koszulka regular fit,3.33
koszulki z krótkim rękawem (męskie),- t-shirt z nadrukiem,adidas originals,139.0,109.0,100% bawełna,regular,Prosty,Okrągły,Krótki rękaw,koszulka regular fit,3.33
koszulki z krótkim rękawem (męskie),train core - t-shirt z nadrukiem,ea7 emporio armani train core,319.0,249.0,100% bawełna,regular,Prosty,Okrągły,Krótki rękaw,koszulka regular fit,3.33
koszulki z krótkim rękawem (męskie),- koszulka polo,polo club,213.0,,100% bawełna,regular,Prosty,,Krótki rękaw,koszulka regular fit,3.33
koszulki z krótkim rękawem (męskie),- t-shirt basic,fila,125.0,139.0,100% poliester,regular,Prosty,Okrągły,Krótki rękaw,koszulka regular fit,3.33
koszulki z krótkim rękawem (męskie),- koszulka polo,lee,139.0,199.0,100% bawełna,regular,Prosty,Okrągły,Krótki rękaw,koszulka regular fit,3.33
koszulki z krótkim rękawem (męskie),- t-shirt z nadrukiem,kidsuper,103.0,229.0,100% bawełna,regular fit,Prosty,Okrągły,Krótki rękaw,koszulka regular fit,3.33
koszulki z krótkim rękawem (męskie),jonas - koszulka polo,won hundred jonas,899.0,809.0,"66% bawełna, 34% poliamid",regular,Prosty,,Krótki rękaw,koszulka regular fit,3.33
koszulki z krótkim rękawem (męskie),elton - t-shirt z nadrukiem,lonsdale elton,119.0,159.0,100% bawełna,regular,Prosty,Okrągły,Krótki rękaw,koszulka regular fit,3.33
koszulki z krótkim rękawem (męskie),- koszulka polo,lerros,334.0,,"60% bawełna, 40% poliester",regular,Prosty,Wycięcie typu V,Krótki rękaw,koszulka regular fit,3.33
koszulki z krótkim rękawem (męskie),- t-shirt basic,karl lagerfeld,387.0,449.0,100% bawełna,regular,Prosty,Okrągły,Krótki rękaw,koszulka regular fit,3.33
koszulki z krótkim rękawem (męskie),- t-shirt z nadrukiem,karl lagerfeld,233.0,259.0,100% bawełna,regular,Prosty,Okrągły,Krótki rękaw,koszulka regular fit,3.33
koszulki z krótkim rękawem (męskie),- t-shirt basic,s.oliver,299.99,119.0,"70% bawełna, 30% jedwab",regular,Prosty,Okrągły,Krótki rękaw,koszulka regular fit,3.33
koszulki z krótkim rękawem (męskie),michael - t-shirt basic,quartz co michael,144.0,359.0,100% bawełna,regular fit,Prosty,Okrągły,Krótki rękaw,koszulka regular fit,3.33
koszulki z krótkim rękawem (męskie),- koszulka polo,liu jo,439.19,234.99,"60% bawełna, 30% wiskoza, 10% jedwab",regular,Prosty,,Krótki rękaw,koszulka regular fit,3.33
koszulki z krótkim rękawem (męskie),- t-shirt z nadrukiem,versace,1064.0,2659.0,100% bawełna,regular,Prosty,Okrągły,Krótki rękaw,koszulka regular fit,3.33
koszulki z krótkim rękawem (męskie),lyon - koszulka polo,bogner lyon,1120.0,219.0,"54% bawełna, 23% wiskoza, 14% poliester, 6% jedwab, 3% kaszmir",regular,Prosty,Wycięcie typu V,Krótki rękaw,koszulka regular fit,3.33
koszulki z krótkim rękawem (męskie),- t-shirt z nadrukiem,annarr,170.0,139.0,100% bawełna,loose fit,Prosty,Okrągły,Półrękawek,koszulka loose fit,3.33
koszulki z krótkim rękawem (męskie),- t-shirt z nadrukiem,henry tiger,179.99,,100% bawełna,regular,Prosty,Okrągły,Krótki rękaw,koszulka regular fit,3.33
koszulki z krótkim rękawem (męskie),- t-shirt z nadrukiem,element,149.99,99.0,100% bawełna,regular,Prosty,Okrągły,Krótki rękaw,koszulka regular fit,3.33
koszulki z krótkim rękawem (męskie),svff sweden tiro - t-shirt z nadrukiem,adidas performance svff sweden tiro,199.0,539.0,"90% bawełna, 10% elastan",regular,Prosty,Okrągły,Krótki rękaw,koszulka regular fit,3.33
koszulki z krótkim rękawem (męskie),- t-shirt basic,tommy jeans,134.0,,100% bawełna,regular,Prosty,Okrągły,Krótki rękaw,koszulka regular fit,3.33
koszulki z krótkim rękawem (męskie),- t-shirt z nadrukiem,henry tiger,99.99,,100% bawełna,regular,Prosty,Okrągły,Krótki rękaw,koszulka regular fit,3.33
koszulki z krótkim rękawem (męskie),- t-shirt z nadrukiem,carhartt wip,249.0,159.0,100% bawełna,loose fit,Prosty,Okrągły,Krótki rękaw,koszulka loose fit,3.33
koszulki z krótkim rękawem (męskie),- t-shirt z nadrukiem,henry tiger,109.99,179.0,100% bawełna,regular,Prosty,Okrągły,Krótki rękaw,koszulka regular fit,3.33
koszulki z krótkim rękawem (męskie),- t-shirt basic,allsaints,203.34,,100% bawełna,regular,Prosty,Okrągły,Krótki rękaw,koszulka regular fit,3.33
koszulki z krótkim rękawem (męskie),norsbro - t-shirt basic,samsøe samsøe norsbro,260.0,,100% bawełna,regular,Prosty,Okrągły,Krótki rękaw,koszulka regular fit,3.33
koszulki z krótkim rękawem (męskie),- t-shirt basic,gant,179.0,,100% bawełna,regular,Prosty,Okrągły,Krótki rękaw,koszulka regular fit,3.33
koszulki z krótkim rękawem (męskie),- t-shirt z nadrukiem,elias rumelis,217.0,399.0,"95% bawełna, 5% elastan",loose fit,Prosty,Okrągły,Krótki rękaw,koszulka loose fit,3.33
koszulki z krótkim rękawem (męskie),- t-shirt basic,billabong,109.99,129.0,100% bawełna,regular,Prosty,Okrągły,Krótki rękaw,koszulka regular fit,3.33
koszulki z krótkim rękawem (męskie),d’italia - t-shirt z nadrukiem,ellesse d’italia,148.75,99.0,100% bawełna,regular,Prosty,Okrągły,Krótki rękaw,koszulka regular fit,3.33
koszulki z krótkim rękawem (męskie),- t-shirt basic,next,376.0,289.0,"95% bawełna, 5% elastan",slim,Prosty,Okrągły,Krótki rękaw,koszulka slim fit,32.2
koszulki z krótkim rękawem (męskie),unisex - t-shirt z nadrukiem,blkvis unisex,112.0,149.0,100% bawełna,loose fit,Prosty,Okrągły,Krótki rękaw,koszulka loose fit,3.33
koszulki z krótkim rękawem (męskie),- t-shirt basic,levi's® plus,109.0,199.0,100% bawełna,loose fit,Prosty,Okrągły,Krótki rękaw,koszulka loose fit,3.33
koszulki z krótkim rękawem (męskie),- t-shirt z nadrukiem,diverse,99.99,119.0,100% bawełna,loose fit,Prosty,Okrągły,Krótki rękaw,koszulka loose fit,3.33
koszulki z krótkim rękawem (męskie),jermane 2-pack - t-shirt basic,matinique jermane 2,183.2,229.0,100% bawełna,regular,Prosty,Okrągły,Krótki rękaw,koszulka regular fit,3.33
koszulki z krótkim rękawem (męskie),academy 23 - koszulka polo,nike performance academy 23,189.99,299.0,100% poliester,regular,Prosty,,Krótki rękaw,koszulka regular fit,3.33
koszulki z krótkim rękawem (męskie),2 pack - t-shirt basic,bamboo basics 2 pack,161.0,164.99,"68% wiskoza, 28% bawełna, 4% elastan",regular,,Okrągły,Krótki rękaw,koszulka regular fit,3.33
koszulki z krótkim rękawem (męskie),- t-shirt z nadrukiem,henry tiger,169.99,,100% bawełna,regular,Prosty,Okrągły,Krótki rękaw,koszulka regular fit,3.33
koszulki z krótkim rękawem (męskie),- t-shirt basic,polo ralph lauren big & tall,469.0,649.0,100% bawełna,regular,Prosty,Okrągły,Krótki rękaw,koszulka regular fit,3.33
koszulki z krótkim rękawem (męskie),- t-shirt z nadrukiem,marc o'polo,179.0,229.0,100% bawełna,regular,Prosty,Okrągły,Krótki rękaw,koszulka regular fit,3.33
koszulki z krótkim rękawem (męskie),- koszulka polo,brooks brothers,465.0,149.99,100% bawełna,regular,Prosty,,Krótki rękaw,koszulka regular fit,3.33
koszulki z krótkim rękawem (męskie),- koszulka polo,blend,169.0,129.0,100% bawełna,regular,Prosty,,Krótki rękaw,koszulka regular fit,3.33
koszulki z krótkim rękawem (męskie),- t-shirt z nadrukiem,s.oliver,69.99,99.0,100% bawełna,regular,Prosty,Okrągły,Krótki rękaw,koszulka regular fit,3.33
koszulki z krótkim rękawem (męskie),- t-shirt z nadrukiem,arkk copenhagen,249.0,109.0,100% bawełna,regular,Prosty,Okrągły,Krótki rękaw,koszulka regular fit,3.33
koszulki z krótkim rękawem (męskie),join life - t-shirt basic,pull&bear join life,45.9,139.0,100% bawełna,loose fit,Prosty,Okrągły,Krótki rękaw,koszulka loose fit,3.33
koszulki z krótkim rękawem (męskie),- koszulka polo,felix hardy,125.0,,100% bawełna,regular,Prosty,,Krótki rękaw,koszulka regular fit,3.33
koszulki z krótkim rękawem (męskie),- t-shirt basic,bomboogie,204.0,139.0,100% bawełna,regular,Prosty,Okrągły,Krótki rękaw,koszulka regular fit,3.33
koszulki z krótkim rękawem (męskie),- t-shirt z nadrukiem,reichstadt,199.9,,100% bawełna,loose fit,Prosty,Okrągły,Półrękawek,koszulka loose fit,3.33
koszulki z krótkim rękawem (męskie),jacko - t-shirt basic,pepe jeans jacko,135.0,126.56,100% bawełna,regular,Prosty,Okrągły,Krótki rękaw,koszulka regular fit,3.33
koszulki z krótkim rękawem (męskie),- koszulka polo,finshley & harding,179.95,239.0,"58% bawełna, 38% poliester, 4% elastan",regular,Prosty,,Krótki rękaw,koszulka regular fit,3.33
koszulki z krótkim rękawem (męskie),- t-shirt z nadrukiem,only & sons,109.0,229.99,100% bawełna,regular,Prosty,Okrągły,Krótki rękaw,koszulka regular fit,3.33
koszulki z krótkim rękawem (męskie),- t-shirt z nadrukiem,henry tiger,99.99,559.0,100% bawełna,regular,Prosty,Okrągły,Krótki rękaw,koszulka regular fit,3.33
koszulki z krótkim rękawem (męskie),unisex - t-shirt basic,wasted paris unisex,161.0,179.0,100% bawełna,nadwymiarowy,Prosty,Okrągły,Krótki rękaw,koszulka oversize,22.7
koszulki z krótkim rękawem (męskie),unisex - t-shirt basic,yourturn unisex,79.0,119.0,100% bawełna,loose fit,Prosty,Okrągły,Półrękawek,koszulka loose fit,3.33
koszulki z krótkim rękawem (męskie),- t-shirt basic,american vintage,260.0,139.0,100% bawełna,regular,Prosty,Okrągły,Krótki rękaw,koszulka regular fit,3.33
koszulki z krótkim rękawem (męskie),sci-fi - t-shirt z nadrukiem,rivvia projects sci,169.0,169.0,100% bawełna,regular,Prosty,Okrągły,Krótki rękaw,koszulka regular fit,3.33
koszulki z krótkim rękawem (męskie),- t-shirt basic,umbro,110.0,219.0,100% bawełna,loose fit,Prosty,,Półrękawek,koszulka loose fit,3.33
koszulki z krótkim rękawem (męskie),- t-shirt basic,marc o'polo,168.49,149.0,"97% bawełna, 3% elastan",regular,Prosty,Typu Henley,Krótki rękaw,koszulka regular fit,3.33
koszulki z krótkim rękawem (męskie),elverum - koszulka polo,casual friday elverum,259.0,169.0,100% bawełna,regular,Prosty,Wycięcie typu V,Krótki rękaw,koszulka regular fit,3.33
koszulki z krótkim rękawem (męskie),- t-shirt basic,ochnik,54.9,,"95% bawełna, 5% elastan",regular fit,Prosty,Wycięcie typu V,Krótki rękaw,koszulka regular fit,3.33
koszulki z krótkim rękawem (męskie),- t-shirt z nadrukiem,pepe jeans,159.0,84.0,100% bawełna,regular,Prosty,Okrągły,Krótki rękaw,koszulka regular fit,3.33
koszulki z krótkim rękawem (męskie),unisex - t-shirt z nadrukiem,yourturn unisex,84.0,89.0,100% bawełna,loose fit,Prosty,Okrągły,Krótki rękaw,koszulka loose fit,3.33
koszulki z krótkim rękawem (męskie),unisex - t-shirt z nadrukiem,tommy jeans unisex,70.0,199.0,100% bawełna,regular fit,Prosty,Okrągły,Krótki rękaw,koszulka regular fit,3.33
koszulki z krótkim rękawem (męskie),edin - koszulka polo,blend edin,89.0,139.0,100% bawełna,regular,Prosty,,Krótki rękaw,koszulka regular fit,3.33
koszulki z krótkim rękawem (męskie),throw up - t-shirt z nadrukiem,henry tiger throw up,179.99,559.0,100% bawełna,regular,Prosty,Okrągły,Krótki rękaw,koszulka regular fit,3.33
koszulki z krótkim rękawem (męskie),- t-shirt z nadrukiem,quiksilver,169.99,159.0,100% bawełna,loose fit,Prosty,Okrągły,Krótki rękaw,koszulka loose fit,3.33
koszulki z krótkim rękawem (męskie),pokemon - t-shirt z nadrukiem,next pokemon,169.0,79.0,100% bawełna,regular,Prosty,Okrągły,Krótki rękaw,koszulka regular fit,3.33
koszulki z krótkim rękawem (męskie),unisex - t-shirt z nadrukiem,calvin klein jeans unisex,206.0,229.0,100% bawełna,loose fit,Prosty,Okrągły,Krótki rękaw,koszulka loose fit,3.33
koszulki z krótkim rękawem (męskie),- koszulka sportowa,karma8a,126.0,279.0,100% poliester,regular,Prosty,Okrągły,Krótki rękaw,koszulka regular fit,3.33
koszulki z krótkim rękawem (męskie),kleines - t-shirt z nadrukiem,guess kleines,154.95,179.0,100% bawełna,regular,Prosty,Okrągły,Krótki rękaw,koszulka regular fit,3.33
koszulki z krótkim rękawem (męskie),essential - t-shirt basic,next essential,52.0,119.0,100% bawełna,regular,Prosty,Okrągły,Krótki rękaw,koszulka regular fit,3.33
koszulki z krótkim rękawem (męskie),- koszulka polo,lerros,334.0,,"60% bawełna, 40% poliester",regular,Prosty,,Krótki rękaw,koszulka regular fit,3.33
koszulki z krótkim rękawem (męskie),unisex - t-shirt z nadrukiem,nike sportswear unisex,229.0,159.0,100% bawełna,loose fit,Prosty,Okrągły,Półrękawek,koszulka loose fit,3.33
koszulki z krótkim rękawem (męskie),unisex - top,yourturn unisex,43.0,79.0,100% bawełna,nadwymiarowy,Prosty,Okrągły,Bardzo krótki rękawek,koszulka oversize,22.7
koszulki z krótkim rękawem (męskie),fqemil - t-shirt z nadrukiem,fq1924 fqemil,64.0,,100% bawełna,regular,Prosty,Okrągły,Krótki rękaw,koszulka regular fit,3.33
koszulki z krótkim rękawem (męskie),bhedington - koszulka polo,blend bhedington,109.0,179.0,100% bawełna,regular,Prosty,Typu Henley,Krótki rękaw,koszulka regular fit,3.33
koszulki z krótkim rękawem (męskie),- t-shirt z nadrukiem,michael kors,278.0,309.0,100% bawełna,regular,Prosty,Okrągły,Krótki rękaw,koszulka regular fit,3.33
koszulki z krótkim rękawem (męskie),- t-shirt z nadrukiem,gap,64.0,69.0,100% bawełna,,,Okrągły,Krótki rękaw,koszulka other,
koszulki z krótkim rękawem (męskie),- t-shirt z nadrukiem,jack & jones,74.99,79.0,100% bawełna,regular,Prosty,Okrągły,Krótki rękaw,koszulka regular fit,3.33
koszulki z krótkim rękawem (męskie),- t-shirt z nadrukiem,camel active,139.95,105.0,100% bawełna,regular,Prosty,Okrągły,Krótki rękaw,koszulka regular fit,3.33
koszulki z krótkim rękawem (męskie),- t-shirt z nadrukiem,trendsplant,209.5,119.0,100% bawełna,regular,Prosty,Okrągły,Krótki rękaw,koszulka regular fit,3.33
koszulki z krótkim rękawem (męskie),2 pack - top,jordan 2 pack,149.0,79.0,"95% bawełna, 5% elastan",skinny,Dopasowanie do figury,"Okrągły, głęboko wycięty",Bez rękawów,koszulka skinny fit,0.0
koszulki z krótkim rękawem (męskie),- koszulka polo,from future,265.0,529.0,100% wełna,regular fit,Prosty,,Krótki rękaw,koszulka regular fit,3.33
koszulki z krótkim rękawem (męskie),jprblualfred - t-shirt z nadrukiem,jack & jones premium jprblualfred,71.0,89.0,100% bawełna,regular fit,Prosty,Okrągły,Krótki rękaw,koszulka regular fit,3.33
koszulki z krótkim rękawem (męskie),sdbedo - t-shirt basic,solid sdbedo,89.0,79.0,"60% bawełna, 40% poliester",regular,Prosty,Wycięcie typu V,Długi rękaw,koszulka regular fit,3.33
koszulki z krótkim rękawem (męskie),- t-shirt z nadrukiem,jack & jones premium,89.99,69.0,100% bawełna,regular,Prosty,Okrągły,Krótki rękaw,koszulka regular fit,3.33
koszulki z krótkim rękawem (męskie),- t-shirt z nadrukiem,henry tiger,99.99,,100% bawełna,regular,Prosty,Okrągły,Krótki rękaw,koszulka regular fit,3.33
koszulki z krótkim rękawem (męskie),liverpool fc 25/26 competition - artykuły klubowe,adidas performance liverpool fc 25/26 competition,220.0,339.0,100% poliester,regular,Dopasowany,,Bardzo długi rękaw,koszulka regular fit,3.33
koszulki z krótkim rękawem (męskie),- t-shirt z nadrukiem,two soon,104.99,99.0,100% bawełna,regular,Prosty,Okrągły,Krótki rękaw,koszulka regular fit,3.33
koszulki z krótkim rękawem (męskie),jjepaulos - t-shirt basic,jack & jones jjepaulos,98.0,,100% bawełna,regular,Prosty,Okrągły,Krótki rękaw,koszulka regular fit,3.33
koszulki z krótkim rękawem (męskie),- t-shirt z nadrukiem,henry tiger,99.99,,100% bawełna,regular,Prosty,Okrągły,Krótki rękaw,koszulka regular fit,3.33
koszulki z krótkim rękawem (męskie),- t-shirt z nadrukiem,gant,161.0,179.0,100% bawełna,regular,Prosty,Okrągły,Krótki rękaw,koszulka regular fit,3.33
koszulki z krótkim rękawem (męskie),- t-shirt basic,les deux,242.0,269.0,100% bawełna,regular,Prosty,Okrągły,Krótki rękaw,koszulka regular fit,3.33
koszulki z krótkim rękawem (męskie),- t-shirt z nadrukiem,alpha industries,109.95,164.99,100% bawełna,regular,Prosty,Okrągły,Krótki rękaw,koszulka regular fit,3.33
koszulki z krótkim rękawem (męskie),- t-shirt basic,ombre,169.99,119.0,"95% bawełna, 5% elastan",loose fit,Prosty,Okrągły,Półrękawek,koszulka loose fit,3.33
koszulki z krótkim rękawem (męskie),- t-shirt z nadrukiem,lost youth,103.0,159.0,100% bawełna,loose fit,Prosty,Okrągły,Krótki rękaw,koszulka loose fit,3.33
koszulki z krótkim rękawem (męskie),- t-shirt z nadrukiem,karl lagerfeld jeans,161.0,179.0,"50% bawełna, 50% poliester",regular,Prosty,Okrągły,Krótki rękaw,koszulka regular fit,3.33
koszulki z krótkim rękawem (męskie),t-shirt basic,qs t,89.99,109.0,100% bawełna,regular,Prosty,Okrągły,Krótki rękaw,koszulka regular fit,3.33
koszulki z krótkim rękawem (męskie),- koszulka polo,façonnable,595.0,129.99,100% bawełna,regular,Prosty,,Krótki rękaw,koszulka regular fit,3.33
koszulki z krótkim rękawem (męskie),- t-shirt basic,maison kitsuné,449.0,449.0,100% bawełna,regular,Prosty,Okrągły,Krótki rękaw,koszulka regular fit,3.33
koszulki z krótkim rękawem (męskie),- t-shirt basic,s.oliver,69.99,375.0,100% bawełna,regular,Prosty,Wycięcie typu V,Krótki rękaw,koszulka regular fit,3.33
koszulki z krótkim rękawem (męskie),ac/dc stiff upper lip - t-shirt z nadrukiem,rockshirts ac/dc stiff upper lip,99.0,99.0,100% bawełna,regular,Prosty,Okrągły,Krótki rękaw,koszulka regular fit,3.33
koszulki z krótkim rękawem (męskie),- t-shirt z nadrukiem,karma8a,137.0,249.0,100% bawełna,loose fit,Prosty,Okrągły,Krótki rękaw,koszulka loose fit,3.33
koszulki z krótkim rękawem (męskie),- bluzka z długim rękawem,bershka,129.0,79.0,100% bawełna,loose fit,Prosty,Okrągły,Długi rękaw,koszulka loose fit,3.33
koszulki z krótkim rękawem (męskie),2 pack - t-shirt basic,petrol industries 2 pack,84.0,,"95% bawełna, 5% elastan",regular,Dopasowany,Wycięcie typu V,Krótki rękaw,koszulka regular fit,3.33
koszulki z krótkim rękawem (męskie),m/l striped heart - bluzka z długim rękawem,kaotiko m/l striped heart,170.0,,100% bawełna,regular,Prosty,Okrągły,Długi rękaw,koszulka regular fit,3.33
koszulki z krótkim rękawem (męskie),- t-shirt z nadrukiem,u.s. polo assn.,81.99,150.0,100% bawełna,regular,Prosty,Okrągły,Krótki rękaw,koszulka regular fit,3.33
koszulki z krótkim rękawem (męskie),4 pack - t-shirt z nadrukiem,tom tailor 4 pack,252.58,,100% bawełna,regular fit,Prosty,Okrągły,Krótki rękaw,koszulka regular fit,3.33
koszulki z krótkim rękawem (męskie),- koszulka polo,lerros,262.0,211.99,"60% bawełna, 40% poliester",regular,Prosty,Wycięcie typu V,Krótki rękaw,koszulka regular fit,3.33
koszulki z krótkim rękawem (męskie),- t-shirt basic,boggi milano,369.0,,"95% bawełna, 5% elastan",regular,Prosty,Okrągły,Krótki rękaw,koszulka regular fit,3.33
koszulki z krótkim rękawem (męskie),bhevo - koszulka polo,blend bhevo,76.0,109.0,100% bawełna,regular,Prosty,Wycięcie typu V,Krótki rękaw,koszulka regular fit,3.33
koszulki z krótkim rękawem (męskie),- t-shirt z nadrukiem,henry tiger,109.99,249.0,100% bawełna,regular,Prosty,Okrągły,Krótki rękaw,koszulka regular fit,3.33
koszulki z krótkim rękawem (męskie),scooby doo - t-shirt z nadrukiem,henry tiger scooby doo,109.99,,100% bawełna,regular,Prosty,Okrągły,Krótki rękaw,koszulka regular fit,3.33
koszulki z krótkim rękawem (męskie),- t-shirt basic,closed,359.0,1509.0,100% bawełna,regular,Prosty,Okrągły,Krótki rękaw,koszulka regular fit,3.33
koszulki z krótkim rękawem (męskie),jorupstate - t-shirt z nadrukiem,jack & jones jorupstate,80.0,,"50% bawełna, 50% poliester",loose fit,Prosty,Okrągły,Krótki rękaw,koszulka loose fit,3.33
koszulki z krótkim rękawem (męskie),- t-shirt z nadrukiem,billionaire boys club,489.0,379.0,100% bawełna,loose fit,Prosty,Okrągły,Krótki rękaw,koszulka loose fit,3.33
koszulki z krótkim rękawem (męskie),- koszulka polo,camp david,303.0,167.0,100% bawełna,regular,Prosty,Okrągły,Krótki rękaw,koszulka regular fit,3.33
koszulki z krótkim rękawem (męskie),taul - t-shirt basic,boss taul,319.0,269.0,"92% bawełna, 8% elastan",regular,Prosty,Okrągły,Krótki rękaw,koszulka regular fit,3.33
koszulki z krótkim rękawem (męskie),- t-shirt z nadrukiem,fila,126.9,319.0,100% bawełna,loose fit,Prosty,Okrągły,Krótki rękaw,koszulka loose fit,3.33
koszulki z krótkim rękawem (męskie),x jujutsu kaisen nuley - t-shirt z nadrukiem,hugo x jujutsu kaisen nuley,287.0,,100% bawełna,loose fit,Prosty,Okrągły,Krótki rękaw,koszulka loose fit,3.33
koszulki z krótkim rękawem (męskie),- t-shirt basic,karl lagerfeld,296.0,,"95% bawełna, 5% elastan",regular,Prosty,Okrągły,Krótki rękaw,koszulka regular fit,3.33
koszulki z krótkim rękawem (męskie),- t-shirt z nadrukiem,jordan,161.0,,100% bawełna,loose fit,Prosty,Okrągły,Półrękawek,koszulka loose fit,3.33
koszulki z krótkim rękawem (męskie),- t-shirt z nadrukiem,calvin klein jeans,161.0,179.0,100% bawełna,regular,Prosty,Okrągły,Krótki rękaw,koszulka regular fit,3.33
koszulki z krótkim rękawem (męskie),- t-shirt z nadrukiem,champion,134.0,,100% bawełna,regular,Prosty,Okrągły,Krótki rękaw,koszulka regular fit,3.33
koszulki z krótkim rękawem (męskie),- t-shirt basic,gcds,739.0,,100% bawełna,regular,Prosty,Okrągły,Krótki rękaw,koszulka regular fit,3.33
koszulki z krótkim rękawem (męskie),austin - t-shirt z nadrukiem,mustang austin,99.95,119.0,100% bawełna,regular,Prosty,Okrągły,Krótki rękaw,koszulka regular fit,3.33
koszulki z krótkim rękawem (męskie),- t-shirt z nadrukiem,ea7 emporio armani,323.0,359.0,100% bawełna,regular,Prosty,Okrągły,Krótki rękaw,koszulka regular fit,3.33
koszulki z krótkim rękawem (męskie),- t-shirt z nadrukiem,qs,129.99,129.0,100% bawełna,loose fit,Prosty,Okrągły,Krótki rękaw,koszulka loose fit,3.33
koszulki z krótkim rękawem (męskie),- koszulka polo,camel active,299.95,169.99,"95% bawełna, 5% elastan",regular,Prosty,,Krótki rękaw,koszulka regular fit,3.33
koszulki z krótkim rękawem (męskie),mateo - t-shirt z nadrukiem,fila mateo,90.0,199.0,100% poliester,regular,Prosty,Okrągły,Krótki rękaw,koszulka regular fit,3.33
koszulki z krótkim rękawem (męskie),- koszulka reprezentacji,adidas performance,439.0,449.0,100% poliester,regular,Prosty,Wycięcie typu V,Krótki rękaw,koszulka regular fit,3.33
koszulki z krótkim rękawem (męskie),- t-shirt basic,marc o'polo denim,179.0,229.0,100% bawełna,regular,Prosty,Okrągły,Krótki rękaw,koszulka regular fit,3.33
koszulki z krótkim rękawem (męskie),onscaspian - t-shirt basic,only & sons onscaspian,98.0,109.0,"50% bawełna, 27% poliester, 23% elastomultiester",loose fit,Prosty,Okrągły,Krótki rękaw,koszulka loose fit,3.33
koszulki z krótkim rękawem (męskie),- t-shirt z nadrukiem,annarr,209.99,159.0,100% bawełna,loose fit,Prosty,Okrągły,Krótki rękaw,koszulka loose fit,3.33
koszulki z krótkim rękawem (męskie),t-shirt z nadrukiem,lonsdale t,82.0,99.0,100% bawełna,regular,Prosty,Okrągły,Krótki rękaw,koszulka regular fit,3.33
koszulki z krótkim rękawem (męskie),- t-shirt basic,teeshoppen,112.5,,100% bawełna,regular,Prosty,Okrągły,Krótki rękaw,koszulka regular fit,3.33
koszulki z krótkim rękawem (męskie),nba los angeles lakers - artykuły klubowe,nike performance nba los angeles lakers,152.0,169.0,"50% bawełna, 50% poliester",regular,Prosty,Okrągły,Krótki rękaw,koszulka regular fit,3.33
koszulki z krótkim rękawem (męskie),betty boop - t-shirt z nadrukiem,henry tiger betty boop,109.99,,100% bawełna,regular,Prosty,Okrągły,Krótki rękaw,koszulka regular fit,3.33
koszulki z krótkim rękawem (męskie),- koszulka polo,gant,399.0,239.99,100% bawełna,regular,Prosty,Wycięcie typu V,Krótki rękaw,koszulka regular fit,3.33
koszulki z krótkim rękawem (męskie),- koszulka polo,lindbergh,239.96,,100% bawełna,regular,Prosty,,Krótki rękaw,koszulka regular fit,3.33
koszulki z krótkim rękawem (męskie),- t-shirt basic,guess,104.0,139.0,"95% bawełna, 5% elastan",slim,Dopasowanie do figury,Okrągły,Krótki rękaw,koszulka slim fit,32.2
koszulki z krótkim rękawem (męskie),- t-shirt z nadrukiem,jack & jones,55.95,69.99,100% bawełna,regular,Prosty,Okrągły,Krótki rękaw,koszulka regular fit,3.33
koszulki z krótkim rękawem (męskie),- top,pier one sport,62.0,89.0,100% poliester,regular,Prosty,Okrągły,Bez rękawów,koszulka regular fit,3.33
koszulki z krótkim rękawem (męskie),- t-shirt z nadrukiem,superdry & co,169.0,149.0,100% bawełna,regular,Prosty,Okrągły,Krótki rękaw,koszulka regular fit,3.33
koszulki z krótkim rękawem (męskie),nikecourt - koszulka sportowa,nike performance nikecourt,179.0,159.0,"60% bawełna, 40% poliester",regular,Prosty,Okrągły,Krótki rękaw,koszulka regular fit,3.33
koszulki z krótkim rękawem (męskie),unisex - t-shirt z nadrukiem,nike sportswear unisex,206.0,,100% bawełna,loose fit,Prosty,Okrągły,Krótki rękaw,koszulka loose fit,3.33
koszulki z krótkim rękawem (męskie),reset - koszulka sportowa,nike performance reset,139.0,99.0,100% poliester,regular,Prosty,Okrągły,Krótki rękaw,koszulka regular fit,3.33
koszulki z krótkim rękawem (męskie),- koszulka polo,next,117.0,89.0,"95% bawełna, 5% elastan",regular,Prosty,,Krótki rękaw,koszulka regular fit,3.33
koszulki z krótkim rękawem (męskie),- t-shirt basic,harper & neyer,122.0,159.0,100% bawełna,regular,Prosty,Okrągły,Krótki rękaw,koszulka regular fit,3.33
koszulki z krótkim rękawem (męskie),cote dazur - t-shirt z nadrukiem,façonnable cote dazur,255.0,219.0,100% bawełna,regular,Prosty,Okrągły,Krótki rękaw,koszulka regular fit,3.33
koszulki z krótkim rękawem (męskie),sdvolker - t-shirt basic,solid sdvolker,102.0,119.0,100% bawełna,regular,Prosty,Typu Henley,Krótki rękaw,koszulka regular fit,3.33
koszulki z krótkim rękawem (męskie),dulivio - t-shirt z nadrukiem,hugo dulivio,125.0,179.0,100% bawełna,regular,Prosty,Okrągły,Krótki rękaw,koszulka regular fit,3.33
koszulki z krótkim rękawem (męskie),oliver - koszulka polo,pepe jeans oliver,180.0,225.0,100% bawełna,regular,Prosty,Okrągły,Krótki rękaw,koszulka regular fit,3.33
koszulki z krótkim rękawem (męskie),- t-shirt z nadrukiem,nils sundström,129.95,79.99,100% bawełna,regular,Prosty,Okrągły,Krótki rękaw,koszulka regular fit,3.33
koszulki z krótkim rękawem (męskie),edin - koszulka polo,blend edin,89.0,210.96,100% bawełna,regular,Prosty,,Krótki rękaw,koszulka regular fit,3.33
koszulki z krótkim rękawem (męskie),- t-shirt z nadrukiem,the north face,159.0,179.0,100% bawełna,nadwymiarowy,Prosty,Okrągły,Półrękawek,koszulka oversize,22.7
koszulki z krótkim rękawem (męskie),alphis - t-shirt basic,joop! jeans alphis,125.0,139.0,100% bawełna,regular,Prosty,Okrągły,Krótki rękaw,koszulka regular fit,3.33
koszulki z krótkim rękawem (męskie),- koszulka polo,hackett london,659.0,225.0,100% bawełna,regular,Prosty,Wycięcie typu V,Krótki rękaw,koszulka regular fit,3.33
koszulki z krótkim rękawem (męskie),- koszulka polo,next,273.0,109.0,"95% bawełna, 5% elastan",regular,Prosty,,Krótki rękaw,koszulka regular fit,3.33
koszulki z krótkim rękawem (męskie),- t-shirt basic,jack & jones,99.99,89.0,"58% poliester, 40% bawełna, 2% elastan",regular,Prosty,Okrągły,Krótki rękaw,koszulka regular fit,3.33
koszulki z krótkim rękawem (męskie),- t-shirt z nadrukiem,karl kani,169.0,229.0,100% bawełna,loose fit,Prosty,Okrągły,Półrękawek,koszulka loose fit,3.33
koszulki z krótkim rękawem (męskie),- t-shirt z nadrukiem,puma,224.0,249.0,100% bawełna,regular,Prosty,Okrągły,Krótki rękaw,koszulka regular fit,3.33
koszulki z krótkim rękawem (męskie),- t-shirt basic,bugatti,149.95,229.0,100% bawełna,regular,Prosty,Okrągły,Krótki rękaw,koszulka regular fit,3.33
koszulki z krótkim rękawem (męskie),nba chicago bulls unisex - koszulka sportowa,new era nba chicago bulls unisex,170.0,,100% poliester,loose fit,Prosty,Okrągły,Krótki rękaw,koszulka loose fit,3.33
koszulki z krótkim rękawem (męskie),- t-shirt z nadrukiem,redefined rebel,53.0,59.0,100% bawełna,regular,Prosty,Okrągły,Krótki rękaw,koszulka regular fit,3.33
koszulki z krótkim rękawem (męskie),- koszulka polo,swedemount,152.99,,100% poliester,regular,Prosty,,Krótki rękaw,koszulka regular fit,3.33
koszulki z krótkim rękawem (męskie),muir unisex - t-shirt z nadrukiem,o'neill muir unisex,76.3,109.0,100% bawełna,regular,Prosty,Okrągły,Krótki rękaw,koszulka regular fit,3.33
koszulki z krótkim rękawem (męskie),betty boop - t-shirt z nadrukiem,henry tiger betty boop,109.99,135.0,100% bawełna,regular,Prosty,Okrągły,Krótki rękaw,koszulka regular fit,3.33
koszulki z krótkim rękawem (męskie),unisex - top,yourturn unisex,30.0,59.0,"95% bawełna, 5% elastan",regular,Prosty,Okrągły,Bez rękawów,koszulka regular fit,3.33
koszulki z krótkim rękawem (męskie),- koszulka polo,nils sundström,179.95,239.0,100% bawełna,regular,Prosty,,Krótki rękaw,koszulka regular fit,3.33
koszulki z krótkim rękawem (męskie),- koszulka polo,hackett london,479.0,234.99,100% bawełna,regular,Prosty,Okrągły,Krótki rękaw,koszulka regular fit,3.33
koszulki z krótkim rękawem (męskie),- koszulka polo,scalpers,256.43,289.0,100% bawełna,regular,Prosty,,Krótki rękaw,koszulka regular fit,3.33
koszulki z krótkim rękawem (męskie),- t-shirt basic,carhartt wip,179.0,129.0,100% bawełna,loose fit,Prosty,Okrągły,Krótki rękaw,koszulka loose fit,3.33
koszulki z krótkim rękawem (męskie),- t-shirt basic,jack & jones,218.0,332.0,100% bawełna,regular,Prosty,Okrągły,Krótki rękaw,koszulka regular fit,3.33
koszulki z krótkim rękawem (męskie),bhalvarez - top,blend bhalvarez,56.0,89.0,100% bawełna,regular,Prosty,Okrągły,Bez rękawów,koszulka regular fit,3.33
koszulki z krótkim rękawem (męskie),- t-shirt basic,blend,89.0,79.0,100% bawełna,loose fit,Prosty,Okrągły,Półrękawek,koszulka loose fit,3.33
koszulki z krótkim rękawem (męskie),- t-shirt basic,boss,188.0,269.0,100% bawełna,regular,Prosty,Okrągły,Krótki rękaw,koszulka regular fit,3.33
koszulki z krótkim rękawem (męskie),jprwilliam - koszulka polo,jack & jones premium jprwilliam,130.45,144.99,100% bawełna,regular,Prosty,Typu Henley,Krótki rękaw,koszulka regular fit,3.33
koszulki z krótkim rękawem (męskie),- t-shirt basic,american vintage,235.0,109.0,100% bawełna,regular,Prosty,Okrągły,Krótki rękaw,koszulka regular fit,3.33
koszulki z krótkim rękawem (męskie),- t-shirt z nadrukiem,puma,89.0,109.0,100% bawełna,regular,Prosty,Okrągły,Krótki rękaw,koszulka regular fit,3.33
koszulki z krótkim rękawem (męskie),- t-shirt z nadrukiem,the north face,131.99,,100% bawełna,regular,Prosty,Okrągły,Krótki rękaw,koszulka regular fit,3.33
koszulki z krótkim rękawem (męskie),symen - t-shirt z nadrukiem,pegador symen,142.0,159.0,100% bawełna,loose fit,Prosty,Okrągły,Półrękawek,koszulka loose fit,3.33
koszulki z krótkim rękawem (męskie),neu - t-shirt z nadrukiem,adidas originals neu,149.0,199.0,100% bawełna,loose fit,Prosty,Okrągły,Półrękawek,koszulka loose fit,3.33
koszulki z krótkim rękawem (męskie),- t-shirt basic,napapijri,143.0,159.0,100% bawełna,regular,,Okrągły,Krótki rękaw,koszulka regular fit,3.33
koszulki z krótkim rękawem (męskie),- t-shirt basic,marc o'polo denim,69.0,99.0,100% bawełna,regular,Prosty,Okrągły,Krótki rękaw,koszulka regular fit,3.33
koszulki z krótkim rękawem (męskie),- koszulka polo,camel active,299.95,225.0,"95% bawełna, 5% elastan",regular,Prosty,,Krótki rękaw,koszulka regular fit,3.33
koszulki z krótkim rękawem (męskie),- t-shirt basic,next,292.0,85.0,"94% poliester, 6% elastan",regular,Prosty,Okrągły,Krótki rękaw,koszulka regular fit,3.33
koszulki z krótkim rękawem (męskie),- koszulka polo,s.oliver black label,126.99,179.99,"95% bawełna, 5% elastan",regular,Prosty,,Krótki rękaw,koszulka regular fit,3.33
koszulki z krótkim rękawem (męskie),- koszulka polo,blend,82.0,109.0,100% bawełna,regular,Prosty,,Krótki rękaw,koszulka regular fit,3.33
koszulki z krótkim rękawem (męskie),unisex - koszulka polo,huf unisex,519.0,679.0,100% bawełna,loose fit,Prosty,,Krótki rękaw,koszulka loose fit,3.33
koszulki z krótkim rękawem (męskie),adi365 - t-shirt z nadrukiem,adidas performance adi365,179.0,199.0,100% bawełna,regular,Prosty,Okrągły,Krótki rękaw,koszulka regular fit,3.33
koszulki z krótkim rękawem (męskie),unisex - t-shirt basic,ea7 emporio armani unisex,242.0,269.0,100% bawełna,regular,Prosty,Okrągły,Krótki rękaw,koszulka regular fit,3.33
koszulki z krótkim rękawem (męskie),- t-shirt basic,adidas originals,109.0,179.0,"88% poliester, 12% elastan",regular,Prosty,Okrągły,Krótki rękaw,koszulka regular fit,3.33
koszulki z krótkim rękawem (męskie),- t-shirt z nadrukiem,henry tiger,99.99,179.0,100% bawełna,regular,Prosty,Okrągły,Krótki rękaw,koszulka regular fit,3.33
koszulki z krótkim rękawem (męskie),- koszulka polo,pier one,65.0,119.0,100% bawełna,regular,Prosty,,Długi rękaw,koszulka regular fit,3.33
koszulki z krótkim rękawem (męskie),sdrigos - t-shirt basic,solid sdrigos,66.0,119.0,100% bawełna,regular,Prosty,Okrągły,Krótki rękaw,koszulka regular fit,3.33
koszulki z krótkim rękawem (męskie),- koszulka polo,polo ralph lauren,665.0,,100% bawełna,slim,Prosty,,Krótki rękaw,koszulka slim fit,32.2
koszulki z krótkim rękawem (męskie),- koszulka polo,pepe jeans,275.0,,"90% bawełna, 10% wiskoza",regular,Prosty,Wycięcie typu V,Krótki rękaw,koszulka regular fit,3.33
koszulki z krótkim rękawem (męskie),- t-shirt z nadrukiem,björn borg,135.0,155.0,"90% poliester, 10% elastan",regular,Prosty,Okrągły,Krótki rękaw,koszulka regular fit,3.33
koszulki z krótkim rękawem (męskie),hmlic dayton - t-shirt z nadrukiem,hummel hmlic dayton,65.86,,"50% bawełna, 50% poliester",regular,Zwężany,Okrągły,Krótki rękaw,koszulka regular fit,3.33
koszulki z krótkim rękawem (męskie),- top,pier one,45.0,89.0,100% bawełna,regular,Prosty,Okrągły,Bez rękawów,koszulka regular fit,3.33
koszulki z krótkim rękawem (męskie),- t-shirt z nadrukiem,guess,155.0,129.0,100% bawełna,regular,Prosty,Okrągły,Krótki rękaw,koszulka regular fit,3.33
koszulki z krótkim rękawem (męskie),- t-shirt z nadrukiem,alpha industries,86.99,129.99,100% bawełna,regular,Prosty,Okrągły,Krótki rękaw,koszulka regular fit,3.33
koszulki z krótkim rękawem (męskie),entrada - koszulka sportowa,adidas performance entrada,62.0,89.0,100% poliester,regular,Prosty,Wycięcie typu V,Krótki rękaw,koszulka regular fit,3.33
koszulki z krótkim rękawem (męskie),- t-shirt basic,armani exchange,229.0,139.0,100% bawełna,regular,Prosty,Okrągły,Krótki rękaw,koszulka regular fit,3.33
koszulki z krótkim rękawem (męskie),sdpedros - top,solid sdpedros,62.0,119.0,100% bawełna,regular,Prosty,Okrągły,Bez rękawów,koszulka regular fit,3.33
koszulki z krótkim rękawem (męskie),regular fit - t-shirt basic,next regular fit,91.0,69.99,"88% poliester, 12% elastan",regular,Prosty,Okrągły,Krótki rękaw,koszulka regular fit,3.33
koszulki z krótkim rękawem (męskie),- t-shirt z nadrukiem,terranova,49.99,69.0,100% bawełna,regular,Prosty,Okrągły,Krótki rękaw,koszulka regular fit,3.33
koszulki z krótkim rękawem (męskie),thompson - t-shirt basic,boss thompson,161.0,269.0,100% bawełna,regular,Prosty,Okrągły,Krótki rękaw,koszulka regular fit,3.33
koszulki z krótkim rękawem (męskie),onsfred - t-shirt basic,only & sons onsfred,79.99,211.99,100% bawełna,regular,Prosty,Okrągły,Krótki rękaw,koszulka regular fit,3.33
koszulki z krótkim rękawem (męskie),- t-shirt z nadrukiem,guess,179.0,199.0,100% bawełna,regular,Prosty,Okrągły,Krótki rękaw,koszulka regular fit,3.33
koszulki z krótkim rękawem (męskie),eggo - t-shirt z nadrukiem,pepe jeans eggo,89.0,,100% bawełna,regular,Prosty,Okrągły,Krótki rękaw,koszulka regular fit,3.33
koszulki z krótkim rękawem (męskie),2 pack - t-shirt basic,bamboo basics 2 pack,161.0,149.0,"68% wiskoza, 28% bawełna, 4% elastan",regular,Prosty,Wycięcie typu V,Krótki rękaw,koszulka regular fit,3.33
koszulki z krótkim rękawem (męskie),unisex - t-shirt z nadrukiem,taion unisex,289.0,179.0,100% poliester,loose fit,Prosty,Okrągły,Półrękawek,koszulka loose fit,3.33
koszulki z krótkim rękawem (męskie),- t-shirt basic,harper & neyer,122.0,119.0,100% bawełna,regular,Prosty,Okrągły,Krótki rękaw,koszulka regular fit,3.33
koszulki z krótkim rękawem (męskie),yu-ghi-oh dark magician heavy - t-shirt z nadrukiem,upscale by mister tee yu,82.0,169.0,100% bawełna,regular,Prosty,Okrągły,Krótki rękaw,koszulka regular fit,3.33
koszulki z krótkim rękawem (męskie),game 3 - t-shirt z nadrukiem,dunlop game 3,199.0,139.0,"84% poliester, 16% elastan",regular,Prosty,Okrągły,Krótki rękaw,koszulka regular fit,3.33
koszulki z krótkim rękawem (męskie),- t-shirt basic,casual friday,109.0,109.99,100% bawełna,regular,Prosty,Okrągły,Krótki rękaw,koszulka regular fit,3.33
koszulki z krótkim rękawem (męskie),unisex - t-shirt basic,pangaia unisex,160.0,319.0,100% bawełna,regular,Prosty,Okrągły,Krótki rękaw,koszulka regular fit,3.33
koszulki z krótkim rękawem (męskie),adriatico - koszulka polo,sergio tacchini adriatico,205.0,,100% poliester,regular,Prosty,,Krótki rękaw,koszulka regular fit,3.33
koszulki z krótkim rękawem (męskie),- t-shirt z nadrukiem,boss,287.0,319.0,"95% bawełna, 5% elastan",regular,Prosty,Okrągły,Krótki rękaw,koszulka regular fit,3.33
koszulki z krótkim rękawem (męskie),- t-shirt z nadrukiem,scalpers,101.25,126.56,100% bawełna,regular fit,Prosty,Okrągły,Krótki rękaw,koszulka regular fit,3.33
koszulki z krótkim rękawem (męskie),island - koszulka polo,hackett london island,609.0,719.0,100% bawełna,regular,Prosty,Wycięcie typu V,Krótki rękaw,koszulka regular fit,3.33
koszulki z krótkim rękawem (męskie),- t-shirt z nadrukiem,blauer,206.0,,100% bawełna,regular,Prosty,Okrągły,Krótki rękaw,koszulka regular fit,3.33
koszulki z krótkim rękawem (męskie),- koszulka polo,finshley & harding,149.95,199.0,"96% bawełna, 4% elastan",regular,Prosty,,Krótki rękaw,koszulka regular fit,3.33
koszulki z krótkim rękawem (męskie),barbour x paul smith - t-shirt z nadrukiem,barbour barbour x paul smith,359.0,159.0,100% bawełna,regular,Prosty,Okrągły,Krótki rękaw,koszulka regular fit,3.33
koszulki z krótkim rękawem (męskie),- t-shirt basic,s.oliver,69.99,75.0,100% bawełna,regular,Prosty,Okrągły,Krótki rękaw,koszulka regular fit,3.33
koszulki z krótkim rękawem (męskie),- koszulka sportowa,quiksilver,98.0,109.0,100% bawełna,regular,Prosty,Okrągły,Krótki rękaw,koszulka regular fit,3.33
koszulki z krótkim rękawem (męskie),3er-pack - t-shirt z nadrukiem,tom tailor denim 3er,159.0,75.0,100% bawełna,regular,Prosty,Okrągły,Krótki rękaw,koszulka regular fit,3.33
koszulki z krótkim rękawem (męskie),- t-shirt basic,boggi milano,689.0,679.0,"70% len, 30% bawełna",regular,Prosty,Okrągły,Krótki rękaw,koszulka regular fit,3.33
koszulki z krótkim rękawem (męskie),ivory coast fif - koszulka reprezentacji,puma ivory coast fif,429.0,589.0,100% poliester,regular,Dopasowany,Okrągły,Krótki rękaw,koszulka regular fit,3.33
koszulki z krótkim rękawem (męskie),- koszulka polo,jp1880,177.99,,100% bawełna,regular,Prosty,,Krótki rękaw,koszulka regular fit,3.33
koszulki z krótkim rękawem (męskie),- t-shirt basic,next,52.0,199.0,"98% bawełna, 2% wiskoza",regular,Prosty,Okrągły,Krótki rękaw,koszulka regular fit,3.33
koszulki z krótkim rękawem (męskie),- koszulka polo,jj rebel,74.99,59.0,100% bawełna,regular,Prosty,Okrągły,Krótki rękaw,koszulka regular fit,3.33
koszulki z krótkim rękawem (męskie),- t-shirt z nadrukiem,brandit,49.0,,100% bawełna,regular,Prosty,Okrągły,Krótki rękaw,koszulka regular fit,3.33
koszulki z krótkim rękawem (męskie),- t-shirt z nadrukiem,jp1880,124.99,,100% bawełna,regular,Prosty,Okrągły,Krótki rękaw,koszulka regular fit,3.33
koszulki z krótkim rękawem (męskie),sunisex - t-shirt z nadrukiem,rains sunisex,269.0,309.0,100% bawełna,loose fit,Prosty,Okrągły,Krótki rękaw,koszulka loose fit,3.33
koszulki z krótkim rękawem (męskie),- t-shirt z nadrukiem,von dutch,159.0,129.0,100% bawełna,nadwymiarowy,Prosty,Okrągły,Półrękawek,koszulka oversize,22.7
koszulki z krótkim rękawem (męskie),kelso - t-shirt z nadrukiem,lonsdale kelso,159.0,269.0,100% bawełna,regular,Prosty,Okrągły,Krótki rękaw,koszulka regular fit,3.33
koszulki z krótkim rękawem (męskie),- t-shirt basic,patagonia,289.0,199.0,100% bawełna,regular,Prosty,Okrągły,Krótki rękaw,koszulka regular fit,3.33
koszulki z krótkim rękawem (męskie),- t-shirt z nadrukiem,jack & jones,79.99,99.99,100% bawełna,loose fit,Prosty,Okrągły,Krótki rękaw,koszulka loose fit,3.33
koszulki z krótkim rękawem (męskie),- t-shirt z nadrukiem,next,65.0,59.0,"90% bawełna, 10% wiskoza",regular,Prosty,Okrągły,Krótki rękaw,koszulka regular fit,3.33
koszulki z krótkim rękawem (męskie),relaxed fit - t-shirt basic,selected relaxed fit,154.99,139.0,"93% bawełna, 7% elastan",loose fit,Prosty,Okrągły,Półrękawek,koszulka loose fit,3.33
koszulki z krótkim rękawem (męskie),- t-shirt z nadrukiem,filippa k,409.0,589.0,100% bawełna,regular,Prosty,Okrągły,Półrękawek,koszulka regular fit,3.33
koszulki z krótkim rękawem (męskie),- t-shirt z nadrukiem,levi's®,159.0,159.0,100% bawełna,loose fit,Prosty,Okrągły,Krótki rękaw,koszulka loose fit,3.33
koszulki z krótkim rękawem (męskie),andor storm trooper - t-shirt z nadrukiem,henry tiger andor storm trooper,169.99,119.0,100% bawełna,regular,Prosty,Okrągły,Krótki rękaw,koszulka regular fit,3.33
koszulki z krótkim rękawem (męskie),pierre - koszulka polo,mustang pierre,129.0,,100% bawełna,regular,Prosty,Typu Henley,Krótki rękaw,koszulka regular fit,3.33
koszulki z krótkim rękawem (męskie),- koszulka polo,wrangler,139.0,329.0,100% bawełna,regular,Prosty,,Krótki rękaw,koszulka regular fit,3.33
koszulki z krótkim rękawem (męskie),- koszulka polo,lindbergh,149.95,59.0,"95% bawełna, 5% elastan",regular,Prosty,,Krótki rękaw,koszulka regular fit,3.33
koszulki z krótkim rękawem (męskie),- t-shirt z nadrukiem,lost youth,79.0,199.0,100% bawełna,loose fit,Prosty,Okrągły,Półrękawek,koszulka loose fit,3.33
koszulki z krótkim rękawem (męskie),matchplay - koszulka polo,under armour matchplay,239.0,120.0,"93% poliester, 7% elastan",regular,Prosty,,Krótki rękaw,koszulka regular fit,3.33
koszulki z krótkim rękawem (męskie),st.agnes - top,lonsdale st.agnes,79.0,99.0,100% bawełna,regular,Prosty,Okrągły,Bez rękawów,koszulka regular fit,3.33
koszulki z krótkim rękawem (męskie),- t-shirt basic,nils sundström,129.95,119.0,100% bawełna,loose fit,Prosty,Okrągły,Krótki rękaw,koszulka loose fit,3.33
koszulki z krótkim rękawem (męskie),- t-shirt z nadrukiem,pme legend,199.0,69.0,"95% bawełna, 5% elastan",regular,Prosty,Okrągły,Krótki rękaw,koszulka regular fit,3.33
koszulki z krótkim rękawem (męskie),koroshi short sleeves t-shirt short sleeves t-shirt - t-shirt basic,koroshi koroshi short sleeves t,179.0,99.0,100% bawełna,regular,Prosty,Okrągły,Krótki rękaw,koszulka regular fit,3.33
koszulki z krótkim rękawem (męskie),- t-shirt basic,fatface,162.0,179.0,100% bawełna,regular,Prosty,Okrągły,Krótki rękaw,koszulka regular fit,3.33
koszulki z krótkim rękawem (męskie),- t-shirt basic,fatface,162.0,179.0,100% bawełna,regular,Prosty,Okrągły,Krótki rękaw,koszulka regular fit,3.33
koszulki z krótkim rękawem (męskie),t-shirt basic,michael kors t,278.0,309.0,100% bawełna,prosty,,Okrągły,Krótki rękaw,koszulka regular fit,3.33
koszulki z krótkim rękawem (męskie),- t-shirt basic,karl lagerfeld,296.0,,"95% bawełna, 5% elastan",regular,Prosty,Okrągły,Krótki rękaw,koszulka regular fit,3.33
koszulki z krótkim rękawem (męskie),thompson - t-shirt basic,boss thompson,279.0,199.0,100% bawełna,regular,Prosty,Okrągły,Krótki rękaw,koszulka regular fit,3.33
koszulki z krótkim rękawem (męskie),reform - koszulka polo,allsaints reform,379.0,309.0,100% bawełna,regular,Prosty,,Krótki rękaw,koszulka regular fit,3.33
koszulki z krótkim rękawem (męskie),- t-shirt basic,matinique,183.2,,100% bawełna,regular,Prosty,Okrągły,Krótki rękaw,koszulka regular fit,3.33
koszulki z krótkim rękawem (męskie),unisec - top,quiksilver unisec,98.0,,100% bawełna,loose fit,Prosty,Okrągły,Bez rękawów,koszulka loose fit,3.33
koszulki z krótkim rękawem (męskie),- t-shirt z nadrukiem,jj rebel,49.99,74.99,100% bawełna,regular,Prosty,Okrągły,Krótki rękaw,koszulka regular fit,3.33
koszulki z krótkim rękawem (męskie),jjecorp - t-shirt basic,jack & jones jjecorp,54.0,69.0,100% bawełna,regular,Prosty,Okrągły,Krótki rękaw,koszulka regular fit,3.33
koszulki z krótkim rękawem (męskie),- t-shirt basic,marc o'polo,259.0,,100% bawełna,loose fit,Prosty,Okrągły,Krótki rękaw,koszulka loose fit,3.33
koszulki z krótkim rękawem (męskie),slhlooseoscar - t-shirt basic,selected slhlooseoscar,125.0,139.0,"44% bawełna, 35% poliester, 21% elastomultiester",regular,Prosty,Okrągły,Krótki rękaw,koszulka regular fit,3.33
koszulki z krótkim rękawem (męskie),4 pack - top,next 4 pack,195.0,199.0,100% bawełna,regular,Prosty,Okrągły,Bez rękawów,koszulka regular fit,3.33
koszulki z krótkim rękawem (męskie),tristan - t-shirt basic,fila tristan,239.0,179.0,100% poliester,regular,Prosty,Okrągły,Krótki rękaw,koszulka regular fit,3.33
koszulki z krótkim rękawem (męskie),- t-shirt z nadrukiem,nils sundström,99.95,79.0,100% bawełna,regular,Prosty,Okrągły,Krótki rękaw,koszulka regular fit,3.33
koszulki z krótkim rękawem (męskie),bored gorilla - t-shirt z nadrukiem,mister tee bored gorilla,58.0,,100% bawełna,regular,Prosty,Okrągły,Krótki rękaw,koszulka regular fit,3.33
koszulki z krótkim rękawem (męskie),nestore - t-shirt z nadrukiem,sergio tacchini nestore,124.0,,100% bawełna,regular,Prosty,Okrągły,Krótki rękaw,koszulka regular fit,3.33
koszulki z krótkim rękawem (męskie),- bluzka z długim rękawem,rossignol,450.0,409.0,"85% poliester, 15% elastan",slim,Dopasowany,Okrągły,Długi rękaw,koszulka slim fit,32.2
koszulki z krótkim rękawem (męskie),- t-shirt basic,arkk copenhagen,249.0,119.0,100% bawełna,loose fit,Prosty,Okrągły,Krótki rękaw,koszulka loose fit,3.33
koszulki z krótkim rękawem (męskie),pallas - koszulka polo,boss pallas,449.0,499.0,100% bawełna,regular,Prosty,,Krótki rękaw,koszulka regular fit,3.33
koszulki z krótkim rękawem (męskie),unisex - t-shirt basic,pangaia unisex,319.0,1189.0,100% bawełna,regular,Prosty,Okrągły,Krótki rękaw,koszulka regular fit,3.33
koszulki z krótkim rękawem (męskie),- t-shirt basic,tommy hilfiger,152.0,169.0,100% bawełna,regular,Prosty,Wycięcie typu V,Krótki rękaw,koszulka regular fit,3.33
koszulki z krótkim rękawem (męskie),- t-shirt basic,teeshoppen,297.5,425.0,100% bawełna,regular,Prosty,Okrągły,Krótki rękaw,koszulka regular fit,3.33
koszulki z krótkim rękawem (męskie),- t-shirt basic,forsberg,119.99,164.99,100% bawełna,regular,Prosty,Typu Henley,Krótki rękaw,koszulka regular fit,3.33
koszulki z krótkim rękawem (męskie),- t-shirt z nadrukiem,siksilk,140.0,234.0,"95% bawełna, 5% elastan",slim,Prosty,Okrągły,Krótki rękaw,koszulka slim fit,32.2
koszulki z krótkim rękawem (męskie),- t-shirt basic,urban classics,61.0,79.0,"95% bawełna, 5% elastan",regular,Prosty,Okrągły,Krótki rękaw,koszulka regular fit,3.33
koszulki z krótkim rękawem (męskie),- t-shirt z nadrukiem,pull&bear,55.9,99.0,100% bawełna,loose fit,Prosty,Okrągły,Krótki rękaw,koszulka loose fit,3.33
koszulki z krótkim rękawem (męskie),- t-shirt basic,sergio tacchini,99.0,79.0,100% bawełna,regular,Prosty,Okrągły,Krótki rękaw,koszulka regular fit,3.33
koszulki z krótkim rękawem (męskie),- koszulka polo,karl lagerfeld,440.0,399.0,100% bawełna,regular,Prosty,,Długi rękaw,koszulka regular fit,3.33
koszulki z krótkim rękawem (męskie),- koszulka polo,scalpers,168.77,210.96,100% bawełna,regular fit,Prosty,,Krótki rękaw,koszulka regular fit,3.33
koszulki z krótkim rękawem (męskie),- t-shirt basic,lacoste,680.98,299.0,100% bawełna,regular,Prosty,,Krótki rękaw,koszulka regular fit,3.33
koszulki z krótkim rękawem (męskie),- t-shirt basic,pier one,149.0,149.0,100% bawełna,regular,Prosty,Okrągły,Krótki rękaw,koszulka regular fit,3.33
koszulki z krótkim rękawem (męskie),- koszulka polo,callaway,269.0,109.0,100% poliester,regular,Prosty,,Krótki rękaw,koszulka regular fit,3.33
koszulki z krótkim rękawem (męskie),san jose - koszulka polo,indicode jeans san jose,109.99,,100% bawełna,regular,Prosty,Wycięcie typu V,Krótki rękaw,koszulka regular fit,3.33
koszulki z krótkim rękawem (męskie),t-shirt basic,s.oliver t,89.99,119.0,"80% bawełna, 20% poliester",regular,Prosty,Okrągły,Krótki rękaw,koszulka regular fit,3.33
koszulki z krótkim rękawem (męskie),essentials - t-shirt basic,siksilk essentials,174.0,204.0,"95% bawełna, 5% elastan",slim,Prosty,Okrągły,Krótki rękaw,koszulka slim fit,32.2
koszulki z krótkim rękawem (męskie),- t-shirt z nadrukiem,rockshirts,99.0,89.0,100% bawełna,regular,Prosty,Okrągły,Krótki rękaw,koszulka regular fit,3.33
koszulki z krótkim rękawem (męskie),- koszulka polo,j.lindeberg sports,330.0,339.0,100% poliester,regular,Prosty,,Krótki rękaw,koszulka regular fit,3.33
koszulki z krótkim rękawem (męskie),- t-shirt basic,s.oliver,69.99,229.0,100% bawełna,regular,Prosty,Wycięcie typu V,Krótki rękaw,koszulka regular fit,3.33
koszulki z krótkim rękawem (męskie),- t-shirt z nadrukiem,jack & jones,98.0,109.0,100% bawełna,regular,Prosty,Okrągły,Krótki rękaw,koszulka regular fit,3.33
koszulki z krótkim rękawem (męskie),canyons unisex - t-shirt z nadrukiem,billabong canyons unisex,159.0,129.99,100% bawełna,loose fit,Prosty,Okrągły,Krótki rękaw,koszulka loose fit,3.33
koszulki z krótkim rękawem (męskie),trail - bluzka z długim rękawem,nike acg trail,359.0,249.0,"88% poliester, 7% wełna, 5% elastan",regular,Prosty,,Bardzo długi rękaw,koszulka regular fit,3.33
koszulki z krótkim rękawem (męskie),- koszulka polo,levi's®,199.0,164.99,100% bawełna,regular,Prosty,,Krótki rękaw,koszulka regular fit,3.33
koszulki z krótkim rękawem (męskie),- t-shirt basic,siksilk,204.0,234.0,100% poliester,slim,Prosty,Okrągły,Krótki rękaw,koszulka slim fit,32.2
koszulki z krótkim rękawem (męskie),- t-shirt z nadrukiem,jack & jones,99.99,159.0,100% bawełna,regular,Prosty,Okrągły,Krótki rękaw,koszulka regular fit,3.33
koszulki z krótkim rękawem (męskie),- koszulka polo,boggi milano,529.0,179.99,"56% bawełna, 39% poliester, 5% elastan",regular,Prosty,,Krótki rękaw,koszulka regular fit,3.33
koszulki z krótkim rękawem (męskie),- t-shirt z nadrukiem,lacoste,323.0,,100% bawełna,regular,Prosty,Okrągły,Krótki rękaw,koszulka regular fit,3.33
koszulki z krótkim rękawem (męskie),- t-shirt z nadrukiem,jack & jones,71.95,89.99,100% bawełna,regular,Prosty,Okrągły,Krótki rękaw,koszulka regular fit,3.33
koszulki z krótkim rękawem (męskie),- t-shirt z nadrukiem,bershka,129.0,139.0,100% bawełna,regular,Prosty,Serek,Krótki rękaw,koszulka regular fit,3.33
koszulki z krótkim rękawem (męskie),- t-shirt z nadrukiem,allsaints,247.0,309.0,100% bawełna,loose fit,Prosty,Okrągły,Półrękawek,koszulka loose fit,3.33
koszulki z krótkim rękawem (męskie),- t-shirt basic,scotch & soda,139.0,149.0,100% bawełna,regular,Prosty,Okrągły,Krótki rękaw,koszulka regular fit,3.33
koszulki z krótkim rękawem (męskie),kurzarm - t-shirt basic,camel active kurzarm,99.95,119.0,"50% bawełna, 50% poliester",regular,Prosty,Wycięcie typu V,Krótki rękaw,koszulka regular fit,3.33
koszulki z krótkim rękawem (męskie),- bluzka z długim rękawem,jaded london,269.0,,100% bawełna,regular,Prosty,Typu Henley,Długi rękaw,koszulka regular fit,3.33
koszulki z krótkim rękawem (męskie),slim fit - koszulka polo,hackett london slim fit,509.0,250.0,100% bawełna,regular,Prosty,Wycięcie typu V,Krótki rękaw,koszulka regular fit,3.33
koszulki z krótkim rękawem (męskie),- t-shirt z nadrukiem,the north face,159.0,159.0,100% bawełna,nadwymiarowy,Prosty,Okrągły,Półrękawek,koszulka oversize,22.7
koszulki z krótkim rękawem (męskie),t-shirt z nadrukiem,helly hansen t,149.0,229.99,100% bawełna,regular,Prosty,Okrągły,Krótki rękaw,koszulka regular fit,3.33
koszulki z krótkim rękawem (męskie),icons - t-shirt z nadrukiem,champion icons,98.0,109.0,100% bawełna,regular,Prosty,Okrągły,Krótki rękaw,koszulka regular fit,3.33
koszulki z krótkim rękawem (męskie),reg graphic ss polo - koszulka polo,gant reg graphic ss polo,143.0,409.0,"96% bawełna, 4% elastan",,,,Krótki rękaw,koszulka other,
koszulki z krótkim rękawem (męskie),- koszulka polo,camel active,349.95,199.99,100% bawełna,regular,Prosty,,Krótki rękaw,koszulka regular fit,3.33
koszulki z krótkim rękawem (męskie),t-shirt basic,jp1880 t,160.99,,100% poliester,slim,Prosty,Okrągły,Krótki rękaw,koszulka slim fit,32.2
koszulki z krótkim rękawem (męskie),- koszulka polo,gap,98.0,,"98% bawełna, 2% elastan",regular,Prosty,,Krótki rękaw,koszulka regular fit,3.33
koszulki z krótkim rękawem (męskie),- top,adidas originals,109.0,139.0,100% bawełna,regular,Prosty,Okrągły,Bez rękawów,koszulka regular fit,3.33
koszulki z krótkim rękawem (męskie),- t-shirt z nadrukiem,henry tiger,159.99,79.0,100% bawełna,regular,Prosty,Okrągły,Krótki rękaw,koszulka regular fit,3.33
koszulki z krótkim rękawem (męskie),- t-shirt basic,pepe jeans,139.0,89.0,100% bawełna,regular,Prosty,Okrągły,Krótki rękaw,koszulka regular fit,3.33
koszulki z krótkim rękawem (męskie),ben - t-shirt z nadrukiem,les deux ben,242.0,269.0,100% bawełna,regular,Prosty,Okrągły,Krótki rękaw,koszulka regular fit,3.33
koszulki z krótkim rękawem (męskie),- t-shirt basic,s.oliver,109.99,249.0,"90% bawełna, 10% wiskoza",regular,Prosty,Okrągły,Krótki rękaw,koszulka regular fit,3.33
koszulki z krótkim rękawem (męskie),- t-shirt basic,s.oliver,109.99,249.0,"90% bawełna, 10% wiskoza",regular,Prosty,Okrągły,Krótki rękaw,koszulka regular fit,3.33
koszulki z krótkim rękawem (męskie),- t-shirt basic,s.oliver,109.99,249.0,"90% bawełna, 10% wiskoza",regular,Prosty,Okrągły,Krótki rękaw,koszulka regular fit,3.33
koszulki z krótkim rękawem (męskie),- t-shirt z nadrukiem,s.oliver,251.0,89.0,100% bawełna,regular,Prosty,Okrągły,Krótki rękaw,koszulka regular fit,3.33
koszulki z krótkim rękawem (męskie),- t-shirt z nadrukiem,guess,195.0,172.0,100% bawełna,regular,Prosty,Okrągły,Krótki rękaw,koszulka regular fit,3.33
koszulki z krótkim rękawem (męskie),- t-shirt z nadrukiem,guess,195.0,172.0,100% bawełna,regular,Prosty,Okrągły,Krótki rękaw,koszulka regular fit,3.33
koszulki z krótkim rękawem (męskie),- t-shirt z nadrukiem,guess,195.0,172.0,100% bawełna,regular,Prosty,Okrągły,Krótki rękaw,koszulka regular fit,3.33
koszulki z krótkim rękawem (męskie),- koszulka polo,street one men,139.0,89.0,100% bawełna,regular,Prosty,,Krótki rękaw,koszulka regular fit,3.33
koszulki z krótkim rękawem (męskie),- t-shirt basic,pegador,143.0,,100% bawełna,nadwymiarowy,Prosty,Okrągły,Półrękawek,koszulka oversize,22.7
koszulki z krótkim rękawem (męskie),- t-shirt basic,pegador,143.0,,100% bawełna,nadwymiarowy,Prosty,Okrągły,Półrękawek,koszulka oversize,22.7
koszulki z krótkim rękawem (męskie),- t-shirt basic,pegador,143.0,,100% bawełna,nadwymiarowy,Prosty,Okrągły,Półrękawek,koszulka oversize,22.7
koszulki z krótkim rękawem (męskie),- koszulka polo,helly hansen,279.0,449.0,100% bawełna,regular,Prosty,,Krótki rękaw,koszulka regular fit,3.33
koszulki z krótkim rękawem (męskie),unisex - t-shirt basic,blkvis unisex,90.0,179.0,100% bawełna,regular,Prosty,Okrągły,Krótki rękaw,koszulka regular fit,3.33
koszulki z krótkim rękawem (męskie),- t-shirt basic,jp1880,160.99,,100% bawełna,regular,Prosty,Okrągły,Krótki rękaw,koszulka regular fit,3.33
koszulki z krótkim rękawem (męskie),- koszulka polo,helly hansen,279.0,449.0,100% bawełna,regular,Prosty,,Krótki rękaw,koszulka regular fit,3.33
koszulki z krótkim rękawem (męskie),unisex - t-shirt basic,blkvis unisex,90.0,179.0,100% bawełna,regular,Prosty,Okrągły,Krótki rękaw,koszulka regular fit,3.33
koszulki z krótkim rękawem (męskie),unisex - t-shirt basic,blkvis unisex,90.0,179.0,100% bawełna,regular,Prosty,Okrągły,Krótki rękaw,koszulka regular fit,3.33
koszulki z krótkim rękawem (męskie),crocodile caiman - koszulka polo,lacoste crocodile caiman,499.0,249.0,100% bawełna,regular,Dopasowany,Okrągły,Krótki rękaw,koszulka regular fit,3.33
koszulki z krótkim rękawem (męskie),jjearchive - t-shirt basic,jack & jones jjearchive,79.99,74.99,100% bawełna,regular,Prosty,Okrągły,Krótki rękaw,koszulka regular fit,3.33
koszulki z krótkim rękawem (męskie),jjearchive - t-shirt basic,jack & jones jjearchive,79.99,74.99,100% bawełna,regular,Prosty,Okrągły,Krótki rękaw,koszulka regular fit,3.33
koszulki z krótkim rękawem (męskie),jjearchive - t-shirt basic,jack & jones jjearchive,79.99,74.99,100% bawełna,regular,Prosty,Okrągły,Krótki rękaw,koszulka regular fit,3.33
koszulki z krótkim rękawem (męskie),unisex - t-shirt z nadrukiem,billabong unisex,129.0,119.0,100% bawełna,regular,Prosty,Okrągły,Krótki rękaw,koszulka regular fit,3.33
koszulki z krótkim rękawem (męskie),- t-shirt basic,nike performance,152.0,169.0,100% poliester,regular,Prosty,Okrągły,Krótki rękaw,koszulka regular fit,3.33
koszulki z krótkim rękawem (męskie),unisex - t-shirt z nadrukiem,billabong unisex,129.0,119.0,100% bawełna,regular,Prosty,Okrągły,Krótki rękaw,koszulka regular fit,3.33
koszulki z krótkim rękawem (męskie),unisex - t-shirt z nadrukiem,billabong unisex,129.0,119.0,100% bawełna,regular,Prosty,Okrągły,Krótki rękaw,koszulka regular fit,3.33
koszulki z krótkim rękawem (męskie),- bluzka z długim rękawem,bogner,562.0,,100% bawełna,regular,Prosty,Typu Henley,Długi rękaw,koszulka regular fit,3.33
koszulki z krótkim rękawem (męskie),regular fit - t-shirt z nadrukiem,yourturn regular fit,59.0,199.0,100% bawełna,regular,Prosty,Okrągły,Półrękawek,koszulka regular fit,3.33
koszulki z krótkim rękawem (męskie),essentials - koszulka polo,puma essentials,109.0,149.0,"96% bawełna, 4% elastan",regular,Prosty,,Krótki rękaw,koszulka regular fit,3.33
koszulki z krótkim rękawem (męskie),- bluzka z długim rękawem,bogner,562.0,,100% bawełna,regular,Prosty,Typu Henley,Długi rękaw,koszulka regular fit,3.33
koszulki z krótkim rękawem (męskie),solheim - koszulka polo,casual friday solheim,129.0,89.0,100% bawełna,regular,Prosty,,Krótki rękaw,koszulka regular fit,3.33
koszulki z krótkim rękawem (męskie),- t-shirt basic,dropsize,82.0,99.0,100% bawełna,nadwymiarowy,Prosty,Okrągły,Półrękawek,koszulka oversize,22.7
koszulki z krótkim rękawem (męskie),3 pack - koszulka polo,pier one 3 pack,101.0,169.0,100% bawełna,slim,Prosty,,Krótki rękaw,koszulka slim fit,32.2
koszulki z krótkim rękawem (męskie),- koszulka polo,terranova,79.99,84.0,"94% bawełna, 6% elastan",regular,Prosty,,Krótki rękaw,koszulka regular fit,3.33
koszulki z krótkim rękawem (męskie),- t-shirt basic,guess,155.0,119.0,"48% bawełna, 47% modal, 5% elastan",regular,Prosty,Okrągły,Krótki rękaw,koszulka regular fit,3.33
koszulki z krótkim rękawem (męskie),- t-shirt z nadrukiem,vans,103.0,,100% bawełna,regular,Prosty,Okrągły,Krótki rękaw,koszulka regular fit,3.33
koszulki z krótkim rękawem (męskie),- t-shirt basic,urban classics,58.0,,100% bawełna,loose fit,Prosty,Okrągły,Półrękawek,koszulka loose fit,3.33
koszulki z krótkim rękawem (męskie),- t-shirt z nadrukiem,mister tee,55.0,,100% bawełna,regular,Prosty,Okrągły,Krótki rękaw,koszulka regular fit,3.33
koszulki z krótkim rękawem (męskie),- t-shirt z nadrukiem,nils sundström,99.95,125.0,100% bawełna,regular,Prosty,Okrągły,Krótki rękaw,koszulka regular fit,3.33
koszulki z krótkim rękawem (męskie),- t-shirt basic,boggi milano,419.0,249.0,100% bawełna,loose fit,Prosty,Okrągły,Krótki rękaw,koszulka loose fit,3.33
koszulki z krótkim rękawem (męskie),- t-shirt basic,boggi milano,529.0,,100% bawełna,regular,Prosty,Okrągły,Krótki rękaw,koszulka regular fit,3.33
koszulki z krótkim rękawem (męskie),- koszulka polo,polo ralph lauren,539.0,599.0,100% bawełna,regular,Prosty,,Krótki rękaw,koszulka regular fit,3.33
koszulki z krótkim rękawem (męskie),- top,jordan,143.0,159.0,"84% poliester, 16% elastan",regular,Prosty,Okrągły,Bez rękawów,koszulka regular fit,3.33
koszulki z krótkim rękawem (męskie),lazer - koszulka sportowa,venum lazer,229.0,139.0,"90% poliester, 10% elastan",regular,Prosty,Okrągły,Krótki rękaw,koszulka regular fit,3.33
koszulki z krótkim rękawem (męskie),basic - koszulka polo,polo ralph lauren basic,476.0,,100% bawełna,prosty,Prosty,,Krótki rękaw,koszulka regular fit,3.33
koszulki z krótkim rękawem (męskie),- koszulka polo,boggi milano,529.0,129.99,"71% bawełna, 29% poliester",regular,Prosty,,Krótki rękaw,koszulka regular fit,3.33
koszulki z krótkim rękawem (męskie),- t-shirt z nadrukiem,jack & jones,69.99,69.0,100% bawełna,regular,Prosty,Okrągły,Krótki rękaw,koszulka regular fit,3.33
koszulki z krótkim rękawem (męskie),- bluzka z długim rękawem,ea7 emporio armani,409.0,359.0,"95% bawełna, 5% elastan",regular,Prosty,,Długi rękaw,koszulka regular fit,3.33
koszulki z krótkim rękawem (męskie),tros me - top,blend tros me,60.0,99.0,100% bawełna,regular,Prosty,"Okrągły, głęboko wycięty",Bez rękawów,koszulka regular fit,3.33
koszulki z krótkim rękawem (męskie),- t-shirt z nadrukiem,armani exchange,229.0,179.0,100% bawełna,regular,Prosty,Okrągły,Krótki rękaw,koszulka regular fit,3.33
koszulki z krótkim rękawem (męskie),jprwilliam - koszulka polo,jack & jones premium jprwilliam,101.45,144.99,100% bawełna,regular,Prosty,Typu Henley,Krótki rękaw,koszulka regular fit,3.33
koszulki z krótkim rękawem (męskie),blanes - koszulka polo,farah blanes,360.0,149.99,100% bawełna,slim,Prosty,,Krótki rękaw,koszulka slim fit,32.2
koszulki z krótkim rękawem (męskie),- t-shirt basic,next,104.0,69.0,"94% poliester, 6% elastan",regular,Prosty,Okrągły,Krótki rękaw,koszulka regular fit,3.33
koszulki z krótkim rękawem (męskie),unisex - t-shirt z nadrukiem,wasted paris unisex,179.0,,100% bawełna,loose fit,Prosty,Okrągły,Krótki rękaw,koszulka loose fit,3.33
koszulki z krótkim rękawem (męskie),- koszulka polo,jp1880,116.99,,100% bawełna,regular,Prosty,,Krótki rękaw,koszulka regular fit,3.33
koszulki z krótkim rękawem (męskie),- t-shirt z nadrukiem,nike sportswear,116.0,,100% bawełna,regular,Prosty,Okrągły,Krótki rękaw,koszulka regular fit,3.33
koszulki z krótkim rękawem (męskie),- t-shirt z nadrukiem,jack & jones,89.99,79.0,100% bawełna,regular,Prosty,Okrągły,Krótki rękaw,koszulka regular fit,3.33
koszulki z krótkim rękawem (męskie),- t-shirt z nadrukiem,ea7 emporio armani,319.0,189.0,100% bawełna,loose fit,Prosty,Okrągły,Krótki rękaw,koszulka loose fit,3.33
koszulki z krótkim rękawem (męskie),motörhead england - t-shirt z nadrukiem,rockshirts motörhead england,99.0,79.0,100% bawełna,regular,Prosty,Okrągły,Krótki rękaw,koszulka regular fit,3.33
koszulki z krótkim rękawem (męskie),- t-shirt basic,teeshoppen,575.0,229.0,100% bawełna,regular,Prosty,Okrągły,Krótki rękaw,koszulka regular fit,3.33
koszulki z krótkim rękawem (męskie),onsperry - t-shirt z nadrukiem,only & sons onsperry,74.0,149.0,100% bawełna,regular,Prosty,Okrągły,Krótki rękaw,koszulka regular fit,3.33
koszulki z krótkim rękawem (męskie),- bluzka z długim rękawem,nike acg,233.0,359.0,"91% poliester, 5% wełna, 4% elastan",regular fit,Prosty,Okrągły,Długi rękaw,koszulka regular fit,3.33
koszulki z krótkim rękawem (męskie),- bluzka z długim rękawem,pull&bear,89.9,149.0,100% bawełna,regular,Prosty,Okrągły,Długi rękaw,koszulka regular fit,3.33
koszulki z krótkim rękawem (męskie),- koszulka polo,boggi milano,739.0,,"94% bawełna, 6% elastan",regular,Prosty,,Krótki rękaw,koszulka regular fit,3.33
koszulki z krótkim rękawem (męskie),- koszulka polo,boggi milano,579.0,254.0,100% bawełna,regular,Prosty,Wycięcie typu V,Krótki rękaw,koszulka regular fit,3.33
koszulki z krótkim rękawem (męskie),- t-shirt z nadrukiem,the north face,199.0,159.0,100% bawełna,regular,Prosty,Okrągły,Krótki rękaw,koszulka regular fit,3.33
koszulki z krótkim rękawem (męskie),- koszulka polo,mcs,169.99,,100% bawełna,regular,Prosty,,Krótki rękaw,koszulka regular fit,3.33
koszulki z krótkim rękawem (męskie),- bluzka z długim rękawem,carhartt wip,179.0,199.0,100% bawełna,regular,Prosty,Okrągły,Długi rękaw,koszulka regular fit,3.33
koszulki z krótkim rękawem (męskie),kelso - t-shirt z nadrukiem,lonsdale kelso,159.0,99.0,100% bawełna,regular,Prosty,Okrągły,Krótki rękaw,koszulka regular fit,3.33
koszulki z krótkim rękawem (męskie),- koszulka polo,boss,769.0,399.0,100% bawełna,regular,Prosty,,Krótki rękaw,koszulka regular fit,3.33
koszulki z krótkim rękawem (męskie),- t-shirt basic,scalpers,137.35,129.0,100% bawełna,regular,Prosty,Okrągły,Krótki rękaw,koszulka regular fit,3.33
koszulki z krótkim rękawem (męskie),tee - t-shirt basic,jack & jones tee,69.99,59.0,100% bawełna,regular,Prosty,Okrągły,Krótki rękaw,koszulka regular fit,3.33
koszulki z krótkim rękawem (męskie),bradly doppelpack - t-shirt basic,jack & jones bradly doppelpack,129.0,79.0,100% bawełna,loose fit,Prosty,Okrągły,Krótki rękaw,koszulka loose fit,3.33
koszulki z krótkim rękawem (męskie),- t-shirt z nadrukiem,street one men,89.9,109.0,100% bawełna,regular,Prosty,Okrągły,Krótki rękaw,koszulka regular fit,3.33
koszulki z krótkim rękawem (męskie),- t-shirt basic,s.oliver,69.99,129.0,100% bawełna,regular,Prosty,Wycięcie typu V,Krótki rękaw,koszulka regular fit,3.33
koszulki z krótkim rękawem (męskie),shrunken - t-shirt basic,weekday shrunken,109.0,109.0,100% bawełna,regular,Prosty,Okrągły,Krótki rękaw,koszulka regular fit,3.33
koszulki z krótkim rękawem (męskie),- t-shirt z nadrukiem,wrangler,179.0,159.0,100% bawełna,regular,Prosty,Okrągły,Krótki rękaw,koszulka regular fit,3.33
koszulki z krótkim rękawem (męskie),amorphis halo - t-shirt z nadrukiem,rockshirts amorphis halo,99.0,79.0,100% bawełna,regular,Prosty,Okrągły,Krótki rękaw,koszulka regular fit,3.33
koszulki z krótkim rękawem (męskie),- koszulka sportowa,hummel,159.0,,100% poliester,regular,Prosty,Wycięcie typu V,Krótki rękaw,koszulka regular fit,3.33
koszulki z krótkim rękawem (męskie),uni - koszulka polo,calvin klein golf uni,289.0,389.0,"52% bawełna, 45% poliester, 3% elastan",loose fit,Prosty,,Krótki rękaw,koszulka loose fit,3.33
koszulki z krótkim rękawem (męskie),ac/dc for those about to rock - t-shirt z nadrukiem,rockshirts ac/dc for those about to rock,99.0,,100% bawełna,regular,Prosty,Okrągły,Krótki rękaw,koszulka regular fit,3.33
koszulki z krótkim rękawem (męskie),- t-shirt basic,puma,129.99,139.0,"60% bawełna, 40% poliester",regular,Prosty,Okrągły,Krótki rękaw,koszulka regular fit,3.33
koszulki z krótkim rękawem (męskie),- t-shirt basic,wrangler,119.0,75.0,100% bawełna,regular,Prosty,Okrągły,Krótki rękaw,koszulka regular fit,3.33
koszulki z krótkim rękawem (męskie),- koszulka sportowa,quiksilver,98.0,,100% bawełna,regular,Prosty,Okrągły,Krótki rękaw,koszulka regular fit,3.33
koszulki z krótkim rękawem (męskie),- t-shirt z nadrukiem,napapijri,108.0,,100% bawełna,regular,Prosty,Okrągły,Krótki rękaw,koszulka regular fit,3.33
koszulki z krótkim rękawem (męskie),- t-shirt basic,ecoalf,159.0,159.0,100% bawełna,regular,Prosty,Okrągły,Krótki rękaw,koszulka regular fit,3.33
koszulki z krótkim rękawem (męskie),- t-shirt z nadrukiem,ea7 emporio armani,359.0,409.0,"53% bawełna, 42% poliester, 5% elastan",regular,Prosty,Okrągły,Krótki rękaw,koszulka regular fit,3.33
koszulki z krótkim rękawem (męskie),- t-shirt z nadrukiem,adidas sportswear,109.0,99.0,100% bawełna,regular,Prosty,Okrągły,Krótki rękaw,koszulka regular fit,3.33
koszulki z krótkim rękawem (męskie),- koszulka polo,we fashion,259.0,187.99,100% bawełna,regular,Prosty,,Krótki rękaw,koszulka regular fit,3.33
koszulki z krótkim rękawem (męskie),bermuda baldwin - t-shirt z nadrukiem,malbon bermuda baldwin,379.0,379.0,100% bawełna,regular,Prosty,Okrągły,Krótki rękaw,koszulka regular fit,3.33
koszulki z krótkim rękawem (męskie),hypercourt - t-shirt z nadrukiem,k,98.0,179.0,"84% poliester, 16% elastan",regular,Prosty,Okrągły,Krótki rękaw,koszulka regular fit,3.33
koszulki z krótkim rękawem (męskie),- t-shirt z nadrukiem,dropsize,82.0,99.0,100% bawełna,loose fit,Prosty,Okrągły,Półrękawek,koszulka loose fit,3.33
koszulki z krótkim rękawem (męskie),small signature pinstripe - t-shirt z nadrukiem,karl kani small signature pinstripe,118.0,159.0,100% bawełna,loose fit,Prosty,Okrągły,Półrękawek,koszulka loose fit,3.33
koszulki z krótkim rękawem (męskie),- koszulka sportowa,hummel,101.7,,100% poliester,regular,Zwężany,Okrągły,Krótki rękaw,koszulka regular fit,3.33
koszulki z krótkim rękawem (męskie),sdbedo - t-shirt basic,solid sdbedo,56.0,89.0,"60% bawełna, 40% poliester",regular,Prosty,Wycięcie typu V,Krótki rękaw,koszulka regular fit,3.33
koszulki z krótkim rękawem (męskie),- t-shirt basic,jack & jones,308.0,,100% bawełna,regular,Prosty,Okrągły,Krótki rękaw,koszulka regular fit,3.33
koszulki z krótkim rękawem (męskie),- t-shirt z nadrukiem,roberto cavalli,1779.0,3129.0,100% bawełna,loose fit,Prosty,Okrągły,Półrękawek,koszulka loose fit,3.33
koszulki z krótkim rękawem (męskie),javari unisex - t-shirt z nadrukiem,don't waste culture javari unisex,144.0,319.0,100% bawełna,regular,Prosty,Okrągły,Krótki rękaw,koszulka regular fit,3.33
koszulki z krótkim rękawem (męskie),- t-shirt z nadrukiem,tommy jeans,169.0,169.0,100% bawełna,regular,Prosty,Okrągły,Krótki rękaw,koszulka regular fit,3.33
koszulki z krótkim rękawem (męskie),utility - koszulka sportowa,under armour utility,179.0,199.0,100% poliester,regular,Prosty,Okrągły,Krótki rękaw,koszulka regular fit,3.33
koszulki z krótkim rękawem (męskie),- t-shirt basic,massimo dutti,129.0,319.0,"80% bawełna, 20% wiskoza",regular,Prosty,Okrągły,Krótki rękaw,koszulka regular fit,3.33
koszulki z krótkim rękawem (męskie),slmcormac - t-shirt basic,selected slmcormac,161.0,,100% bawełna,regular,Prosty,Okrągły,Krótki rękaw,koszulka regular fit,3.33
koszulki z krótkim rękawem (męskie),- t-shirt basic,jack & jones,257.0,149.0,"92% bawełna, 8% elastan",regular,Prosty,Wycięcie typu V,Krótki rękaw,koszulka regular fit,3.33
koszulki z krótkim rękawem (męskie),cliffside - t-shirt z nadrukiem,rossignol cliffside,188.0,99.0,100% bawełna,regular,Prosty,Okrągły,Krótki rękaw,koszulka regular fit,3.33
koszulki z krótkim rękawem (męskie),onsmaradona - t-shirt z nadrukiem,only & sons onsmaradona,74.0,,100% bawełna,regular,Prosty,Okrągły,Krótki rękaw,koszulka regular fit,3.33
koszulki z krótkim rękawem (męskie),- t-shirt z nadrukiem,obey clothing,159.0,199.0,100% bawełna,regular fit,Prosty,Okrągły,Krótki rękaw,koszulka regular fit,3.33
koszulki z krótkim rękawem (męskie),unisex - t-shirt z nadrukiem,les benjamins unisex,379.0,559.0,100% bawełna,loose fit,Prosty,Okrągły,Półrękawek,koszulka loose fit,3.33
koszulki z krótkim rękawem (męskie),- t-shirt basic,gap,159.0,119.0,100% bawełna,regular,Prosty,Okrągły,Krótki rękaw,koszulka regular fit,3.33
koszulki z krótkim rękawem (męskie),- t-shirt z nadrukiem,champion,170.0,269.0,100% bawełna,regular,Prosty,Okrągły,Krótki rękaw,koszulka regular fit,3.33
koszulki z krótkim rękawem (męskie),- t-shirt z nadrukiem,champion,149.0,119.0,100% bawełna,regular,Prosty,Okrągły,Krótki rękaw,koszulka regular fit,3.33
koszulki z krótkim rękawem (męskie),unisex - t-shirt z nadrukiem,tommy jeans unisex,152.0,,100% bawełna,regular,Prosty,Okrągły,Krótki rękaw,koszulka regular fit,3.33
koszulki z krótkim rękawem (męskie),- top,icaniwill,103.0,159.0,"90% poliester, 10% elastan",regular,Prosty,Okrągły,Bez rękawów,koszulka regular fit,3.33
koszulki z krótkim rękawem (męskie),unisex - t-shirt basic,ea7 emporio armani unisex,269.0,139.0,100% bawełna,regular,Prosty,Okrągły,Krótki rękaw,koszulka regular fit,3.33
koszulki z krótkim rękawem (męskie),- t-shirt basic,koroshi,199.0,139.0,"95% bawełna, 4% poliester, 1% elastan",regular,Prosty,Wycięcie typu V,Krótki rękaw,koszulka regular fit,3.33
koszulki z krótkim rękawem (męskie),- t-shirt z nadrukiem,the north face,206.0,,100% bawełna,regular,Prosty,Okrągły,Krótki rękaw,koszulka regular fit,3.33
koszulki z krótkim rękawem (męskie),- t-shirt basic,karl lagerfeld,350.0,,"95% bawełna, 5% elastan",regular,Prosty,Wycięcie typu V,Krótki rękaw,koszulka regular fit,3.33
koszulki z krótkim rękawem (męskie),le vrai edouard unisex - t-shirt basic,k,161.0,,100% bawełna,regular,Prosty,Okrągły,Krótki rękaw,koszulka regular fit,3.33
koszulki z krótkim rękawem (męskie),- t-shirt basic,joules,134.0,129.0,100% bawełna,regular,Prosty,Okrągły,Krótki rękaw,koszulka regular fit,3.33
koszulki z krótkim rękawem (męskie),jjeurban - t-shirt z nadrukiem,jack & jones jjeurban,71.95,89.99,100% bawełna,loose fit,Prosty,Okrągły,Krótki rękaw,koszulka loose fit,3.33
koszulki z krótkim rękawem (męskie),- top,ea7 emporio armani,224.0,,100% bawełna,regular,Prosty,Okrągły,Bez rękawów,koszulka regular fit,3.33
koszulki z krótkim rękawem (męskie),- t-shirt z nadrukiem,vertere berlin,130.0,259.0,100% bawełna,loose fit,Prosty,Wycięcie na plecach,Półrękawek,koszulka loose fit,3.33
koszulki z krótkim rękawem (męskie),- t-shirt basic,carhartt wip,179.0,159.0,100% bawełna,loose fit,Prosty,Okrągły,Krótki rękaw,koszulka loose fit,3.33
koszulki z krótkim rękawem (męskie),- t-shirt z nadrukiem,jp1880,213.99,,100% bawełna,regular,Prosty,Okrągły,Krótki rękaw,koszulka regular fit,3.33
koszulki z krótkim rękawem (męskie),- t-shirt z nadrukiem,pier one,69.0,79.0,100% bawełna,regular,Prosty,Okrągły,Długi rękaw,koszulka regular fit,3.33
koszulki z krótkim rękawem (męskie),nikecourt - koszulka polo,nike performance nikecourt,189.0,189.0,100% poliester,loose fit,Prosty,Okrągły,Krótki rękaw,koszulka loose fit,3.33
koszulki z krótkim rękawem (męskie),femund tech - bluzka z długim rękawem,norrøna femund tech,359.0,169.0,100% poliester,regular,Prosty,Okrągły,Długi rękaw,koszulka regular fit,3.33
koszulki z krótkim rękawem (męskie),heatgear - top,under armour heatgear,150.0,159.0,"84% poliester, 16% elastan",regular,,Okrągły,Bez rękawów,koszulka regular fit,3.33
koszulki z krótkim rękawem (męskie),- t-shirt z nadrukiem,karl lagerfeld,289.0,439.0,100% bawełna,regular,Prosty,Okrągły,Krótki rękaw,koszulka regular fit,3.33
koszulki z krótkim rękawem (męskie),sdtimur - bluzka z długim rękawem,solid sdtimur,84.0,149.0,100% bawełna,regular,Prosty,Typu Henley,Długi rękaw,koszulka regular fit,3.33
koszulki z krótkim rękawem (męskie),alfred - koszulka polo,u.s. polo assn. alfred,169.99,250.0,100% bawełna,regular fit,Prosty,,Krótki rękaw,koszulka regular fit,3.33
koszulki z krótkim rękawem (męskie),- bluzka z długim rękawem,levi's®,179.0,199.0,100% bawełna,regular,Prosty,Okrągły,Długi rękaw,koszulka regular fit,3.33
koszulki z krótkim rękawem (męskie),t-shirt basic,champion t,98.0,,100% bawełna,regular,Prosty,Okrągły,Krótki rękaw,koszulka regular fit,3.33
koszulki z krótkim rękawem (męskie),- t-shirt z nadrukiem,alpha industries,149.99,109.0,100% bawełna,regular,Prosty,Okrągły,Krótki rękaw,koszulka regular fit,3.33
koszulki z krótkim rękawem (męskie),- t-shirt basic,ellesse,169.95,99.0,100% bawełna,regular,Prosty,Okrągły,Krótki rękaw,koszulka regular fit,3.33
koszulki z krótkim rękawem (męskie),contrast long sleeve tee - bluzka z długim rękawem,bdg urban outfitters contrast long sleeve tee,219.0,69.0,"60% bawełna, 40% poliester",loose fit,Prosty,Okrągły,Długi rękaw,koszulka loose fit,3.33
koszulki z krótkim rękawem (męskie),- t-shirt z nadrukiem,next,65.0,119.0,100% bawełna,regular fit,Prosty,Okrągły,Krótki rękaw,koszulka regular fit,3.33
koszulki z krótkim rękawem (męskie),- top,karl lagerfeld jeans,219.0,319.0,"50% bawełna, 50% poliester",regular,Prosty,Okrągły,Bez rękawów,koszulka regular fit,3.33
koszulki z krótkim rękawem (męskie),- koszulka polo,superdry & co,229.0,199.0,100% bawełna,regular,Prosty,,Krótki rękaw,koszulka regular fit,3.33
koszulki z krótkim rękawem (męskie),- t-shirt basic,next,104.0,85.0,"94% poliester, 6% elastan",regular,Prosty,Okrągły,Krótki rękaw,koszulka regular fit,3.33
koszulki z krótkim rękawem (męskie),jjepaulos - koszulka polo,jack & jones jjepaulos,119.95,149.99,100% bawełna,regular,Prosty,Typu Henley,Krótki rękaw,koszulka regular fit,3.33
koszulki z krótkim rękawem (męskie),- t-shirt basic,balmohk,74.99,,100% bawełna,loose fit,Prosty,Okrągły,Krótki rękaw,koszulka loose fit,3.33
koszulki z krótkim rękawem (męskie),aeroswift - koszulka sportowa,nike performance aeroswift,159.0,159.0,"57% bawełna, 43% poliester",regular,Dopasowany,Okrągły,Krótki rękaw,koszulka regular fit,3.33
koszulki z krótkim rękawem (męskie),- t-shirt basic,the kooples,429.0,429.0,100% bawełna,regular,Prosty,Okrągły,Krótki rękaw,koszulka regular fit,3.33
koszulki z krótkim rękawem (męskie),- t-shirt basic,avx,212.5,119.0,100% bawełna,regular,Prosty,Okrągły,Krótki rękaw,koszulka regular fit,3.33
koszulki z krótkim rękawem (męskie),- t-shirt basic,boggi milano,419.0,99.0,"55% bawełna, 39% poliester, 6% elastan",loose fit,Prosty,Okrągły,Krótki rękaw,koszulka loose fit,3.33
koszulki z krótkim rękawem (męskie),- koszulka sportowa,adidas performance,161.0,,"65% poliester, 35% bawełna",regular,Prosty,Okrągły,Krótki rękaw,koszulka regular fit,3.33
koszulki z krótkim rękawem (męskie),unisex - t-shirt z nadrukiem,quiksilver unisex,70.0,139.0,100% bawełna,regular,Prosty,Okrągły,Krótki rękaw,koszulka regular fit,3.33
koszulki z krótkim rękawem (męskie),- koszulka polo,marc o'polo,260.0,319.0,100% bawełna,regular,Prosty,Wycięcie typu V,Krótki rękaw,koszulka regular fit,3.33
koszulki z krótkim rękawem (męskie),plain long sleeved - bluzka z długim rękawem,lyle & scott plain long sleeved,139.0,199.0,100% bawełna,regular,Prosty,Okrągły,Długi rękaw,koszulka regular fit,3.33
koszulki z krótkim rękawem (męskie),brace - t-shirt basic,allsaints brace,215.0,199.0,100% bawełna,regular,Prosty,Okrągły,Krótki rękaw,koszulka regular fit,3.33
koszulki z krótkim rękawem (męskie),- t-shirt z nadrukiem,the north face,101.0,,100% bawełna,regular,Prosty,Okrągły,Krótki rękaw,koszulka regular fit,3.33
koszulki z krótkim rękawem (męskie),andrew - t-shirt basic,les deux andrew,197.0,,100% bawełna,regular,Prosty,Okrągły,Krótki rękaw,koszulka regular fit,3.33
koszulki z krótkim rękawem (męskie),barney - koszulka polo,u.s. polo assn. barney,191.0,298.0,"95% bawełna, 5% elastan",regular fit,Prosty,,Krótki rękaw,koszulka regular fit,3.33
koszulki z krótkim rękawem (męskie),slhaspen - t-shirt basic,selected slhaspen,98.0,,100% bawełna,regular,Prosty,Okrągły,Krótki rękaw,koszulka regular fit,3.33
koszulki z krótkim rękawem (męskie),- t-shirt z nadrukiem,jp1880,160.99,,100% poliester,regular,Prosty,Okrągły,Krótki rękaw,koszulka regular fit,3.33
koszulki z krótkim rękawem (męskie),hypercourt - t-shirt z nadrukiem,k,199.0,269.0,"84% poliester, 16% elastan",regular,Prosty,Okrągły,Krótki rękaw,koszulka regular fit,3.33
koszulki z krótkim rękawem (męskie),daniel - koszulka polo,bogner daniel,750.0,449.0,"96% poliester, 4% elastan",regular,Prosty,,Krótki rękaw,koszulka regular fit,3.33
koszulki z krótkim rękawem (męskie),- koszulka sportowa,dc shoes,149.99,149.99,100% bawełna,regular,Prosty,Okrągły,Krótki rękaw,koszulka regular fit,3.33
koszulki z krótkim rękawem (męskie),- t-shirt basic,pepe jeans,136.0,209.0,"95% bawełna, 5% elastan",regular,Prosty,Okrągły,Krótki rękaw,koszulka regular fit,3.33
koszulki z krótkim rękawem (męskie),unisex - bluzka z długim rękawem,misbhv unisex,839.0,819.0,"62% bawełna, 32% poliamid, 6% elastan",slim,Dopasowanie do figury,,Długi rękaw,koszulka slim fit,32.2
koszulki z krótkim rękawem (męskie),gelateria - t-shirt z nadrukiem,ellesse gelateria,139.0,69.0,"90% poliamid, 10% elastan",regular,Prosty,Okrągły,Krótki rękaw,koszulka regular fit,3.33
koszulki z krótkim rękawem (męskie),jorjxj - t-shirt basic,jack & jones jorjxj,233.0,259.0,100% bawełna,regular,,Okrągły,Krótki rękaw,koszulka regular fit,3.33
koszulki z krótkim rękawem (męskie),muscle fit - t-shirt basic,pull&bear muscle fit,45.9,89.0,100% bawełna,regular,Prosty,Okrągły,Krótki rękaw,koszulka regular fit,3.33
koszulki z krótkim rękawem (męskie),- koszulka polo,next,146.0,,100% bawełna,regular,Prosty,,Krótki rękaw,koszulka regular fit,3.33
koszulki z krótkim rękawem (męskie),- t-shirt z nadrukiem,jack & jones,99.99,119.0,100% bawełna,regular,Prosty,Okrągły,Krótki rękaw,koszulka regular fit,3.33
koszulki z krótkim rękawem (męskie),- t-shirt basic,r.d.d. royal denim division,179.99,89.0,100% bawełna,regular,Prosty,Okrągły,Krótki rękaw,koszulka regular fit,3.33
koszulki z krótkim rękawem (męskie),- bluzka z długim rękawem,hummel,162.9,,"92% poliester, 8% elastan",slim,Zwężany,Okrągły,Długi rękaw,koszulka slim fit,32.2
koszulki z krótkim rękawem (męskie),unisex - top,carne bollente unisex,339.0,1779.0,"98% bawełna, 2% poliuretan",slim,Dopasowany,Okrągły,Bez rękawów,koszulka slim fit,32.2
koszulki z krótkim rękawem (męskie),- t-shirt basic,gap,69.0,59.0,100% bawełna,loose fit,Prosty,Wycięcie typu V,Krótki rękaw,koszulka loose fit,3.33
koszulki z krótkim rękawem (męskie),holly - koszulka polo,pepe jeans holly,295.2,369.0,"70% bawełna, 30% len",loose fit,Prosty,Okrągły,Krótki rękaw,koszulka loose fit,3.33
koszulki z krótkim rękawem (męskie),- t-shirt z nadrukiem,puma,219.0,159.0,100% bawełna,regular,Prosty,Okrągły,Krótki rękaw,koszulka regular fit,3.33
koszulki z krótkim rękawem (męskie),- t-shirt z nadrukiem,upscale by mister tee,76.0,119.0,100% bawełna,loose fit,Prosty,Okrągły,Krótki rękaw,koszulka loose fit,3.33
koszulki z krótkim rękawem (męskie),loose tank - top,lee loose tank,119.0,119.0,100% bawełna,loose fit,,"Okrągły, głęboko wycięty",Bez rękawów,koszulka loose fit,3.33
koszulki z krótkim rękawem (męskie),sean hamilton - t-shirt z nadrukiem,carhartt wip sean hamilton,289.0,159.0,100% bawełna,regular,Prosty,Okrągły,Krótki rękaw,koszulka regular fit,3.33
koszulki z krótkim rękawem (męskie),unisex - t-shirt z nadrukiem,yourturn unisex,32.0,79.0,100% bawełna,loose fit,Prosty,,Półrękawek,koszulka loose fit,3.33
koszulki z krótkim rękawem (męskie),sdcajus - bluzka z długim rękawem,solid sdcajus,72.0,129.0,"60% bawełna, 40% poliester",regular,Prosty,Okrągły,Długi rękaw,koszulka regular fit,3.33
koszulki z krótkim rękawem (męskie),- t-shirt basic,diesel,303.0,,100% bawełna,regular,Prosty,Okrągły,Krótki rękaw,koszulka regular fit,3.33
koszulki z krótkim rękawem (męskie),jaspe unisex - t-shirt basic,tommy jeans jaspe unisex,90.0,129.0,"60% bawełna, 40% poliester",slim,Prosty,Okrągły,Krótki rękaw,koszulka slim fit,32.2
koszulki z krótkim rękawem (męskie),fstsinglet - top,ciele fstsinglet,339.0,199.0,100% poliester,regular,Prosty,Okrągły,Bez rękawów,koszulka regular fit,3.33
koszulki z krótkim rękawem (męskie),- t-shirt basic,petrol industries,117.0,109.0,"95% bawełna, 5% elastan",regular,Prosty,Wycięcie typu V,Krótki rękaw,koszulka regular fit,3.33
koszulki z krótkim rękawem (męskie),isaak - top,solid isaak,62.0,99.0,100% bawełna,regular,Prosty,"Okrągły, głęboko wycięty",Bez rękawów,koszulka regular fit,3.33
koszulki z krótkim rękawem (męskie),taste talk - t-shirt z nadrukiem,scalpers taste talk,101.25,126.56,100% bawełna,loose fit,Prosty,Okrągły,Krótki rękaw,koszulka loose fit,3.33
koszulki z krótkim rękawem (męskie),unisex - t-shirt z nadrukiem,new balance unisex,116.0,,100% bawełna,regular,Prosty,Okrągły,Krótki rękaw,koszulka regular fit,3.33
koszulki z krótkim rękawem (męskie),- koszulka sportowa,the north face,169.0,129.0,100% poliester,regular,Prosty,Okrągły,Krótki rękaw,koszulka regular fit,3.33
koszulki z krótkim rękawem (męskie),- koszulka polo,façonnable,475.0,129.99,100% bawełna,regular,Prosty,,Krótki rękaw,koszulka regular fit,3.33
koszulki z krótkim rękawem (męskie),unisex - koszulka polo,lacoste unisex,549.0,629.0,100% bawełna,regular,Prosty,Okrągły,Krótki rękaw,koszulka regular fit,3.33
koszulki z krótkim rękawem (męskie),unisex - bluzka z długim rękawem,hummel unisex,113.0,179.0,100% poliester,regular,Zwężany,Wycięcie typu V,Długi rękaw,koszulka regular fit,3.33
koszulki z krótkim rękawem (męskie),- t-shirt z nadrukiem,puma,119.0,149.0,100% poliester,regular,Prosty,Okrągły,Krótki rękaw,koszulka regular fit,3.33
koszulki z krótkim rękawem (męskie),classic fit - koszulka polo,hackett london classic fit,509.0,289.0,100% bawełna,regular,Prosty,Wycięcie typu V,Krótki rękaw,koszulka regular fit,3.33
koszulki z krótkim rękawem (męskie),motion air - koszulka sportowa,poc motion air,269.0,299.0,100% poliester,regular,Prosty,Okrągły,Krótki rękaw,koszulka regular fit,3.33
koszulki z krótkim rękawem (męskie),- t-shirt z nadrukiem,obey clothing,149.0,199.0,100% bawełna,regular,Prosty,Okrągły,Krótki rękaw,koszulka regular fit,3.33
koszulki z krótkim rękawem (męskie),utopia - t-shirt z nadrukiem,allsaints utopia,359.0,399.0,100% bawełna,loose fit,Prosty,Okrągły,Krótki rękaw,koszulka loose fit,3.33
koszulki z krótkim rękawem (męskie),hypercourt - t-shirt z nadrukiem,k,179.0,89.0,"84% poliester, 16% elastan",regular,Prosty,Okrągły,Krótki rękaw,koszulka regular fit,3.33
koszulki z krótkim rękawem (męskie),- koszulka sportowa,karma8a,148.0,329.0,"56% bawełna, 44% poliester",loose fit,Prosty,Okrągły,Krótki rękaw,koszulka loose fit,3.33
koszulki z krótkim rękawem (męskie),- t-shirt z nadrukiem,alpha industries,116.0,,100% bawełna,regular,Prosty,Okrągły,Krótki rękaw,koszulka regular fit,3.33
koszulki z krótkim rękawem (męskie),- t-shirt basic,american vintage,260.0,309.0,100% bawełna,loose fit,Prosty,Okrągły,Półrękawek,koszulka loose fit,3.33
koszulki z krótkim rękawem (męskie),- t-shirt basic,nike sportswear,179.0,199.0,100% bawełna,regular,Prosty,Okrągły,Krótki rękaw,koszulka regular fit,3.33
koszulki z krótkim rękawem (męskie),onsaxel - t-shirt z nadrukiem,only & sons onsaxel,89.0,99.0,100% bawełna,nadwymiarowy,Prosty,Okrągły,Półrękawek,koszulka oversize,22.7
koszulki z krótkim rękawem (męskie),unisex - t-shirt basic,lacoste unisex,260.0,,100% bawełna,loose fit,Prosty,Okrągły,Krótki rękaw,koszulka loose fit,3.33
koszulki z krótkim rękawem (męskie),- t-shirt z nadrukiem,filling pieces,469.0,449.0,100% bawełna,regular,Prosty,Okrągły,Krótki rękaw,koszulka regular fit,3.33
koszulki z krótkim rękawem (męskie),- t-shirt basic,jack & jones,74.99,211.99,100% bawełna,regular,Prosty,Okrągły,Krótki rękaw,koszulka regular fit,3.33
koszulki z krótkim rękawem (męskie),- koszulka sportowa,quiksilver,98.0,,100% bawełna,regular,Prosty,Okrągły,Krótki rękaw,koszulka regular fit,3.33
koszulki z krótkim rękawem (męskie),- t-shirt basic,gap,119.0,85.0,100% bawełna,regular,Prosty,Okrągły,Krótki rękaw,koszulka regular fit,3.33
koszulki z krótkim rękawem (męskie),- koszulka polo,bershka,99.9,129.0,100% bawełna,loose fit,Prosty,Wycięcie typu V,Półrękawek,koszulka loose fit,3.33
koszulki z krótkim rękawem (męskie),- t-shirt z nadrukiem,siksilk,163.0,234.0,"78% nylon, 22% elastan",slim,Prosty,Okrągły,Krótki rękaw,koszulka slim fit,32.2
koszulki z krótkim rękawem (męskie),- t-shirt z nadrukiem,hackett london,309.0,319.0,100% bawełna,regular,Prosty,Okrągły,Krótki rękaw,koszulka regular fit,3.33
koszulki z krótkim rękawem (męskie),- t-shirt z nadrukiem,jack & jones,64.95,99.99,100% bawełna,regular,Prosty,Okrągły,Krótki rękaw,koszulka regular fit,3.33
koszulki z krótkim rękawem (męskie),- t-shirt z nadrukiem,jordan,161.0,,100% bawełna,regular,Prosty,Okrągły,Krótki rękaw,koszulka regular fit,3.33
koszulki z krótkim rękawem (męskie),- koszulka polo,puma,134.0,,100% bawełna,regular,Prosty,,Krótki rękaw,koszulka regular fit,3.33
koszulki z krótkim rękawem (męskie),- koszulka polo,levi's®,199.0,299.0,100% bawełna,regular,Prosty,,Krótki rękaw,koszulka regular fit,3.33
koszulki z krótkim rękawem (męskie),- t-shirt z nadrukiem,s.oliver,109.99,129.99,100% bawełna,regular,Prosty,Okrągły,Krótki rękaw,koszulka regular fit,3.33
koszulki z krótkim rękawem (męskie),- koszulka polo,lyle & scott,175.0,319.0,"97% bawełna, 3% elastan",regular,Prosty,,Krótki rękaw,koszulka regular fit,3.33
koszulki z krótkim rękawem (męskie),3er-pack - t-shirt z nadrukiem,jack & jones 3er,125.95,179.99,100% bawełna,regular,Prosty,Okrągły,Krótki rękaw,koszulka regular fit,3.33
koszulki z krótkim rękawem (męskie),- t-shirt z nadrukiem,adidas originals,64.0,159.0,100% bawełna,loose fit,Prosty,Okrągły,Krótki rękaw,koszulka loose fit,3.33
koszulki z krótkim rękawem (męskie),netherlands 2.0 - koszulka reprezentacji,nike performance netherlands 2.0,339.0,449.0,"65% bawełna, 35% poliester",slim,Prosty,,Krótki rękaw,koszulka slim fit,32.2
koszulki z krótkim rękawem (męskie),clueless murray - t-shirt z nadrukiem,henry tiger clueless murray,169.99,,100% bawełna,regular,Prosty,Okrągły,Krótki rękaw,koszulka regular fit,3.33
koszulki z krótkim rękawem (męskie),- t-shirt z nadrukiem,siksilk,122.0,204.0,100% bawełna,loose fit,Prosty,Okrągły,Półrękawek,koszulka loose fit,3.33
koszulki z krótkim rękawem (męskie),reed - koszulka polo,sergio tacchini reed,229.0,449.0,100% bawełna,regular,Prosty,,Krótki rękaw,koszulka regular fit,3.33
koszulki z krótkim rękawem (męskie),slim fit - koszulka polo,hackett london slim fit,509.0,559.0,100% bawełna,regular,Prosty,Wycięcie typu V,Krótki rękaw,koszulka regular fit,3.33
koszulki z krótkim rękawem (męskie),- t-shirt basic,jack & jones,233.0,99.0,100% bawełna,regular,Prosty,Okrągły,Krótki rękaw,koszulka regular fit,3.33
koszulki z krótkim rękawem (męskie),- t-shirt z nadrukiem,jack & jones,71.95,89.99,100% bawełna,loose fit,Prosty,Okrągły,Krótki rękaw,koszulka loose fit,3.33
koszulki z krótkim rękawem (męskie),fom - t-shirt z nadrukiem,weekend offender fom,103.0,229.0,100% bawełna,regular fit,Prosty,Okrągły,Krótki rękaw,koszulka regular fit,3.33
koszulki z krótkim rękawem (męskie),challenger pro - koszulka sportowa,under armour challenger pro,199.0,,100% poliester,regular,Dopasowany,Okrągły,Krótki rękaw,koszulka regular fit,3.33
koszulki z krótkim rękawem (męskie),slim fit mesh polo shirt - koszulka polo,polo ralph lauren slim fit mesh polo shirt,539.0,599.0,100% bawełna,slim,Prosty,,Krótki rękaw,koszulka slim fit,32.2
koszulki z krótkim rękawem (męskie),- t-shirt z nadrukiem,redefined rebel,109.0,179.0,100% bawełna,loose fit,Prosty,Okrągły,Krótki rękaw,koszulka loose fit,3.33
koszulki z krótkim rękawem (męskie),unisex - t-shirt z nadrukiem,tommy jeans unisex,85.0,169.0,100% bawełna,regular,Prosty,Okrągły,Krótki rękaw,koszulka regular fit,3.33
koszulki z krótkim rękawem (męskie),ambrosian - koszulka polo,joop! jeans ambrosian,379.0,146.0,"95% bawełna, 5% elastan",regular,Prosty,Wycięcie typu V,Krótki rękaw,koszulka regular fit,3.33
koszulki z krótkim rękawem (męskie),caberry - t-shirt z nadrukiem,pegador caberry,206.0,,100% bawełna,loose fit,Prosty,Okrągły,Półrękawek,koszulka loose fit,3.33
koszulki z krótkim rękawem (męskie),- t-shirt basic,r.d.d. royal denim division,179.99,119.0,100% bawełna,loose fit,Prosty,Okrągły,Półrękawek,koszulka loose fit,3.33
koszulki z krótkim rękawem (męskie),peter - koszulka polo,fq1924 peter,186.0,269.0,"96% bawełna, 4% elastan",regular,Prosty,Typu Henley,Krótki rękaw,koszulka regular fit,3.33
koszulki z krótkim rękawem (męskie),puma x hyrox - koszulka sportowa,puma puma x hyrox,143.0,,100% poliester,regular,Prosty,Okrągły,Krótki rękaw,koszulka regular fit,3.33
koszulki z krótkim rękawem (męskie),jjgeplas - t-shirt z nadrukiem,jack & jones jjgeplas,59.99,69.0,100% bawełna,regular,Prosty,Okrągły,Krótki rękaw,koszulka regular fit,3.33
koszulki z krótkim rękawem (męskie),- koszulka polo,joules,201.0,250.0,100% bawełna,regular,Prosty,,Krótki rękaw,koszulka regular fit,3.33
koszulki z krótkim rękawem (męskie),skog - koszulka sportowa,helly hansen skog,199.0,159.0,"96% poliester, 4% elastan",regular,Prosty,Okrągły,Krótki rękaw,koszulka regular fit,3.33
koszulki z krótkim rękawem (męskie),- t-shirt basic,on,360.0,219.0,100% poliester,regular,Prosty,Okrągły,Krótki rękaw,koszulka regular fit,3.33
koszulki z krótkim rękawem (męskie),- t-shirt z nadrukiem,tommy jeans,90.0,,100% bawełna,regular,Prosty,Okrągły,Krótki rękaw,koszulka regular fit,3.33
koszulki z krótkim rękawem (męskie),- t-shirt basic,avx,212.5,204.0,100% bawełna,regular,Prosty,Okrągły,Krótki rękaw,koszulka regular fit,3.33
koszulki z krótkim rękawem (męskie),- t-shirt z nadrukiem,thinking mu,256.0,119.0,100% bawełna,regular,Prosty,Okrągły,Krótki rękaw,koszulka regular fit,3.33
koszulki z krótkim rękawem (męskie),juventus - artykuły klubowe,adidas performance juventus,649.0,429.0,100% poliester,regular,Prosty,Okrągły,Krótki rękaw,koszulka regular fit,3.33
koszulki z krótkim rękawem (męskie),terra - t-shirt z nadrukiem,allsaints terra,305.0,339.0,100% bawełna,loose fit,Prosty,Okrągły,Półrękawek,koszulka loose fit,3.33
koszulki z krótkim rękawem (męskie),fqivar - t-shirt z nadrukiem,fq1924 fqivar,82.0,159.0,100% bawełna,regular,Prosty,Okrągły,Krótki rękaw,koszulka regular fit,3.33
koszulki z krótkim rękawem (męskie),- t-shirt basic,weekday,109.0,85.0,100% bawełna,loose fit,Prosty,,Krótki rękaw,koszulka loose fit,3.33
koszulki z krótkim rękawem (męskie),- t-shirt basic,marc o'polo,129.0,,100% bawełna,loose fit,Prosty,Okrągły,Krótki rękaw,koszulka loose fit,3.33
koszulki z krótkim rękawem (męskie),dinkee - t-shirt z nadrukiem,hugo dinkee,207.0,319.0,100% bawełna,loose fit,Prosty,Okrągły,Półrękawek,koszulka loose fit,3.33
koszulki z krótkim rękawem (męskie),- bluzka z długim rękawem,adidas originals,269.0,359.0,100% bawełna,regular,Prosty,,Długi rękaw,koszulka regular fit,3.33
koszulki z krótkim rękawem (męskie),banda coen - t-shirt z nadrukiem,kappa banda coen,119.0,159.0,100% bawełna,slim,Prosty,Okrągły,Krótki rękaw,koszulka slim fit,32.2
koszulki z krótkim rękawem (męskie),fulton - bluzka z długim rękawem,solid fulton,149.0,79.0,100% bawełna,loose fit,Prosty,Okrągły,Długi rękaw,koszulka loose fit,3.33
koszulki z krótkim rękawem (męskie),koszulka sportowa,nike performance koszulka sportowa,116.0,129.0,"59% bawełna, 41% poliester",regular,Prosty,Okrągły,Krótki rękaw,koszulka regular fit,3.33
koszulki z krótkim rękawem (męskie),brace - t-shirt basic,allsaints brace,215.0,195.0,100% bawełna,regular,Prosty,Okrągły,Krótki rękaw,koszulka regular fit,3.33
koszulki z krótkim rękawem (męskie),clueless tai - t-shirt z nadrukiem,henry tiger clueless tai,169.99,,100% bawełna,regular,Prosty,Okrągły,Krótki rękaw,koszulka regular fit,3.33
koszulki z krótkim rękawem (męskie),koszulka polo,lacoste koszulka polo,499.0,549.0,100% bawełna,regular,Dopasowany,Typu Henley,Krótki rękaw,koszulka regular fit,3.33
koszulki z krótkim rękawem (męskie),- koszulka polo,patrick,136.0,,100% bawełna,regular,Prosty,,Krótki rękaw,koszulka regular fit,3.33
koszulki z krótkim rękawem (męskie),oversize - t-shirt z nadrukiem,merchcode oversize,82.0,,100% bawełna,nadwymiarowy,Prosty,Okrągły,Półrękawek,koszulka oversize,22.7
koszulki z krótkim rękawem (męskie),- t-shirt z nadrukiem,rockshirts,279.0,99.0,100% bawełna,regular fit,Prosty,Okrągły,Krótki rękaw,koszulka regular fit,3.33
koszulki z krótkim rękawem (męskie),- t-shirt z nadrukiem,mister tee,70.0,79.0,100% bawełna,regular,Prosty,Okrągły,Krótki rękaw,koszulka regular fit,3.33
koszulki z krótkim rękawem (męskie),- t-shirt z nadrukiem,nike sportswear,143.0,,100% bawełna,loose fit,Prosty,Okrągły,Krótki rękaw,koszulka loose fit,3.33
koszulki z krótkim rękawem (męskie),- koszulka polo,boggi milano,529.0,239.0,"56% bawełna, 39% poliester, 5% elastan",regular,Prosty,,Krótki rękaw,koszulka regular fit,3.33
koszulki z krótkim rękawem (męskie),- koszulka polo,maison kitsuné,499.0,529.0,100% bawełna,regular,Prosty,,Krótki rękaw,koszulka regular fit,3.33
koszulki z krótkim rękawem (męskie),- t-shirt z nadrukiem,the north face,139.0,149.0,100% bawełna,regular,Prosty,Okrągły,Krótki rękaw,koszulka regular fit,3.33
koszulki z krótkim rękawem (męskie),- koszulka polo,boggi milano,419.0,,"95% bawełna, 5% elastan",regular,Prosty,,Krótki rękaw,koszulka regular fit,3.33
koszulki z krótkim rękawem (męskie),- t-shirt z nadrukiem,2y premium,118.0,,100% bawełna,loose fit,Prosty,Okrągły,Półrękawek,koszulka loose fit,3.33
koszulki z krótkim rękawem (męskie),- koszulka polo,napapijri,164.0,299.0,100% bawełna,regular,Prosty,Okrągły,Krótki rękaw,koszulka regular fit,3.33
koszulki z krótkim rękawem (męskie),- bluzka z długim rękawem,urban classics,76.0,119.0,100% bawełna,regular,Prosty,Okrągły,Długi rękaw,koszulka regular fit,3.33
koszulki z krótkim rękawem (męskie),jormontauk - t-shirt z nadrukiem,jack & jones jormontauk,80.0,,100% bawełna,regular,Prosty,Okrągły,Krótki rękaw,koszulka regular fit,3.33
koszulki z krótkim rękawem (męskie),- t-shirt basic,def,70.0,119.0,100% bawełna,loose fit,Prosty,Okrągły,Półrękawek,koszulka loose fit,3.33
koszulki z krótkim rękawem (męskie),- koszulka polo,pepe jeans,295.2,369.0,100% bawełna,regular,Prosty,Wycięcie typu V,Krótki rękaw,koszulka regular fit,3.33
koszulki z krótkim rękawem (męskie),unisex - t-shirt basic,timberland unisex,169.0,139.0,100% bawełna,,,Okrągły,Półrękawek,koszulka other,
koszulki z krótkim rękawem (męskie),urban - t-shirt z nadrukiem,jack & jones urban,79.95,109.0,100% bawełna,regular,Prosty,Okrągły,Krótki rękaw,koszulka regular fit,3.33
koszulki z krótkim rękawem (męskie),- t-shirt z nadrukiem,marc o'polo denim,139.0,159.0,100% bawełna,loose fit,Prosty,Okrągły,Krótki rękaw,koszulka loose fit,3.33
koszulki z krótkim rękawem (męskie),jormontauk - t-shirt z nadrukiem,jack & jones jormontauk,159.0,79.0,100% bawełna,regular,Prosty,Okrągły,Krótki rękaw,koszulka regular fit,3.33
koszulki z krótkim rękawem (męskie),unisex - top,yourturn unisex,30.0,59.0,100% poliester,slim,Dopasowany,Okrągły,Bez rękawów,koszulka slim fit,32.2
koszulki z krótkim rękawem (męskie),elior - t-shirt z nadrukiem,napapijri elior,179.0,269.0,100% bawełna,regular,Prosty,Okrągły,Krótki rękaw,koszulka regular fit,3.33
koszulki z krótkim rękawem (męskie),unisex - t-shirt z nadrukiem,versace jeans couture unisex,382.0,509.0,100% bawełna,regular,Prosty,Okrągły,Krótki rękaw,koszulka regular fit,3.33
koszulki z krótkim rękawem (męskie),- t-shirt z nadrukiem,harmont & blaine,312.0,149.0,100% bawełna,regular,Prosty,Okrągły,Krótki rękaw,koszulka regular fit,3.33
koszulki z krótkim rękawem (męskie),- koszulka polo,polo ralph lauren,599.0,339.0,100% bawełna,regular,Dopasowany,,Krótki rękaw,koszulka regular fit,3.33
koszulki z krótkim rękawem (męskie),- t-shirt z nadrukiem,ps paul smith,469.0,449.0,"60% bawełna, 40% poliester",regular,Prosty,,Krótki rękaw,koszulka regular fit,3.33
koszulki z krótkim rękawem (męskie),- t-shirt basic,pier one,35.0,59.0,100% bawełna,slim,Prosty,Okrągły,Krótki rękaw,koszulka slim fit,32.2
koszulki z krótkim rękawem (męskie),- t-shirt z nadrukiem,jack & jones,89.99,69.0,100% bawełna,regular,Prosty,Okrągły,Krótki rękaw,koszulka regular fit,3.33
koszulki z krótkim rękawem (męskie),manchester united 25/26 competition - artykuły klubowe,adidas performance manchester united 25/26 competition,305.0,,100% poliester,slim,Prosty,Okrągły,Bardzo długi rękaw,koszulka slim fit,32.2
koszulki z krótkim rękawem (męskie),- t-shirt z nadrukiem,kidsuper,103.0,229.0,100% bawełna,regular fit,Prosty,Okrągły,Krótki rękaw,koszulka regular fit,3.33
koszulki z krótkim rękawem (męskie),- koszulka polo,the set,168.0,179.0,100% bawełna,regular,Prosty,,Krótki rękaw,koszulka regular fit,3.33
koszulki z krótkim rękawem (męskie),relaxed - t-shirt z nadrukiem,scotch & soda relaxed,229.0,269.0,100% bawełna,loose fit,Prosty,Okrągły,Krótki rękaw,koszulka loose fit,3.33
koszulki z krótkim rękawem (męskie),- t-shirt z nadrukiem,jp1880,213.99,,100% bawełna,regular,Prosty,Okrągły,Krótki rękaw,koszulka regular fit,3.33
koszulki z krótkim rękawem (męskie),- t-shirt z nadrukiem,replay,179.0,129.0,100% bawełna,regular,Prosty,Okrągły,Krótki rękaw,koszulka regular fit,3.33
koszulki z krótkim rękawem (męskie),brace - t-shirt basic,allsaints brace,169.27,199.0,100% bawełna,regular,Prosty,Okrągły,Krótki rękaw,koszulka regular fit,3.33
koszulki z krótkim rękawem (męskie),- t-shirt basic,lyle & scott,161.0,179.0,100% bawełna,regular,Prosty,Okrągły,Krótki rękaw,koszulka regular fit,3.33
koszulki z krótkim rękawem (męskie),- t-shirt basic,filippa k,269.0,379.0,100% bawełna,regular,Prosty,Okrągły,Krótki rękaw,koszulka regular fit,3.33
koszulki z krótkim rękawem (męskie),set - spodnie treningowe,lonsdale set,179.0,229.0,100% bawełna,regular,Prosty,Okrągły,Krótki rękaw,koszulka regular fit,3.33
koszulki z krótkim rękawem (męskie),- t-shirt z nadrukiem,bershka,59.9,79.0,100% bawełna,loose fit,Prosty,Okrągły,Krótki rękaw,koszulka loose fit,3.33
koszulki z krótkim rękawem (męskie),- t-shirt basic,lacoste,269.0,339.0,100% bawełna,regular,Prosty,Okrągły,Krótki rękaw,koszulka regular fit,3.33
koszulki z krótkim rękawem (męskie),jjepaulos - koszulka polo,jack & jones jjepaulos,123.45,189.99,100% bawełna,regular,Prosty,Typu Henley,Krótki rękaw,koszulka regular fit,3.33
koszulki z krótkim rękawem (męskie),- t-shirt basic,tommy hilfiger,152.0,,100% bawełna,regular,Prosty,Okrągły,Krótki rękaw,koszulka regular fit,3.33
koszulki z krótkim rękawem (męskie),- t-shirt basic,levi's®,161.0,179.0,100% bawełna,regular,Prosty,Okrągły,Krótki rękaw,koszulka regular fit,3.33
koszulki z krótkim rękawem (męskie),olaf - t-shirt z nadrukiem,tiger of sweden olaf,359.0,1119.0,100% bawełna,regular,Prosty,Okrągły,Krótki rękaw,koszulka regular fit,3.33
koszulki z krótkim rękawem (męskie),- koszulka polo,lyle & scott,287.0,,"97% bawełna, 3% elastan",regular,Prosty,,Krótki rękaw,koszulka regular fit,3.33
koszulki z krótkim rękawem (męskie),- koszulka polo,blkvis,323.0,,"70% akryl, 30% wełna",regular,Prosty,,Półrękawek,koszulka regular fit,3.33
koszulki z krótkim rękawem (męskie),3pk mens ultra soft v-neck tee - t-shirt basic,scotch & soda 3pk mens ultra soft v,206.0,,"80% bawełna, 20% wiskoza",regular,Prosty,Wycięcie typu V,Krótki rękaw,koszulka regular fit,3.33
koszulki z krótkim rękawem (męskie),- t-shirt basic,mister tee,58.0,79.0,100% bawełna,regular,Prosty,Okrągły,Krótki rękaw,koszulka regular fit,3.33
koszulki z krótkim rękawem (męskie),- t-shirt basic,boss,287.0,319.0,"95% bawełna, 5% elastan",loose fit,Prosty,,Krótki rękaw,koszulka loose fit,3.33
koszulki z krótkim rękawem (męskie),essentials - bluzka z długim rękawem,adidas originals essentials,199.0,258.99,"54% poliester, 46% bawełna",regular,Prosty,Typu Henley,Długi rękaw,koszulka regular fit,3.33
koszulki z krótkim rękawem (męskie),banda stafen unisex - koszulka polo,kappa banda stafen unisex,188.0,289.0,100% poliester,regular,Prosty,,Krótki rękaw,koszulka regular fit,3.33
koszulki z krótkim rękawem (męskie),- koszulka polo,karl lagerfeld,278.0,309.0,"95% bawełna, 5% elastan",regular,Prosty,,Krótki rękaw,koszulka regular fit,3.33
koszulki z krótkim rękawem (męskie),- t-shirt z nadrukiem,calvin klein jeans,188.0,209.0,100% bawełna,regular,Prosty,Okrągły,Krótki rękaw,koszulka regular fit,3.33
koszulki z krótkim rękawem (męskie),- t-shirt basic,s.oliver,89.99,119.0,100% bawełna,regular,Prosty,Typu Henley,Krótki rękaw,koszulka regular fit,3.33
koszulki z krótkim rękawem (męskie),unisex - t-shirt z nadrukiem,barrow unisex,649.0,689.0,100% poliester,loose fit,Prosty,Wycięcie typu V,Krótki rękaw,koszulka loose fit,3.33
koszulki z krótkim rękawem (męskie),unisex - t-shirt z nadrukiem,yourturn unisex,71.0,89.0,100% bawełna,regular,Prosty,Okrągły,Krótki rękaw,koszulka regular fit,3.33
koszulki z krótkim rękawem (męskie),- koszulka polo,tommy hilfiger,279.0,399.0,100% bawełna,regular,Prosty,Kopertowy,Krótki rękaw,koszulka regular fit,3.33
koszulki z krótkim rękawem (męskie),unisex - t-shirt basic,yourturn unisex,35.0,59.0,100% bawełna,nadwymiarowy,Prosty,Okrągły,Półrękawek,koszulka oversize,22.7
koszulki z krótkim rękawem (męskie),- t-shirt z nadrukiem,casual friday,129.0,184.0,100% bawełna,regular,Prosty,Okrągły,Krótki rękaw,koszulka regular fit,3.33
koszulki z krótkim rękawem (męskie),- koszulka polo,tommy hilfiger,409.0,489.0,"96% bawełna, 4% elastan",regular,Prosty,Okrągły,Krótki rękaw,koszulka regular fit,3.33
koszulki z krótkim rękawem (męskie),- t-shirt z nadrukiem,jack & jones,67.45,89.99,100% bawełna,regular,Prosty,Okrągły,Krótki rękaw,koszulka regular fit,3.33
koszulki z krótkim rękawem (męskie),- bluzka z długim rękawem,boss,649.0,999.0,"74% bawełna, 21% poliamid, 5% elastan",loose fit,Prosty,,Długi rękaw,koszulka loose fit,3.33
koszulki z krótkim rękawem (męskie),- t-shirt z nadrukiem,ellesse,89.0,99.0,100% bawełna,regular,Prosty,Okrągły,Krótki rękaw,koszulka regular fit,3.33
koszulki z krótkim rękawem (męskie),- t-shirt basic,pepe jeans,60.0,119.0,"95% bawełna, 5% elastan",regular,Prosty,Okrągły,Krótki rękaw,koszulka regular fit,3.33
koszulki z krótkim rękawem (męskie),unisex - t-shirt z nadrukiem,adidas originals unisex,143.0,,100% bawełna,regular,Prosty,Okrągły,Krótki rękaw,koszulka regular fit,3.33
koszulki z krótkim rękawem (męskie),nelson - t-shirt basic,carhartt wip nelson,219.0,269.0,100% bawełna,loose fit,Prosty,Okrągły,Krótki rękaw,koszulka loose fit,3.33
koszulki z krótkim rękawem (męskie),- t-shirt z nadrukiem,lost youth,118.0,159.0,100% bawełna,loose fit,Prosty,Okrągły,Krótki rękaw,koszulka loose fit,3.33
koszulki z krótkim rękawem (męskie),robin - t-shirt z nadrukiem,gmbh robin,1039.0,619.0,100% bawełna,slim,Prosty,Okrągły,Krótki rękaw,koszulka slim fit,32.2
koszulki z krótkim rękawem (męskie),- koszulka sportowa,nike performance,319.0,179.0,100% poliester,regular,Prosty,Okrągły,Krótki rękaw,koszulka regular fit,3.33
koszulki z krótkim rękawem (męskie),- t-shirt z nadrukiem,jack & jones,67.45,74.99,100% bawełna,regular,Prosty,Okrągły,Krótki rękaw,koszulka regular fit,3.33
koszulki z krótkim rękawem (męskie),- t-shirt z nadrukiem,carhartt wip,229.0,,100% bawełna,regular,Prosty,Okrągły,Krótki rękaw,koszulka regular fit,3.33
koszulki z krótkim rękawem (męskie),paddy - koszulka polo,boss paddy,404.0,449.0,100% bawełna,regular,Prosty,,Krótki rękaw,koszulka regular fit,3.33
koszulki z krótkim rękawem (męskie),- t-shirt basic,jack & jones,71.0,,100% bawełna,loose fit,Prosty,Okrągły,Krótki rękaw,koszulka loose fit,3.33
koszulki z krótkim rękawem (męskie),- t-shirt basic,les deux,121.0,269.0,100% bawełna,regular fit,Prosty,Okrągły,Krótki rękaw,koszulka regular fit,3.33
koszulki z krótkim rękawem (męskie),- t-shirt basic,next,292.0,169.0,100% bawełna,regular,Prosty,Okrągły,Krótki rękaw,koszulka regular fit,3.33
koszulki z krótkim rękawem (męskie),- t-shirt z nadrukiem,nils sundström,149.95,99.99,100% bawełna,regular,Prosty,Okrągły,Krótki rękaw,koszulka regular fit,3.33
koszulki z krótkim rękawem (męskie),stacy - t-shirt basic,farah stacy,230.0,305.0,100% bawełna,regular,Prosty,Okrągły,Krótki rękaw,koszulka regular fit,3.33
koszulki z krótkim rękawem (męskie),- t-shirt z nadrukiem,market,106.0,179.0,100% bawełna,loose fit,Prosty,Okrągły,Półrękawek,koszulka loose fit,3.33
koszulki z krótkim rękawem (męskie),- koszulka polo,fynch,127.0,199.0,100% bawełna,regular,Prosty,Okrągły,Krótki rękaw,koszulka regular fit,3.33
koszulki z krótkim rękawem (męskie),- bluzka z długim rękawem,blkvis,242.0,,100% bawełna,loose fit,Prosty,,Długi rękaw,koszulka loose fit,3.33
koszulki z krótkim rękawem (męskie),- t-shirt z nadrukiem,qs,84.99,,100% bawełna,regular,Prosty,Okrągły,Krótki rękaw,koszulka regular fit,3.33
koszulki z krótkim rękawem (męskie),- bluzka z długim rękawem,nike acg,199.0,249.0,"63% poliester, 37% bawełna",regular,Prosty,Okrągły,Długi rękaw,koszulka regular fit,3.33
koszulki z krótkim rękawem (męskie),- t-shirt z nadrukiem,new balance,139.0,159.0,100% bawełna,regular,Prosty,Okrągły,Krótki rękaw,koszulka regular fit,3.33
koszulki z krótkim rękawem (męskie),base - bluzka z długim rękawem,carhartt wip base,159.0,179.0,100% bawełna,regular,Prosty,Okrągły,Długi rękaw,koszulka regular fit,3.33
koszulki z krótkim rękawem (męskie),oxford - koszulka polo,boggi milano oxford,419.0,164.99,100% bawełna,regular,Prosty,,Krótki rękaw,koszulka regular fit,3.33
koszulki z krótkim rękawem (męskie),- t-shirt z nadrukiem,blkvis,199.0,219.0,100% bawełna,loose fit,Prosty,Okrągły,Krótki rękaw,koszulka loose fit,3.33
koszulki z krótkim rękawem (męskie),- t-shirt z nadrukiem,red bull racing x pepe jeans,279.0,199.0,100% bawełna,loose fit,Prosty,Okrągły,Krótki rękaw,koszulka loose fit,3.33
koszulki z krótkim rękawem (męskie),- top,pier one,62.0,89.0,100% bawełna,regular,Prosty,"Okrągły, głęboko wycięty",Bez rękawów,koszulka regular fit,3.33
koszulki z krótkim rękawem (męskie),- t-shirt z nadrukiem,j.lindeberg,419.0,449.0,100% bawełna,regular,Prosty,Okrągły,Krótki rękaw,koszulka regular fit,3.33
koszulki z krótkim rękawem (męskie),unisex - t-shirt basic,yourturn unisex,107.0,119.0,100% bawełna,loose fit,Prosty,Okrągły,"Krótki rękaw, półrękawek",koszulka loose fit,3.33
koszulki z krótkim rękawem (męskie),- koszulka polo,polo ralph lauren,737.0,,100% bawełna,regular,Prosty,,Krótki rękaw,koszulka regular fit,3.33
koszulki z krótkim rękawem (męskie),- t-shirt z nadrukiem,ellesse,148.75,309.0,100% bawełna,regular,Prosty,Okrągły,Krótki rękaw,koszulka regular fit,3.33
koszulki z krótkim rękawem (męskie),star wars unisex - t-shirt z nadrukiem,star wars star wars unisex,169.99,319.0,100% bawełna,regular,Prosty,Okrągły,Krótki rękaw,koszulka regular fit,3.33
koszulki z krótkim rękawem (męskie),- t-shirt basic,gap,119.0,129.0,100% bawełna,regular,Prosty,Okrągły,Krótki rękaw,koszulka regular fit,3.33
koszulki z krótkim rękawem (męskie),- t-shirt z nadrukiem,rip curl,126.66,159.0,100% bawełna,regular,Prosty,Okrągły,Krótki rękaw,koszulka regular fit,3.33
koszulki z krótkim rękawem (męskie),unisex - t-shirt z nadrukiem,wasted paris unisex,161.0,,100% bawełna,loose fit,Prosty,Okrągły,Krótki rękaw,koszulka loose fit,3.33
koszulki z krótkim rękawem (męskie),wilbur - t-shirt basic,indicode jeans wilbur,89.99,,100% bawełna,slim,Dopasowany,Okrągły,Krótki rękaw,koszulka slim fit,32.2
koszulki z krótkim rękawem (męskie),dangerous - t-shirt z nadrukiem,dangerous dngrs dangerous,49.0,,100% bawełna,loose fit,Prosty,Okrągły,Półrękawek,koszulka loose fit,3.33
koszulki z krótkim rękawem (męskie),v neck 2 pack - t-shirt basic,hugo v neck 2 pack,172.0,229.0,"96% bawełna, 4% elastan",slim,Prosty,Wycięcie typu V,Krótki rękaw,koszulka slim fit,32.2
koszulki z krótkim rękawem (męskie),- t-shirt z nadrukiem,les deux,242.0,269.0,100% bawełna,regular,Prosty,Okrągły,Krótki rękaw,koszulka regular fit,3.33
koszulki z krótkim rękawem (męskie),par - koszulka polo,nike golf par,269.0,559.0,100% poliester,regular,Dopasowany,,Krótki rękaw,koszulka regular fit,3.33
koszulki z krótkim rękawem (męskie),jumpman - koszulka sportowa,jordan jumpman,139.0,139.0,"58% bawełna, 42% poliester",regular,Prosty,Okrągły,Krótki rękaw,koszulka regular fit,3.33
koszulki z krótkim rękawem (męskie),- t-shirt z nadrukiem,nike sportswear,104.0,139.0,100% bawełna,regular,Prosty,Okrągły,Krótki rękaw,koszulka regular fit,3.33
koszulki z krótkim rękawem (męskie),- koszulka sportowa,nike performance,161.0,179.0,100% poliester,slim,Dopasowanie do figury,Okrągły,Krótki rękaw,koszulka slim fit,32.2
koszulki z krótkim rękawem (męskie),- t-shirt z nadrukiem,pier one,84.0,59.0,100% bawełna,regular,Prosty,Okrągły,Krótki rękaw,koszulka regular fit,3.33
koszulki z krótkim rękawem (męskie),5 pack - t-shirt basic,pier one 5 pack,97.0,149.0,100% bawełna,regular,Prosty,Okrągły,Krótki rękaw,koszulka regular fit,3.33
koszulki z krótkim rękawem (męskie),jormaine - t-shirt z nadrukiem,jack & jones jormaine,89.95,139.0,100% bawełna,loose fit,Prosty,Okrągły,Krótki rękaw,koszulka loose fit,3.33
koszulki z krótkim rękawem (męskie),- t-shirt basic,superdry & co,169.0,109.0,100% bawełna,regular,Prosty,Okrągły,Krótki rękaw,koszulka regular fit,3.33
koszulki z krótkim rękawem (męskie),- t-shirt basic,polo ralph lauren,519.0,649.0,"90% bawełna, 10% poliester",regular,Prosty,Okrągły,Krótki rękaw,koszulka regular fit,3.33
koszulki z krótkim rękawem (męskie),relax - t-shirt z nadrukiem,bershka relax,59.9,159.0,100% bawełna,loose fit,Prosty,Okrągły,Krótki rękaw,koszulka loose fit,3.33
koszulki z krótkim rękawem (męskie),match point unisex - t-shirt z nadrukiem,carlo colucci match point unisex,404.0,449.0,100% bawełna,loose fit,Prosty,Okrągły,Krótki rękaw,koszulka loose fit,3.33
koszulki z krótkim rękawem (męskie),- t-shirt z nadrukiem,blauer,206.0,,100% bawełna,regular,Prosty,Okrągły,Krótki rękaw,koszulka regular fit,3.33
koszulki z krótkim rękawem (męskie),quentin - t-shirt basic,drykorn quentin,161.0,179.0,100% bawełna,prosty,,Serek,Krótki rękaw,koszulka regular fit,3.33
koszulki z krótkim rękawem (męskie),- koszulka polo,belstaff,449.0,499.0,100% bawełna,regular,Prosty,,Krótki rękaw,koszulka regular fit,3.33
koszulki z krótkim rękawem (męskie),- t-shirt z nadrukiem,tommy jeans,90.0,199.0,100% bawełna,regular,Prosty,Okrągły,Krótki rękaw,koszulka regular fit,3.33
koszulki z krótkim rękawem (męskie),vet - t-shirt z nadrukiem,former vet,169.0,159.0,100% bawełna,loose fit,Prosty,Okrągły,Krótki rękaw,koszulka loose fit,3.33
koszulki z krótkim rękawem (męskie),onszidan - koszulka polo,only & sons onszidan,139.0,359.0,100% poliester,loose fit,Prosty,Wycięcie typu V,Półrękawek,koszulka loose fit,3.33
koszulki z krótkim rękawem (męskie),slhrelaxaspen - t-shirt basic,selected slhrelaxaspen,159.0,119.0,100% bawełna,loose fit,Prosty,Okrągły,Półrękawek,koszulka loose fit,3.33
koszulki z krótkim rękawem (męskie),- artykuły klubowe,adidas performance,299.0,429.0,100% poliester,regular,Prosty,Okrągły,Krótki rękaw,koszulka regular fit,3.33
koszulki z krótkim rękawem (męskie),t-shirt z nadrukiem,nike performance t,161.0,179.0,100% bawełna,loose fit,Prosty,Okrągły,Krótki rękaw,koszulka loose fit,3.33
koszulki z krótkim rękawem (męskie),- koszulka polo,levi's®,129.0,199.0,100% bawełna,regular,Prosty,Wycięcie typu V,Krótki rękaw,koszulka regular fit,3.33
koszulki z krótkim rękawem (męskie),- t-shirt basic,tommy jeans,329.0,229.0,100% bawełna,slim,Prosty,Okrągły,Krótki rękaw,koszulka slim fit,32.2
koszulki z krótkim rękawem (męskie),- t-shirt z nadrukiem,nike acg,162.0,249.0,"63% poliester, 37% bawełna",loose fit,Prosty,Okrągły,Półrękawek,koszulka loose fit,3.33
koszulki z krótkim rękawem (męskie),- koszulka polo,tommy hilfiger,296.0,,"96% bawełna, 4% elastan",slim,Prosty,,Krótki rękaw,koszulka slim fit,32.2
koszulki z krótkim rękawem (męskie),- t-shirt z nadrukiem,jack & jones,67.45,74.99,100% bawełna,regular,Prosty,Okrągły,Krótki rękaw,koszulka regular fit,3.33
koszulki z krótkim rękawem (męskie),- koszulka polo,jack & jones,98.0,,100% bawełna,regular,Prosty,Typu Henley,Krótki rękaw,koszulka regular fit,3.33
koszulki z krótkim rękawem (męskie),- koszulka reprezentacji,puma,279.0,169.0,100% poliester,regular,Prosty,Okrągły,Krótki rękaw,koszulka regular fit,3.33
koszulki z krótkim rękawem (męskie),jacko - t-shirt basic,pepe jeans jacko,135.0,109.0,100% bawełna,regular,Prosty,Okrągły,Krótki rękaw,koszulka regular fit,3.33
koszulki z krótkim rękawem (męskie),- t-shirt z nadrukiem,vans,149.0,129.0,100% bawełna,regular,Prosty,Okrągły,Krótki rękaw,koszulka regular fit,3.33
koszulki z krótkim rękawem (męskie),jorcatskills - t-shirt z nadrukiem,jack & jones jorcatskills,62.0,,100% bawełna,regular,Prosty,Okrągły,Krótki rękaw,koszulka regular fit,3.33
koszulki z krótkim rękawem (męskie),bon jovi slippery when wet - t-shirt z nadrukiem,rockshirts bon jovi slippery when wet,99.0,539.0,100% bawełna,regular fit,Prosty,Okrągły,Krótki rękaw,koszulka regular fit,3.33
koszulki z krótkim rękawem (męskie),unisex - t-shirt z nadrukiem,carlo colucci unisex,449.0,199.0,100% bawełna,regular,Prosty,Okrągły,Krótki rękaw,koszulka regular fit,3.33
koszulki z krótkim rękawem (męskie),jprccjoel - koszulka polo,jack & jones premium jprccjoel,179.99,179.0,"50% bawełna, 50% poliester",regular,Prosty,Typu Henley,Krótki rękaw,koszulka regular fit,3.33
koszulki z krótkim rękawem (męskie),jprblualex - t-shirt z nadrukiem,jack & jones premium jprblualex,53.0,,100% bawełna,regular,Prosty,Okrągły,Krótki rękaw,koszulka regular fit,3.33
koszulki z krótkim rękawem (męskie),new order oversize - t-shirt z nadrukiem,upscale by mister tee new order oversize,76.0,119.0,100% bawełna,nadwymiarowy,Prosty,Okrągły,Krótki rękaw,koszulka oversize,22.7
koszulki z krótkim rękawem (męskie),- koszulka polo,jack & jones,152.95,179.99,"80% wiskoza, 20% nylon",regular,Prosty,Typu Henley,Krótki rękaw,koszulka regular fit,3.33
koszulki z krótkim rękawem (męskie),- t-shirt z nadrukiem,jack & jones,48.95,69.99,100% bawełna,loose fit,Prosty,Okrągły,Półrękawek,koszulka loose fit,3.33
koszulki z krótkim rękawem (męskie),- t-shirt z nadrukiem,zadig & voltaire,399.0,229.0,100% bawełna,regular,Prosty,Okrągły,Krótki rękaw,koszulka regular fit,3.33
koszulki z krótkim rękawem (męskie),- t-shirt z nadrukiem,ellesse,139.0,359.0,100% bawełna,loose fit,Prosty,Okrągły,Półrękawek,koszulka loose fit,3.33
koszulki z krótkim rękawem (męskie),pima - t-shirt basic,boggi milano pima,319.0,,100% bawełna,regular,Prosty,Okrągły,Krótki rękaw,koszulka regular fit,3.33
koszulki z krótkim rękawem (męskie),jwhjacula - t-shirt z nadrukiem,jack & jones jwhjacula,63.95,79.99,100% bawełna,regular,Prosty,Okrągły,Krótki rękaw,koszulka regular fit,3.33
koszulki z krótkim rękawem (męskie),- t-shirt z nadrukiem,allsaints,325.0,229.0,100% bawełna,loose fit,Prosty,Okrągły,Półrękawek,koszulka loose fit,3.33
koszulki z krótkim rękawem (męskie),- t-shirt basic,the north face,143.0,,100% bawełna,loose fit,Prosty,Okrągły,Krótki rękaw,koszulka loose fit,3.33
koszulki z krótkim rękawem (męskie),- t-shirt z nadrukiem,upscale by mister tee,64.0,119.0,100% bawełna,regular,Prosty,Okrągły,Krótki rękaw,koszulka regular fit,3.33
koszulki z krótkim rękawem (męskie),- koszulka polo,polo ralph lauren big & tall,639.0,529.0,100% bawełna,regular,Prosty,,Krótki rękaw,koszulka regular fit,3.33
koszulki z krótkim rękawem (męskie),- t-shirt z nadrukiem,pme legend,239.0,89.0,100% bawełna,regular,Prosty,Okrągły,Krótki rękaw,koszulka regular fit,3.33
koszulki z krótkim rękawem (męskie),- top,adidas performance,139.0,139.0,100% poliester,regular,Dopasowany,Okrągły,Bez rękawów,koszulka regular fit,3.33
koszulki z krótkim rękawem (męskie),- t-shirt basic,tiger of sweden,309.0,559.0,100% bawełna,loose fit,Prosty,Okrągły,Krótki rękaw,koszulka loose fit,3.33
koszulki z krótkim rękawem (męskie),- t-shirt basic,polo ralph lauren big & tall,379.0,529.0,100% bawełna,slim,Prosty,Okrągły,Krótki rękaw,koszulka slim fit,32.2
koszulki z krótkim rękawem (męskie),onsfred - t-shirt z nadrukiem,only & sons onsfred,99.0,179.0,100% bawełna,loose fit,Prosty,Okrągły,Krótki rękaw,koszulka loose fit,3.33
koszulki z krótkim rękawem (męskie),- koszulka polo,façonnable,410.0,179.99,100% bawełna,regular,Prosty,,Krótki rękaw,koszulka regular fit,3.33
koszulki z krótkim rękawem (męskie),- t-shirt basic,pier one,35.0,,100% bawełna,slim,Prosty,Okrągły,Krótki rękaw,koszulka slim fit,32.2
koszulki z krótkim rękawem (męskie),decca - t-shirt z nadrukiem,rockshirts decca,109.0,99.0,100% bawełna,regular fit,Prosty,Okrągły,Krótki rękaw,koszulka regular fit,3.33
koszulki z krótkim rękawem (męskie),- t-shirt z nadrukiem,jack & jones,67.45,74.99,100% bawełna,regular,Prosty,Okrągły,Krótki rękaw,koszulka regular fit,3.33
koszulki z krótkim rękawem (męskie),- koszulka polo,fynch,127.0,199.0,100% bawełna,regular,Prosty,Okrągły,Krótki rękaw,koszulka regular fit,3.33
koszulki z krótkim rękawem (męskie),- t-shirt z nadrukiem,jack & jones,89.99,289.0,100% bawełna,regular,Prosty,Okrągły,Krótki rękaw,koszulka regular fit,3.33
koszulki z krótkim rękawem (męskie),jprccrodney - koszulka polo,jack & jones premium jprccrodney,116.95,129.99,"60% bawełna, 40% poliester",regular,Prosty,Typu Henley,Krótki rękaw,koszulka regular fit,3.33
koszulki z krótkim rękawem (męskie),- t-shirt basic,napapijri,116.0,129.0,100% bawełna,regular,Prosty,Okrągły,Krótki rękaw,koszulka regular fit,3.33
koszulki z krótkim rękawem (męskie),- t-shirt basic,joules,134.0,119.0,100% bawełna,regular,Prosty,Okrągły,Krótki rękaw,koszulka regular fit,3.33
koszulki z krótkim rękawem (męskie),dulivio - t-shirt z nadrukiem,hugo dulivio,161.0,179.0,100% bawełna,regular,Prosty,Okrągły,Krótki rękaw,koszulka regular fit,3.33
koszulki z krótkim rękawem (męskie),unisex - top,yourturn unisex,89.0,69.0,"58% bawełna, 37% poliester, 5% elastan",skinny,Dopasowanie do figury,Okrągły,Bez rękawów,koszulka skinny fit,0.0
koszulki z krótkim rękawem (męskie),relaxed fit - koszulka polo,selected relaxed fit,164.99,,"93% bawełna, 7% elastan",loose fit,Prosty,,Krótki rękaw,koszulka loose fit,3.33
koszulki z krótkim rękawem (męskie),- t-shirt z nadrukiem,double a by w.w.,250.0,250.0,100% bawełna,regular,Prosty,Okrągły,Krótki rękaw,koszulka regular fit,3.33
koszulki z krótkim rękawem (męskie),- t-shirt z nadrukiem,dc shoes,104.0,189.0,100% bawełna,regular,Prosty,Okrągły,Krótki rękaw,koszulka regular fit,3.33
koszulki z krótkim rękawem (męskie),- koszulka polo,gap,109.0,164.99,"98% bawełna, 2% elastan",regular,Prosty,,Krótki rękaw,koszulka regular fit,3.33
koszulki z krótkim rękawem (męskie),- t-shirt z nadrukiem,allsaints,379.0,309.0,100% bawełna,loose fit,Prosty,Okrągły,Krótki rękaw,koszulka loose fit,3.33
koszulki z krótkim rękawem (męskie),- koszulka sportowa,puma,305.0,339.0,100% poliester,regular,Prosty,Okrągły,Krótki rękaw,koszulka regular fit,3.33
koszulki z krótkim rękawem (męskie),- t-shirt z nadrukiem,wrong friends,255.0,159.0,100% bawełna,regular,Prosty,Okrągły,Krótki rękaw,koszulka regular fit,3.33
koszulki z krótkim rękawem (męskie),unisex - bluzka z długim rękawem,yourturn unisex,129.0,199.0,"65% poliester, 35% bawełna",regular,Prosty,Okrągły,Długi rękaw,koszulka regular fit,3.33
koszulki z krótkim rękawem (męskie),2 pack - koszulka polo,champion 2 pack,179.0,199.0,100% bawełna,regular,Prosty,,Krótki rękaw,koszulka regular fit,3.33
koszulki z krótkim rękawem (męskie),- t-shirt z nadrukiem,puma,79.0,129.0,100% bawełna,regular,Prosty,Okrągły,Krótki rękaw,koszulka regular fit,3.33
koszulki z krótkim rękawem (męskie),- t-shirt z nadrukiem,puma,74.0,109.0,100% bawełna,regular,Prosty,Okrągły,Krótki rękaw,koszulka regular fit,3.33
koszulki z krótkim rękawem (męskie),- koszulka polo,gant,479.0,359.0,100% bawełna,regular,Prosty,,Krótki rękaw,koszulka regular fit,3.33
koszulki z krótkim rękawem (męskie),jprblalucas - t-shirt z nadrukiem,jack & jones premium jprblalucas,80.0,,100% bawełna,regular,Prosty,Okrągły,Krótki rękaw,koszulka regular fit,3.33
koszulki z krótkim rękawem (męskie),koszulka polo,fred perry koszulka polo,449.0,449.0,100% bawełna,regular,Prosty,Okrągły,Krótki rękaw,koszulka regular fit,3.33
koszulki z krótkim rękawem (męskie),tee 2 pack - t-shirt basic,levi's® plus tee 2 pack,179.0,79.0,100% bawełna,regular,Prosty,Okrągły,Krótki rękaw,koszulka regular fit,3.33
koszulki z krótkim rękawem (męskie),- koszulka polo,dondup,809.0,529.0,100% bawełna,regular,Prosty,,Krótki rękaw,koszulka regular fit,3.33
koszulki z krótkim rękawem (męskie),- t-shirt basic,tom tailor,85.0,84.0,100% bawełna,regular,Prosty,Okrągły,Krótki rękaw,koszulka regular fit,3.33
koszulki z krótkim rękawem (męskie),relax - koszulka polo,bershka relax,129.0,109.0,"92% wiskoza, 8% poliester",loose fit,Prosty,,Krótki rękaw,koszulka loose fit,3.33
koszulki z krótkim rękawem (męskie),- t-shirt z nadrukiem,s.oliver,84.99,,"60% bawełna, 40% poliester",regular,Prosty,Okrągły,Krótki rękaw,koszulka regular fit,3.33
koszulki z krótkim rękawem (męskie),- t-shirt z nadrukiem,the north face,199.99,,100% bawełna,regular,Prosty,Okrągły,Krótki rękaw,koszulka regular fit,3.33
koszulki z krótkim rękawem (męskie),- t-shirt z nadrukiem,s.oliver,89.99,119.0,100% bawełna,regular,Prosty,Okrągły,Krótki rękaw,koszulka regular fit,3.33
koszulki z krótkim rękawem (męskie),bridge - koszulka polo,j.lindeberg sports bridge,330.0,339.0,100% poliester,regular,Prosty,,Krótki rękaw,koszulka regular fit,3.33
koszulki z krótkim rękawem (męskie),- koszulka polo,siksilk,102.0,204.0,"95% bawełna, 5% elastan",slim,Prosty,,Krótki rękaw,koszulka slim fit,32.2
koszulki z krótkim rękawem (męskie),- koszulka polo,lacoste,699.0,459.0,100% poliester,regular,Prosty,,Krótki rękaw,koszulka regular fit,3.33
koszulki z krótkim rękawem (męskie),- koszulka polo,joules,201.0,299.95,100% bawełna,regular,Prosty,,Krótki rękaw,koszulka regular fit,3.33
koszulki z krótkim rękawem (męskie),- bluzka z długim rękawem,lindbergh,199.96,,100% bawełna,regular,Prosty,Okrągły,Długi rękaw,koszulka regular fit,3.33
koszulki z krótkim rękawem (męskie),mathis active - bluzka z długim rękawem,roark running mathis active,289.0,289.0,"85% poliester, 15% bawełna",regular,Prosty,Okrągły,Długi rękaw,koszulka regular fit,3.33
koszulki z krótkim rękawem (męskie),- t-shirt basic,s.oliver,229.0,164.99,"95% bawełna, 5% elastan",regular,Prosty,Wycięcie typu V,Krótki rękaw,koszulka regular fit,3.33
koszulki z krótkim rękawem (męskie),- koszulka polo,paul smith,989.0,529.0,100% bawełna,regular,Prosty,,Krótki rękaw,koszulka regular fit,3.33
koszulki z krótkim rękawem (męskie),- bluzka z długim rękawem,jack & jones,89.99,49.0,100% bawełna,regular,Prosty,Okrągły,Długi rękaw,koszulka regular fit,3.33
koszulki z krótkim rękawem (męskie),meyer - t-shirt z nadrukiem,pepe jeans meyer,159.0,139.0,100% bawełna,regular,Prosty,Okrągły,Krótki rękaw,koszulka regular fit,3.33
koszulki z krótkim rękawem (męskie),fc bayern icon - t-shirt z nadrukiem,adidas originals fc bayern icon,179.0,159.0,100% bawełna,regular,Prosty,Okrągły,Krótki rękaw,koszulka regular fit,3.33
koszulki z krótkim rękawem (męskie),mahsa - t-shirt z nadrukiem,napapijri mahsa,161.0,179.0,100% bawełna,regular,Prosty,Okrągły,Krótki rękaw,koszulka regular fit,3.33
koszulki z krótkim rękawem (męskie),- t-shirt z nadrukiem,billabong,125.0,139.0,100% bawełna,loose fit,Prosty,Okrągły,Krótki rękaw,koszulka loose fit,3.33
koszulki z krótkim rękawem (męskie),- koszulka polo,massimo dutti,199.0,139.0,100% bawełna,regular,Prosty,Wycięcie typu V,Krótki rękaw,koszulka regular fit,3.33
koszulki z krótkim rękawem (męskie),- t-shirt basic,pier one,69.0,99.0,100% bawełna,regular,Prosty,Okrągły,Krótki rękaw,koszulka regular fit,3.33
koszulki z krótkim rękawem (męskie),- t-shirt z nadrukiem,mister tee,70.0,,100% bawełna,regular,Prosty,Okrągły,Krótki rękaw,koszulka regular fit,3.33
koszulki z krótkim rękawem (męskie),cruise - bluzka z długim rękawem,calvin klein golf cruise,289.0,199.0,"91% poliester, 9% elastan",regular,Prosty,,Długi rękaw,koszulka regular fit,3.33
koszulki z krótkim rękawem (męskie),- koszulka polo,tommy hilfiger,327.2,,100% bawełna,regular,Prosty,Okrągły,Krótki rękaw,koszulka regular fit,3.33
koszulki z krótkim rękawem (męskie),- t-shirt z nadrukiem,jack & jones,79.95,99.99,100% bawełna,loose fit,Prosty,Okrągły,Krótki rękaw,koszulka loose fit,3.33
koszulki z krótkim rękawem (męskie),- koszulka polo,lacoste,609.0,449.0,"94% poliester, 6% elastan",regular,Prosty,,Krótki rękaw,koszulka regular fit,3.33
koszulki z krótkim rękawem (męskie),5 pack - t-shirt basic,pier one 5 pack,152.0,169.0,100% bawełna,regular,Prosty,Okrągły,Krótki rękaw,koszulka regular fit,3.33
koszulki z krótkim rękawem (męskie),- t-shirt z nadrukiem,jack & jones,74.99,79.99,"65% bawełna, 35% poliester",regular,Prosty,Okrągły,Krótki rękaw,koszulka regular fit,3.33
koszulki z krótkim rękawem (męskie),- t-shirt z nadrukiem,mister tee,70.0,79.0,100% bawełna,regular,Prosty,Okrągły,Krótki rękaw,koszulka regular fit,3.33
koszulki z krótkim rękawem (męskie),- t-shirt basic,solid,176.0,219.0,"76% bawełna, 20% poliester, 4% elastan",loose fit,Prosty,Okrągły,Półrękawek,koszulka loose fit,3.33
koszulki z krótkim rękawem (męskie),- t-shirt z nadrukiem,brandit,49.0,99.0,100% bawełna,regular,Prosty,Okrągły,Krótki rękaw,koszulka regular fit,3.33
koszulki z krótkim rękawem (męskie),- t-shirt z nadrukiem,jack & jones,89.95,99.99,100% bawełna,regular,Prosty,Okrągły,Krótki rękaw,koszulka regular fit,3.33
koszulki z krótkim rękawem (męskie),- t-shirt z nadrukiem,terranova,59.99,139.0,100% bawełna,regular,Prosty,Okrągły,Krótki rękaw,koszulka regular fit,3.33
koszulki z krótkim rękawem (męskie),- t-shirt basic,120% lino,569.0,1079.0,"55% len, 45% bawełna",regular,Prosty,Wycięcie typu V,Krótki rękaw,koszulka regular fit,3.33
koszulki z krótkim rękawem (męskie),csc™ - t-shirt basic,columbia csc™,119.0,109.0,100% bawełna,regular,Prosty,Okrągły,Krótki rękaw,koszulka regular fit,3.33
koszulki z krótkim rękawem (męskie),- koszulka polo,boggi milano,479.0,,"56% bawełna, 39% poliester, 5% elastan",regular,Prosty,,Krótki rękaw,koszulka regular fit,3.33
koszulki z krótkim rękawem (męskie),- t-shirt basic,adidas originals,109.0,139.0,100% bawełna,regular,Prosty,Okrągły,Krótki rękaw,koszulka regular fit,3.33
koszulki z krótkim rękawem (męskie),- t-shirt basic,calvin klein jeans,134.0,149.0,100% bawełna,regular,Prosty,Okrągły,Krótki rękaw,koszulka regular fit,3.33
koszulki z krótkim rękawem (męskie),- t-shirt z nadrukiem,s.oliver,97.99,129.99,100% bawełna,regular,Prosty,Okrągły,Krótki rękaw,koszulka regular fit,3.33
koszulki z krótkim rękawem (męskie),- t-shirt z nadrukiem,siksilk,204.0,79.0,100% bawełna,loose fit,Prosty,Okrągły,Półrękawek,koszulka loose fit,3.33
koszulki z krótkim rękawem (męskie),muscle - top,colucci muscle,118.0,139.0,100% bawełna,slim,Prosty,Okrągły,Bez rękawów,koszulka slim fit,32.2
koszulki z krótkim rękawem (męskie),manchester city - artykuły klubowe,puma manchester city,449.0,499.0,100% poliester,slim,Prosty,,Długi rękaw,koszulka slim fit,32.2
koszulki z krótkim rękawem (męskie),- koszulka polo,united colors of benetton,219.9,349.0,100% bawełna,regular,Prosty,,Długi rękaw,koszulka regular fit,3.33
koszulki z krótkim rękawem (męskie),disney mickey mouse madface - t-shirt z nadrukiem,re:covered disney mickey mouse madface,134.0,151.0,100% bawełna,slim,Prosty,Okrągły,Krótki rękaw,koszulka slim fit,32.2
koszulki z krótkim rękawem (męskie),aldridge - t-shirt z nadrukiem,pepe jeans aldridge,148.0,185.0,100% bawełna,regular fit,Prosty,Okrągły,Krótki rękaw,koszulka regular fit,3.33
koszulki z krótkim rękawem (męskie),- koszulka polo,lacoste,499.0,459.0,100% bawełna,regular,Prosty,Okrągły,Krótki rękaw,koszulka regular fit,3.33
koszulki z krótkim rękawem (męskie),unisex - top,carne bollente unisex,379.0,1779.0,"98% bawełna, 2% poliuretan",slim,Dopasowany,Okrągły,Bez rękawów,koszulka slim fit,32.2
koszulki z krótkim rękawem (męskie),- t-shirt z nadrukiem,versace jeans couture,637.0,849.0,100% bawełna,regular,Prosty,Okrągły,Krótki rękaw,koszulka regular fit,3.33
koszulki z krótkim rękawem (męskie),- t-shirt basic,lyle & scott,143.0,159.0,100% bawełna,regular,Prosty,Okrągły,Krótki rękaw,koszulka regular fit,3.33
koszulki z krótkim rękawem (męskie),- bluzka z długim rękawem,carhartt wip,289.0,249.0,100% bawełna,regular,Prosty,Okrągły,Długi rękaw,koszulka regular fit,3.33
koszulki z krótkim rękawem (męskie),unisex - bluzka z długim rękawem,puma unisex,160.0,,100% poliester,loose fit,Prosty,Wycięcie typu V,Długi rękaw,koszulka loose fit,3.33
koszulki z krótkim rękawem (męskie),- t-shirt z nadrukiem,boss,399.0,269.0,100% bawełna,loose fit,Prosty,Okrągły,Krótki rękaw,koszulka loose fit,3.33
koszulki z krótkim rękawem (męskie),slhcormac - t-shirt basic,selected slhcormac,242.0,,100% bawełna,regular,Prosty,Okrągły,Krótki rękaw,koszulka regular fit,3.33
koszulki z krótkim rękawem (męskie),graffiti - t-shirt z nadrukiem,mj gonzales graffiti,79.0,199.0,100% bawełna,loose fit,Prosty,Okrągły,Półrękawek,koszulka loose fit,3.33
koszulki z krótkim rękawem (męskie),- t-shirt z nadrukiem,pull&bear,69.9,249.0,100% bawełna,regular,Prosty,Okrągły,Krótki rękaw,koszulka regular fit,3.33
koszulki z krótkim rękawem (męskie),- koszulka polo,pull&bear,79.9,204.0,"72% wiskoza, 28% poliamid",regular,Prosty,,Krótki rękaw,koszulka regular fit,3.33
koszulki z krótkim rękawem (męskie),- koszulka polo,lindbergh,134.21,,"95% bawełna, 5% elastan",slim,Prosty,Wycięcie typu V,Krótki rękaw,koszulka slim fit,32.2
koszulki z krótkim rękawem (męskie),- bluzka z długim rękawem,siksilk,163.0,234.0,"95% bawełna, 5% elastan",regular,Prosty,,Długi rękaw,koszulka regular fit,3.33
koszulki z krótkim rękawem (męskie),screen - t-shirt z nadrukiem,quiksilver screen,70.0,139.0,100% bawełna,loose fit,Prosty,Okrągły,Półrękawek,koszulka loose fit,3.33
koszulki z krótkim rękawem (męskie),- t-shirt basic,timberland,125.0,,100% bawełna,regular,Prosty,Okrągły,Krótki rękaw,koszulka regular fit,3.33
koszulki z krótkim rękawem (męskie),- koszulka sportowa,adidas performance,179.0,99.0,"81% poliester, 14% lyocell, 5% elastan",slim,Prosty,Okrągły,Krótki rękaw,koszulka slim fit,32.2
koszulki z krótkim rękawem (męskie),- t-shirt z nadrukiem,next,156.0,79.0,100% bawełna,regular,Prosty,Okrągły,Krótki rękaw,koszulka regular fit,3.33
koszulki z krótkim rękawem (męskie),- t-shirt z nadrukiem,dickies,161.0,,100% bawełna,regular,Prosty,Okrągły,Krótki rękaw,koszulka regular fit,3.33
koszulki z krótkim rękawem (męskie),- t-shirt basic,calvin klein jeans,134.0,149.0,100% bawełna,regular,Prosty,Okrągły,Krótki rękaw,koszulka regular fit,3.33
koszulki z krótkim rękawem (męskie),4 pack - t-shirt basic,we fashion 4 pack,289.0,149.0,"95% bawełna, 5% elastan",regular,Dopasowany,Okrągły,Bez rękawów,koszulka regular fit,3.33
koszulki z krótkim rękawem (męskie),unisex - t-shirt z nadrukiem,yourturn unisex,79.0,84.0,100% bawełna,loose fit,Prosty,Okrągły,Półrękawek,koszulka loose fit,3.33
koszulki z krótkim rękawem (męskie),- koszulka polo,boggi milano,639.0,449.0,"90% bawełna, 10% jedwab",regular,Prosty,,Krótki rękaw,koszulka regular fit,3.33
koszulki z krótkim rękawem (męskie),- t-shirt z nadrukiem,dickies,143.0,,100% bawełna,regular,Prosty,Okrągły,Krótki rękaw,koszulka regular fit,3.33
koszulki z krótkim rękawem (męskie),bowie - bluzka z długim rękawem,les deux bowie,189.0,539.0,"42% poliester, 40% bawełna, 18% wiskoza",loose fit,Prosty,,Długi rękaw,koszulka loose fit,3.33
koszulki z krótkim rękawem (męskie),- t-shirt basic,barbour,121.0,269.0,100% bawełna,regular,Prosty,Okrągły,Krótki rękaw,koszulka regular fit,3.33
koszulki z krótkim rękawem (męskie),- top,next,97.0,89.0,100% bawełna,slim fit,Prosty,Okrągły,Bez rękawów,koszulka slim fit,32.2
koszulki z krótkim rękawem (męskie),slhmattis - koszulka polo,selected slhmattis,175.0,269.0,"65% bawełna, 35% len",regular,Prosty,Wycięcie typu V,Krótki rękaw,koszulka regular fit,3.33
koszulki z krótkim rękawem (męskie),unisex - t-shirt basic,yourturn unisex,53.0,59.0,100% bawełna,loose fit,Prosty,Okrągły,Półrękawek,koszulka loose fit,3.33
koszulki z krótkim rękawem (męskie),morler - t-shirt z nadrukiem,indicode jeans morler,110.0,129.0,100% bawełna,regular,Prosty,Okrągły,Krótki rękaw,koszulka regular fit,3.33
koszulki z krótkim rękawem (męskie),unisex - bluzka z długim rękawem,hummel unisex,183.6,,100% poliester,regular,Prosty,Okrągły,Bardzo długi rękaw,koszulka regular fit,3.33
koszulki z krótkim rękawem (męskie),- top,pier one sport,63.0,,"53% bawełna, 47% poliester",regular,Prosty,Okrągły,Bez rękawów,koszulka regular fit,3.33
koszulki z krótkim rękawem (męskie),- t-shirt z nadrukiem,s.oliver,69.99,69.0,100% bawełna,regular,Prosty,Okrągły,Krótki rękaw,koszulka regular fit,3.33
koszulki z krótkim rękawem (męskie),jjelogo - t-shirt z nadrukiem,jack & jones jjelogo,89.99,179.0,100% bawełna,regular,Prosty,Okrągły,Krótki rękaw,koszulka regular fit,3.33
koszulki z krótkim rękawem (męskie),panel unisex - t-shirt z nadrukiem,yourturn panel unisex,84.0,84.0,100% bawełna,regular,Prosty,Okrągły,Krótki rękaw,koszulka regular fit,3.33
koszulki z krótkim rękawem (męskie),- t-shirt basic,jack & jones premium,71.95,79.99,"60% bawełna, 40% poliester",regular,Prosty,Okrągły,Krótki rękaw,koszulka regular fit,3.33
koszulki z krótkim rękawem (męskie),- t-shirt basic,pier one,34.0,49.0,100% bawełna,regular,Prosty,Okrągły,Krótki rękaw,koszulka regular fit,3.33
koszulki z krótkim rękawem (męskie),- t-shirt z nadrukiem,puma,109.0,99.0,100% bawełna,regular,Prosty,Okrągły,Krótki rękaw,koszulka regular fit,3.33
koszulki z krótkim rękawem (męskie),- t-shirt basic,sandro,499.0,,100% bawełna,regular,Prosty,Okrągły,Krótki rękaw,koszulka regular fit,3.33
koszulki z krótkim rękawem (męskie),- bluzka z długim rękawem,diesel,271.0,339.0,100% bawełna,loose fit,Prosty,Okrągły,Długi rękaw,koszulka loose fit,3.33
koszulki z krótkim rękawem (męskie),teamfinal - koszulka sportowa,puma teamfinal,179.0,169.0,100% poliester,regular,Dopasowany,Okrągły,Krótki rękaw,koszulka regular fit,3.33
koszulki z krótkim rękawem (męskie),- t-shirt z nadrukiem,scalpers,137.35,170.0,100% bawełna,regular,Prosty,Okrągły,Krótki rękaw,koszulka regular fit,3.33
koszulki z krótkim rękawem (męskie),eddard - koszulka polo,indicode jeans eddard,89.99,140.99,100% bawełna,regular,Prosty,Wycięcie typu V,Krótki rękaw,koszulka regular fit,3.33
koszulki z krótkim rękawem (męskie),- koszulka polo,gant,399.95,329.0,100% bawełna,regular,Prosty,,Krótki rękaw,koszulka regular fit,3.33
koszulki z krótkim rękawem (męskie),orlando - t-shirt z nadrukiem,allsaints orlando,278.0,309.0,100% bawełna,loose fit,Prosty,Okrągły,Krótki rękaw,koszulka loose fit,3.33
koszulki z krótkim rękawem (męskie),- t-shirt z nadrukiem,mister tee,82.0,139.0,100% bawełna,loose fit,Prosty,Okrągły,Półrękawek,koszulka loose fit,3.33
koszulki z krótkim rękawem (męskie),- t-shirt z nadrukiem,s.oliver,69.99,169.0,100% bawełna,regular,Prosty,Okrągły,Krótki rękaw,koszulka regular fit,3.33
koszulki z krótkim rękawem (męskie),2 pack - t-shirt basic,urban classics 2 pack,67.0,,100% bawełna,nadwymiarowy,Prosty,Okrągły,Półrękawek,koszulka oversize,22.7
koszulki z krótkim rękawem (męskie),- koszulka polo,jack & jones premium,129.99,109.0,100% bawełna,regular,Prosty,Okrągły,Krótki rękaw,koszulka regular fit,3.33
koszulki z krótkim rękawem (męskie),set - szorty,indicode jeans set,129.99,258.99,100% bawełna,regular,Prosty,Okrągły,Krótki rękaw,koszulka regular fit,3.33
koszulki z krótkim rękawem (męskie),regular fit - top,seidensticker regular fit,149.0,79.0,100% bawełna,regular,,Okrągły,Bez rękawów,koszulka regular fit,3.33
koszulki z krótkim rękawem (męskie),unisex - t-shirt basic,pangaia unisex,128.0,319.0,100% bawełna,regular,Prosty,Okrągły,Krótki rękaw,koszulka regular fit,3.33
koszulki z krótkim rękawem (męskie),- bluzka z długim rękawem,adidas performance,569.0,199.0,100% poliester,regular,Prosty,Wycięcie typu V,Długi rękaw,koszulka regular fit,3.33
koszulki z krótkim rękawem (męskie),- koszulka polo,jack & jones,219.99,227.0,100% poliester,regular,Prosty,Typu Henley,Krótki rękaw,koszulka regular fit,3.33
koszulki z krótkim rękawem (męskie),- t-shirt z nadrukiem,jack & jones,71.95,89.99,100% bawełna,loose fit,Prosty,Okrągły,Krótki rękaw,koszulka loose fit,3.33
koszulki z krótkim rękawem (męskie),spongebob squarepants - t-shirt z nadrukiem,henry tiger spongebob squarepants,169.99,,100% bawełna,regular,Prosty,Okrągły,Krótki rękaw,koszulka regular fit,3.33
koszulki z krótkim rękawem (męskie),- t-shirt z nadrukiem,levi's®,159.0,159.0,100% bawełna,loose fit,Prosty,Okrągły,Krótki rękaw,koszulka loose fit,3.33
koszulki z krótkim rękawem (męskie),- t-shirt z nadrukiem,calvin klein,152.0,169.0,100% bawełna,regular,Prosty,Okrągły,Krótki rękaw,koszulka regular fit,3.33
koszulki z krótkim rękawem (męskie),- t-shirt z nadrukiem,jack & jones,69.99,79.99,100% bawełna,loose fit,Prosty,Okrągły,Krótki rękaw,koszulka loose fit,3.33
koszulki z krótkim rękawem (męskie),- t-shirt z nadrukiem,von dutch,159.0,79.0,100% bawełna,regular,Prosty,Okrągły,Krótki rękaw,koszulka regular fit,3.33
koszulki z krótkim rękawem (męskie),- t-shirt z nadrukiem,pier one,30.0,59.0,100% bawełna,regular,Prosty,Okrągły,Krótki rękaw,koszulka regular fit,3.33
koszulki z krótkim rękawem (męskie),- t-shirt z nadrukiem,carhartt wip,199.0,159.0,100% bawełna,loose fit,Prosty,Okrągły,Krótki rękaw,koszulka loose fit,3.33
koszulki z krótkim rękawem (męskie),tyrese - t-shirt z nadrukiem,solid tyrese,82.0,109.0,100% bawełna,regular,Prosty,Okrągły,Krótki rękaw,koszulka regular fit,3.33
koszulki z krótkim rękawem (męskie),- t-shirt basic,casual friday,129.0,109.0,100% bawełna,regular,Prosty,Okrągły,Krótki rękaw,koszulka regular fit,3.33
koszulki z krótkim rękawem (męskie),- t-shirt z nadrukiem,scalpers,137.35,319.0,100% bawełna,regular,Prosty,Okrągły,Krótki rękaw,koszulka regular fit,3.33
koszulki z krótkim rękawem (męskie),peanuts snoopy joe cool stencil urban street art - t-shirt z nadrukiem,henry tiger peanuts snoopy joe cool stencil urban street art,109.99,1349.0,100% bawełna,regular,Prosty,Okrągły,Krótki rękaw,koszulka regular fit,3.33
koszulki z krótkim rękawem (męskie),- koszulka polo,adidas originals,224.0,,100% poliester,regular,Prosty,Wycięcie typu V,Krótki rękaw,koszulka regular fit,3.33
koszulki z krótkim rękawem (męskie),- t-shirt z nadrukiem,fatface,202.0,269.0,100% bawełna,regular,Prosty,Okrągły,Krótki rękaw,koszulka regular fit,3.33
koszulki z krótkim rękawem (męskie),- koszulka polo,blkvis,323.0,,"70% akryl, 30% wełna",loose fit,Prosty,,Półrękawek,koszulka loose fit,3.33
koszulki z krótkim rękawem (męskie),- t-shirt z nadrukiem,levi's®,159.0,79.0,100% bawełna,regular,Prosty,Okrągły,Krótki rękaw,koszulka regular fit,3.33
koszulki z krótkim rękawem (męskie),unisex - t-shirt z nadrukiem,yourturn unisex,79.0,99.0,100% bawełna,loose fit,Prosty,,Półrękawek,koszulka loose fit,3.33
koszulki z krótkim rękawem (męskie),- t-shirt z nadrukiem,hugo,349.0,,"55% bawełna, 40% poliester, 5% elastan",loose fit,Prosty,Okrągły,Półrękawek,koszulka loose fit,3.33
koszulki z krótkim rękawem (męskie),waffle - bluzka z długim rękawem,blkvis waffle,179.0,199.0,100% bawełna,loose fit,Prosty,Okrągły,Długi rękaw,koszulka loose fit,3.33
koszulki z krótkim rękawem (męskie),- t-shirt z nadrukiem,salsa jeans,289.0,139.0,100% bawełna,loose fit,Prosty,Okrągły,Półrękawek,koszulka loose fit,3.33
koszulki z krótkim rękawem (męskie),- koszulka sportowa,puma,129.0,129.0,100% poliester,regular,Prosty,Okrągły,Krótki rękaw,koszulka regular fit,3.33
koszulki z krótkim rękawem (męskie),- t-shirt basic,msgm,629.0,359.0,100% bawełna,loose fit,Prosty,Okrągły,Krótki rękaw,koszulka loose fit,3.33
koszulki z krótkim rękawem (męskie),juno - t-shirt z nadrukiem,bdg urban outfitters juno,179.0,179.0,100% bawełna,regular,Prosty,Okrągły,Krótki rękaw,koszulka regular fit,3.33
koszulki z krótkim rękawem (męskie),- t-shirt basic,qs,109.99,129.0,100% bawełna,loose fit,Prosty,Okrągły,Półrękawek,koszulka loose fit,3.33
koszulki z krótkim rękawem (męskie),ventus - t-shirt z nadrukiem,ea7 emporio armani ventus,379.0,319.0,"98% poliester, 2% elastan",regular,Dopasowany,Okrągły,Krótki rękaw,koszulka regular fit,3.33
koszulki z krótkim rękawem (męskie),- t-shirt basic,jordan,125.0,139.0,100% bawełna,regular,Prosty,Okrągły,Krótki rękaw,koszulka regular fit,3.33
koszulki z krótkim rękawem (męskie),oversize - t-shirt z nadrukiem,marc o'polo oversize,229.0,359.0,100% bawełna,nadwymiarowy,Prosty,Okrągły,Półrękawek,koszulka oversize,22.7
koszulki z krótkim rękawem (męskie),- t-shirt basic,jack & jones,80.95,89.99,100% bawełna,regular,Prosty,Okrągły,Krótki rękaw,koszulka regular fit,3.33
koszulki z krótkim rękawem (męskie),unisex - t-shirt z nadrukiem,tommy jeans unisex,152.0,,100% bawełna,loose fit,Prosty,Okrągły,Krótki rękaw,koszulka loose fit,3.33
koszulki z krótkim rękawem (męskie),unisex - t-shirt basic,polo ralph lauren unisex,379.0,719.0,100% bawełna,regular,Prosty,Okrągły,Krótki rękaw,koszulka regular fit,3.33
koszulki z krótkim rękawem (męskie),aston martin - t-shirt z nadrukiem,puma aston martin,339.0,329.0,100% poliester,regular,Prosty,Okrągły,Półrękawek,koszulka regular fit,3.33
koszulki z krótkim rękawem (męskie),- t-shirt z nadrukiem,s.oliver,363.0,139.0,100% bawełna,regular,Prosty,Okrągły,Krótki rękaw,koszulka regular fit,3.33
koszulki z krótkim rękawem (męskie),- t-shirt basic,gant,170.0,189.0,100% bawełna,regular,Prosty,Okrągły,Krótki rękaw,koszulka regular fit,3.33
koszulki z krótkim rękawem (męskie),3 pack - koszulka polo,pier one 3 pack,55.0,109.0,100% bawełna,regular,Prosty,,Krótki rękaw,koszulka regular fit,3.33
koszulki z krótkim rękawem (męskie),yungblud on stage - t-shirt z nadrukiem,rockshirts yungblud on stage,99.0,179.0,100% bawełna,regular,Prosty,Okrągły,Krótki rękaw,koszulka regular fit,3.33
koszulki z krótkim rękawem (męskie),- t-shirt basic,fatface,202.0,119.0,100% bawełna,regular,Prosty,Okrągły,Krótki rękaw,koszulka regular fit,3.33
koszulki z krótkim rękawem (męskie),- t-shirt z nadrukiem,s.oliver,89.99,59.99,100% bawełna,regular,Prosty,Okrągły,Krótki rękaw,koszulka regular fit,3.33
koszulki z krótkim rękawem (męskie),fuji unisex - t-shirt z nadrukiem,edwin fuji unisex,199.0,159.0,100% bawełna,regular,Prosty,Okrągły,Krótki rękaw,koszulka regular fit,3.33
koszulki z krótkim rękawem (męskie),amon - t-shirt z nadrukiem,solid amon,129.0,229.99,100% bawełna,loose fit,Prosty,Okrągły,Półrękawek,koszulka loose fit,3.33
koszulki z krótkim rękawem (męskie),- t-shirt z nadrukiem,versace jeans couture,552.0,849.0,100% bawełna,regular,Prosty,Okrągły,Krótki rękaw,koszulka regular fit,3.33
koszulki z krótkim rękawem (męskie),- top,bershka,75.9,99.0,100% bawełna,regular,Prosty,Okrągły,Bez rękawów,koszulka regular fit,3.33
koszulki z krótkim rękawem (męskie),unisex - top,yourturn unisex,69.0,89.0,100% bawełna,regular,Prosty,Okrągły,Bardzo krótki rękawek,koszulka regular fit,3.33
koszulki z krótkim rękawem (męskie),- t-shirt z nadrukiem,gap,129.0,269.0,100% bawełna,regular,Prosty,Okrągły,Krótki rękaw,koszulka regular fit,3.33
koszulki z krótkim rękawem (męskie),- koszulka polo,nike golf,242.0,,100% poliester,regular,Dopasowany,,Krótki rękaw,koszulka regular fit,3.33
koszulki z krótkim rękawem (męskie),boxy fit - t-shirt basic,pull&bear boxy fit,55.9,79.0,"97% bawełna, 3% elastan",loose fit,Prosty,Okrągły,Krótki rękaw,koszulka loose fit,3.33
koszulki z krótkim rękawem (męskie),monkey rodeo - t-shirt z nadrukiem,henry tiger monkey rodeo,99.99,,100% bawełna,regular,Prosty,Okrągły,Krótki rękaw,koszulka regular fit,3.33
koszulki z krótkim rękawem (męskie),- t-shirt basic,massimo dutti,129.0,179.0,100% bawełna,regular,Prosty,Okrągły,Krótki rękaw,koszulka regular fit,3.33
koszulki z krótkim rękawem (męskie),housemark graphic tee - t-shirt z nadrukiem,levi's® housemark graphic tee,139.0,139.0,100% bawełna,regular,Prosty,Okrągły,Krótki rękaw,koszulka regular fit,3.33
koszulki z krótkim rękawem (męskie),- koszulka sportowa,adidas originals,219.0,159.0,"52% bawełna, 48% poliester",regular,Prosty,Okrągły,Krótki rękaw,koszulka regular fit,3.33
koszulki z krótkim rękawem (męskie),kiss destroyer album - t-shirt z nadrukiem,kiss kiss destroyer album,99.0,79.0,100% bawełna,regular fit,Prosty,Okrągły,Krótki rękaw,koszulka regular fit,3.33
koszulki z krótkim rękawem (męskie),- t-shirt z nadrukiem,jack & jones,84.95,99.99,100% bawełna,regular,Prosty,Okrągły,Krótki rękaw,koszulka regular fit,3.33
koszulki z krótkim rękawem (męskie),unisex - t-shirt z nadrukiem,the tracksuit club unisex,126.0,279.0,100% bawełna,loose fit,Prosty,Okrągły,Krótki rękaw,koszulka loose fit,3.33
koszulki z krótkim rękawem (męskie),- koszulka polo,nike sportswear,132.0,,100% bawełna,regular,Prosty,,Półrękawek,koszulka regular fit,3.33
koszulki z krótkim rękawem (męskie),- t-shirt basic,gcds,739.0,439.0,100% bawełna,regular,Prosty,Okrągły,Krótki rękaw,koszulka regular fit,3.33
koszulki z krótkim rękawem (męskie),- t-shirt basic,s.oliver,69.99,129.0,100% bawełna,regular,Prosty,Wycięcie typu V,Krótki rękaw,koszulka regular fit,3.33
koszulki z krótkim rękawem (męskie),- t-shirt z nadrukiem,patriòt,311.0,,100% bawełna,regular,Prosty,Okrągły,Krótki rękaw,koszulka regular fit,3.33
koszulki z krótkim rękawem (męskie),silas - top,les deux silas,359.0,489.0,100% poliester,regular,Prosty,Okrągły,Bez rękawów,koszulka regular fit,3.33
koszulki z krótkim rękawem (męskie),- koszulka polo,seidensticker,299.0,129.0,100% bawełna,slim,Dopasowany,Okrągły,Krótki rękaw,koszulka slim fit,32.2
koszulki z krótkim rękawem (męskie),- koszulka polo,grimey,316.32,189.0,100% poliester,loose fit,Prosty,Wycięcie typu V,Półrękawek,koszulka loose fit,3.33
koszulki z krótkim rękawem (męskie),- t-shirt basic,s.oliver,89.99,119.0,100% bawełna,regular,Prosty,Okrągły,Krótki rękaw,koszulka regular fit,3.33
koszulki z krótkim rękawem (męskie),bheswin - t-shirt basic,blend bheswin,129.0,89.0,100% bawełna,regular,Prosty,Okrągły,Krótki rękaw,koszulka regular fit,3.33
koszulki z krótkim rękawem (męskie),wallo - koszulka polo,indicode jeans wallo,109.99,211.99,100% bawełna,regular,Prosty,Wycięcie typu V,Krótki rękaw,koszulka regular fit,3.33
koszulki z krótkim rękawem (męskie),- koszulka polo,puma,399.0,309.0,"94% poliester, 6% elastan",regular,Prosty,,Krótki rękaw,koszulka regular fit,3.33
koszulki z krótkim rękawem (męskie),- t-shirt z nadrukiem,tommy jeans,170.0,,100% bawełna,regular,Prosty,Okrągły,Krótki rękaw,koszulka regular fit,3.33
koszulki z krótkim rękawem (męskie),- bluzka z długim rękawem,msgm,1189.0,539.0,100% bawełna,regular,Prosty,Okrągły,Długi rękaw,koszulka regular fit,3.33
koszulki z krótkim rękawem (męskie),- t-shirt basic,jack & jones,74.99,129.0,100% bawełna,regular,Prosty,Okrągły,Półrękawek,koszulka regular fit,3.33
koszulki z krótkim rękawem (męskie),unisex - t-shirt z nadrukiem,calvin klein jeans unisex,146.0,209.0,100% bawełna,loose fit,Prosty,Okrągły,Krótki rękaw,koszulka loose fit,3.33
koszulki z krótkim rękawem (męskie),- koszulka polo,filippa k,409.0,529.0,"95% bawełna, 5% elastan",regular,Prosty,Wycięcie typu V,Krótki rękaw,koszulka regular fit,3.33
koszulki z krótkim rękawem (męskie),- top,hugo,179.0,,100% bawełna,regular,Prosty,Okrągły,Bardzo krótki rękawek,koszulka regular fit,3.33
koszulki z krótkim rękawem (męskie),- t-shirt z nadrukiem,jack & jones,74.99,69.0,100% bawełna,regular,Prosty,Okrągły,Krótki rękaw,koszulka regular fit,3.33
koszulki z krótkim rękawem (męskie),t-shirt z nadrukiem,helly hansen t,129.0,164.99,100% bawełna,regular,Prosty,Okrągły,Krótki rękaw,koszulka regular fit,3.33
koszulki z krótkim rękawem (męskie),- t-shirt basic,camel active,139.95,119.0,"71% bawełna, 25% poliester, 4% elastan",regular,Prosty,Okrągły,Krótki rękaw,koszulka regular fit,3.33
koszulki z krótkim rękawem (męskie),- t-shirt z nadrukiem,diverse,62.99,,100% bawełna,regular,Prosty,Okrągły,Krótki rękaw,koszulka regular fit,3.33
koszulki z krótkim rękawem (męskie),unisex - t-shirt z nadrukiem,carne bollente unisex,180.0,359.0,100% bawełna,loose fit,Prosty,Okrągły,Krótki rękaw,koszulka loose fit,3.33
koszulki z krótkim rękawem (męskie),- t-shirt z nadrukiem,karl kani,118.0,169.0,100% bawełna,loose fit,Prosty,Okrągły,Krótki rękaw,koszulka loose fit,3.33
koszulki z krótkim rękawem (męskie),- t-shirt z nadrukiem,mustang,128.01,139.0,100% bawełna,regular,Prosty,Okrągły,Krótki rękaw,koszulka regular fit,3.33
koszulki z krótkim rękawem (męskie),- t-shirt z nadrukiem,pull&bear,79.9,69.0,100% bawełna,regular,Prosty,Okrągły,Krótki rękaw,koszulka regular fit,3.33
koszulki z krótkim rękawem (męskie),- t-shirt z nadrukiem,jack & jones,53.95,59.99,100% bawełna,regular,Prosty,Okrągły,Krótki rękaw,koszulka regular fit,3.33
koszulki z krótkim rękawem (męskie),- t-shirt z nadrukiem,jack & jones,47.95,59.99,100% bawełna,regular,Prosty,Okrągły,Krótki rękaw,koszulka regular fit,3.33
koszulki z krótkim rękawem (męskie),- bluzka z długim rękawem,dickies,179.0,199.0,100% bawełna,loose fit,Prosty,Okrągły,Długi rękaw,koszulka loose fit,3.33
koszulki z krótkim rękawem (męskie),- t-shirt z nadrukiem,karl kani,119.0,79.0,100% bawełna,loose fit,Prosty,Okrągły,Półrękawek,koszulka loose fit,3.33
koszulki z krótkim rękawem (męskie),oversize fit - t-shirt basic,dropsize oversize fit,82.0,99.0,100% bawełna,loose fit,Prosty,Okrągły,Krótki rękaw,koszulka loose fit,3.33
koszulki z krótkim rękawem (męskie),normale passform 2 pack bangor - t-shirt z nadrukiem,lonsdale normale passform 2 pack bangor,127.0,159.0,100% bawełna,regular,Prosty,Okrągły,Krótki rękaw,koszulka regular fit,3.33
koszulki z krótkim rękawem (męskie),netherlands 2026/27 home - koszulka sportowa,nike performance netherlands 2026/27 home,679.0,549.0,100% poliester,slim,Dopasowany,Kopertowy,Krótki rękaw,koszulka slim fit,32.2
koszulki z krótkim rękawem (męskie),- t-shirt z nadrukiem,reternity,175.0,319.0,100% bawełna,loose fit,Prosty,Okrągły,Krótki rękaw,koszulka loose fit,3.33
koszulki z krótkim rękawem (męskie),- koszulka polo,polo ralph lauren,1009.0,699.0,100% bawełna,loose fit,Prosty,,Długi rękaw,koszulka loose fit,3.33
koszulki z krótkim rękawem (męskie),bolton unisex - t-shirt z nadrukiem,edwin bolton unisex,249.0,289.0,"50% bawełna, 50% poliester",regular,Prosty,Okrągły,Krótki rękaw,koszulka regular fit,3.33
koszulki z krótkim rękawem (męskie),oscar - koszulka polo,pepe jeans oscar,229.0,329.0,100% bawełna,regular,Prosty,Wycięcie typu V,Krótki rękaw,koszulka regular fit,3.33
koszulki z krótkim rękawem (męskie),- t-shirt z nadrukiem,jack & jones performance,89.95,99.99,"95% wiskoza, 5% elastan",loose fit,Prosty,Okrągły,Krótki rękaw,koszulka loose fit,3.33
koszulki z krótkim rękawem (męskie),- t-shirt z nadrukiem,libertine,249.0,159.0,100% bawełna,regular,Prosty,Okrągły,Krótki rękaw,koszulka regular fit,3.33
koszulki z krótkim rękawem (męskie),gio - t-shirt z nadrukiem,pepe jeans gio,159.0,179.0,100% bawełna,regular,Prosty,Okrągły,Krótki rękaw,koszulka regular fit,3.33
koszulki z krótkim rękawem (męskie),wilbur - t-shirt basic,indicode jeans wilbur,89.99,,100% bawełna,slim,Dopasowany,Okrągły,Krótki rękaw,koszulka slim fit,32.2
koszulki z krótkim rękawem (męskie),oversize - t-shirt z nadrukiem,marc o'polo oversize,229.0,179.0,100% bawełna,nadwymiarowy,Prosty,Okrągły,Krótki rękaw,koszulka oversize,22.7
koszulki z krótkim rękawem (męskie),garm - t-shirt z nadrukiem,wrstbhvr garm,238.0,,100% bawełna,nadwymiarowy,Prosty,Okrągły,Półrękawek,koszulka oversize,22.7
koszulki z krótkim rękawem (męskie),- t-shirt basic,pier one sport,97.0,129.0,"92% poliester, 8% elastan",slim,Dopasowany,Okrągły,Krótki rękaw,koszulka slim fit,32.2
koszulki z krótkim rękawem (męskie),unisex - t-shirt basic,yourturn unisex,80.0,89.0,100% bawełna,loose fit,Prosty,Okrągły,Półrękawek,koszulka loose fit,3.33
koszulki z krótkim rękawem (męskie),jordia - t-shirt z nadrukiem,jack & jones jordia,63.95,79.99,100% bawełna,loose fit,Prosty,Okrągły,Krótki rękaw,koszulka loose fit,3.33
koszulki z krótkim rękawem (męskie),regular fit - t-shirt basic,gant regular fit,205.26,,100% bawełna,regular,Prosty,Okrągły,Krótki rękaw,koszulka regular fit,3.33
koszulki z krótkim rękawem (męskie),unisex - t-shirt z nadrukiem,wasted paris unisex,90.0,179.0,100% bawełna,regular fit,Prosty,Okrągły,Krótki rękaw,koszulka regular fit,3.33
koszulki z krótkim rękawem (męskie),- koszulka polo,billionaire boys club,789.0,2519.0,100% bawełna,nadwymiarowy,Prosty,,Długi rękaw,koszulka oversize,22.7
koszulki z krótkim rękawem (męskie),- t-shirt z nadrukiem,men plus,112.99,,100% bawełna,regular,Prosty,Okrągły,Krótki rękaw,koszulka regular fit,3.33
koszulki z krótkim rękawem (męskie),miler - koszulka sportowa,nike performance miler,159.0,139.0,100% poliester,regular,Dopasowany,Okrągły,Krótki rękaw,koszulka regular fit,3.33
koszulki z krótkim rękawem (męskie),odyssey - t-shirt z nadrukiem,allsaints odyssey,278.0,309.0,100% bawełna,loose fit,Prosty,Okrągły,Półrękawek,koszulka loose fit,3.33
koszulki z krótkim rękawem (męskie),slhaspen - t-shirt basic,selected slhaspen,98.0,,100% bawełna,regular,Prosty,Okrągły,Krótki rękaw,koszulka regular fit,3.33
koszulki z krótkim rękawem (męskie),unisex - t-shirt z nadrukiem,puma unisex,152.0,169.0,100% bawełna,regular,Prosty,Okrągły,Krótki rękaw,koszulka regular fit,3.33
koszulki z krótkim rękawem (męskie),bhortwin - t-shirt z nadrukiem,blend bhortwin,60.0,99.0,100% bawełna,regular,Prosty,Okrągły,Krótki rękaw,koszulka regular fit,3.33
koszulki z krótkim rękawem (męskie),- t-shirt z nadrukiem,superdry & co,169.0,169.0,100% bawełna,regular,Prosty,Okrągły,Krótki rękaw,koszulka regular fit,3.33
koszulki z krótkim rękawem (męskie),- t-shirt z nadrukiem,jack & jones,69.99,79.0,100% bawełna,loose fit,Prosty,Okrągły,Półrękawek,koszulka loose fit,3.33
koszulki z krótkim rękawem (męskie),kamil - t-shirt basic,blend kamil,69.0,79.0,100% bawełna,loose fit,Prosty,Okrągły,Krótki rękaw,koszulka loose fit,3.33
koszulki z krótkim rękawem (męskie),bhtee - t-shirt z nadrukiem,blend bhtee,80.0,119.0,100% bawełna,regular,Prosty,Okrągły,Krótki rękaw,koszulka regular fit,3.33
koszulki z krótkim rękawem (męskie),borussia dortmund ftblculture - artykuły klubowe,puma borussia dortmund ftblculture,129.0,129.0,100% bawełna,regular,Prosty,Okrągły,Krótki rękaw,koszulka regular fit,3.33
koszulki z krótkim rękawem (męskie),- koszulka polo,polo ralph lauren big & tall,609.0,529.0,100% bawełna,regular,Prosty,,Krótki rękaw,koszulka regular fit,3.33
koszulki z krótkim rękawem (męskie),credits oversize - t-shirt z nadrukiem,upscale by mister tee credits oversize,76.0,119.0,100% bawełna,regular,Prosty,Okrągły,Krótki rękaw,koszulka regular fit,3.33
koszulki z krótkim rękawem (męskie),kurzarm - t-shirt basic,camel active kurzarm,99.95,129.0,"50% bawełna, 50% poliester",regular,Prosty,Wycięcie typu V,Krótki rękaw,koszulka regular fit,3.33
koszulki z krótkim rękawem (męskie),- t-shirt z nadrukiem,jack & jones,67.45,89.99,100% bawełna,regular,Prosty,Okrągły,Krótki rękaw,koszulka regular fit,3.33
koszulki z krótkim rękawem (męskie),wiley ufo - t-shirt z nadrukiem,no problemo wiley ufo,181.0,279.0,100% bawełna,regular,Prosty,Okrągły,Krótki rękaw,koszulka regular fit,3.33
koszulki z krótkim rękawem (męskie),unisex - koszulka polo,kappa unisex,155.0,,100% poliester,loose fit,Prosty,,Krótki rękaw,koszulka loose fit,3.33
koszulki z krótkim rękawem (męskie),prillian - koszulka polo,11 project prillian,82.0,129.0,100% bawełna,regular,Prosty,,Krótki rękaw,koszulka regular fit,3.33
koszulki z krótkim rękawem (męskie),miler - bluzka z długim rękawem,nike performance miler,249.0,259.0,100% poliester,regular,Dopasowany,,Bardzo długi rękaw,koszulka regular fit,3.33
koszulki z krótkim rękawem (męskie),- t-shirt z nadrukiem,bershka,59.9,79.0,100% bawełna,regular,Prosty,Okrągły,Krótki rękaw,koszulka regular fit,3.33
koszulki z krótkim rękawem (męskie),- t-shirt z nadrukiem,moschino,879.0,359.0,100% bawełna,regular,Prosty,Okrągły,Krótki rękaw,koszulka regular fit,3.33
koszulki z krótkim rękawem (męskie),- t-shirt z nadrukiem,henry tiger,99.99,,100% bawełna,regular,Prosty,Okrągły,Krótki rękaw,koszulka regular fit,3.33
koszulki z krótkim rękawem (męskie),- t-shirt z nadrukiem,carhartt wip,219.0,159.0,100% bawełna,loose fit,Prosty,Okrągły,Krótki rękaw,koszulka loose fit,3.33
koszulki z krótkim rękawem (męskie),- bluzka z długim rękawem,nike acg,206.0,,"63% poliester, 37% bawełna",loose fit,Prosty,Okrągły,Długi rękaw,koszulka loose fit,3.33
koszulki z krótkim rękawem (męskie),jprblalucas - t-shirt z nadrukiem,jack & jones premium jprblalucas,80.0,,100% bawełna,regular,Prosty,Okrągły,Krótki rękaw,koszulka regular fit,3.33
koszulki z krótkim rękawem (męskie),muusmo - t-shirt basic,rukka muusmo,139.0,199.0,100% poliester,regular,Prosty,Okrągły,Krótki rękaw,koszulka regular fit,3.33
koszulki z krótkim rękawem (męskie),- t-shirt z nadrukiem,ripndip,219.0,229.0,100% bawełna,regular,Prosty,Okrągły,Krótki rękaw,koszulka regular fit,3.33
koszulki z krótkim rękawem (męskie),mit stickerei racing team - koszulka polo,carisma mit stickerei racing team,266.51,,100% bawełna,regular,Prosty,,Długi rękaw,koszulka regular fit,3.33
koszulki z krótkim rękawem (męskie),- t-shirt z nadrukiem,jack & jones,79.95,99.99,100% bawełna,regular,Prosty,Okrągły,Krótki rękaw,koszulka regular fit,3.33
koszulki z krótkim rękawem (męskie),dinkee - t-shirt z nadrukiem,hugo dinkee,132.0,329.0,100% bawełna,loose fit,Prosty,Okrągły,Półrękawek,koszulka loose fit,3.33
koszulki z krótkim rękawem (męskie),- t-shirt z nadrukiem,calvin klein,164.0,219.0,100% bawełna,loose fit,Prosty,Okrągły,Półrękawek,koszulka loose fit,3.33
koszulki z krótkim rękawem (męskie),6.0 unisex - bluzka z długim rękawem,arkk copenhagen 6.0 unisex,278.0,,100% bawełna,loose fit,Prosty,Okrągły,Długi rękaw,koszulka loose fit,3.33
koszulki z krótkim rękawem (męskie),unisex - t-shirt basic,yourturn unisex,79.0,119.0,"60% bawełna, 35% poliester, 5% elastan",loose fit,Prosty,Okrągły,Krótki rękaw,koszulka loose fit,3.33
koszulki z krótkim rękawem (męskie),bh3pack - t-shirt z nadrukiem,blend bh3pack,116.0,189.0,100% bawełna,regular,Prosty,Okrągły,Krótki rękaw,koszulka regular fit,3.33
koszulki z krótkim rękawem (męskie),jacko - t-shirt basic,pepe jeans jacko,135.0,109.0,100% bawełna,regular,Prosty,Okrągły,Krótki rękaw,koszulka regular fit,3.33
koszulki z krótkim rękawem (męskie),- t-shirt z nadrukiem,hugo,229.0,139.0,100% bawełna,regular,Prosty,Okrągły,Krótki rękaw,koszulka regular fit,3.33
koszulki z krótkim rękawem (męskie),- t-shirt z nadrukiem,levi's®,109.0,289.0,100% bawełna,regular,Prosty,Okrągły,Krótki rękaw,koszulka regular fit,3.33
koszulki z krótkim rękawem (męskie),- t-shirt z nadrukiem,seaside,89.99,,"95% bawełna, 5% elastan",regular,Prosty,Okrągły,Krótki rękaw,koszulka regular fit,3.33
koszulki z krótkim rękawem (męskie),- t-shirt z nadrukiem,calvin klein jeans,125.0,139.0,100% bawełna,regular,Prosty,Okrągły,Krótki rękaw,koszulka regular fit,3.33
koszulki z krótkim rękawem (męskie),american classic - t-shirt basic,pme legend american classic,149.0,211.99,"95% bawełna, 5% elastan",regular,Prosty,Okrągły,Krótki rękaw,koszulka regular fit,3.33
koszulki z krótkim rękawem (męskie),space dye - bluzka z długim rękawem,pier one space dye,67.0,74.0,"60% bawełna, 40% poliester",slim,Dopasowany,Typu Henley,Długi rękaw,koszulka slim fit,32.2
koszulki z krótkim rękawem (męskie),- t-shirt z nadrukiem,ea7 emporio armani,379.0,129.0,"78% poliester, 22% elastan",regular,Prosty,Okrągły,Krótki rękaw,koszulka regular fit,3.33
koszulki z krótkim rękawem (męskie),dune - t-shirt z nadrukiem,diverse dune,99.99,159.0,100% bawełna,regular,Prosty,Okrągły,Półrękawek,koszulka regular fit,3.33
koszulki z krótkim rękawem (męskie),- t-shirt z nadrukiem,jack & jones,67.45,74.99,100% bawełna,regular,Prosty,Okrągły,Krótki rękaw,koszulka regular fit,3.33
koszulki z krótkim rękawem (męskie),- t-shirt z nadrukiem,jordan,143.0,,100% bawełna,loose fit,Prosty,Okrągły,Krótki rękaw,koszulka loose fit,3.33
koszulki z krótkim rękawem (męskie),- koszulka polo,closed,589.0,499.0,"83% bawełna, 17% poliester",regular,Prosty,,Krótki rękaw,koszulka regular fit,3.33
koszulki z krótkim rękawem (męskie),- t-shirt z nadrukiem,scalpers,121.5,151.88,100% bawełna,regular fit,Prosty,Okrągły,Krótki rękaw,koszulka regular fit,3.33
koszulki z krótkim rękawem (męskie),- t-shirt z nadrukiem,jack & jones,62.95,69.99,100% bawełna,regular,Prosty,Okrągły,Krótki rękaw,koszulka regular fit,3.33
koszulki z krótkim rękawem (męskie),- t-shirt z nadrukiem,the north face,149.0,159.0,100% bawełna,regular,Prosty,Okrągły,Krótki rękaw,koszulka regular fit,3.33
koszulki z krótkim rękawem (męskie),unisex - t-shirt z nadrukiem,rip curl unisex,125.0,,100% bawełna,regular,Prosty,Okrągły,Krótki rękaw,koszulka regular fit,3.33
koszulki z krótkim rękawem (męskie),- t-shirt z nadrukiem,calvin klein jeans,116.0,129.0,100% bawełna,regular,Prosty,Okrągły,Krótki rękaw,koszulka regular fit,3.33
koszulki z krótkim rękawem (męskie),- t-shirt z nadrukiem,yourturn,69.0,159.0,100% bawełna,loose fit,Prosty,Okrągły,Półrękawek,koszulka loose fit,3.33
koszulki z krótkim rękawem (męskie),unisex - t-shirt z nadrukiem,santa cruz unisex,66.0,189.0,100% bawełna,regular,Prosty,Okrągły,Krótki rękaw,koszulka regular fit,3.33
koszulki z krótkim rękawem (męskie),- koszulka polo,polo ralph lauren,539.0,599.0,100% bawełna,regular,Prosty,,Krótki rękaw,koszulka regular fit,3.33
koszulki z krótkim rękawem (męskie),tiro26 - koszulka polo,adidas performance tiro26,179.0,269.0,"70% bawełna, 30% poliester",regular,Prosty,,Krótki rękaw,koszulka regular fit,3.33
koszulki z krótkim rękawem (męskie),- t-shirt basic,balmohk,79.99,99.0,100% bawełna,loose fit,Prosty,Okrągły,Krótki rękaw,koszulka loose fit,3.33
koszulki z krótkim rękawem (męskie),jjindiana - t-shirt z nadrukiem,jack & jones jjindiana,69.0,69.0,100% bawełna,regular,Prosty,Okrągły,Krótki rękaw,koszulka regular fit,3.33
koszulki z krótkim rękawem (męskie),iron maiden eddie live flames - t-shirt z nadrukiem,rockshirts iron maiden eddie live flames,109.0,139.0,100% bawełna,regular,Prosty,Okrągły,Krótki rękaw,koszulka regular fit,3.33
koszulki z krótkim rękawem (męskie),sdfigos - t-shirt basic,solid sdfigos,60.0,119.0,100% bawełna,regular,Prosty,Okrągły,Krótki rękaw,koszulka regular fit,3.33
koszulki z krótkim rękawem (męskie),- t-shirt basic,s.oliver,76.99,,100% bawełna,regular,Prosty,Okrągły,Krótki rękaw,koszulka regular fit,3.33
koszulki z krótkim rękawem (męskie),- t-shirt z nadrukiem,boss,349.0,,100% bawełna,loose fit,Prosty,Okrągły,Półrękawek,koszulka loose fit,3.33
koszulki z krótkim rękawem (męskie),heath - koszulka polo,j.lindeberg sports heath,359.0,399.0,100% poliester,regular fit,Prosty,,Krótki rękaw,koszulka regular fit,3.33
koszulki z krótkim rękawem (męskie),- t-shirt basic,levi's®,107.0,,100% bawełna,regular,Prosty,Okrągły,Krótki rękaw,koszulka regular fit,3.33
koszulki z krótkim rękawem (męskie),- t-shirt z nadrukiem,adidas originals,134.0,,100% bawełna,regular,Prosty,Okrągły,Krótki rękaw,koszulka regular fit,3.33
koszulki z krótkim rękawem (męskie),darro - t-shirt z nadrukiem,hugo darro,359.0,229.0,100% bawełna,loose fit,Prosty,Okrągły,Krótki rękaw,koszulka loose fit,3.33
koszulki z krótkim rękawem (męskie),walsh - bluzka z długim rękawem,j.lindeberg walsh,669.0,379.0,100% bawełna,loose fit,Prosty,Okrągły,Bardzo długi rękaw,koszulka loose fit,3.33
koszulki z krótkim rękawem (męskie),jjecorp - t-shirt z nadrukiem,jack & jones jjecorp,59.99,69.0,100% bawełna,regular,Prosty,Okrągły,Krótki rękaw,koszulka regular fit,3.33
koszulki z krótkim rękawem (męskie),- t-shirt z nadrukiem,holzweiler,719.0,1039.0,100% bawełna,loose fit,Prosty,Okrągły,Półrękawek,koszulka loose fit,3.33
koszulki z krótkim rękawem (męskie),unisex - t-shirt z nadrukiem,yourturn unisex,35.0,69.0,100% bawełna,loose fit,Prosty,Okrągły,Półrękawek,koszulka loose fit,3.33
koszulki z krótkim rękawem (męskie),set - koszulka sportowa,hummel set,136.0,179.0,100% poliester,regular,Prosty,Okrągły,Krótki rękaw,koszulka regular fit,3.33
koszulki z krótkim rękawem (męskie),- koszulka polo,tommy jeans,216.0,309.0,100% bawełna,regular,Prosty,,Krótki rękaw,koszulka regular fit,3.33
koszulki z krótkim rękawem (męskie),unisex - bluzka z długim rękawem,halo unisex,295.0,119.0,100% bawełna,regular,Prosty,Okrągły,Bardzo długi rękaw,koszulka regular fit,3.33
koszulki z krótkim rękawem (męskie),- koszulka sportowa,danish endurance,259.0,519.0,"80% wełna, 20% poliamid",skinny,Dopasowanie do figury,Okrągły,Krótki rękaw,koszulka skinny fit,0.0
koszulki z krótkim rękawem (męskie),ac dc - t-shirt z nadrukiem,rockshirts ac dc,109.0,139.0,100% bawełna,regular,Prosty,Okrągły,Krótki rękaw,koszulka regular fit,3.33
koszulki z krótkim rękawem (męskie),- t-shirt z nadrukiem,henry tiger,99.99,,100% bawełna,regular,Prosty,Okrągły,Krótki rękaw,koszulka regular fit,3.33
koszulki z krótkim rękawem (męskie),- t-shirt z nadrukiem,diverse,53.99,,100% bawełna,regular,Prosty,Okrągły,Krótki rękaw,koszulka regular fit,3.33
koszulki z krótkim rękawem (męskie),1985 regular fit pique polo shirt - koszulka polo,tommy hilfiger 1985 regular fit pique polo shirt,332.0,369.0,"96% bawełna, 4% elastan",regular,Prosty,Okrągły,Krótki rękaw,koszulka regular fit,3.33
koszulki z krótkim rękawem (męskie),- t-shirt z nadrukiem,henry tiger,109.99,,100% bawełna,regular,Prosty,Okrągły,Krótki rękaw,koszulka regular fit,3.33
koszulki z krótkim rękawem (męskie),- t-shirt z nadrukiem,karl lagerfeld,233.0,,"95% bawełna, 5% elastan",regular,Prosty,Okrągły,Krótki rękaw,koszulka regular fit,3.33
koszulki z krótkim rękawem (męskie),- t-shirt basic,polo ralph lauren,419.0,339.0,100% bawełna,regular,Prosty,Okrągły,Krótki rękaw,koszulka regular fit,3.33
koszulki z krótkim rękawem (męskie),- t-shirt z nadrukiem,karl lagerfeld,389.0,169.0,100% bawełna,regular,Prosty,Okrągły,Krótki rękaw,koszulka regular fit,3.33
koszulki z krótkim rękawem (męskie),- t-shirt basic,off,879.0,439.0,100% bawełna,regular,Prosty,Okrągły,Krótki rękaw,koszulka regular fit,3.33
koszulki z krótkim rękawem (męskie),- t-shirt z nadrukiem,blend,56.0,119.0,"50% poliester, 38% bawełna, 12% wiskoza",regular,Prosty,Okrągły,Krótki rękaw,koszulka regular fit,3.33
koszulki z krótkim rękawem (męskie),- t-shirt z nadrukiem,alpha industries,170.0,189.0,100% bawełna,regular,Prosty,Okrągły,Krótki rękaw,koszulka regular fit,3.33
koszulki z krótkim rękawem (męskie),- t-shirt z nadrukiem,adidas originals,139.0,149.0,100% bawełna,regular,Prosty,Okrągły,Krótki rękaw,koszulka regular fit,3.33
koszulki z krótkim rękawem (męskie),- t-shirt z nadrukiem,good for nothing,93.5,191.04,100% bawełna,loose fit,Prosty,Okrągły,Krótki rękaw,koszulka loose fit,3.33
koszulki z krótkim rękawem (męskie),- t-shirt z nadrukiem,superdry & co,169.0,99.0,100% bawełna,regular,Prosty,Okrągły,Krótki rękaw,koszulka regular fit,3.33
koszulki z krótkim rękawem (męskie),- koszulka polo,polo ralph lauren,1099.0,839.0,100% bawełna,regular,Prosty,,Krótki rękaw,koszulka regular fit,3.33
koszulki z krótkim rękawem (męskie),pink floyd dark side of the moon - t-shirt z nadrukiem,mister tee pink floyd dark side of the moon,70.0,119.0,100% bawełna,regular,,Okrągły,Krótki rękaw,koszulka regular fit,3.33
koszulki z krótkim rękawem (męskie),- bluzka z długim rękawem,borgio,229.0,,100% bawełna,regular,Prosty,Okrągły,Długi rękaw,koszulka regular fit,3.33
koszulki z krótkim rękawem (męskie),2 pack - t-shirt basic,u.s. polo assn. 2 pack,128.0,,100% bawełna,regular,Prosty,Okrągły,Krótki rękaw,koszulka regular fit,3.33
koszulki z krótkim rękawem (męskie),- koszulka polo,camp david,151.5,,"65% poliester, 35% bawełna",regular,Prosty,Okrągły,Krótki rękaw,koszulka regular fit,3.33
koszulki z krótkim rękawem (męskie),reset - koszulka sportowa,nike performance reset,116.0,129.0,100% poliester,slim,Prosty,Okrągły,Krótki rękaw,koszulka slim fit,32.2
koszulki z krótkim rękawem (męskie),- t-shirt basic,petrol industries,125.0,146.0,100% bawełna,regular,Prosty,Wycięcie typu V,Krótki rękaw,koszulka regular fit,3.33
koszulki z krótkim rękawem (męskie),- koszulka sportowa,calvin klein golf,149.0,139.0,100% poliester,regular,Prosty,Okrągły,Krótki rękaw,koszulka regular fit,3.33
koszulki z krótkim rękawem (męskie),- bluzka z długim rękawem,lindbergh,242.0,269.0,100% bawełna,regular,Prosty,Okrągły,Długi rękaw,koszulka regular fit,3.33
koszulki z krótkim rękawem (męskie),- koszulka polo,s.oliver,263.0,249.0,100% bawełna,regular,Prosty,Wycięcie typu V,Krótki rękaw,koszulka regular fit,3.33
koszulki z krótkim rękawem (męskie),- koszulka polo,blend,89.0,139.0,100% bawełna,regular,Dopasowany,Typu Henley,Krótki rękaw,koszulka regular fit,3.33
koszulki z krótkim rękawem (męskie),- t-shirt basic,abercrombie & fitch,99.0,129.0,100% bawełna,regular,Prosty,Okrągły,Krótki rękaw,koszulka regular fit,3.33
koszulki z krótkim rękawem (męskie),- t-shirt z nadrukiem,jack & jones,79.99,79.0,100% bawełna,regular,Prosty,Okrągły,Krótki rękaw,koszulka regular fit,3.33
koszulki z krótkim rękawem (męskie),- t-shirt z nadrukiem,puma,109.0,139.0,100% bawełna,regular,Prosty,Okrągły,Krótki rękaw,koszulka regular fit,3.33
koszulki z krótkim rękawem (męskie),- t-shirt z nadrukiem,gcds,679.0,,100% bawełna,regular,Prosty,Okrągły,Krótki rękaw,koszulka regular fit,3.33
koszulki z krótkim rękawem (męskie),- t-shirt basic,puma,99.0,99.0,100% bawełna,regular,Prosty,Okrągły,Krótki rękaw,koszulka regular fit,3.33
koszulki z krótkim rękawem (męskie),- t-shirt basic,terranova,59.99,159.0,100% bawełna,loose fit,Prosty,Okrągły,Krótki rękaw,koszulka loose fit,3.33
koszulki z krótkim rękawem (męskie),- t-shirt z nadrukiem,jack & jones,89.99,109.0,100% bawełna,regular,Prosty,Okrągły,Krótki rękaw,koszulka regular fit,3.33
koszulki z krótkim rękawem (męskie),- koszulka reprezentacji,adidas performance,479.0,339.0,100% poliester,slim,Prosty,Okrągły,Długi rękaw,koszulka slim fit,32.2
koszulki z krótkim rękawem (męskie),- t-shirt z nadrukiem,jack & jones,89.99,79.0,100% bawełna,regular,Prosty,Okrągły,Krótki rękaw,koszulka regular fit,3.33
koszulki z krótkim rękawem (męskie),- t-shirt z nadrukiem,balmohk,119.99,159.0,100% bawełna,loose fit,Prosty,Okrągły,Półrękawek,koszulka loose fit,3.33
koszulki z krótkim rękawem (męskie),- bluzka z długim rękawem,hummel,154.8,,100% poliamid,skinny,Zwężany,Okrągły,Długi rękaw,koszulka skinny fit,0.0
koszulki z krótkim rękawem (męskie),unisex - t-shirt z nadrukiem,kaotiko unisex,116.0,179.0,100% bawełna,loose fit,Prosty,Okrągły,Półrękawek,koszulka loose fit,3.33
koszulki z krótkim rękawem (męskie),- t-shirt z nadrukiem,scotch & soda,229.0,159.0,100% bawełna,regular,Prosty,Okrągły,Krótki rękaw,koszulka regular fit,3.33
koszulki z krótkim rękawem (męskie),- t-shirt z nadrukiem,jack & jones,103.45,114.99,100% bawełna,loose fit,Prosty,Okrągły,Krótki rękaw,koszulka loose fit,3.33
koszulki z krótkim rękawem (męskie),- t-shirt z nadrukiem,puma,239.0,129.0,100% bawełna,loose fit,Prosty,Okrągły,Krótki rękaw,koszulka loose fit,3.33
koszulki z krótkim rękawem (męskie),- t-shirt z nadrukiem,guess jeans,159.0,359.0,100% bawełna,slim,Prosty,Okrągły,Krótki rękaw,koszulka slim fit,32.2
koszulki z krótkim rękawem (męskie),unisex - t-shirt z nadrukiem,ea7 emporio armani unisex,319.0,159.0,100% bawełna,regular,Prosty,Okrągły,Krótki rękaw,koszulka regular fit,3.33
koszulki z krótkim rękawem (męskie),- t-shirt basic,jack & jones,62.95,89.99,100% bawełna,regular,Prosty,Okrągły,Krótki rękaw,koszulka regular fit,3.33
koszulki z krótkim rękawem (męskie),- t-shirt z nadrukiem,adidas originals,679.0,449.0,100% poliester,loose fit,Prosty,Wycięcie typu V,Półrękawek,koszulka loose fit,3.33
koszulki z krótkim rękawem (męskie),unisex - t-shirt z nadrukiem,forgotten faces unisex,106.0,179.0,100% bawełna,loose fit,Prosty,Okrągły,Krótki rękaw,koszulka loose fit,3.33
koszulki z krótkim rękawem (męskie),- t-shirt z nadrukiem,karl lagerfeld,233.0,259.0,100% bawełna,regular,Prosty,Okrągły,Krótki rękaw,koszulka regular fit,3.33
koszulki z krótkim rękawem (męskie),- t-shirt z nadrukiem,karl lagerfeld,350.0,,100% bawełna,regular,Prosty,Okrągły,Krótki rękaw,koszulka regular fit,3.33
koszulki z krótkim rękawem (męskie),koszulka polo,pier one koszulka polo,30.0,59.0,100% bawełna,regular,Prosty,,Krótki rękaw,koszulka regular fit,3.33
koszulki z krótkim rękawem (męskie),- bluzka z długim rękawem,u.s. polo assn.,168.0,,"95% bawełna, 5% elastan",regular,Prosty,,Długi rękaw,koszulka regular fit,3.33
koszulki z krótkim rękawem (męskie),elbas - koszulka polo,napapijri elbas,269.0,299.0,100% bawełna,regular,Prosty,,Krótki rękaw,koszulka regular fit,3.33
koszulki z krótkim rękawem (męskie),- t-shirt z nadrukiem,blend,64.0,79.0,100% bawełna,regular,Prosty,Okrągły,Krótki rękaw,koszulka regular fit,3.33
koszulki z krótkim rękawem (męskie),- t-shirt basic,karl lagerfeld,265.28,,"95% bawełna, 5% elastan",regular,Prosty,Okrągły,Krótki rękaw,koszulka regular fit,3.33
koszulki z krótkim rękawem (męskie),jorupstate - t-shirt z nadrukiem,jack & jones jorupstate,80.0,,"50% bawełna, 50% poliester",regular,Prosty,Okrągły,Krótki rękaw,koszulka regular fit,3.33
koszulki z krótkim rękawem (męskie),- bluzka z długim rękawem,under armour,179.0,199.0,100% poliester,slim,Dopasowany,,Długi rękaw,koszulka slim fit,32.2
koszulki z krótkim rękawem (męskie),game crew - t-shirt z nadrukiem,jordan game crew,381.0,279.0,100% bawełna,regular fit,Prosty,Okrągły,Krótki rękaw,koszulka regular fit,3.33
koszulki z krótkim rękawem (męskie),- t-shirt z nadrukiem,calvin klein jeans,129.0,129.0,100% bawełna,regular,Prosty,Okrągły,Krótki rękaw,koszulka regular fit,3.33
koszulki z krótkim rękawem (męskie),kombat 25 - artykuły klubowe,kappa gara kombat 25,559.0,379.0,"92% poliester, 8% elastan",slim,Dopasowany,Okrągły,Półrękawek,koszulka slim fit,32.2
koszulki z krótkim rękawem (męskie),2 pack - t-shirt basic,s.oliver 2 pack,159.99,229.0,100% bawełna,regular,Prosty,Wycięcie typu V,Krótki rękaw,koszulka regular fit,3.33
koszulki z krótkim rękawem (męskie),- t-shirt basic,marc o'polo,429.0,,"90% bawełna, 10% len",regular,Prosty,Okrągły,Krótki rękaw,koszulka regular fit,3.33
koszulki z krótkim rękawem (męskie),classified - t-shirt z nadrukiem,stance classified,70.0,139.0,100% bawełna,regular fit,Prosty,Okrągły,Krótki rękaw,koszulka regular fit,3.33
koszulki z krótkim rękawem (męskie),- t-shirt z nadrukiem,henry tiger,169.99,,100% bawełna,regular,Prosty,Okrągły,Krótki rękaw,koszulka regular fit,3.33
koszulki z krótkim rękawem (męskie),onsfred - t-shirt z nadrukiem,only & sons onsfred,89.0,79.0,100% bawełna,loose fit,Prosty,Okrągły,Krótki rękaw,koszulka loose fit,3.33
koszulki z krótkim rękawem (męskie),bobby - t-shirt basic,wood wood bobby,319.0,449.0,100% bawełna,regular,Prosty,Okrągły,Krótki rękaw,koszulka regular fit,3.33
koszulki z krótkim rękawem (męskie),bob marley - t-shirt z nadrukiem,adidas originals bob marley,259.0,159.0,100% bawełna,regular,Prosty,Okrągły,Krótki rękaw,koszulka regular fit,3.33
koszulki z krótkim rękawem (męskie),- t-shirt z nadrukiem,pull&bear,69.9,79.0,100% bawełna,loose fit,Prosty,Okrągły,Krótki rękaw,koszulka loose fit,3.33
koszulki z krótkim rękawem (męskie),- t-shirt z nadrukiem,michael kors,242.0,,100% bawełna,regular,Prosty,Okrągły,Krótki rękaw,koszulka regular fit,3.33
koszulki z krótkim rękawem (męskie),- t-shirt basic,volcom,149.0,69.0,100% bawełna,loose fit,Prosty,Okrągły,Krótki rękaw,koszulka loose fit,3.33
koszulki z krótkim rękawem (męskie),- bluzka z długim rękawem,on,405.0,289.0,"90% poliester, 10% elastan",regular,Prosty,Okrągły,Długi rękaw,koszulka regular fit,3.33
koszulki z krótkim rękawem (męskie),- bluzka z długim rękawem,weekday,139.0,109.0,"95% bawełna, 5% elastan",slim,Prosty,Okrągły,Długi rękaw,koszulka slim fit,32.2
koszulki z krótkim rękawem (męskie),v-neck - t-shirt basic,mey v,209.0,59.0,"57% bawełna, 38% poliester, 5% elastan",slim,Prosty,Wycięcie typu V,Krótki rękaw,koszulka slim fit,32.2
koszulki z krótkim rękawem (męskie),- t-shirt z nadrukiem,les deux,242.0,269.0,100% bawełna,regular,Prosty,Okrągły,Krótki rękaw,koszulka regular fit,3.33
koszulki z krótkim rękawem (męskie),marvel unisex team neon - t-shirt z nadrukiem,marvel marvel unisex team neon,98.99,,100% bawełna,regular,Prosty,Okrągły,Krótki rękaw,koszulka regular fit,3.33
koszulki z krótkim rękawem (męskie),- t-shirt z nadrukiem,jack & jones,74.99,69.0,100% bawełna,regular,Prosty,Okrągły,Krótki rękaw,koszulka regular fit,3.33
koszulki z krótkim rękawem (męskie),- t-shirt z nadrukiem,no problemo,289.0,449.0,100% bawełna,loose fit,Prosty,Okrągły,Krótki rękaw,koszulka loose fit,3.33
koszulki z krótkim rękawem (męskie),ustance - t-shirt z nadrukiem,solid ustance,109.0,129.0,100% bawełna,loose fit,Prosty,Okrągły,Krótki rękaw,koszulka loose fit,3.33
koszulki z krótkim rękawem (męskie),unisex - bluzka z długim rękawem,arkk copenhagen unisex,124.0,309.0,100% bawełna,regular,Prosty,Okrągły,Długi rękaw,koszulka regular fit,3.33
koszulki z krótkim rękawem (męskie),- t-shirt z nadrukiem,s.oliver,89.99,169.0,100% bawełna,regular,Prosty,Okrągły,Krótki rękaw,koszulka regular fit,3.33
koszulki z krótkim rękawem (męskie),- t-shirt basic,s.oliver,69.99,211.99,100% bawełna,regular,Prosty,Okrągły,Krótki rękaw,koszulka regular fit,3.33
koszulki z krótkim rękawem (męskie),- t-shirt z nadrukiem,adidas originals,103.0,159.0,100% bawełna,regular,Prosty,Okrągły,Krótki rękaw,koszulka regular fit,3.33
koszulki z krótkim rękawem (męskie),ferrari - t-shirt z nadrukiem,puma ferrari,197.0,219.0,100% bawełna,regular,Prosty,Okrągły,Krótki rękaw,koszulka regular fit,3.33
koszulki z krótkim rękawem (męskie),daniel - t-shirt z nadrukiem,indicode jeans daniel,56.0,89.0,100% bawełna,regular,Prosty,Okrągły,Krótki rękaw,koszulka regular fit,3.33
koszulki z krótkim rękawem (męskie),- t-shirt z nadrukiem,pier one,84.0,129.0,100% bawełna,loose fit,Prosty,Okrągły,Półrękawek,koszulka loose fit,3.33
koszulki z krótkim rękawem (męskie),brady - bluzka z długim rękawem,les deux brady,278.0,309.0,"97% bawełna, 3% elastan",regular,Prosty,Okrągły,Długi rękaw,koszulka regular fit,3.33
koszulki z krótkim rękawem (męskie),- t-shirt z nadrukiem,fast and bright,124.0,179.0,100% bawełna,loose fit,Prosty,Okrągły,Półrękawek,koszulka loose fit,3.33
koszulki z krótkim rękawem (męskie),- t-shirt z nadrukiem,superdry & co,152.1,,"60% bawełna, 40% poliester",regular,Prosty,Okrągły,Krótki rękaw,koszulka regular fit,3.33
koszulki z krótkim rękawem (męskie),unisex - t-shirt z nadrukiem,calvin klein jeans unisex,269.0,609.0,100% bawełna,loose fit,Prosty,Okrągły,Krótki rękaw,koszulka loose fit,3.33
koszulki z krótkim rękawem (męskie),- t-shirt z nadrukiem,henry tiger,109.99,,100% bawełna,regular,Prosty,Okrągły,Krótki rękaw,koszulka regular fit,3.33
koszulki z krótkim rękawem (męskie),- t-shirt z nadrukiem,jack & jones,67.95,79.99,100% bawełna,regular,Prosty,Okrągły,Krótki rękaw,koszulka regular fit,3.33
koszulki z krótkim rękawem (męskie),jornorrebro - t-shirt basic,jack & jones jornorrebro,67.95,79.99,100% bawełna,loose fit,Prosty,Okrągły,Krótki rękaw,koszulka loose fit,3.33
koszulki z krótkim rękawem (męskie),- t-shirt basic,abercrombie & fitch,99.0,179.0,100% bawełna,regular,Prosty,Okrągły,Krótki rękaw,koszulka regular fit,3.33
koszulki z krótkim rękawem (męskie),unisex - t-shirt z nadrukiem,lacoste unisex,269.0,359.0,100% bawełna,regular,Prosty,Okrągły,Krótki rękaw,koszulka regular fit,3.33
koszulki z krótkim rękawem (męskie),- top,blend,68.0,99.0,100% bawełna,regular,Prosty,Okrągły,Bez rękawów,koszulka regular fit,3.33
koszulki z krótkim rękawem (męskie),- t-shirt z nadrukiem,jack & jones,79.99,69.0,100% bawełna,loose fit,Prosty,Okrągły,Krótki rękaw,koszulka loose fit,3.33
koszulki z krótkim rękawem (męskie),- bluzka z długim rękawem,u.s. polo assn.,126.0,,100% bawełna,regular,Prosty,Okrągły,Długi rękaw,koszulka regular fit,3.33
koszulki z krótkim rękawem (męskie),- t-shirt z nadrukiem,pepe jeans,127.2,159.0,100% bawełna,regular,Prosty,Okrągły,Krótki rękaw,koszulka regular fit,3.33
koszulki z krótkim rękawem (męskie),players - bluzka z długim rękawem,j.lindeberg sports players,589.0,289.0,"85% poliester, 15% elastan",regular,Dopasowany,,Długi rękaw,koszulka regular fit,3.33
koszulki z krótkim rękawem (męskie),liam unisex - t-shirt z nadrukiem,double a by w.w. liam unisex,319.0,359.0,100% bawełna,loose fit,Prosty,Okrągły,Półrękawek,koszulka loose fit,3.33
koszulki z krótkim rękawem (męskie),- t-shirt z nadrukiem,mads nørgaard,242.0,269.0,100% bawełna,regular,Prosty,Okrągły,Krótki rękaw,koszulka regular fit,3.33
koszulki z krótkim rękawem (męskie),jorvarenna - koszulka polo,jack & jones jorvarenna,125.0,139.0,100% bawełna,loose fit,Prosty,Wycięcie typu V,Krótki rękaw,koszulka loose fit,3.33
koszulki z krótkim rękawem (męskie),dulivio - t-shirt z nadrukiem,hugo dulivio,116.0,179.0,100% bawełna,regular,Prosty,Okrągły,Krótki rękaw,koszulka regular fit,3.33
koszulki z krótkim rękawem (męskie),- t-shirt z nadrukiem,jack & jones,67.45,74.99,100% bawełna,regular fit,Prosty,Okrągły,Krótki rękaw,koszulka regular fit,3.33
koszulki z krótkim rękawem (męskie),- t-shirt z nadrukiem,jack & jones,67.45,74.99,100% bawełna,regular,Prosty,Okrągły,Krótki rękaw,koszulka regular fit,3.33
koszulki z krótkim rękawem (męskie),decatur - t-shirt basic,american vintage decatur,185.0,199.0,100% bawełna,regular,Prosty,Okrągły,Krótki rękaw,koszulka regular fit,3.33
koszulki z krótkim rękawem (męskie),- t-shirt z nadrukiem,next,74.0,,100% bawełna,regular,Prosty,Okrągły,Krótki rękaw,koszulka regular fit,3.33
koszulki z krótkim rękawem (męskie),- t-shirt z nadrukiem,obey clothing,259.0,269.0,100% bawełna,regular,Prosty,Okrągły,Krótki rękaw,koszulka regular fit,3.33
koszulki z krótkim rękawem (męskie),zhou unisex - t-shirt z nadrukiem,jacker zhou unisex,199.0,179.0,100% bawełna,regular,Prosty,Okrągły,Krótki rękaw,koszulka regular fit,3.33
koszulki z krótkim rękawem (męskie),- koszulka sportowa,danish endurance,235.0,269.0,"95% poliester, 5% elastan",regular,Prosty,Okrągły,Krótki rękaw,koszulka regular fit,3.33
koszulki z krótkim rękawem (męskie),stege - t-shirt z nadrukiem,pegador stege,206.0,,100% bawełna,nadwymiarowy,Prosty,Okrągły,Półrękawek,koszulka oversize,22.7
koszulki z krótkim rękawem (męskie),academy - bluzka z długim rękawem,nike performance academy,327.0,249.0,100% poliester,slim,Dopasowany,,Bardzo długi rękaw,koszulka slim fit,32.2
koszulki z krótkim rękawem (męskie),bhkarim graphic - t-shirt z nadrukiem,blend bhkarim graphic,109.0,229.99,100% bawełna,loose fit,Prosty,Okrągły,Półrękawek,koszulka loose fit,3.33
koszulki z krótkim rękawem (męskie),graphic set-in neck tee - t-shirt z nadrukiem,levi's® graphic set,111.92,,100% bawełna,regular,Dopasowany,Okrągły,Krótki rękaw,koszulka regular fit,3.33
koszulki z krótkim rękawem (męskie),davide - t-shirt basic,casual friday davide,169.0,179.0,"95% bawełna, 5% elastan",regular,Prosty,Okrągły,Krótki rękaw,koszulka regular fit,3.33
koszulki z krótkim rękawem (męskie),- t-shirt basic,pako lorente,119.99,129.0,100% bawełna,regular,Prosty,Okrągły,Krótki rękaw,koszulka regular fit,3.33
koszulki z krótkim rękawem (męskie),jortoast - t-shirt z nadrukiem,jack & jones jortoast,71.0,,100% bawełna,regular,Prosty,Okrągły,Krótki rękaw,koszulka regular fit,3.33
koszulki z krótkim rękawem (męskie),2 pack - t-shirt basic,calvin klein jeans 2 pack,174.0,249.0,100% bawełna,regular,Prosty,Okrągły,Krótki rękaw,koszulka regular fit,3.33
koszulki z krótkim rękawem (męskie),- bluzka z długim rękawem,mm6 maison margiela,1309.0,1829.0,100% bawełna,regular,Prosty,Okrągły,Długi rękaw,koszulka regular fit,3.33
koszulki z krótkim rękawem (męskie),- t-shirt z nadrukiem,s.oliver,89.99,69.99,100% bawełna,regular,Prosty,Okrągły,Krótki rękaw,koszulka regular fit,3.33
koszulki z krótkim rękawem (męskie),- t-shirt basic,marc o'polo,129.95,109.0,100% bawełna,regular,Prosty,Okrągły,Krótki rękaw,koszulka regular fit,3.33
koszulki z krótkim rękawem (męskie),- koszulka polo,ea7 emporio armani,629.0,1079.0,100% poliester,regular,Prosty,Wycięcie typu V,Długi rękaw,koszulka regular fit,3.33
koszulki z krótkim rękawem (męskie),- t-shirt basic,carhartt wip,219.0,159.0,100% bawełna,loose fit,Prosty,Okrągły,Półrękawek,koszulka loose fit,3.33
koszulki z krótkim rękawem (męskie),gomes - t-shirt basic,redefined rebel gomes,71.0,,100% bawełna,loose fit,Prosty,Okrągły,Półrękawek,koszulka loose fit,3.33
koszulki z krótkim rękawem (męskie),- t-shirt z nadrukiem,guess,194.95,359.0,100% bawełna,regular,Prosty,Okrągły,Krótki rękaw,koszulka regular fit,3.33
koszulki z krótkim rękawem (męskie),- t-shirt z nadrukiem,calvin klein jeans,110.0,219.0,100% bawełna,regular,Prosty,Okrągły,Krótki rękaw,koszulka regular fit,3.33
koszulki z krótkim rękawem (męskie),- t-shirt z nadrukiem,jack & jones,126.0,229.0,100% bawełna,regular,Prosty,Okrągły,Krótki rękaw,koszulka regular fit,3.33
koszulki z krótkim rękawem (męskie),alpine 2 - koszulka sportowa,dynafit alpine 2,249.0,199.0,100% poliester,regular,Dopasowany,Okrągły,Krótki rękaw,koszulka regular fit,3.33
koszulki z krótkim rękawem (męskie),- koszulka polo,tommy jeans,216.0,309.0,100% bawełna,regular,Prosty,,Krótki rękaw,koszulka regular fit,3.33
koszulki z krótkim rękawem (męskie),- t-shirt z nadrukiem,balmohk,119.99,219.0,100% bawełna,loose fit,Prosty,Okrągły,Krótki rękaw,koszulka loose fit,3.33
koszulki z krótkim rękawem (męskie),- t-shirt basic,camel active,129.95,129.0,100% bawełna,regular,Prosty,Okrągły,Krótki rękaw,koszulka regular fit,3.33
koszulki z krótkim rękawem (męskie),bhtee - t-shirt basic,blend bhtee,89.0,179.0,"60% bawełna, 40% poliester",regular,Prosty,Okrągły,Krótki rękaw,koszulka regular fit,3.33
koszulki z krótkim rękawem (męskie),- t-shirt z nadrukiem,ea7 emporio armani,323.0,359.0,100% bawełna,regular,Prosty,Okrągły,Krótki rękaw,koszulka regular fit,3.33
koszulki z krótkim rękawem (męskie),- t-shirt basic,s.oliver,69.99,211.99,100% bawełna,regular,Prosty,Okrągły,Krótki rękaw,koszulka regular fit,3.33
koszulki z krótkim rękawem (męskie),idronny - t-shirt z nadrukiem,indicode jeans idronny,56.0,89.0,100% bawełna,regular,Prosty,Okrągły,Krótki rękaw,koszulka regular fit,3.33
koszulki z krótkim rękawem (męskie),- t-shirt basic,calvin klein,169.0,359.0,"64% bawełna, 36% poliester",regular,Prosty,Okrągły,Krótki rękaw,koszulka regular fit,3.33
koszulki z krótkim rękawem (męskie),- t-shirt z nadrukiem,ochnik,89.9,,100% bawełna,regular,Prosty,Okrągły,Krótki rękaw,koszulka regular fit,3.33
koszulki z krótkim rękawem (męskie),rocker graphic - t-shirt z nadrukiem,superdry & co rocker graphic,179.1,,100% bawełna,regular,Prosty,Okrągły,Krótki rękaw,koszulka regular fit,3.33
koszulki z krótkim rękawem (męskie),monarch - t-shirt z nadrukiem,key largo monarch,169.99,79.0,100% bawełna,regular,Prosty,Okrągły,Krótki rękaw,koszulka regular fit,3.33
koszulki z krótkim rękawem (męskie),- top,levi's®,89.0,119.0,100% bawełna,regular,Prosty,"Okrągły, głęboko wycięty",Bez rękawów,koszulka regular fit,3.33
koszulki z krótkim rękawem (męskie),- t-shirt z nadrukiem,henry tiger,179.99,319.0,100% bawełna,regular,Prosty,Okrągły,Krótki rękaw,koszulka regular fit,3.33
koszulki z krótkim rękawem (męskie),- koszulka polo,j.lindeberg sports,449.0,409.0,"91% poliester, 9% elastan",regular,Prosty,,Krótki rękaw,koszulka regular fit,3.33
koszulki z krótkim rękawem (męskie),colombia - koszulka reprezentacji,adidas originals colombia,219.0,159.0,"52% bawełna, 48% poliester",regular,Prosty,Okrągły,Krótki rękaw,koszulka regular fit,3.33
koszulki z krótkim rękawem (męskie),- t-shirt z nadrukiem,jack & jones,67.45,74.99,100% bawełna,regular,Prosty,Okrągły,Krótki rękaw,koszulka regular fit,3.33
koszulki z krótkim rękawem (męskie),- t-shirt z nadrukiem,marc o'polo,219.0,79.0,100% bawełna,loose fit,Prosty,Okrągły,Krótki rękaw,koszulka loose fit,3.33
koszulki z krótkim rękawem (męskie),- t-shirt z nadrukiem,salsa jeans,189.0,179.0,100% bawełna,regular,Prosty,Okrągły,Krótki rękaw,koszulka regular fit,3.33
koszulki z krótkim rękawem (męskie),ac/dc back in black - t-shirt z nadrukiem,rockshirts ac/dc back in black,99.0,99.0,100% bawełna,regular,Prosty,Okrągły,Krótki rękaw,koszulka regular fit,3.33
koszulki z krótkim rękawem (męskie),- t-shirt z nadrukiem,jack & jones,62.95,69.99,100% bawełna,regular,Prosty,Okrągły,Krótki rękaw,koszulka regular fit,3.33
koszulki z krótkim rękawem (męskie),- koszulka polo,mango,209.99,191.21,"81% bawełna, 19% poliester",regular,Prosty,,Długi rękaw,koszulka regular fit,3.33
koszulki z krótkim rękawem (męskie),koszulka polo,pier one koszulka polo,45.0,69.0,100% bawełna,prosty,,,Krótki rękaw,koszulka regular fit,3.33
koszulki z krótkim rękawem (męskie),- t-shirt z nadrukiem,karl lagerfeld,337.3,419.0,100% bawełna,regular,Prosty,Okrągły,Krótki rękaw,koszulka regular fit,3.33
koszulki z krótkim rękawem (męskie),- t-shirt z nadrukiem,nike sportswear,159.0,179.0,100% bawełna,loose fit,Prosty,Okrągły,Krótki rękaw,koszulka loose fit,3.33
koszulki z krótkim rękawem (męskie),- t-shirt z nadrukiem,joop!,170.19,229.0,"96% bawełna, 4% elastan",regular,Prosty,Okrągły,Krótki rękaw,koszulka regular fit,3.33
koszulki z krótkim rękawem (męskie),- bluzka z długim rękawem,champion,234.0,159.0,"78% poliester, 22% elastan",regular,Prosty,Okrągły,Długi rękaw,koszulka regular fit,3.33
koszulki z krótkim rękawem (męskie),- t-shirt basic,r.d.d. royal denim division,179.99,119.0,100% bawełna,loose fit,Prosty,Okrągły,Krótki rękaw,koszulka loose fit,3.33
koszulki z krótkim rękawem (męskie),jjejeff - t-shirt z nadrukiem,jack & jones jjejeff,116.0,,100% bawełna,regular,Prosty,Okrągły,Krótki rękaw,koszulka regular fit,3.33
koszulki z krótkim rękawem (męskie),- t-shirt z nadrukiem,nike sportswear,109.0,99.0,100% bawełna,regular,Prosty,Okrągły,Krótki rękaw,koszulka regular fit,3.33
koszulki z krótkim rękawem (męskie),bhnero - t-shirt z nadrukiem,blend bhnero,58.0,99.0,"60% bawełna, 40% poliester",regular,Prosty,Okrągły,Krótki rękaw,koszulka regular fit,3.33
koszulki z krótkim rękawem (męskie),jormontauk - t-shirt z nadrukiem,jack & jones jormontauk,109.0,159.0,100% bawełna,regular,Prosty,Okrągły,Krótki rękaw,koszulka regular fit,3.33
koszulki z krótkim rękawem (męskie),- t-shirt z nadrukiem,rocawear,119.0,79.0,100% bawełna,loose fit,Prosty,Okrągły,Półrękawek,koszulka loose fit,3.33
koszulki z krótkim rękawem (męskie),extended gym tee - t-shirt basic,siksilk extended gym tee,103.0,,"95% bawełna, 5% elastan",regular fit,Prosty,Okrągły,Krótki rękaw,koszulka regular fit,3.33
koszulki z krótkim rękawem (męskie),boxy - t-shirt basic,bershka boxy,59.9,129.0,100% bawełna,loose fit,Prosty,Okrągły,Krótki rękaw,koszulka loose fit,3.33
koszulki z krótkim rękawem (męskie),- t-shirt z nadrukiem,jack & jones,67.45,74.99,100% bawełna,regular,Prosty,Okrągły,Krótki rękaw,koszulka regular fit,3.33
koszulki z krótkim rękawem (męskie),clueless - t-shirt z nadrukiem,henry tiger clueless,169.99,,100% bawełna,regular,Prosty,Okrągły,Krótki rękaw,koszulka regular fit,3.33
koszulki z krótkim rękawem (męskie),th x cadillac formula 1 unisex - koszulka polo,tommy hilfiger th x cadillac formula 1 unisex,409.0,409.0,"96% bawełna, 4% elastan",regular,Prosty,,Krótki rękaw,koszulka regular fit,3.33
koszulki z krótkim rękawem (męskie),jcocrest - t-shirt z nadrukiem,jack & jones jcocrest,89.99,89.0,100% bawełna,loose fit,Prosty,Okrągły,Krótki rękaw,koszulka loose fit,3.33
koszulki z krótkim rękawem (męskie),unisex - t-shirt z nadrukiem,kaotiko unisex,209.0,159.0,100% bawełna,regular,Prosty,Okrągły,Krótki rękaw,koszulka regular fit,3.33
koszulki z krótkim rękawem (męskie),unisex - koszulka polo,umbro unisex,269.0,279.0,100% poliester,regular,Prosty,,Krótki rękaw,koszulka regular fit,3.33
koszulki z krótkim rękawem (męskie),- t-shirt z nadrukiem,hollister co.,159.0,79.0,100% bawełna,regular,Prosty,Okrągły,Krótki rękaw,koszulka regular fit,3.33
koszulki z krótkim rękawem (męskie),- t-shirt z nadrukiem,the north face,179.0,159.0,100% bawełna,regular,Prosty,Okrągły,Krótki rękaw,koszulka regular fit,3.33
koszulki z krótkim rękawem (męskie),- t-shirt basic,tommy jeans,206.0,229.0,100% bawełna,regular,Prosty,Okrągły,Krótki rękaw,koszulka regular fit,3.33
koszulki z krótkim rękawem (męskie),- t-shirt z nadrukiem,jordan,179.0,119.0,100% bawełna,regular,Prosty,Okrągły,Półrękawek,koszulka regular fit,3.33
koszulki z krótkim rękawem (męskie),- bluzka z długim rękawem,gap,159.0,79.0,100% bawełna,loose fit,Prosty,Okrągły,Długi rękaw,koszulka loose fit,3.33
koszulki z krótkim rękawem (męskie),- t-shirt z nadrukiem,lacoste,319.0,129.0,100% bawełna,regular,Prosty,Okrągły,Krótki rękaw,koszulka regular fit,3.33
koszulki z krótkim rękawem (męskie),- t-shirt basic,s.oliver,303.0,179.0,100% bawełna,regular,Prosty,Okrągły,Krótki rękaw,koszulka regular fit,3.33
koszulki z krótkim rękawem (męskie),- t-shirt z nadrukiem,carhartt wip,219.0,219.0,100% bawełna,loose fit,Prosty,Okrągły,Półrękawek,koszulka loose fit,3.33
koszulki z krótkim rękawem (męskie),- t-shirt z nadrukiem,jack & jones,74.99,69.0,100% bawełna,regular,Prosty,Okrągły,Krótki rękaw,koszulka regular fit,3.33
koszulki z krótkim rękawem (męskie),- t-shirt z nadrukiem,lindbergh,87.0,109.0,"80% bawełna, 20% poliester",regular,Prosty,Okrągły,Krótki rękaw,koszulka regular fit,3.33
koszulki z krótkim rękawem (męskie),- koszulka polo,karl lagerfeld,463.0,409.0,"75% wiskoza, 25% poliester",regular,Prosty,Wycięcie typu V,Krótki rękaw,koszulka regular fit,3.33
koszulki z krótkim rękawem (męskie),t-shirt basic,camel active t,99.95,140.99,100% bawełna,regular,,Okrągły,Krótki rękaw,koszulka regular fit,3.33
koszulki z krótkim rękawem (męskie),- t-shirt z nadrukiem,dc shoes,97.49,149.99,100% bawełna,regular,Prosty,Okrągły,Krótki rękaw,koszulka regular fit,3.33
koszulki z krótkim rękawem (męskie),bhpolo - koszulka polo,blend bhpolo,72.0,119.0,"95% bawełna, 5% elastan",regular,Prosty,Kopertowy,Krótki rękaw,koszulka regular fit,3.33
koszulki z krótkim rękawem (męskie),- t-shirt z nadrukiem,weekend offender,179.0,,100% bawełna,regular,Prosty,Okrągły,Krótki rękaw,koszulka regular fit,3.33
koszulki z krótkim rękawem (męskie),- t-shirt z nadrukiem,jack & jones,62.95,69.99,100% bawełna,regular,Prosty,Okrągły,Krótki rękaw,koszulka regular fit,3.33
koszulki z krótkim rękawem (męskie),- koszulka polo,hugo,409.0,629.0,100% bawełna,loose fit,Prosty,,Długi rękaw,koszulka loose fit,3.33
koszulki z krótkim rękawem (męskie),- koszulka polo,abercrombie & fitch,159.0,229.0,"98% bawełna, 2% elastan",regular,Prosty,,Krótki rękaw,koszulka regular fit,3.33
koszulki z krótkim rękawem (męskie),- t-shirt z nadrukiem,pull&bear,69.9,79.0,100% bawełna,loose fit,Prosty,Okrągły,Półrękawek,koszulka loose fit,3.33
koszulki z krótkim rękawem (męskie),- t-shirt z nadrukiem,ksubi,619.0,1379.0,100% bawełna,regular,Prosty,Okrągły,Krótki rękaw,koszulka regular fit,3.33
koszulki z krótkim rękawem (męskie),- t-shirt z nadrukiem,scalpers,115.38,,100% bawełna,regular,Prosty,Okrągły,Krótki rękaw,koszulka regular fit,3.33
koszulki z krótkim rękawem (męskie),- koszulka polo,s.oliver,129.99,129.99,100% bawełna,regular,Prosty,Wycięcie typu V,Krótki rękaw,koszulka regular fit,3.33
koszulki z krótkim rękawem (męskie),taste talk - t-shirt z nadrukiem,scalpers taste talk,101.25,126.56,100% bawełna,regular fit,Prosty,Okrągły,Krótki rękaw,koszulka regular fit,3.33
koszulki z krótkim rękawem (męskie),- koszulka polo,napapijri,278.0,,100% bawełna,regular,Prosty,,Krótki rękaw,koszulka regular fit,3.33
koszulki z krótkim rękawem (męskie),- t-shirt basic,camel active,129.95,249.0,100% bawełna,regular,Prosty,Okrągły,Krótki rękaw,koszulka regular fit,3.33
koszulki z krótkim rękawem (męskie),- top,bershka,55.9,89.0,"58% bawełna, 40% modal, 2% elastan",regular,Prosty,"Okrągły, głęboko wycięty",Bez rękawów,koszulka regular fit,3.33
koszulki z krótkim rękawem (męskie),- t-shirt z nadrukiem,casual friday,72.0,129.0,100% bawełna,regular,Prosty,Okrągły,Krótki rękaw,koszulka regular fit,3.33
koszulki z krótkim rękawem (męskie),- t-shirt z nadrukiem,replay,179.0,539.0,100% bawełna,regular,Prosty,Okrągły,Krótki rękaw,koszulka regular fit,3.33
koszulki z krótkim rękawem (męskie),- t-shirt z nadrukiem,emporio armani,499.0,510.0,100% bawełna,regular,Prosty,Okrągły,Krótki rękaw,koszulka regular fit,3.33
koszulki z krótkim rękawem (męskie),- t-shirt basic,ea7 emporio armani,242.0,269.0,"95% bawełna, 5% elastan",regular,Prosty,Wycięcie typu V,Krótki rękaw,koszulka regular fit,3.33
koszulki z krótkim rękawem (męskie),unisex - t-shirt z nadrukiem,tommy jeans unisex,152.0,,100% bawełna,regular,Prosty,Okrągły,Krótki rękaw,koszulka regular fit,3.33
koszulki z krótkim rękawem (męskie),arjun - t-shirt basic,u.s. polo assn. arjun,212.99,,100% bawełna,regular,Prosty,Okrągły,Krótki rękaw,koszulka regular fit,3.33
koszulki z krótkim rękawem (męskie),karter - t-shirt z nadrukiem,blend karter,79.0,69.0,100% bawełna,regular,Prosty,Okrągły,Krótki rękaw,koszulka regular fit,3.33
koszulki z krótkim rękawem (męskie),- t-shirt z nadrukiem,schott,210.0,129.99,100% bawełna,regular,Prosty,Okrągły,Krótki rękaw,koszulka regular fit,3.33
koszulki z krótkim rękawem (męskie),- t-shirt z nadrukiem,bareen,289.0,179.0,100% bawełna,loose fit,Prosty,Okrągły,Półrękawek,koszulka loose fit,3.33
koszulki z krótkim rękawem (męskie),- t-shirt z nadrukiem,pme legend,199.0,159.0,100% bawełna,regular,Prosty,Okrągły,Krótki rękaw,koszulka regular fit,3.33
koszulki z krótkim rękawem (męskie),- t-shirt z nadrukiem,tommy jeans,134.0,149.0,100% bawełna,regular,Prosty,Okrągły,Krótki rękaw,koszulka regular fit,3.33
koszulki z krótkim rękawem (męskie),unisex - t-shirt z nadrukiem,adidas originals unisex,103.0,159.0,100% bawełna,loose fit,Prosty,Okrągły,Półrękawek,koszulka loose fit,3.33
koszulki z krótkim rękawem (męskie),unisex - t-shirt z nadrukiem,calvin klein jeans unisex,116.0,129.0,100% bawełna,regular,Prosty,Okrągły,Krótki rękaw,koszulka regular fit,3.33
koszulki z krótkim rękawem (męskie),ramones - t-shirt z nadrukiem,gap ramones,183.0,229.0,100% bawełna,regular fit,Prosty,Okrągły,Krótki rękaw,koszulka regular fit,3.33
koszulki z krótkim rękawem (męskie),- t-shirt z nadrukiem,tommy jeans,104.0,149.0,100% bawełna,regular,Prosty,Okrągły,Krótki rękaw,koszulka regular fit,3.33
koszulki z krótkim rękawem (męskie),rotor diamond - t-shirt z nadrukiem,billabong rotor diamond,103.2,129.0,100% bawełna,loose fit,Prosty,Okrągły,Krótki rękaw,koszulka loose fit,3.33
koszulki z krótkim rękawem (męskie),- t-shirt z nadrukiem,pepe jeans,139.0,139.0,100% bawełna,regular,Prosty,Okrągły,Krótki rękaw,koszulka regular fit,3.33
koszulki z krótkim rękawem (męskie),nalftee - t-shirt z nadrukiem,hugo nalftee,287.0,,100% bawełna,loose fit,Prosty,Okrągły,Półrękawek,koszulka loose fit,3.33
koszulki z krótkim rękawem (męskie),- t-shirt z nadrukiem,puma,127.0,179.0,100% bawełna,loose fit,Prosty,Okrągły,Półrękawek,koszulka loose fit,3.33
koszulki z krótkim rękawem (męskie),- t-shirt z nadrukiem,henry tiger,99.99,,100% bawełna,regular,Prosty,Okrągły,Krótki rękaw,koszulka regular fit,3.33
koszulki z krótkim rękawem (męskie),- t-shirt z nadrukiem,allsaints,278.0,309.0,100% bawełna,loose fit,Prosty,Okrągły,Półrękawek,koszulka loose fit,3.33
koszulki z krótkim rękawem (męskie),disney kevin allein zu haus premium film movie tv comic fan me - t-shirt z nadrukiem,f4nt4stic disney kevin allein zu haus premium film movie tv comic fan me,67.0,,100% bawełna,regular,Prosty,Okrągły,Krótki rękaw,koszulka regular fit,3.33
koszulki z krótkim rękawem (męskie),- bluzka z długim rękawem,polo ralph lauren,699.0,2229.0,100% bawełna,regular,Prosty,Typu Henley,Długi rękaw,koszulka regular fit,3.33
koszulki z krótkim rękawem (męskie),- t-shirt basic,levi's® workwear,139.0,119.0,100% bawełna,loose fit,Prosty,Okrągły,Krótki rękaw,koszulka loose fit,3.33
koszulki z krótkim rękawem (męskie),jumbo - bluzka z długim rękawem,icecream jumbo,279.0,219.0,100% bawełna,regular,Prosty,Okrągły,Długi rękaw,koszulka regular fit,3.33
koszulki z krótkim rękawem (męskie),jornantucket - t-shirt z nadrukiem,jack & jones jornantucket,80.0,,100% bawełna,regular,Prosty,Okrągły,Krótki rękaw,koszulka regular fit,3.33
koszulki z krótkim rękawem (męskie),- t-shirt z nadrukiem,camel active,149.95,79.0,100% bawełna,regular,Prosty,Okrągły,Krótki rękaw,koszulka regular fit,3.33
koszulki z krótkim rękawem (męskie),sbenne - t-shirt basic,only & sons sbenne,74.0,64.0,100% bawełna,regular,Prosty,Wycięcie typu V,Krótki rękaw,koszulka regular fit,3.33
koszulki z krótkim rękawem (męskie),- t-shirt z nadrukiem,adidas originals,161.0,,100% bawełna,regular,Prosty,Okrągły,Krótki rękaw,koszulka regular fit,3.33
koszulki z krótkim rękawem (męskie),round - t-shirt basic,hugo round,137.0,229.0,"96% bawełna, 4% elastan",slim,,Okrągły,Krótki rękaw,koszulka slim fit,32.2
koszulki z krótkim rękawem (męskie),reg chambray rugger - koszulka polo,gant reg chambray rugger,521.0,579.0,100% bawełna,regular,Prosty,,Długi rękaw,koszulka regular fit,3.33
koszulki z krótkim rękawem (męskie),- koszulka polo,fred perry,499.0,249.0,100% bawełna,regular,Prosty,,Długi rękaw,koszulka regular fit,3.33
koszulki z krótkim rękawem (męskie),- t-shirt basic,camel active,129.95,79.0,100% bawełna,regular,Prosty,Okrągły,Krótki rękaw,koszulka regular fit,3.33
koszulki z krótkim rękawem (męskie),- t-shirt z nadrukiem,puma,149.0,109.0,100% poliester,regular,Prosty,Okrągły,Krótki rękaw,koszulka regular fit,3.33
koszulki z krótkim rękawem (męskie),- t-shirt basic,jack & jones,257.0,149.0,"92% bawełna, 8% elastan",regular,Prosty,Okrągły,Krótki rękaw,koszulka regular fit,3.33
koszulki z krótkim rękawem (męskie),- t-shirt z nadrukiem,diesel,160.0,229.0,100% bawełna,regular,Prosty,Okrągły,Krótki rękaw,koszulka regular fit,3.33
koszulki z krótkim rękawem (męskie),- t-shirt z nadrukiem,rip curl,126.66,139.0,100% bawełna,regular,Prosty,Okrągły,Krótki rękaw,koszulka regular fit,3.33
koszulki z krótkim rękawem (męskie),- t-shirt basic,pier one,54.0,59.0,100% bawełna,regular,Prosty,Okrągły,Krótki rękaw,koszulka regular fit,3.33
koszulki z krótkim rękawem (męskie),- t-shirt z nadrukiem,nike performance,159.0,179.0,100% bawełna,loose fit,Prosty,Okrągły,Bardzo krótki rękawek,koszulka loose fit,3.33
koszulki z krótkim rękawem (męskie),- bluzka z długim rękawem,tommy jeans,127.0,169.0,100% bawełna,regular,Prosty,Okrągły,Długi rękaw,koszulka regular fit,3.33
koszulki z krótkim rękawem (męskie),- t-shirt z nadrukiem,diverse,99.99,319.0,100% bawełna,loose fit,Prosty,Okrągły,Półrękawek,koszulka loose fit,3.33
koszulki z krótkim rękawem (męskie),- t-shirt basic,lyle & scott,97.0,139.0,100% bawełna,regular,Prosty,Okrągły,Krótki rękaw,koszulka regular fit,3.33
koszulki z krótkim rękawem (męskie),disney goofy - t-shirt z nadrukiem,re:covered disney goofy,120.99,151.0,100% bawełna,regular,Prosty,Okrągły,Krótki rękaw,koszulka regular fit,3.33
koszulki z krótkim rękawem (męskie),- t-shirt z nadrukiem,jack & jones,67.45,89.99,100% bawełna,loose fit,Prosty,Okrągły,Krótki rękaw,koszulka loose fit,3.33
koszulki z krótkim rękawem (męskie),- koszulka polo,boss,239.0,399.0,"95% bawełna, 5% elastan",regular,Prosty,,Krótki rękaw,koszulka regular fit,3.33
koszulki z krótkim rękawem (męskie),unisex - t-shirt z nadrukiem,ea7 emporio armani unisex,319.0,249.0,100% bawełna,loose fit,Prosty,Okrągły,Krótki rękaw,koszulka loose fit,3.33
koszulki z krótkim rękawem (męskie),- t-shirt z nadrukiem,henry tiger,169.99,,100% bawełna,regular,Prosty,Okrągły,Krótki rękaw,koszulka regular fit,3.33
koszulki z krótkim rękawem (męskie),gio - t-shirt z nadrukiem,pepe jeans gio,159.0,159.0,100% bawełna,regular,Prosty,Okrągły,Krótki rękaw,koszulka regular fit,3.33
koszulki z krótkim rękawem (męskie),- t-shirt basic,pier one,59.0,99.0,"60% bawełna, 40% poliester",regular,Prosty,Okrągły,Krótki rękaw,koszulka regular fit,3.33
koszulki z krótkim rękawem (męskie),t-shirt basic,camel active t,99.95,169.0,100% bawełna,regular,,Okrągły,Krótki rękaw,koszulka regular fit,3.33
koszulki z krótkim rękawem (męskie),unisex - t-shirt basic,yourturn unisex,119.0,79.0,"95% bawełna, 5% wiskoza",loose fit,Prosty,Okrągły,Półrękawek,koszulka loose fit,3.33
koszulki z krótkim rękawem (męskie),- t-shirt z nadrukiem,jack & jones premium,67.45,74.99,100% bawełna,regular,Prosty,Okrągły,Krótki rękaw,koszulka regular fit,3.33
koszulki z krótkim rękawem (męskie),park - koszulka sportowa,nike performance park,99.99,169.0,100% bawełna,regular,Prosty,Okrągły,Krótki rękaw,koszulka regular fit,3.33
koszulki z krótkim rękawem (męskie),- koszulka polo,mango,139.99,269.0,"43% bawełna, 35% poliester, 22% poliamid",regular,Prosty,,Krótki rękaw,koszulka regular fit,3.33
koszulki z krótkim rękawem (męskie),longsleeve und stickerei explorer - koszulka polo,carisma longsleeve und stickerei explorer,335.0,339.0,100% bawełna,regular,Prosty,,Długi rękaw,koszulka regular fit,3.33
koszulki z krótkim rękawem (męskie),- t-shirt z nadrukiem,ea7 emporio armani,359.0,319.0,"60% bawełna, 40% poliester",regular,Prosty,Okrągły,Krótki rękaw,koszulka regular fit,3.33
koszulki z krótkim rękawem (męskie),- t-shirt z nadrukiem,puma,114.0,179.0,100% bawełna,regular,Prosty,Okrągły,Krótki rękaw,koszulka regular fit,3.33
koszulki z krótkim rękawem (męskie),- t-shirt z nadrukiem,terranova,59.99,179.0,100% bawełna,loose fit,Prosty,Okrągły,Krótki rękaw,koszulka loose fit,3.33
koszulki z krótkim rękawem (męskie),kiss creatures of the night - t-shirt z nadrukiem,kiss kiss creatures of the night,99.0,99.0,100% bawełna,regular,Prosty,Okrągły,Krótki rękaw,koszulka regular fit,3.33
koszulki z krótkim rękawem (męskie),unisex - bluzka z długim rękawem,tommy jeans unisex,366.75,,100% bawełna,regular,Prosty,Okrągły,Długi rękaw,koszulka regular fit,3.33
koszulki z krótkim rękawem (męskie),ac milan - t-shirt z nadrukiem,puma ac milan,129.0,199.0,100% bawełna,regular,Prosty,Okrągły,Krótki rękaw,koszulka regular fit,3.33
koszulki z krótkim rękawem (męskie),- t-shirt z nadrukiem,gcds,807.5,2079.0,100% bawełna,loose fit,Prosty,Okrągły,Półrękawek,koszulka loose fit,3.33
koszulki z krótkim rękawem (męskie),- t-shirt z nadrukiem,adidas originals,97.0,149.0,100% bawełna,regular,Prosty,Okrągły,Krótki rękaw,koszulka regular fit,3.33
koszulki z krótkim rękawem (męskie),- t-shirt basic,carhartt wip,159.0,359.0,100% bawełna,regular,Prosty,Okrągły,Krótki rękaw,koszulka regular fit,3.33
koszulki z krótkim rękawem (męskie),- t-shirt z nadrukiem,hackett london,359.0,249.0,100% bawełna,regular,Prosty,Okrągły,Krótki rękaw,koszulka regular fit,3.33
koszulki z krótkim rękawem (męskie),- t-shirt z nadrukiem,jordan,143.0,,100% bawełna,regular,Prosty,Okrągły,Krótki rękaw,koszulka regular fit,3.33
koszulki z krótkim rękawem (męskie),- t-shirt z nadrukiem,gant,249.0,159.0,100% bawełna,regular,Prosty,Okrągły,Krótki rękaw,koszulka regular fit,3.33
koszulki z krótkim rękawem (męskie),- bluzka z długim rękawem,nike performance,199.0,249.0,100% poliester,regular,Prosty,,Bardzo długi rękaw,koszulka regular fit,3.33
koszulki z krótkim rękawem (męskie),- t-shirt z nadrukiem,dickies,143.0,,100% bawełna,loose fit,Prosty,Okrągły,Krótki rękaw,koszulka loose fit,3.33
koszulki z krótkim rękawem (męskie),- t-shirt z nadrukiem,adidas originals,404.0,,100% poliester,loose fit,Prosty,,Półrękawek,koszulka loose fit,3.33
koszulki z krótkim rękawem (męskie),rétro - koszulka polo,schott rétro,291.0,125.0,"96% bawełna, 4% elastan",regular,Prosty,,Krótki rękaw,koszulka regular fit,3.33
koszulki z krótkim rękawem (męskie),unisex - t-shirt z nadrukiem,yourturn unisex,69.0,69.0,100% bawełna,loose fit,Prosty,Okrągły,Półrękawek,koszulka loose fit,3.33
koszulki z krótkim rękawem (męskie),- t-shirt basic,gant,151.0,179.0,100% bawełna,regular,Prosty,Okrągły,Krótki rękaw,koszulka regular fit,3.33
koszulki z krótkim rękawem (męskie),unisex 5 pack - t-shirt basic,yourturn unisex 5 pack,142.0,189.0,100% bawełna,regular,Prosty,Okrągły,Krótki rękaw,koszulka regular fit,3.33
koszulki z krótkim rękawem (męskie),- t-shirt z nadrukiem,jack & jones,59.95,,100% bawełna,loose fit,Prosty,Okrągły,Krótki rękaw,koszulka loose fit,3.33
koszulki z krótkim rękawem (męskie),- t-shirt basic,ea7 emporio armani,368.0,409.0,"60% wiskoza, 35% poliamid, 5% elastan",regular,Prosty,Okrągły,Krótki rękaw,koszulka regular fit,3.33
koszulki z krótkim rękawem (męskie),- t-shirt z nadrukiem,levi's® plus,139.0,69.0,100% bawełna,regular,Prosty,Okrągły,Krótki rękaw,koszulka regular fit,3.33
koszulki z krótkim rękawem (męskie),- t-shirt z nadrukiem,casual friday,74.0,129.0,100% bawełna,regular,Prosty,Okrągły,Półrękawek,koszulka regular fit,3.33
koszulki z krótkim rękawem (męskie),tros me - top,blend tros me,58.0,99.0,100% bawełna,regular,Prosty,Okrągły,Bez rękawów,koszulka regular fit,3.33
koszulki z krótkim rękawem (męskie),- t-shirt z nadrukiem,jack & jones,80.95,,100% bawełna,loose fit,Prosty,Okrągły,Krótki rękaw,koszulka loose fit,3.33
koszulki z krótkim rękawem (męskie),- t-shirt basic,s.oliver,229.0,249.0,"95% bawełna, 5% elastan",regular,Prosty,Wycięcie typu V,Krótki rękaw,koszulka regular fit,3.33
koszulki z krótkim rękawem (męskie),bob marley - t-shirt z nadrukiem,adidas originals bob marley,199.0,159.0,100% bawełna,loose fit,Prosty,Okrągły,Krótki rękaw,koszulka loose fit,3.33
koszulki z krótkim rękawem (męskie),- bluzka z długim rękawem,jack & jones,89.95,99.99,"90% poliester, 10% elastan",slim,Prosty,Okrągły,Długi rękaw,koszulka slim fit,32.2
koszulki z krótkim rękawem (męskie),- t-shirt basic,casamoda,285.0,89.0,100% bawełna,regular,Prosty,Okrągły,Krótki rękaw,koszulka regular fit,3.33
koszulki z krótkim rękawem (męskie),unisex - t-shirt z nadrukiem,adidas originals unisex,159.0,159.0,100% bawełna,loose fit,Prosty,Okrągły,Krótki rękaw,koszulka loose fit,3.33
koszulki z krótkim rękawem (męskie),belgium - koszulka reprezentacji,adidas originals belgium,219.0,219.0,"52% bawełna, 48% poliester",regular,Prosty,Okrągły,Krótki rękaw,koszulka regular fit,3.33
koszulki z krótkim rękawem (męskie),- t-shirt z nadrukiem,obey clothing,149.0,199.0,100% bawełna,regular,Prosty,Okrągły,Krótki rękaw,koszulka regular fit,3.33
koszulki z krótkim rękawem (męskie),- t-shirt z nadrukiem,camel active,149.95,119.0,100% bawełna,regular,Prosty,Okrągły,Krótki rękaw,koszulka regular fit,3.33
koszulki z krótkim rękawem (męskie),- t-shirt z nadrukiem,pepe jeans,139.0,129.0,100% bawełna,regular,Prosty,Okrągły,Krótki rękaw,koszulka regular fit,3.33
koszulki z krótkim rękawem (męskie),5 pack - t-shirt basic,pier one 5 pack,101.0,169.0,100% bawełna,regular,Prosty,Okrągły,Krótki rękaw,koszulka regular fit,3.33
koszulki z krótkim rękawem (męskie),- t-shirt z nadrukiem,jack & jones,62.95,69.99,100% bawełna,regular fit,Prosty,Okrągły,Krótki rękaw,koszulka regular fit,3.33
koszulki z krótkim rękawem (męskie),- t-shirt z nadrukiem,puma,129.0,109.0,100% bawełna,regular,Prosty,Okrągły,Krótki rękaw,koszulka regular fit,3.33
koszulki z krótkim rękawem (męskie),- t-shirt z nadrukiem,gap,79.0,129.0,100% bawełna,regular,Prosty,Okrągły,Krótki rękaw,koszulka regular fit,3.33
koszulki z krótkim rękawem (męskie),- t-shirt basic,siksilk,159.0,159.0,"95% bawełna, 5% elastan",regular,Prosty,Okrągły,Krótki rękaw,koszulka regular fit,3.33
koszulki z krótkim rękawem (męskie),- t-shirt z nadrukiem,jack & jones,63.95,79.99,"91% poliester, 9% elastan",regular fit,Prosty,Okrągły,Krótki rękaw,koszulka regular fit,3.33
koszulki z krótkim rękawem (męskie),- t-shirt z nadrukiem,jack & jones,63.95,79.99,100% bawełna,regular,Prosty,Okrągły,Krótki rękaw,koszulka regular fit,3.33
koszulki z krótkim rękawem (męskie),unisex - t-shirt z nadrukiem,the north face unisex,269.0,239.0,100% poliester,loose fit,Prosty,Okrągły,Półrękawek,koszulka loose fit,3.33
koszulki z krótkim rękawem (męskie),unisex - t-shirt z nadrukiem,santa cruz unisex,143.0,,100% bawełna,regular,Prosty,Okrągły,Krótki rękaw,koszulka regular fit,3.33
koszulki z krótkim rękawem (męskie),tiro26 - bluzka z długim rękawem,adidas performance tiro26,206.0,229.0,100% poliester,regular,Prosty,,Długi rękaw,koszulka regular fit,3.33
koszulki z krótkim rękawem (męskie),gideon - t-shirt z nadrukiem,pepe jeans gideon,179.0,135.0,100% bawełna,regular,Prosty,Okrągły,Krótki rękaw,koszulka regular fit,3.33
koszulki z krótkim rękawem (męskie),riot unisex - t-shirt z nadrukiem,vertere berlin riot unisex,199.0,179.0,100% bawełna,loose fit,Prosty,Okrągły,Półrękawek,koszulka loose fit,3.33
koszulki z krótkim rękawem (męskie),- bluzka z długim rękawem,tommy hilfiger,188.0,209.0,100% bawełna,regular,Prosty,Okrągły,Długi rękaw,koszulka regular fit,3.33
koszulki z krótkim rękawem (męskie),- t-shirt z nadrukiem,schott,210.0,129.99,100% bawełna,regular,Prosty,Okrągły,Krótki rękaw,koszulka regular fit,3.33
koszulki z krótkim rękawem (męskie),unisex - t-shirt z nadrukiem,versace jeans couture unisex,467.0,719.0,100% bawełna,regular,Prosty,Okrągły,Krótki rękaw,koszulka regular fit,3.33
koszulki z krótkim rękawem (męskie),- t-shirt z nadrukiem,jack & jones,80.45,114.99,"50% bawełna, 50% poliester",regular,Prosty,Okrągły,Krótki rękaw,koszulka regular fit,3.33
koszulki z krótkim rękawem (męskie),jcounion - t-shirt z nadrukiem,jack & jones jcounion,67.45,89.99,100% bawełna,loose fit,Prosty,Okrągły,Krótki rękaw,koszulka loose fit,3.33
koszulki z krótkim rękawem (męskie),peter - koszulka polo,fq1924 peter,84.0,229.0,100% bawełna,regular,Prosty,Typu Henley,Krótki rękaw,koszulka regular fit,3.33
koszulki z krótkim rękawem (męskie),- bluzka z długim rękawem,mustang,169.0,59.0,100% bawełna,regular,Prosty,Okrągły,Długi rękaw,koszulka regular fit,3.33
koszulki z krótkim rękawem (męskie),- t-shirt z nadrukiem,karl kani,127.0,,100% poliester,slim,Prosty,Okrągły,Krótki rękaw,koszulka slim fit,32.2
koszulki z krótkim rękawem (męskie),unisex - t-shirt z nadrukiem,nike sb unisex,134.0,179.0,100% bawełna,loose fit,Prosty,Okrągły,Krótki rękaw,koszulka loose fit,3.33
koszulki z krótkim rękawem (męskie),- t-shirt basic,jack & jones,67.45,89.99,100% bawełna,regular,Prosty,Okrągły,Krótki rękaw,koszulka regular fit,3.33
koszulki z krótkim rękawem (męskie),jormontauk - t-shirt z nadrukiem,jack & jones jormontauk,71.0,,100% bawełna,regular,Prosty,Okrągły,Krótki rękaw,koszulka regular fit,3.33
koszulki z krótkim rękawem (męskie),- t-shirt z nadrukiem,calvin klein jeans,98.0,179.0,100% bawełna,regular,Prosty,Okrągły,Krótki rękaw,koszulka regular fit,3.33
koszulki z krótkim rękawem (męskie),- koszulka polo,schott,291.0,409.0,"96% bawełna, 4% elastan",regular,Prosty,,Krótki rękaw,koszulka regular fit,3.33
koszulki z krótkim rękawem (męskie),- t-shirt basic,favela,179.0,359.0,100% bawełna,loose fit,Prosty,,Półrękawek,koszulka loose fit,3.33
koszulki z krótkim rękawem (męskie),- t-shirt basic,jack & jones,63.95,79.99,100% bawełna,loose fit,Prosty,Okrągły,Krótki rękaw,koszulka loose fit,3.33
koszulki z krótkim rękawem (męskie),unisex - koszulka polo,house of sunny unisex,679.0,299.0,100% bawełna,regular,Prosty,,Długi rękaw,koszulka regular fit,3.33
koszulki z krótkim rękawem (męskie),- t-shirt z nadrukiem,jack & jones premium,67.45,,100% bawełna,regular,Prosty,Okrągły,Krótki rękaw,koszulka regular fit,3.33
koszulki z krótkim rękawem (męskie),- t-shirt z nadrukiem,calvin klein jeans,152.0,169.0,100% bawełna,regular,Prosty,Okrągły,Krótki rękaw,koszulka regular fit,3.33
koszulki z krótkim rękawem (męskie),- t-shirt z nadrukiem,jack & jones premium,67.45,74.99,100% bawełna,regular,Prosty,Okrągły,Krótki rękaw,koszulka regular fit,3.33
koszulki z krótkim rękawem (męskie),- bluzka z długim rękawem,adidas performance,345.0,179.0,100% poliester,regular,Prosty,,Bardzo długi rękaw,koszulka regular fit,3.33
koszulki z krótkim rękawem (męskie),- t-shirt basic,pier one,35.0,59.0,100% bawełna,slim,Dopasowany,Okrągły,Krótki rękaw,koszulka slim fit,32.2
koszulki z krótkim rękawem (męskie),rrkian - koszulka polo,redefined rebel rrkian,159.0,269.0,"70% bawełna, 30% poliester",regular,Prosty,,Długi rękaw,koszulka regular fit,3.33
koszulki z krótkim rękawem (męskie),- bluzka z długim rękawem,star wars,122.99,,100% bawełna,regular,Prosty,Okrągły,Długi rękaw,koszulka regular fit,3.33
koszulki z krótkim rękawem (męskie),- t-shirt basic,teeshoppen,150.0,204.0,100% bawełna,regular,Prosty,Okrągły,Krótki rękaw,koszulka regular fit,3.33
koszulki z krótkim rękawem (męskie),- t-shirt z nadrukiem,calvin klein jeans,110.0,219.0,100% bawełna,regular,Prosty,Okrągły,Krótki rękaw,koszulka regular fit,3.33
koszulki z krótkim rękawem (męskie),- t-shirt z nadrukiem,jack & jones,59.99,74.99,100% bawełna,regular,Prosty,Okrągły,Półrękawek,koszulka regular fit,3.33
koszulki z krótkim rękawem (męskie),- t-shirt z nadrukiem,colucci,157.0,199.0,100% poliester,loose fit,Prosty,Okrągły,Półrękawek,koszulka loose fit,3.33
koszulki z krótkim rękawem (męskie),- bluzka z długim rękawem,barbour,323.0,,100% bawełna,regular,Prosty,Okrągły,Długi rękaw,koszulka regular fit,3.33
koszulki z krótkim rękawem (męskie),- t-shirt z nadrukiem,gap,129.0,69.0,100% bawełna,regular,Prosty,Okrągły,Krótki rękaw,koszulka regular fit,3.33
koszulki z krótkim rękawem (męskie),- t-shirt z nadrukiem,jack & jones,53.95,59.99,100% bawełna,regular,Prosty,Okrągły,Krótki rękaw,koszulka regular fit,3.33
koszulki z krótkim rękawem (męskie),- t-shirt z nadrukiem,jack & jones,86.2,114.99,100% bawełna,loose fit,Prosty,Okrągły,Krótki rękaw,koszulka loose fit,3.33
koszulki z krótkim rękawem (męskie),- t-shirt basic,s.oliver,303.0,250.0,100% bawełna,regular,Prosty,Okrągły,Krótki rękaw,koszulka regular fit,3.33
koszulki z krótkim rękawem (męskie),- t-shirt basic,pier one,76.0,109.0,"95% bawełna, 5% elastan",skinny,Dopasowanie do figury,Okrągły,Krótki rękaw,koszulka skinny fit,0.0
koszulki z krótkim rękawem (męskie),- bluzka z długim rękawem,holzweiler,539.0,989.0,"50% wełna, 50% poliester",slim,Prosty,Okrągły,Długi rękaw,koszulka slim fit,32.2
koszulki z krótkim rękawem (męskie),p-6 responsibili-tee - bluzka z długim rękawem,patagonia p,249.0,159.99,"50% bawełna, 50% poliester",regular,Prosty,Okrągły,Długi rękaw,koszulka regular fit,3.33
koszulki z krótkim rękawem (męskie),carantec marinière - t-shirt z nadrukiem,armor lux carantec marinière,276.1,229.0,"96% bawełna, 4% elastan",,Dopasowany,Okrągły,Krótki rękaw,koszulka other,
koszulki z krótkim rękawem (męskie),- bluzka z długim rękawem,emporio armani,609.0,609.0,100% bawełna,regular,Prosty,Okrągły,Długi rękaw,koszulka regular fit,3.33
koszulki z krótkim rękawem (męskie),- t-shirt basic,puma,149.0,99.0,100% bawełna,regular,Prosty,Okrągły,Krótki rękaw,koszulka regular fit,3.33
koszulki z krótkim rękawem (męskie),- koszulka polo,gant,530.0,,"50% modal, 50% bawełna",regular,Prosty,,Krótki rękaw,koszulka regular fit,3.33
koszulki z krótkim rękawem (męskie),crew neck - t-shirt basic,jack & jones crew neck,71.95,89.99,100% bawełna,regular,Prosty,Okrągły,Krótki rękaw,koszulka regular fit,3.33
koszulki z krótkim rękawem (męskie),- koszulka sportowa,norrøna,489.0,299.0,100% poliester,regular,Prosty,Okrągły,Krótki rękaw,koszulka regular fit,3.33
koszulki z krótkim rękawem (męskie),rockwall - koszulka polo,mcs rockwall,169.99,,100% bawełna,regular,Prosty,,Długi rękaw,koszulka regular fit,3.33
koszulki z krótkim rękawem (męskie),- t-shirt basic,polo ralph lauren,341.0,379.0,100% bawełna,regular,Prosty,Okrągły,Krótki rękaw,koszulka regular fit,3.33
koszulki z krótkim rękawem (męskie),- t-shirt z nadrukiem,michael kors,309.0,509.0,100% bawełna,regular,Prosty,Okrągły,Krótki rękaw,koszulka regular fit,3.33
koszulki z krótkim rękawem (męskie),- t-shirt basic,oakley,161.0,,100% bawełna,loose fit,Prosty,Okrągły,Półrękawek,koszulka loose fit,3.33
koszulki z krótkim rękawem (męskie),- t-shirt z nadrukiem,puma,109.0,99.0,"50% poliester, 25% bawełna, 25% wiskoza",regular,Prosty,Okrągły,Krótki rękaw,koszulka regular fit,3.33
koszulki z krótkim rękawem (męskie),- t-shirt z nadrukiem,camel active,139.95,99.99,100% bawełna,regular,Prosty,Okrągły,Krótki rękaw,koszulka regular fit,3.33
koszulki z krótkim rękawem (męskie),leon unisex - bluzka z długim rękawem,huf leon unisex,323.0,,100% bawełna,regular,Prosty,Okrągły,Długi rękaw,koszulka regular fit,3.33
koszulki z krótkim rękawem (męskie),- t-shirt z nadrukiem,adidas originals,139.0,129.0,100% bawełna,regular,Prosty,Okrągły,Krótki rękaw,koszulka regular fit,3.33
koszulki z krótkim rękawem (męskie),pi-yt-bas0-0122 long sleeve tee / 802 - black - bluzka z długim rękawem,pier one pi,41.0,59.0,100% bawełna,slim,Prosty,Okrągły,Długi rękaw,koszulka slim fit,32.2
koszulki z krótkim rękawem (męskie),4 pack - t-shirt z nadrukiem,tom tailor 4 pack,252.58,,100% bawełna,regular fit,Prosty,Okrągły,Krótki rękaw,koszulka regular fit,3.33
koszulki z krótkim rękawem (męskie),- t-shirt z nadrukiem,tapout,91.0,339.0,100% bawełna,regular,Prosty,Okrągły,Krótki rękaw,koszulka regular fit,3.33
koszulki z krótkim rękawem (męskie),pallas - koszulka polo,boss pallas,269.0,449.0,100% bawełna,slim,Prosty,,Krótki rękaw,koszulka slim fit,32.2
koszulki z krótkim rękawem (męskie),- koszulka polo,gap,139.0,234.99,"98% bawełna, 2% elastan",regular,Prosty,,Krótki rękaw,koszulka regular fit,3.33
koszulki z krótkim rękawem (męskie),- t-shirt z nadrukiem,levi's®,159.0,79.0,100% bawełna,loose fit,Prosty,Okrągły,Krótki rękaw,koszulka loose fit,3.33
koszulki z krótkim rękawem (męskie),unisex - bluzka z długim rękawem,the north face unisex,319.0,199.0,100% poliester,regular,Prosty,Okrągły,Długi rękaw,koszulka regular fit,3.33
koszulki z krótkim rękawem (męskie),cointerlude - t-shirt z nadrukiem,jack & jones cointerlude,67.45,89.99,100% bawełna,loose fit,Prosty,Okrągły,Krótki rękaw,koszulka loose fit,3.33
koszulki z krótkim rękawem (męskie),- koszulka sportowa,nike performance,319.0,159.0,100% poliester,regular,Prosty,Okrągły,Krótki rękaw,koszulka regular fit,3.33
koszulki z krótkim rękawem (męskie),extended gym tee - t-shirt basic,siksilk extended gym tee,103.0,159.0,"95% bawełna, 5% elastan",regular fit,Prosty,Okrągły,Krótki rękaw,koszulka regular fit,3.33
koszulki z krótkim rękawem (męskie),- t-shirt z nadrukiem,carhartt wip,199.0,179.0,100% bawełna,regular,Prosty,Okrągły,Krótki rękaw,koszulka regular fit,3.33
koszulki z krótkim rękawem (męskie),connor - t-shirt basic,pepe jeans connor,87.2,109.0,100% bawełna,regular,Prosty,Okrągły,Krótki rękaw,koszulka regular fit,3.33
koszulki z krótkim rękawem (męskie),- t-shirt z nadrukiem,carhartt wip,219.0,219.0,100% bawełna,loose fit,Prosty,Okrągły,Półrękawek,koszulka loose fit,3.33
koszulki z krótkim rękawem (męskie),- t-shirt z nadrukiem,u.s. polo assn.,79.99,,100% bawełna,regular,Prosty,Okrągły,Krótki rękaw,koszulka regular fit,3.33
koszulki z krótkim rękawem (męskie),- t-shirt z nadrukiem,schott,210.0,151.0,100% bawełna,regular,Prosty,Okrągły,Krótki rękaw,koszulka regular fit,3.33
koszulki z krótkim rękawem (męskie),- t-shirt z nadrukiem,closed,449.0,449.0,100% bawełna,regular,Prosty,Okrągły,Krótki rękaw,koszulka regular fit,3.33
koszulki z krótkim rękawem (męskie),unisex - t-shirt z nadrukiem,santa cruz unisex,80.0,199.0,100% bawełna,regular,Prosty,Okrągły,Krótki rękaw,koszulka regular fit,3.33
koszulki z krótkim rękawem (męskie),- t-shirt z nadrukiem,pepe jeans,135.0,229.0,100% bawełna,regular,Prosty,Okrągły,Krótki rękaw,koszulka regular fit,3.33
koszulki z krótkim rękawem (męskie),- t-shirt z nadrukiem,scalpers,101.25,126.56,100% bawełna,regular fit,Prosty,Okrągły,Półrękawek,koszulka regular fit,3.33
koszulki z krótkim rękawem (męskie),fqiikay - t-shirt z nadrukiem,fq1924 fqiikay,98.0,189.0,"95% bawełna, 5% elastan",regular,Prosty,Typu Henley,Krótki rękaw,koszulka regular fit,3.33
koszulki z krótkim rękawem (męskie),- t-shirt z nadrukiem,redefined rebel,98.0,,"60% bawełna, 40% poliester",regular,Prosty,Okrągły,Krótki rękaw,koszulka regular fit,3.33
koszulki z krótkim rękawem (męskie),- artykuły klubowe,hummel,363.0,429.0,100% poliester,regular,Prosty,Okrągły,Krótki rękaw,koszulka regular fit,3.33
koszulki z krótkim rękawem (męskie),drisse marinière - bluzka z długim rękawem,armor lux drisse marinière,382.46,249.95,100% bawełna,,,Okrągły,Długi rękaw,koszulka other,
koszulki z krótkim rękawem (męskie),- t-shirt z nadrukiem,jack & jones,79.95,99.99,100% bawełna,loose fit,Prosty,Okrągły,Krótki rękaw,koszulka loose fit,3.33
koszulki z krótkim rękawem (męskie),unisex - t-shirt z nadrukiem,santa cruz unisex,143.0,,100% bawełna,regular,Prosty,Okrągły,Krótki rękaw,koszulka regular fit,3.33
koszulki z krótkim rękawem (męskie),t-shirt z nadrukiem,forsberg t,139.99,164.99,"60% bawełna, 40% poliester",regular,Prosty,Okrągły,Krótki rękaw,koszulka regular fit,3.33
koszulki z krótkim rękawem (męskie),- t-shirt z nadrukiem,jack & jones,67.45,74.99,100% bawełna,regular,Prosty,Okrągły,Krótki rękaw,koszulka regular fit,3.33
koszulki z krótkim rękawem (męskie),boxy - t-shirt basic,bershka boxy,59.9,129.0,100% bawełna,loose fit,Prosty,Okrągły,Krótki rękaw,koszulka loose fit,3.33
koszulki z krótkim rękawem (męskie),unisex - t-shirt basic,taion unisex,199.0,199.0,"76% nylon, 24% poliuretan",loose fit,Prosty,Okrągły,Półrękawek,koszulka loose fit,3.33
koszulki z krótkim rękawem (męskie),normale passform - t-shirt z nadrukiem,lonsdale normale passform,119.0,139.0,100% bawełna,regular,Prosty,Okrągły,Krótki rękaw,koszulka regular fit,3.33
koszulki z krótkim rękawem (męskie),wilbur - t-shirt basic,indicode jeans wilbur,89.99,,100% bawełna,slim,Dopasowany,Okrągły,Krótki rękaw,koszulka slim fit,32.2
koszulki z krótkim rękawem (męskie),chill creek - t-shirt z nadrukiem,columbia chill creek,299.0,179.0,"95% nylon, 5% elastan",regular,Prosty,Okrągły,Krótki rękaw,koszulka regular fit,3.33
koszulki z krótkim rękawem (męskie),- t-shirt z nadrukiem,maison kitsuné,679.0,989.0,100% bawełna,loose fit,Prosty,Okrągły,Półrękawek,koszulka loose fit,3.33
koszulki z krótkim rękawem (męskie),- t-shirt z nadrukiem,obey clothing,189.0,229.0,100% bawełna,regular,Prosty,Okrągły,Krótki rękaw,koszulka regular fit,3.33
koszulki z krótkim rękawem (męskie),- t-shirt z nadrukiem,jack & jones,67.45,74.99,100% bawełna,regular,Prosty,Okrągły,Krótki rękaw,koszulka regular fit,3.33
koszulki z krótkim rękawem (męskie),t-shirt basic,boss t,162.0,249.0,"95% bawełna, 5% elastan",slim,Prosty,Okrągły,Krótki rękaw,koszulka slim fit,32.2
koszulki z krótkim rękawem (męskie),archive - t-shirt z nadrukiem,gant archive,206.0,249.0,100% bawełna,regular,Prosty,Okrągły,Krótki rękaw,koszulka regular fit,3.33
koszulki z krótkim rękawem (męskie),core - t-shirt basic,on core,270.0,69.0,"92% poliester, 8% elastan",regular,Prosty,Okrągły,Krótki rękaw,koszulka regular fit,3.33
koszulki z krótkim rękawem (męskie),dulivio - t-shirt z nadrukiem,hugo dulivio,134.0,179.0,100% bawełna,regular,Prosty,Okrągły,Krótki rękaw,koszulka regular fit,3.33
koszulki z krótkim rękawem (męskie),- t-shirt z nadrukiem,calvin klein jeans,98.0,179.0,100% bawełna,regular,Prosty,Okrągły,Krótki rękaw,koszulka regular fit,3.33
koszulki z krótkim rękawem (męskie),- t-shirt z nadrukiem,zoo york,82.0,168.0,100% bawełna,regular,Prosty,Okrągły,Krótki rękaw,koszulka regular fit,3.33
koszulki z krótkim rękawem (męskie),- bluzka z długim rękawem,napapijri,197.0,219.0,100% bawełna,regular,Prosty,Okrągły,Długi rękaw,koszulka regular fit,3.33
koszulki z krótkim rękawem (męskie),- t-shirt z nadrukiem,pier one,24.0,59.0,100% bawełna,regular,Prosty,Okrągły,Krótki rękaw,koszulka regular fit,3.33
koszulki z krótkim rękawem (męskie),- t-shirt basic,karl lagerfeld,296.0,,"95% bawełna, 5% elastan",regular,Prosty,Wycięcie typu V,Krótki rękaw,koszulka regular fit,3.33
koszulki z krótkim rękawem (męskie),- t-shirt z nadrukiem,only & sons,109.0,139.0,100% bawełna,loose fit,Prosty,Okrągły,Półrękawek,koszulka loose fit,3.33
koszulki z krótkim rękawem (męskie),- t-shirt basic,boss,146.0,209.0,"95% bawełna, 5% elastan",regular,Prosty,Okrągły,Krótki rękaw,koszulka regular fit,3.33
koszulki z krótkim rękawem (męskie),- bluzka z długim rękawem,pme legend,329.0,159.0,100% bawełna,regular,Prosty,Typu Henley,Długi rękaw,koszulka regular fit,3.33
koszulki z krótkim rękawem (męskie),london - t-shirt z nadrukiem,henry tiger london,109.99,,100% bawełna,regular,Prosty,Okrągły,Krótki rękaw,koszulka regular fit,3.33
koszulki z krótkim rękawem (męskie),dbrybell - t-shirt z nadrukiem,indicode jeans dbrybell,109.0,89.0,100% bawełna,loose fit,Prosty,Okrągły,Krótki rękaw,koszulka loose fit,3.33
koszulki z krótkim rękawem (męskie),guns n‘ roses - t-shirt z nadrukiem,mister tee guns n‘ roses,82.0,139.0,100% bawełna,regular,,Okrągły,Krótki rękaw,koszulka regular fit,3.33
koszulki z krótkim rękawem (męskie),polk - t-shirt z nadrukiem,dickies polk,143.0,,100% bawełna,regular,Prosty,Okrągły,Krótki rękaw,koszulka regular fit,3.33
koszulki z krótkim rękawem (męskie),- t-shirt basic,pepe jeans,119.0,126.56,100% bawełna,loose fit,Prosty,Okrągły,Krótki rękaw,koszulka loose fit,3.33
koszulki z krótkim rękawem (męskie),jjelogo - t-shirt z nadrukiem,jack & jones jjelogo,89.99,269.0,100% bawełna,regular,Prosty,Okrągły,Krótki rękaw,koszulka regular fit,3.33
koszulki z krótkim rękawem (męskie),archive - t-shirt z nadrukiem,moschino archive,1689.0,1309.0,"97% bawełna, 3% elastan",regular,Prosty,Okrągły,Krótki rękaw,koszulka regular fit,3.33
koszulki z krótkim rękawem (męskie),- bluzka z długim rękawem,adidas performance,699.0,409.0,100% poliester,regular,Prosty,Okrągły,Długi rękaw,koszulka regular fit,3.33
koszulki z krótkim rękawem (męskie),unisex looney tunes character central - t-shirt z nadrukiem,re:covered unisex looney tunes character central,153.0,172.0,100% bawełna,regular,,Okrągły,Półrękawek,koszulka regular fit,3.33
koszulki z krótkim rękawem (męskie),t-shirts sesamstrasse - krümelmonster pate - t-shirt z nadrukiem,logoshirt t,169.0,159.0,100% bawełna,regular,Prosty,Okrągły,Krótki rękaw,koszulka regular fit,3.33
koszulki z krótkim rękawem (męskie),- t-shirt z nadrukiem,versace,2029.0,1309.0,100% bawełna,regular,Prosty,Okrągły,Krótki rękaw,koszulka regular fit,3.33
koszulki z krótkim rękawem (męskie),- t-shirt basic,teeshoppen,425.0,139.99,100% bawełna,slim,Prosty,Okrągły,Krótki rękaw,koszulka slim fit,32.2
koszulki z krótkim rękawem (męskie),- koszulka polo,adidas originals,224.0,,100% poliester,regular,Prosty,,Krótki rękaw,koszulka regular fit,3.33
koszulki z krótkim rękawem (męskie),- t-shirt z nadrukiem,jack & jones,94.45,134.99,100% bawełna,loose fit,Prosty,Okrągły,Krótki rękaw,koszulka loose fit,3.33
koszulki z krótkim rękawem (męskie),garfield college text oversized - t-shirt z nadrukiem,re:covered garfield college text oversized,192.0,216.0,100% bawełna,loose fit,Prosty,Okrągły,Półrękawek,koszulka loose fit,3.33
koszulki z krótkim rękawem (męskie),hsun - t-shirt z nadrukiem,blend hsun,84.0,,100% bawełna,regular,Prosty,Okrągły,Krótki rękaw,koszulka regular fit,3.33
koszulki z krótkim rękawem (męskie),- bluzka z długim rękawem,under armour,179.0,199.0,100% poliester,loose fit,,,Długi rękaw,koszulka loose fit,3.33
koszulki z krótkim rękawem (męskie),jormontauk - t-shirt z nadrukiem,jack & jones jormontauk,71.0,,100% bawełna,regular,Prosty,Okrągły,Krótki rękaw,koszulka regular fit,3.33
koszulki z krótkim rękawem (męskie),karter - t-shirt z nadrukiem,blend karter,79.0,129.99,100% bawełna,regular,Prosty,Okrągły,Krótki rękaw,koszulka regular fit,3.33
koszulki z krótkim rękawem (męskie),unisex - t-shirt z nadrukiem,yourturn unisex,35.0,69.0,100% bawełna,loose fit,Prosty,Okrągły,Półrękawek,koszulka loose fit,3.33
koszulki z krótkim rękawem (męskie),- t-shirt basic,urban classics,49.0,,100% bawełna,regular,Prosty,Okrągły,Krótki rękaw,koszulka regular fit,3.33
koszulki z krótkim rękawem (męskie),- t-shirt z nadrukiem,diverse,62.99,,100% bawełna,regular,Prosty,Okrągły,Krótki rękaw,koszulka regular fit,3.33
koszulki z krótkim rękawem (męskie),unisex - t-shirt z nadrukiem,gap unisex,189.0,229.0,100% bawełna,loose fit,Prosty,Okrągły,Krótki rękaw,koszulka loose fit,3.33
koszulki z krótkim rękawem (męskie),- t-shirt z nadrukiem,jack & jones,69.99,79.99,100% bawełna,regular,Prosty,Okrągły,Krótki rękaw,koszulka regular fit,3.33
koszulki z krótkim rękawem (męskie),- t-shirt z nadrukiem,henry tiger,99.99,,100% bawełna,regular,Prosty,Okrągły,Krótki rękaw,koszulka regular fit,3.33
koszulki z krótkim rękawem (męskie),delicious - t-shirt z nadrukiem,mister tee delicious,67.0,139.0,100% bawełna,regular,Prosty,Okrągły,Krótki rękaw,koszulka regular fit,3.33
koszulki z krótkim rękawem (męskie),bhevo - koszulka polo,blend bhevo,109.0,169.0,100% bawełna,regular,Prosty,Wycięcie typu V,Krótki rękaw,koszulka regular fit,3.33
koszulki z krótkim rękawem (męskie),- t-shirt basic,polo ralph lauren,469.0,379.0,100% bawełna,regular,Prosty,Okrągły,Krótki rękaw,koszulka regular fit,3.33
koszulki z krótkim rękawem (męskie),sdpedro - t-shirt z nadrukiem,solid sdpedro,66.0,139.0,"95% bawełna, 5% wiskoza",regular,Prosty,Okrągły,Krótki rękaw,koszulka regular fit,3.33
koszulki z krótkim rękawem (męskie),join relaxed - t-shirt z nadrukiem,boss join relaxed,266.0,409.0,100% bawełna,loose fit,Prosty,Okrągły,Krótki rękaw,koszulka loose fit,3.33
koszulki z krótkim rękawem (męskie),- t-shirt z nadrukiem,just rhyse,67.0,79.0,"70% bawełna, 30% poliester",regular,Prosty,Okrągły,Krótki rękaw,koszulka regular fit,3.33
koszulki z krótkim rękawem (męskie),unisex - t-shirt z nadrukiem,yourturn unisex,40.0,79.0,100% bawełna,loose fit,Prosty,Okrągły,Półrękawek,koszulka loose fit,3.33
koszulki z krótkim rękawem (męskie),- t-shirt z nadrukiem,boss,287.0,319.0,100% bawełna,regular,Prosty,Okrągły,Krótki rękaw,koszulka regular fit,3.33
koszulki z krótkim rękawem (męskie),- t-shirt z nadrukiem,henry tiger,99.99,,100% bawełna,regular,Prosty,Okrągły,Krótki rękaw,koszulka regular fit,3.33
koszulki z krótkim rękawem (męskie),- t-shirt z nadrukiem,henry tiger,99.99,,100% bawełna,regular,Prosty,Okrągły,Krótki rękaw,koszulka regular fit,3.33
koszulki z krótkim rękawem (męskie),monte carlo health - t-shirt z nadrukiem,pica pica monte carlo health,127.0,199.0,100% bawełna,regular,Prosty,Okrągły,Krótki rękaw,koszulka regular fit,3.33
koszulki z krótkim rękawem (męskie),- t-shirt z nadrukiem,henry tiger,99.99,,100% bawełna,regular,Prosty,Okrągły,Krótki rękaw,koszulka regular fit,3.33
koszulki z krótkim rękawem (męskie),- koszulka polo,polo ralph lauren,1099.0,,100% bawełna,regular,Prosty,,Krótki rękaw,koszulka regular fit,3.33
koszulki z krótkim rękawem (męskie),- t-shirt z nadrukiem,blend,60.0,89.0,100% bawełna,regular,Prosty,Okrągły,Krótki rękaw,koszulka regular fit,3.33
koszulki z krótkim rękawem (męskie),- t-shirt z nadrukiem,coach,254.0,339.0,100% bawełna,regular,Prosty,Okrągły,Krótki rękaw,koszulka regular fit,3.33
koszulki z krótkim rękawem (męskie),- koszulka sportowa,nike performance,109.0,159.0,100% poliester,slim,Dopasowanie do figury,Okrągły,Krótki rękaw,koszulka slim fit,32.2
koszulki z krótkim rękawem (męskie),- t-shirt z nadrukiem,schott,165.0,69.99,100% bawełna,regular,Prosty,Okrągły,Krótki rękaw,koszulka regular fit,3.33
koszulki z krótkim rękawem (męskie),- t-shirt z nadrukiem,fila,95.57,,100% bawełna,loose fit,Prosty,Okrągły,Krótki rękaw,koszulka loose fit,3.33
koszulki z krótkim rękawem (męskie),- t-shirt z nadrukiem,merchcode,82.0,139.0,100% bawełna,loose fit,Prosty,Okrągły,Krótki rękaw,koszulka loose fit,3.33
koszulki z krótkim rękawem (męskie),cole - t-shirt z nadrukiem,jack & jones cole,62.0,,100% bawełna,regular,Prosty,Okrągły,Krótki rękaw,koszulka regular fit,3.33
koszulki z krótkim rękawem (męskie),- t-shirt z nadrukiem,henry tiger,99.99,,100% bawełna,regular,Prosty,Okrągły,Krótki rękaw,koszulka regular fit,3.33
koszulki z krótkim rękawem (męskie),- t-shirt z nadrukiem,henry tiger,169.99,,100% bawełna,regular,Prosty,Okrągły,Krótki rękaw,koszulka regular fit,3.33
koszulki z krótkim rękawem (męskie),set - spodnie treningowe,lonsdale set,151.0,179.0,100% bawełna,regular,Prosty,Okrągły,Krótki rękaw,koszulka regular fit,3.33
koszulki z krótkim rękawem (męskie),- t-shirt z nadrukiem,karl kani,97.0,139.0,100% bawełna,loose fit,Prosty,Okrągły,Półrękawek,koszulka loose fit,3.33
koszulki z krótkim rękawem (męskie),spain 26 away - koszulka reprezentacji,adidas performance spain 26 away,299.0,449.0,100% poliester,regular,Dopasowany,Wycięcie typu V,Krótki rękaw,koszulka regular fit,3.33
koszulki z krótkim rękawem (męskie),- koszulka polo,terranova,59.99,69.0,100% bawełna,regular,Prosty,,Krótki rękaw,koszulka regular fit,3.33
koszulki z krótkim rękawem (męskie),- t-shirt z nadrukiem,tom tailor denim,79.95,,100% bawełna,regular,Prosty,Okrągły,Krótki rękaw,koszulka regular fit,3.33
koszulki z krótkim rękawem (męskie),hemisphere - t-shirt z nadrukiem,mister tee hemisphere,119.0,79.0,100% bawełna,regular,Prosty,Okrągły,Krótki rękaw,koszulka regular fit,3.33
koszulki z krótkim rękawem (męskie),- t-shirt z nadrukiem,mister tee,70.0,79.0,100% bawełna,regular,Prosty,Okrągły,Krótki rękaw,koszulka regular fit,3.33
koszulki z krótkim rękawem (męskie),rifredi - t-shirt z nadrukiem,fila rifredi,105.75,319.0,100% bawełna,regular,Prosty,Okrągły,Krótki rękaw,koszulka regular fit,3.33
koszulki z krótkim rękawem (męskie),- t-shirt z nadrukiem,venum,209.0,159.0,"75% nylon, 25% elastan",skinny,Dopasowanie do figury,Okrągły,Krótki rękaw,koszulka skinny fit,0.0
koszulki z krótkim rękawem (męskie),th x cadillac formula 1 unisex - t-shirt z nadrukiem,tommy hilfiger th x cadillac formula 1 unisex,289.0,949.0,100% bawełna,regular,Prosty,Okrągły,Krótki rękaw,koszulka regular fit,3.33
koszulki z krótkim rękawem (męskie),koszulka polo,pier one koszulka polo,41.0,59.0,100% bawełna,regular,Prosty,,Krótki rękaw,koszulka regular fit,3.33
koszulki z krótkim rękawem (męskie),base - t-shirt basic,carhartt wip base,129.0,249.0,100% bawełna,regular,Prosty,Okrągły,Krótki rękaw,koszulka regular fit,3.33
koszulki z krótkim rękawem (męskie),- t-shirt z nadrukiem,alpha industries,149.0,229.0,100% bawełna,regular,Prosty,Okrągły,Krótki rękaw,koszulka regular fit,3.33
koszulki z krótkim rękawem (męskie),- t-shirt z nadrukiem,mister tee,55.0,79.0,100% bawełna,regular,Prosty,Okrągły,Krótki rękaw,koszulka regular fit,3.33
koszulki z krótkim rękawem (męskie),- koszulka polo,blend,62.0,79.0,100% bawełna,regular,Prosty,Wycięcie typu V,Krótki rękaw,koszulka regular fit,3.33
koszulki z krótkim rękawem (męskie),unisex - t-shirt z nadrukiem,calvin klein jeans unisex,97.0,129.0,100% bawełna,regular,Prosty,Okrągły,Krótki rękaw,koszulka regular fit,3.33
koszulki z krótkim rękawem (męskie),dri-fit park - t-shirt z nadrukiem,nike performance dri,149.99,119.0,"75% poliester, 13% bawełna, 12% wiskoza",regular,Prosty,Okrągły,Krótki rękaw,koszulka regular fit,3.33
koszulki z krótkim rękawem (męskie),herren joy division tear us apart - t-shirt z nadrukiem,mister tee herren joy division tear us apart,76.0,119.0,100% bawełna,regular,,Okrągły,Krótki rękaw,koszulka regular fit,3.33
koszulki z krótkim rękawem (męskie),jorcatskills - t-shirt z nadrukiem,jack & jones jorcatskills,62.0,,100% bawełna,regular,Prosty,Okrągły,Krótki rękaw,koszulka regular fit,3.33
koszulki z krótkim rękawem (męskie),evolution box - t-shirt z nadrukiem,the north face evolution box,139.99,139.0,"60% bawełna, 40% poliester",regular,Prosty,Okrągły,Krótki rękaw,koszulka regular fit,3.33
koszulki z krótkim rękawem (męskie),bhkean - t-shirt z nadrukiem,blend bhkean,70.0,89.0,100% bawełna,regular,Prosty,Okrągły,Krótki rękaw,koszulka regular fit,3.33
koszulki z krótkim rękawem (męskie),2 pack - bluzka z długim rękawem,pier one 2 pack,50.0,99.0,"95% bawełna, 5% elastan",skinny,Dopasowanie do figury,,Długi rękaw,koszulka skinny fit,0.0
koszulki z krótkim rękawem (męskie),- t-shirt z nadrukiem,huf,206.0,,100% bawełna,regular,Prosty,Okrągły,Krótki rękaw,koszulka regular fit,3.33
koszulki z krótkim rękawem (męskie),- t-shirt z nadrukiem,siksilk,142.0,204.0,"95% bawełna, 5% elastan",slim,Prosty,Okrągły,Krótki rękaw,koszulka slim fit,32.2
koszulki z krótkim rękawem (męskie),- t-shirt z nadrukiem,msgm,459.0,,100% bawełna,regular,Prosty,Okrągły,Krótki rękaw,koszulka regular fit,3.33
koszulki z krótkim rękawem (męskie),- t-shirt basic,new balance,129.0,279.0,100% bawełna,loose fit,Prosty,Okrągły,Krótki rękaw,koszulka loose fit,3.33
koszulki z krótkim rękawem (męskie),tee - t-shirt z nadrukiem,the kooples tee,379.0,399.0,100% bawełna,regular,Prosty,Okrągły,Krótki rękaw,koszulka regular fit,3.33
koszulki z krótkim rękawem (męskie),unisex - t-shirt z nadrukiem,samsøe samsøe unisex,323.0,359.0,100% bawełna,regular,Prosty,Okrągły,Krótki rękaw,koszulka regular fit,3.33
koszulki z krótkim rękawem (męskie),- t-shirt z nadrukiem,element,134.0,,100% bawełna,regular,Prosty,Okrągły,Krótki rękaw,koszulka regular fit,3.33
koszulki z krótkim rękawem (męskie),milano - koszulka polo,moschino milano,1039.0,809.0,100% bawełna,regular,Prosty,,Krótki rękaw,koszulka regular fit,3.33
koszulki z krótkim rękawem (męskie),essential - t-shirt basic,next essential,52.0,139.0,100% bawełna,regular,Prosty,Okrągły,Krótki rękaw,koszulka regular fit,3.33
koszulki z krótkim rękawem (męskie),bugs daffy - t-shirt z nadrukiem,henry tiger bugs daffy,109.99,119.0,100% bawełna,regular,Prosty,Okrągły,Krótki rękaw,koszulka regular fit,3.33
koszulki z krótkim rękawem (męskie),karter - t-shirt z nadrukiem,blend karter,79.0,126.56,100% bawełna,regular,Prosty,Okrągły,Krótki rękaw,koszulka regular fit,3.33
koszulki z krótkim rękawem (męskie),- t-shirt z nadrukiem,nike performance,229.0,319.0,"60% bawełna, 40% poliester",regular,Prosty,Okrągły,Krótki rękaw,koszulka regular fit,3.33
koszulki z krótkim rękawem (męskie),unisex - t-shirt z nadrukiem,blkvis unisex,92.0,229.0,100% bawełna,regular,Prosty,Okrągły,Krótki rękaw,koszulka regular fit,3.33
koszulki z krótkim rękawem (męskie),unisex - t-shirt z nadrukiem,new balance unisex,152.0,,100% bawełna,regular,Prosty,Okrągły,Krótki rękaw,koszulka regular fit,3.33
koszulki z krótkim rękawem (męskie),- t-shirt z nadrukiem,penfield,90.0,179.0,100% bawełna,loose fit,Prosty,Okrągły,Krótki rękaw,koszulka loose fit,3.33
koszulki z krótkim rękawem (męskie),- koszulka polo,gant,358.0,369.0,100% bawełna,regular,Prosty,,Krótki rękaw,koszulka regular fit,3.33
koszulki z krótkim rękawem (męskie),- t-shirt z nadrukiem,calvin klein jeans,152.0,169.0,100% bawełna,regular,Prosty,Okrągły,Krótki rękaw,koszulka regular fit,3.33
koszulki z krótkim rękawem (męskie),unisex - t-shirt z nadrukiem,calvin klein unisex,152.0,169.0,100% bawełna,loose fit,Prosty,Okrągły,Krótki rękaw,koszulka loose fit,3.33
koszulki z krótkim rękawem (męskie),unisex - t-shirt z nadrukiem,umbro unisex,108.0,309.0,100% poliester,regular,Prosty,,Krótki rękaw,koszulka regular fit,3.33
koszulki z krótkim rękawem (męskie),essentials heather - t-shirt z nadrukiem,puma essentials heather,99.0,129.0,"65% poliester, 35% bawełna",regular,Prosty,Okrągły,Krótki rękaw,koszulka regular fit,3.33
koszulki z krótkim rękawem (męskie),- t-shirt z nadrukiem,merchcode,82.0,,100% bawełna,regular,Prosty,Okrągły,Krótki rękaw,koszulka regular fit,3.33
koszulki z krótkim rękawem (męskie),liverpool fc icon - artykuły klubowe,adidas originals liverpool fc icon,219.0,219.0,100% bawełna,regular,Prosty,Okrągły,Krótki rękaw,koszulka regular fit,3.33
koszulki z krótkim rękawem (męskie),pacer - bluzka z długim rękawem,nike performance pacer,126.0,229.0,100% poliester,regular,Prosty,,Bardzo długi rękaw,koszulka regular fit,3.33
koszulki z krótkim rękawem (męskie),cap cool - bluzka z długim rękawem,patagonia cap cool,289.0,169.0,100% poliester,regular,Prosty,Okrągły,Bardzo długi rękaw,koszulka regular fit,3.33
koszulki z krótkim rękawem (męskie),jorsplit - t-shirt z nadrukiem,jack & jones jorsplit,67.45,89.0,100% bawełna,regular,Prosty,Okrągły,Krótki rękaw,koszulka regular fit,3.33
koszulki z krótkim rękawem (męskie),- t-shirt basic,pier one sport,98.0,109.0,100% poliester,regular,Prosty,Okrągły,Krótki rękaw,koszulka regular fit,3.33
koszulki z krótkim rękawem (męskie),- koszulka polo,polo ralph lauren,609.0,589.0,100% bawełna,regular,Prosty,,Krótki rękaw,koszulka regular fit,3.33
koszulki z krótkim rękawem (męskie),- t-shirt z nadrukiem,calvin klein,152.0,169.0,100% bawełna,regular,Prosty,Okrągły,Krótki rękaw,koszulka regular fit,3.33
koszulki z krótkim rękawem (męskie),one life - t-shirt z nadrukiem,mister tee one life,67.0,79.0,100% bawełna,regular,Prosty,Okrągły,Krótki rękaw,koszulka regular fit,3.33
koszulki z krótkim rękawem (męskie),koszulka polo,lacoste koszulka polo,609.0,299.0,100% bawełna,regular,Prosty,,Krótki rękaw,koszulka regular fit,3.33
koszulki z krótkim rękawem (męskie),- koszulka sportowa,ea7 emporio armani,318.75,289.0,100% bawełna,regular,Prosty,Okrągły,Krótki rękaw,koszulka regular fit,3.33
koszulki z krótkim rękawem (męskie),lord of the rings - fellowship - t-shirt z nadrukiem,merchcode lord of the rings,118.0,159.0,100% bawełna,loose fit,Prosty,Okrągły,Krótki rękaw,koszulka loose fit,3.33
koszulki z krótkim rękawem (męskie),britney spears - t-shirt z nadrukiem,rockshirts britney spears,99.0,219.0,100% bawełna,regular,Prosty,Okrągły,Krótki rękaw,koszulka regular fit,3.33
koszulki z krótkim rękawem (męskie),adilenium unisex - t-shirt z nadrukiem,adidas originals adilenium unisex,108.0,269.0,100% poliester,nadwymiarowy,Prosty,Okrągły,Półrękawek,koszulka oversize,22.7
koszulki z krótkim rękawem (męskie),tucan - t-shirt z nadrukiem,just rhyse tucan,67.0,99.0,100% bawełna,regular,Prosty,Okrągły,Krótki rękaw,koszulka regular fit,3.33
koszulki z krótkim rękawem (męskie),- t-shirt z nadrukiem,adidas originals,149.0,159.0,100% bawełna,loose fit,Prosty,Okrągły,Krótki rękaw,koszulka loose fit,3.33
koszulki z krótkim rękawem (męskie),- t-shirt z nadrukiem,blend,68.0,119.0,"50% poliester, 38% bawełna, 12% wiskoza",regular,Prosty,Okrągły,Krótki rękaw,koszulka regular fit,3.33
koszulki z krótkim rękawem (męskie),- bluzka z długim rękawem,lacoste,287.0,,100% bawełna,regular,Zwężany,Okrągły,Długi rękaw,koszulka regular fit,3.33
koszulki z krótkim rękawem (męskie),unisex - t-shirt basic,pangaia unisex,144.0,359.0,100% bawełna,regular,Prosty,Okrągły,Krótki rękaw,koszulka regular fit,3.33
koszulki z krótkim rękawem (męskie),relaxed - t-shirt z nadrukiem,asics relaxed,169.0,199.0,"60% bawełna, 40% poliester",nadwymiarowy,Prosty,Okrągły,Półrękawek,koszulka oversize,22.7
koszulki z krótkim rękawem (męskie),- t-shirt z nadrukiem,mister tee,67.0,79.0,100% bawełna,regular,Prosty,Okrągły,Krótki rękaw,koszulka regular fit,3.33
koszulki z krótkim rękawem (męskie),- t-shirt z nadrukiem,s.oliver,89.99,,100% bawełna,regular,Prosty,Okrągły,Krótki rękaw,koszulka regular fit,3.33
koszulki z krótkim rękawem (męskie),- bluzka z długim rękawem,nike performance,170.0,189.0,"90% poliester, 10% elastan",skinny,Dopasowanie do figury,Typu Henley,Długi rękaw,koszulka skinny fit,0.0
koszulki z krótkim rękawem (męskie),football italy - t-shirt z nadrukiem,henry tiger football italy,109.99,,100% bawełna,regular,Prosty,Okrągły,Krótki rękaw,koszulka regular fit,3.33
koszulki z krótkim rękawem (męskie),player - koszulka polo,peak performance player,319.0,719.0,100% poliester,regular,Prosty,,Krótki rękaw,koszulka regular fit,3.33
koszulki z krótkim rękawem (męskie),- t-shirt z nadrukiem,marc o'polo,206.0,229.0,100% bawełna,regular,Prosty,Okrągły,Krótki rękaw,koszulka regular fit,3.33
koszulki z krótkim rękawem (męskie),idris - koszulka sportowa,ted baker sports idris,90.0,199.0,100% poliester,regular,Prosty,Okrągły,Krótki rękaw,koszulka regular fit,3.33
koszulki z krótkim rękawem (męskie),- t-shirt z nadrukiem,rockshirts,99.0,119.0,100% bawełna,regular,Prosty,Okrągły,Krótki rękaw,koszulka regular fit,3.33
koszulki z krótkim rękawem (męskie),aidy - t-shirt basic,guess aidy,97.0,139.0,100% bawełna,regular,Prosty,Okrągły,Krótki rękaw,koszulka regular fit,3.33
koszulki z krótkim rękawem (męskie),- t-shirt z nadrukiem,two soon,94.99,109.0,100% bawełna,loose fit,Prosty,Okrągły,Krótki rękaw,koszulka loose fit,3.33
koszulki z krótkim rękawem (męskie),slim fit mesh polo shirt - koszulka polo,polo ralph lauren slim fit mesh polo shirt,599.0,529.0,100% bawełna,regular,Prosty,,Krótki rękaw,koszulka regular fit,3.33
koszulki z krótkim rękawem (męskie),dreier - t-shirt basic,petrol industries dreier,125.0,249.0,100% bawełna,regular,Prosty,Okrągły,Krótki rękaw,koszulka regular fit,3.33
koszulki z krótkim rękawem (męskie),- bluzka z długim rękawem,polo ralph lauren,370.0,569.0,100% bawełna,slim,Prosty,,Długi rękaw,koszulka slim fit,32.2
koszulki z krótkim rękawem (męskie),- koszulka sportowa,hummel,136.0,129.0,100% poliester,regular,Prosty,Okrągły,Krótki rękaw,koszulka regular fit,3.33
koszulki z krótkim rękawem (męskie),unisex - bluzka z długim rękawem,yourturn unisex,84.0,159.0,"60% bawełna, 40% poliester",regular,Prosty,Okrągły,Długi rękaw,koszulka regular fit,3.33
koszulki z krótkim rękawem (męskie),- koszulka polo,lacoste,589.0,399.0,100% bawełna,regular,Prosty,,Krótki rękaw,koszulka regular fit,3.33
koszulki z krótkim rękawem (męskie),boxy - t-shirt basic,bershka boxy,59.9,99.0,100% bawełna,loose fit,Prosty,Okrągły,Półrękawek,koszulka loose fit,3.33
koszulki z krótkim rękawem (męskie),jorvarenna - koszulka polo,jack & jones jorvarenna,104.0,139.0,100% bawełna,loose fit,Prosty,Wycięcie typu V,Krótki rękaw,koszulka loose fit,3.33
koszulki z krótkim rękawem (męskie),- t-shirt basic,quiksilver,107.0,,100% bawełna,regular,Prosty,Okrągły,Krótki rękaw,koszulka regular fit,3.33
koszulki z krótkim rękawem (męskie),custom slim fit big pony mesh polo shirt - koszulka polo,polo ralph lauren custom slim fit big pony mesh polo shirt,819.0,339.0,100% bawełna,slim,Prosty,,Krótki rękaw,koszulka slim fit,32.2
koszulki z krótkim rękawem (męskie),classic - koszulka sportowa,lacoste sport classic,249.0,299.0,"65% bawełna, 35% poliester",regular,Prosty,Okrągły,Krótki rękaw,koszulka regular fit,3.33
koszulki z krótkim rękawem (męskie),unisex - t-shirt basic,yourturn unisex,69.0,69.0,"58% bawełna, 37% poliester, 5% elastan",slim,Prosty,Okrągły,Krótki rękaw,koszulka slim fit,32.2
koszulki z krótkim rękawem (męskie),1. fc köln - artykuły klubowe,hummel 1. fc köln,408.6,,100% poliester,regular,Prosty,Wycięcie typu V,Krótki rękaw,koszulka regular fit,3.33
koszulki z krótkim rękawem (męskie),padel court - koszulka sportowa,asics padel court,179.0,159.0,100% poliester,regular,Prosty,Kopertowy,Krótki rękaw,koszulka regular fit,3.33
koszulki z krótkim rękawem (męskie),dusplito - t-shirt z nadrukiem,hugo dusplito,165.0,329.0,100% bawełna,loose fit,Prosty,Okrągły,Krótki rękaw,koszulka loose fit,3.33
koszulki z krótkim rękawem (męskie),custom slim fit big pony mesh polo shirt - koszulka polo,polo ralph lauren custom slim fit big pony mesh polo shirt,737.0,,100% bawełna,regular,,,Krótki rękaw,koszulka regular fit,3.33
koszulki z krótkim rękawem (męskie),- koszulka polo,polo ralph lauren,609.0,549.0,100% bawełna,regular,Prosty,Typu Henley,Krótki rękaw,koszulka regular fit,3.33
koszulki z krótkim rękawem (męskie),- t-shirt basic,nike performance,169.0,99.0,100% poliester,regular,Prosty,Okrągły,Krótki rękaw,koszulka regular fit,3.33
koszulki z krótkim rękawem (męskie),hypercourt - t-shirt basic,k,199.0,379.0,"83% poliester, 17% elastan",regular,Prosty,Okrągły,Krótki rękaw,koszulka regular fit,3.33
koszulki z krótkim rękawem (męskie),- koszulka sportowa,adidas performance,143.0,159.0,"65% poliester, 35% bawełna",loose fit,Prosty,Okrągły,Krótki rękaw,koszulka loose fit,3.33
koszulki z krótkim rękawem (męskie),padel court - t-shirt z nadrukiem,asics padel court,159.0,319.0,"60% bawełna, 40% poliester",regular,Prosty,Okrągły,Krótki rękaw,koszulka regular fit,3.33
koszulki z krótkim rękawem (męskie),- t-shirt z nadrukiem,s.oliver,363.0,269.0,100% bawełna,regular,Prosty,Okrągły,Krótki rękaw,koszulka regular fit,3.33
koszulki z krótkim rękawem (męskie),hassen - t-shirt z nadrukiem,weekend offender hassen,179.0,,100% bawełna,regular,Prosty,Okrągły,Krótki rękaw,koszulka regular fit,3.33
koszulki z krótkim rękawem (męskie),nofishix - t-shirt z nadrukiem,hugo nofishix,209.0,279.0,100% bawełna,regular,Prosty,Okrągły,Krótki rękaw,koszulka regular fit,3.33
koszulki z krótkim rękawem (męskie),- t-shirt z nadrukiem,merchcode,119.0,119.0,100% bawełna,regular,Prosty,Okrągły,Krótki rękaw,koszulka regular fit,3.33
koszulki z krótkim rękawem (męskie),- t-shirt z nadrukiem,gap,129.0,69.0,100% bawełna,regular,Prosty,Okrągły,Krótki rękaw,koszulka regular fit,3.33
koszulki z krótkim rękawem (męskie),- koszulka polo,lacoste,499.0,319.0,100% bawełna,regular,Prosty,Okrągły,Krótki rękaw,koszulka regular fit,3.33
koszulki z krótkim rękawem (męskie),- t-shirt basic,u.s. polo assn.,419.99,,100% bawełna,regular,Prosty,Okrągły,Krótki rękaw,koszulka regular fit,3.33
koszulki z krótkim rękawem (męskie),- t-shirt z nadrukiem,gap,160.87,,100% bawełna,regular,Prosty,Okrągły,Krótki rękaw,koszulka regular fit,3.33
koszulki z krótkim rękawem (męskie),- t-shirt z nadrukiem,superdry & co,169.0,99.0,100% bawełna,regular,Prosty,Okrągły,Krótki rękaw,koszulka regular fit,3.33
koszulki z krótkim rękawem (męskie),cherry moments - t-shirt z nadrukiem,mister tee cherry moments,67.0,139.0,100% bawełna,regular,Prosty,Okrągły,Krótki rękaw,koszulka regular fit,3.33
koszulki z krótkim rękawem (męskie),unisex - t-shirt z nadrukiem,nike sportswear unisex,104.0,139.0,100% bawełna,regular,Prosty,Okrągły,Krótki rękaw,koszulka regular fit,3.33
koszulki z krótkim rękawem (męskie),bhtee - t-shirt z nadrukiem,blend bhtee,62.0,79.0,100% bawełna,regular,Prosty,Okrągły,Krótki rękaw,koszulka regular fit,3.33
koszulki z krótkim rękawem (męskie),unisex - t-shirt z nadrukiem,yourturn unisex,36.0,,100% bawełna,regular,Prosty,Okrągły,Krótki rękaw,koszulka regular fit,3.33
koszulki z krótkim rękawem (męskie),unisex - bluzka z długim rękawem,armani exchange unisex,429.0,399.0,100% bawełna,regular,Prosty,Okrągły,Długi rękaw,koszulka regular fit,3.33
koszulki z krótkim rękawem (męskie),- t-shirt z nadrukiem,the north face,149.0,159.0,100% bawełna,loose fit,Prosty,Okrągły,Półrękawek,koszulka loose fit,3.33
koszulki z krótkim rękawem (męskie),- t-shirt z nadrukiem,gap,183.0,229.0,100% bawełna,regular fit,Prosty,Okrągły,Krótki rękaw,koszulka regular fit,3.33
koszulki z krótkim rękawem (męskie),essential 3 - t-shirt z nadrukiem,björn borg essential 3,98.0,,100% bawełna,regular,Prosty,Okrągły,Krótki rękaw,koszulka regular fit,3.33
koszulki z krótkim rękawem (męskie),- top,pegador,98.0,109.0,"95% bawełna, 5% elastan",skinny,Dopasowanie do figury,"Okrągły, głęboko wycięty",Bez rękawów,koszulka skinny fit,0.0
koszulki z krótkim rękawem (męskie),peanuts snoopy good life retro - t-shirt z nadrukiem,henry tiger peanuts snoopy good life retro,109.99,399.0,100% bawełna,regular,Prosty,Okrągły,Krótki rękaw,koszulka regular fit,3.33
koszulki z krótkim rękawem (męskie),3 pack - top,pier one 3 pack,80.0,89.0,100% bawełna,skinny,Dopasowanie do figury,"Okrągły, głęboko wycięty",Bez rękawów,koszulka skinny fit,0.0
koszulki z krótkim rękawem (męskie),unisex - bluzka z długim rękawem,yourturn unisex,83.0,139.0,100% bawełna,regular,Prosty,Okrągły,Długi rękaw,koszulka regular fit,3.33
koszulki z krótkim rękawem (męskie),- t-shirt z nadrukiem,puma,124.0,179.0,100% bawełna,loose fit,Prosty,Okrągły,Półrękawek,koszulka loose fit,3.33
koszulki z krótkim rękawem (męskie),sdcahil - t-shirt z nadrukiem,solid sdcahil,66.0,119.0,100% bawełna,regular,Prosty,Okrągły,Krótki rękaw,koszulka regular fit,3.33
koszulki z krótkim rękawem (męskie),- t-shirt z nadrukiem,nike sportswear,159.0,199.0,100% bawełna,loose fit,Prosty,Okrągły,Półrękawek,koszulka loose fit,3.33
koszulki z krótkim rękawem (męskie),- t-shirt basic,ellesse,89.0,99.0,100% bawełna,regular,Prosty,Okrągły,Krótki rękaw,koszulka regular fit,3.33
koszulki z krótkim rękawem (męskie),essentials - t-shirt basic,adidas sportswear essentials,109.0,159.0,100% bawełna,loose fit,Prosty,Okrągły,Krótki rękaw,koszulka loose fit,3.33
koszulki z krótkim rękawem (męskie),- top,karl kani,99.0,139.0,100% bawełna,regular,Prosty,Okrągły,Bardzo krótki rękawek,koszulka regular fit,3.33
koszulki z krótkim rękawem (męskie),- t-shirt z nadrukiem,polo ralph lauren,339.0,649.0,100% bawełna,regular,Prosty,Okrągły,Krótki rękaw,koszulka regular fit,3.33
koszulki z krótkim rękawem (męskie),- t-shirt z nadrukiem,henry tiger,109.99,179.0,100% bawełna,regular,Prosty,Okrągły,Krótki rękaw,koszulka regular fit,3.33
koszulki z krótkim rękawem (męskie),- t-shirt z nadrukiem,s.oliver,89.99,79.0,"95% bawełna, 5% elastan",regular,Prosty,Okrągły,Krótki rękaw,koszulka regular fit,3.33
koszulki z krótkim rękawem (męskie),rob - koszulka sportowa,ted baker sports rob,188.0,209.0,"85% poliester, 15% elastan",regular,Prosty,Okrągły,Krótki rękaw,koszulka regular fit,3.33
koszulki z krótkim rękawem (męskie),- t-shirt z nadrukiem,puma,197.0,,100% bawełna,regular,Prosty,Okrągły,Krótki rękaw,koszulka regular fit,3.33
koszulki z krótkim rękawem (męskie),3 pack - top,pier one 3 pack,80.0,89.0,"85% bawełna, 15% wiskoza",slim,Dopasowany,"Okrągły, głęboko wycięty",Bez rękawów,koszulka slim fit,32.2
koszulki z krótkim rękawem (męskie),- t-shirt basic,s.oliver,59.99,,100% bawełna,regular,Prosty,Okrągły,Krótki rękaw,koszulka regular fit,3.33
koszulki z krótkim rękawem (męskie),5 pack - t-shirt basic,pier one 5 pack,104.0,149.0,100% bawełna,regular,Prosty,Okrągły,Krótki rękaw,koszulka regular fit,3.33
koszulki z krótkim rękawem (męskie),- t-shirt z nadrukiem,mister tee,49.0,79.0,100% bawełna,regular,Prosty,Okrągły,Krótki rękaw,koszulka regular fit,3.33
koszulki z krótkim rękawem (męskie),- bluzka z długim rękawem,pier one,89.0,119.0,100% bawełna,regular,Prosty,Okrągły,Długi rękaw,koszulka regular fit,3.33
koszulki z krótkim rękawem (męskie),- top,bershka,89.9,79.0,"58% bawełna, 40% modal, 2% elastan",slim,Dopasowany,"Okrągły, głęboko wycięty",Bez rękawów,koszulka slim fit,32.2
koszulki z krótkim rękawem (męskie),- koszulka polo,façonnable,475.0,369.0,100% bawełna,regular,Prosty,,Krótki rękaw,koszulka regular fit,3.33
koszulki z krótkim rękawem (męskie),unisex - t-shirt z nadrukiem,yourturn unisex,79.0,84.0,100% bawełna,loose fit,Prosty,,Półrękawek,koszulka loose fit,3.33
koszulki z krótkim rękawem (męskie),- koszulka polo,ps paul smith,469.0,619.0,100% bawełna,regular,Prosty,,Krótki rękaw,koszulka regular fit,3.33
koszulki z krótkim rękawem (męskie),snake front graphic tee - t-shirt z nadrukiem,yourturn snake front graphic tee,69.0,84.0,100% bawełna,loose fit,Prosty,Okrągły,Półrękawek,koszulka loose fit,3.33
koszulki z krótkim rękawem (męskie),- t-shirt z nadrukiem,the north face,149.0,159.0,100% bawełna,loose fit,Prosty,Okrągły,Krótki rękaw,koszulka loose fit,3.33
koszulki z krótkim rękawem (męskie),- t-shirt z nadrukiem,mister tee,49.0,79.0,100% bawełna,regular,Prosty,Okrągły,Krótki rękaw,koszulka regular fit,3.33
koszulki z krótkim rękawem (męskie),unisex - top,carne bollente unisex,339.0,1779.0,"98% bawełna, 2% poliuretan",slim,Dopasowany,Okrągły,Bez rękawów,koszulka slim fit,32.2
koszulki z krótkim rękawem (męskie),- t-shirt z nadrukiem,adidas performance,439.0,539.0,100% poliester,regular,Prosty,Okrągły,Krótki rękaw,koszulka regular fit,3.33
koszulki z krótkim rękawem (męskie),- koszulka polo,pier one,59.0,99.0,100% bawełna,slim,Prosty,,Krótki rękaw,koszulka slim fit,32.2
koszulki z krótkim rękawem (męskie),3 pack - top,pier one 3 pack,59.0,99.0,100% bawełna,regular,Prosty,"Okrągły, głęboko wycięty",Bez rękawów,koszulka regular fit,3.33
koszulki z krótkim rękawem (męskie),- t-shirt basic,nike sportswear,161.0,,100% bawełna,loose fit,Prosty,Okrągły,Krótki rękaw,koszulka loose fit,3.33
koszulki z krótkim rękawem (męskie),koszulka polo,pier one koszulka polo,32.0,59.0,100% bawełna,regular,Prosty,,Krótki rękaw,koszulka regular fit,3.33
koszulki z krótkim rękawem (męskie),peanuts - t-shirt z nadrukiem,henry tiger peanuts,109.99,,100% bawełna,regular,Prosty,Okrągły,Krótki rękaw,koszulka regular fit,3.33
koszulki z krótkim rękawem (męskie),- t-shirt z nadrukiem,emporio armani,356.0,,100% bawełna,regular,Prosty,Okrągły,Krótki rękaw,koszulka regular fit,3.33
koszulki z krótkim rękawem (męskie),miler - bluzka z długim rękawem,nike performance miler,169.99,139.0,100% poliester,regular,Dopasowany,Okrągły,Długi rękaw,koszulka regular fit,3.33
koszulki z krótkim rękawem (męskie),vision - t-shirt z nadrukiem,weekend offender vision,115.0,229.0,100% bawełna,regular fit,Prosty,Okrągły,Krótki rękaw,koszulka regular fit,3.33
koszulki z krótkim rękawem (męskie),- bluza z kapturem,polo ralph lauren,469.0,1329.0,100% bawełna,regular,Prosty,,Długi rękaw,koszulka regular fit,3.33
koszulki z krótkim rękawem (męskie),- koszulka sportowa,hummel,136.0,129.0,100% poliester,regular,Prosty,Okrągły,Krótki rękaw,koszulka regular fit,3.33
koszulki z krótkim rękawem (męskie),- koszulka polo,boggi milano,739.0,254.0,"86% bawełna, 14% len",regular,Prosty,,Krótki rękaw,koszulka regular fit,3.33
koszulki z krótkim rękawem (męskie),- koszulka polo,lacoste sport,679.0,499.0,"92% poliester, 8% elastan",regular,Prosty,,Krótki rękaw,koszulka regular fit,3.33
koszulki z krótkim rękawem (męskie),diragolino - t-shirt basic,hugo diragolino,149.0,229.0,100% bawełna,regular,Prosty,Okrągły,Krótki rękaw,koszulka regular fit,3.33
koszulki z krótkim rękawem (męskie),- t-shirt z nadrukiem,gant,161.0,179.0,100% bawełna,regular,Prosty,Okrągły,Krótki rękaw,koszulka regular fit,3.33
koszulki z krótkim rękawem (męskie),- t-shirt basic,calvin klein jeans,161.0,179.0,100% bawełna,regular,Prosty,Okrągły,Krótki rękaw,koszulka regular fit,3.33
koszulki z krótkim rękawem (męskie),björn - koszulka polo,fila björn,242.0,,100% poliester,regular,Prosty,,Krótki rękaw,koszulka regular fit,3.33
koszulki z krótkim rękawem (męskie),- koszulka polo,boggi milano,739.0,187.99,"86% bawełna, 14% len",regular,Prosty,,Krótki rękaw,koszulka regular fit,3.33
koszulki z krótkim rękawem (męskie),3 pack - t-shirt basic,pier one 3 pack,89.0,99.0,100% bawełna,regular,Prosty,Wycięcie typu V,Krótki rękaw,koszulka regular fit,3.33
koszulki z krótkim rękawem (męskie),- t-shirt basic,polo ralph lauren,377.0,,"95% bawełna, 5% elastan",regular,Prosty,Okrągły,Krótki rękaw,koszulka regular fit,3.33
koszulki z krótkim rękawem (męskie),miler - koszulka sportowa,nike performance miler,159.0,199.0,100% poliester,regular,Prosty,Okrągły,Krótki rękaw,koszulka regular fit,3.33
koszulki z krótkim rękawem (męskie),- t-shirt basic,jordan,139.0,139.0,100% bawełna,regular,Prosty,Okrągły,Krótki rękaw,koszulka regular fit,3.33
koszulki z krótkim rękawem (męskie),kloge - t-shirt basic,indicode jeans kloge,89.99,,100% bawełna,regular,Prosty,Okrągły,Krótki rękaw,koszulka regular fit,3.33
koszulki z krótkim rękawem (męskie),dream döner - t-shirt z nadrukiem,mister tee dream döner,99.0,79.0,100% bawełna,regular,Prosty,Okrągły,Krótki rękaw,koszulka regular fit,3.33
koszulki z krótkim rękawem (męskie),- t-shirt z nadrukiem,brandit,103.0,139.0,100% bawełna,regular,Prosty,Okrągły,Krótki rękaw,koszulka regular fit,3.33
koszulki z krótkim rękawem (męskie),- t-shirt z nadrukiem,merchcode,119.0,159.0,100% bawełna,loose fit,Prosty,Okrągły,Krótki rękaw,koszulka loose fit,3.33
koszulki z krótkim rękawem (męskie),- t-shirt basic,napapijri,103.0,159.0,100% bawełna,regular,Prosty,Okrągły,Krótki rękaw,koszulka regular fit,3.33
koszulki z krótkim rękawem (męskie),- t-shirt basic,mcs,275.0,139.0,100% bawełna,regular,Prosty,Okrągły,Krótki rękaw,koszulka regular fit,3.33
koszulki z krótkim rękawem (męskie),- t-shirt z nadrukiem,upscale by mister tee,64.0,119.0,100% bawełna,loose fit,Prosty,Okrągły,Półrękawek,koszulka loose fit,3.33
koszulki z krótkim rękawem (męskie),- t-shirt basic,tommy jeans,127.0,169.0,100% bawełna,regular,Prosty,Okrągły,Krótki rękaw,koszulka regular fit,3.33
koszulki z krótkim rękawem (męskie),wilbur - t-shirt basic,indicode jeans wilbur,89.99,,100% bawełna,slim,Dopasowany,Okrągły,Krótki rękaw,koszulka slim fit,32.2
koszulki z krótkim rękawem (męskie),3 pack - t-shirt basic,pier one 3 pack,89.0,99.0,100% bawełna,,,Okrągły,Bez rękawów,koszulka other,
koszulki z krótkim rękawem (męskie),- koszulka polo,boggi milano,419.0,449.0,100% bawełna,regular,Prosty,,Krótki rękaw,koszulka regular fit,3.33
koszulki z krótkim rękawem (męskie),- koszulka polo,fila,232.66,589.0,100% bawełna,regular,Prosty,,Krótki rękaw,koszulka regular fit,3.33
koszulki z krótkim rękawem (męskie),2 pack - t-shirt basic,calvin klein jeans 2 pack,242.0,269.0,100% bawełna,regular,Prosty,Okrągły,Krótki rękaw,koszulka regular fit,3.33
koszulki z krótkim rękawem (męskie),- t-shirt z nadrukiem,pull&bear,69.9,79.0,100% bawełna,loose fit,Prosty,Okrągły,Półrękawek,koszulka loose fit,3.33
koszulki z krótkim rękawem (męskie),argentina afa - koszulka reprezentacji,adidas performance argentina afa,249.0,339.0,100% poliester,regular,Prosty,Okrągły,Krótki rękaw,koszulka regular fit,3.33
koszulki z krótkim rękawem (męskie),- t-shirt basic,yourturn,84.0,269.0,100% bawełna,loose fit,Prosty,Okrągły,Półrękawek,koszulka loose fit,3.33
koszulki z krótkim rękawem (męskie),- t-shirt basic,tommy jeans,230.0,329.0,100% bawełna,slim,Prosty,Okrągły,Krótki rękaw,koszulka slim fit,32.2
koszulki z krótkim rękawem (męskie),unisex - t-shirt z nadrukiem,yourturn unisex,69.0,229.0,100% bawełna,loose fit,Prosty,Okrągły,Krótki rękaw,koszulka loose fit,3.33
koszulki z krótkim rękawem (męskie),3 pack - top,pier one 3 pack,71.0,119.0,100% bawełna,slim,Dopasowany,"Okrągły, głęboko wycięty",Bez rękawów,koszulka slim fit,32.2
koszulki z krótkim rękawem (męskie),2 pack - t-shirt z nadrukiem,alpha industries 2 pack,179.0,,100% bawełna,slim,Prosty,Okrągły,Krótki rękaw,koszulka slim fit,32.2
koszulki z krótkim rękawem (męskie),regular fit - t-shirt z nadrukiem,joules regular fit,147.0,99.0,100% bawełna,regular,Prosty,Okrągły,Krótki rękaw,koszulka regular fit,3.33
koszulki z krótkim rękawem (męskie),- t-shirt z nadrukiem,the north face,199.0,89.0,100% bawełna,loose fit,Prosty,Okrągły,Krótki rękaw,koszulka loose fit,3.33
koszulki z krótkim rękawem (męskie),- t-shirt z nadrukiem,s.oliver,251.0,289.0,100% bawełna,regular,Prosty,Okrągły,Krótki rękaw,koszulka regular fit,3.33
koszulki z krótkim rękawem (męskie),unisex - t-shirt z nadrukiem,carne bollente unisex,429.0,359.0,100% bawełna,regular,Prosty,Okrągły,Krótki rękaw,koszulka regular fit,3.33
koszulki z krótkim rękawem (męskie),unisex - t-shirt z nadrukiem,yourturn unisex,79.0,79.0,100% bawełna,loose fit,Prosty,Okrągły,Krótki rękaw,koszulka loose fit,3.33
koszulki z krótkim rękawem (męskie),- t-shirt z nadrukiem,guess,195.0,179.0,"95% bawełna, 5% elastan",regular,Prosty,Okrągły,Krótki rękaw,koszulka regular fit,3.33
koszulki z krótkim rękawem (męskie),- koszulka polo,polo ralph lauren,859.0,649.0,100% bawełna,regular,Prosty,,Krótki rękaw,koszulka regular fit,3.33
koszulki z krótkim rękawem (męskie),- t-shirt basic,hollister co.,179.0,139.0,100% bawełna,regular,Prosty,Okrągły,Krótki rękaw,koszulka regular fit,3.33
koszulki z krótkim rękawem (męskie),3 pack - t-shirt basic,s.oliver 3 pack,159.99,179.0,100% bawełna,regular,Prosty,Okrągły,Krótki rękaw,koszulka regular fit,3.33
koszulki z krótkim rękawem (męskie),- t-shirt z nadrukiem,men plus,177.99,,100% bawełna,regular,Prosty,Okrągły,Krótki rękaw,koszulka regular fit,3.33
koszulki z krótkim rękawem (męskie),- t-shirt z nadrukiem,adidas originals,134.0,,100% bawełna,regular,Prosty,Okrągły,Krótki rękaw,koszulka regular fit,3.33
koszulki z krótkim rękawem (męskie),muccia - koszulka polo,ellesse muccia,233.75,159.0,100% bawełna,regular,Prosty,,Krótki rękaw,koszulka regular fit,3.33
koszulki z krótkim rękawem (męskie),- koszulka polo,boggi milano,419.0,129.99,100% bawełna,regular,Prosty,,Krótki rękaw,koszulka regular fit,3.33
koszulki z krótkim rękawem (męskie),caserio - t-shirt z nadrukiem,ellesse caserio,125.0,,100% bawełna,regular,Prosty,Okrągły,Krótki rękaw,koszulka regular fit,3.33
koszulki z krótkim rękawem (męskie),- t-shirt basic,weekday,89.0,139.0,100% bawełna,regular,Prosty,Okrągły,Krótki rękaw,koszulka regular fit,3.33
koszulki z krótkim rękawem (męskie),coca cola - t-shirt z nadrukiem,terranova coca cola,59.99,99.0,100% bawełna,regular,Prosty,Okrągły,Krótki rękaw,koszulka regular fit,3.33
koszulki z krótkim rękawem (męskie),- bluzka z długim rękawem,hummel,204.0,199.0,"88% poliester, 12% elastan",regular,Prosty,Okrągły,Długi rękaw,koszulka regular fit,3.33
koszulki z krótkim rękawem (męskie),- t-shirt z nadrukiem,guess,195.0,229.0,"95% bawełna, 5% elastan",slim,Prosty,Okrągły,Krótki rękaw,koszulka slim fit,32.2
koszulki z krótkim rękawem (męskie),sdflorian - t-shirt z nadrukiem,solid sdflorian,68.0,119.0,100% bawełna,regular,Prosty,Okrągły,Krótki rękaw,koszulka regular fit,3.33
koszulki z krótkim rękawem (męskie),daytime disco - t-shirt z nadrukiem,mister tee daytime disco,55.0,79.0,100% bawełna,regular,Prosty,Okrągły,Krótki rękaw,koszulka regular fit,3.33
koszulki z krótkim rękawem (męskie),onsaxel - t-shirt z nadrukiem,only & sons onsaxel,74.0,69.0,100% bawełna,regular,Prosty,Okrągły,Krótki rękaw,koszulka regular fit,3.33
koszulki z krótkim rękawem (męskie),- t-shirt z nadrukiem,calvin klein,152.0,169.0,100% bawełna,regular,Dopasowany,Okrągły,Krótki rękaw,koszulka regular fit,3.33
koszulki z krótkim rękawem (męskie),- koszulka polo,pull&bear,109.0,109.0,"77% bawełna, 23% poliester",loose fit,Prosty,,Długi rękaw,koszulka loose fit,3.33
koszulki z krótkim rękawem (męskie),lilo &amp; stitch stitch xmas lights unisex - t-shirt z nadrukiem,disney lilo & stitch stitch xmas lights unisex,169.99,,100% bawełna,regular,Prosty,Okrągły,Krótki rękaw,koszulka regular fit,3.33
koszulki z krótkim rękawem (męskie),koszulka polo,lacoste koszulka polo,499.0,449.0,"57% bawełna, 32% poliester, 11% elastan",regular,Prosty,Wycięcie typu V,Krótki rękaw,koszulka regular fit,3.33
koszulki z krótkim rękawem (męskie),- t-shirt z nadrukiem,nike sportswear,116.0,,100% bawełna,regular,Prosty,Okrągły,Krótki rękaw,koszulka regular fit,3.33
koszulki z krótkim rękawem (męskie),american classic - t-shirt basic,pme legend american classic,149.0,139.0,"95% bawełna, 5% elastan",regular,Prosty,Okrągły,Krótki rękaw,koszulka regular fit,3.33
koszulki z krótkim rękawem (męskie),- t-shirt basic,adidas originals,98.0,,100% bawełna,regular,Prosty,Okrągły,Krótki rękaw,koszulka regular fit,3.33
koszulki z krótkim rękawem (męskie),- t-shirt basic,adidas performance,119.0,339.0,"40% bawełna, 40% poliester, 20% wełna",slim,Dopasowany,Okrągły,Krótki rękaw,koszulka slim fit,32.2
koszulki z krótkim rękawem (męskie),m&#x27;s cap cool daily shirt - great waves - koszulka sportowa,patagonia m's cap cool daily shirt,249.0,149.99,100% poliester,regular,Prosty,Okrągły,Krótki rękaw,koszulka regular fit,3.33
koszulki z krótkim rękawem (męskie),7 pack - bluzka z długim rękawem,pier one 7 pack,197.0,219.0,100% bawełna,regular,Prosty,Okrągły,Długi rękaw,koszulka regular fit,3.33
koszulki z krótkim rękawem (męskie),- top,levi's®,143.0,159.0,100% bawełna,slim,Prosty,Okrągły,Bez rękawów,koszulka slim fit,32.2
koszulki z krótkim rękawem (męskie),unisex - bluzka z długim rękawem,yourturn unisex,42.0,84.0,100% poliester,regular,Prosty,Okrągły,Długi rękaw,koszulka regular fit,3.33
koszulki z krótkim rękawem (męskie),unisex - t-shirt z nadrukiem,adidas originals unisex,143.0,159.0,100% bawełna,loose fit,Prosty,Okrągły,Krótki rękaw,koszulka loose fit,3.33
koszulki z krótkim rękawem (męskie),- t-shirt z nadrukiem,mister tee,64.0,99.0,100% bawełna,regular,Prosty,Okrągły,Krótki rękaw,koszulka regular fit,3.33
koszulki z krótkim rękawem (męskie),mellow - t-shirt z nadrukiem,element mellow,169.99,159.99,100% bawełna,loose fit,Prosty,Okrągły,Krótki rękaw,koszulka loose fit,3.33
koszulki z krótkim rękawem (męskie),- koszulka polo,lacoste,659.0,289.0,100% bawełna,regular,Prosty,,Krótki rękaw,koszulka regular fit,3.33
koszulki z krótkim rękawem (męskie),th x cadillac formula 1 unisex - t-shirt z nadrukiem,tommy hilfiger th x cadillac formula 1 unisex,152.0,,100% bawełna,regular,Prosty,Okrągły,Krótki rękaw,koszulka regular fit,3.33
koszulki z krótkim rękawem (męskie),mapleton - t-shirt basic,dickies mapleton,89.0,129.0,100% bawełna,regular,Prosty,Okrągły,Krótki rękaw,koszulka regular fit,3.33
koszulki z krótkim rękawem (męskie),- t-shirt basic,pier one,29.0,49.0,100% bawełna,regular,Prosty,Okrągły,Krótki rękaw,koszulka regular fit,3.33
koszulki z krótkim rękawem (męskie),aloha unisex - top,santa cruz aloha unisex,149.0,139.0,100% bawełna,regular,Prosty,Okrągły,Bez rękawów,koszulka regular fit,3.33
koszulki z krótkim rękawem (męskie),- t-shirt z nadrukiem,karl lagerfeld jeans,161.0,,100% bawełna,slim,Prosty,,Krótki rękaw,koszulka slim fit,32.2
koszulki z krótkim rękawem (męskie),- t-shirt z nadrukiem,mister tee,52.0,99.0,100% bawełna,regular,Prosty,Okrągły,Krótki rękaw,koszulka regular fit,3.33
koszulki z krótkim rękawem (męskie),jjelogo - t-shirt z nadrukiem,jack & jones jjelogo,175.0,269.0,100% bawełna,regular,Prosty,Okrągły,Krótki rękaw,koszulka regular fit,3.33
koszulki z krótkim rękawem (męskie),slmcormac - t-shirt basic,selected slmcormac,161.0,179.0,100% bawełna,regular,Prosty,Okrągły,Krótki rękaw,koszulka regular fit,3.33
koszulki z krótkim rękawem (męskie),johnny unisex - t-shirt z nadrukiem,redefined rebel johnny unisex,129.0,159.0,100% bawełna,regular,Prosty,,Krótki rękaw,koszulka regular fit,3.33
koszulki z krótkim rękawem (męskie),t-shirt basic,calvin klein t,132.0,189.0,100% bawełna,regular,Prosty,Okrągły,Krótki rękaw,koszulka regular fit,3.33
koszulki z krótkim rękawem (męskie),lutzy - t-shirt z nadrukiem,indicode jeans lutzy,89.99,,"95% bawełna, 5% elastan",regular,Prosty,Okrągły,Krótki rękaw,koszulka regular fit,3.33
koszulki z krótkim rękawem (męskie),pablo - t-shirt z nadrukiem,redefined rebel pablo,69.0,79.0,100% bawełna,regular,Prosty,Okrągły,Krótki rękaw,koszulka regular fit,3.33
koszulki z krótkim rękawem (męskie),- koszulka sportowa,nike performance,143.0,159.0,"57% bawełna, 43% poliester",regular,Dopasowany,Okrągły,Krótki rękaw,koszulka regular fit,3.33
koszulki z krótkim rękawem (męskie),- koszulka polo,polo ralph lauren,599.0,619.0,100% bawełna,slim,Prosty,,Krótki rękaw,koszulka slim fit,32.2
koszulki z krótkim rękawem (męskie),- koszulka polo,lacoste,440.0,629.0,100% bawełna,regular,Prosty,Wycięcie typu V,Krótki rękaw,koszulka regular fit,3.33
koszulki z krótkim rękawem (męskie),italia - t-shirt z nadrukiem,mister tee italia,67.0,79.0,100% bawełna,regular,Prosty,Okrągły,Krótki rękaw,koszulka regular fit,3.33
koszulki z krótkim rękawem (męskie),- koszulka polo,pier one,41.0,59.0,100% bawełna,prosty,Prosty,,Krótki rękaw,koszulka regular fit,3.33
koszulki z krótkim rękawem (męskie),- koszulka sportowa,björn borg,139.0,164.99,"90% poliester, 10% elastan",regular,Dopasowany,Okrągły,Krótki rękaw,koszulka regular fit,3.33
koszulki z krótkim rękawem (męskie),unisex - t-shirt z nadrukiem,billabong unisex,116.0,,100% bawełna,regular,Prosty,Okrągły,Krótki rękaw,koszulka regular fit,3.33
koszulki z krótkim rękawem (męskie),- t-shirt z nadrukiem,gap,129.0,69.0,100% bawełna,regular,Prosty,Okrągły,Krótki rękaw,koszulka regular fit,3.33
koszulki z krótkim rękawem (męskie),- t-shirt basic,lyle & scott,143.0,159.0,100% bawełna,regular,Prosty,Okrągły,Krótki rękaw,koszulka regular fit,3.33
koszulki z krótkim rękawem (męskie),- t-shirt z nadrukiem,yourturn,79.0,79.0,100% bawełna,loose fit,Prosty,Okrągły,Półrękawek,koszulka loose fit,3.33
koszulki z krótkim rękawem (męskie),- t-shirt z nadrukiem,the north face,134.0,,"60% bawełna, 40% poliester",regular,Prosty,Okrągły,Krótki rękaw,koszulka regular fit,3.33
koszulki z krótkim rękawem (męskie),- t-shirt basic,polo ralph lauren,379.0,529.0,100% bawełna,slim,Prosty,Okrągły,Krótki rękaw,koszulka slim fit,32.2
koszulki z krótkim rękawem (męskie),weekend wolf - t-shirt z nadrukiem,mister tee weekend wolf,67.0,79.0,100% bawełna,slim,Prosty,Okrągły,Krótki rękaw,koszulka slim fit,32.2
koszulki z krótkim rękawem (męskie),- t-shirt z nadrukiem,schott,210.0,79.99,100% bawełna,regular,Prosty,Okrągły,Krótki rękaw,koszulka regular fit,3.33
koszulki z krótkim rękawem (męskie),- t-shirt basic,levi's®,109.0,109.0,100% bawełna,regular,Prosty,Okrągły,Krótki rękaw,koszulka regular fit,3.33
koszulki z krótkim rękawem (męskie),- top,under armour,143.0,159.0,"84% poliester, 16% elastan",slim,Prosty,Okrągły,Bez rękawów,koszulka slim fit,32.2
koszulki z krótkim rękawem (męskie),- t-shirt z nadrukiem,upscale by mister tee,76.0,119.0,100% bawełna,loose fit,Prosty,Okrągły,Krótki rękaw,koszulka loose fit,3.33
koszulki z krótkim rękawem (męskie),- koszulka polo,fred perry,449.0,139.0,100% bawełna,regular,Prosty,,Krótki rękaw,koszulka regular fit,3.33
koszulki z krótkim rękawem (męskie),- t-shirt z nadrukiem,lacoste,260.0,289.0,100% bawełna,regular,Prosty,Okrągły,Krótki rękaw,koszulka regular fit,3.33
koszulki z krótkim rękawem (męskie),essentials - t-shirt basic,adidas sportswear essentials,98.0,,100% bawełna,regular,Prosty,Okrągły,Krótki rękaw,koszulka regular fit,3.33
koszulki z krótkim rękawem (męskie),- koszulka polo,polo ralph lauren big & tall,609.0,859.0,100% bawełna,regular,Prosty,,Krótki rękaw,koszulka regular fit,3.33
koszulki z krótkim rękawem (męskie),- koszulka sportowa,le col,269.0,249.0,"94% poliester, 6% elastan",skinny,Dopasowanie do figury,Okrągły,Krótki rękaw,koszulka skinny fit,0.0
koszulki z krótkim rękawem (męskie),manchester united seasonal - t-shirt z nadrukiem,adidas originals manchester united seasonal,149.0,139.0,100% bawełna,loose fit,Prosty,Okrągły,Krótki rękaw,koszulka loose fit,3.33
koszulki z krótkim rękawem (męskie),set - spodnie treningowe,siksilk set,223.0,319.0,100% bawełna,regular,Prosty,,Krótki rękaw,koszulka regular fit,3.33
koszulki z krótkim rękawem (męskie),core - top,asics core,107.0,119.0,100% poliester,regular,Prosty,Okrągły,Bez rękawów,koszulka regular fit,3.33
koszulki z krótkim rękawem (męskie),5 pack - t-shirt basic,pier one 5 pack,179.0,129.0,100% bawełna,regular,Prosty,Okrągły,Krótki rękaw,koszulka regular fit,3.33
koszulki z krótkim rękawem (męskie),t-shirt z nadrukiem,helly hansen t,129.0,229.0,100% bawełna,regular,Prosty,Okrągły,Krótki rękaw,koszulka regular fit,3.33
koszulki z krótkim rękawem (męskie),- koszulka polo,the set,252.0,169.0,100% bawełna,regular,Prosty,Wycięcie typu V,Krótki rękaw,koszulka regular fit,3.33
koszulki z krótkim rękawem (męskie),- t-shirt basic,falke,299.0,219.0,100% bawełna,regular,Prosty,Okrągły,Krótki rękaw,koszulka regular fit,3.33
koszulki z krótkim rękawem (męskie),- bluzka z długim rękawem,hummel,162.9,,"92% poliester, 8% elastan",slim,Zwężany,Okrągły,Długi rękaw,koszulka slim fit,32.2
koszulki z krótkim rękawem (męskie),- koszulka polo,fila,296.11,129.99,100% bawełna,regular,Prosty,,Krótki rękaw,koszulka regular fit,3.33
koszulki z krótkim rękawem (męskie),- koszulka sportowa,adidas performance,161.0,179.0,"81% poliester, 14% lyocell, 5% elastan",regular,Prosty,Okrągły,Krótki rękaw,koszulka regular fit,3.33
koszulki z krótkim rękawem (męskie),- t-shirt z nadrukiem,lacoste,287.0,319.0,100% bawełna,regular,Prosty,Okrągły,Krótki rękaw,koszulka regular fit,3.33
koszulki z krótkim rękawem (męskie),- t-shirt z nadrukiem,bershka,59.9,519.0,100% bawełna,loose fit,Prosty,Okrągły,Bardzo krótki rękawek,koszulka loose fit,3.33
koszulki z krótkim rękawem (męskie),kai - t-shirt z nadrukiem,lonsdale kai,79.0,129.0,100% bawełna,regular,Prosty,Okrągły,Krótki rękaw,koszulka regular fit,3.33
koszulki z krótkim rękawem (męskie),- t-shirt z nadrukiem,nike sportswear,104.0,149.0,100% bawełna,regular,Prosty,Okrągły,Krótki rękaw,koszulka regular fit,3.33
koszulki z krótkim rękawem (męskie),- t-shirt z nadrukiem,lonsdale,79.0,118.0,100% bawełna,regular,Prosty,Okrągły,Krótki rękaw,koszulka regular fit,3.33
koszulki z krótkim rękawem (męskie),passerby - koszulka polo,boss passerby,287.0,479.0,"95% bawełna, 5% elastan",regular,Prosty,Typu Henley,Długi rękaw,koszulka regular fit,3.33
koszulki z krótkim rękawem (męskie),jorberkeley - t-shirt z nadrukiem,jack & jones jorberkeley,71.0,109.0,100% bawełna,regular fit,Prosty,Okrągły,Krótki rękaw,koszulka regular fit,3.33
koszulki z krótkim rękawem (męskie),nba minnesota timberwolves anthony edwards - artykuły klubowe,nike performance nba minnesota timberwolves anthony edwards,159.0,339.0,100% bawełna,regular,Dopasowany,Okrągły,Krótki rękaw,koszulka regular fit,3.33
koszulki z krótkim rękawem (męskie),- t-shirt basic,tommy jeans,118.0,169.0,100% bawełna,regular,Prosty,Okrągły,Krótki rękaw,koszulka regular fit,3.33
koszulki z krótkim rękawem (męskie),mickey classic floral mickey unisex - t-shirt z nadrukiem,disney mickey classic floral mickey unisex,169.99,79.0,100% bawełna,regular,Prosty,Okrągły,Krótki rękaw,koszulka regular fit,3.33
koszulki z krótkim rękawem (męskie),- t-shirt basic,diesel,531.95,329.0,100% bawełna,slim,Prosty,Okrągły,Krótki rękaw,koszulka slim fit,32.2
koszulki z krótkim rękawem (męskie),- artykuły klubowe,nike performance,159.0,149.0,100% bawełna,regular,Prosty,Okrągły,Krótki rękaw,koszulka regular fit,3.33
koszulki z krótkim rękawem (męskie),- t-shirt z nadrukiem,rockshirts,99.0,119.0,100% bawełna,regular,Prosty,Okrągły,Krótki rękaw,koszulka regular fit,3.33
koszulki z krótkim rękawem (męskie),- t-shirt z nadrukiem,s.oliver,363.0,89.0,100% bawełna,regular,Prosty,Okrągły,Krótki rękaw,koszulka regular fit,3.33
koszulki z krótkim rękawem (męskie),- t-shirt z nadrukiem,s.oliver,69.99,199.0,100% bawełna,regular,Prosty,Okrągły,Krótki rękaw,koszulka regular fit,3.33
koszulki z krótkim rękawem (męskie),one piece anime - t-shirt z nadrukiem,next one piece anime,156.0,269.0,100% bawełna,regular,Prosty,Okrągły,Krótki rękaw,koszulka regular fit,3.33
koszulki z krótkim rękawem (męskie),lutzy - t-shirt z nadrukiem,indicode jeans lutzy,89.99,,"95% bawełna, 5% elastan",regular,Prosty,Okrągły,Krótki rękaw,koszulka regular fit,3.33
koszulki z krótkim rękawem (męskie),- t-shirt z nadrukiem,henry tiger,179.99,189.99,100% bawełna,regular,Prosty,Okrągły,Krótki rękaw,koszulka regular fit,3.33
koszulki z krótkim rękawem (męskie),- t-shirt z nadrukiem,ea7 emporio armani,319.0,319.0,100% bawełna,regular,Prosty,Okrągły,Krótki rękaw,koszulka regular fit,3.33
koszulki z krótkim rękawem (męskie),- t-shirt basic,polo ralph lauren big & tall,419.0,339.0,100% bawełna,regular,Prosty,Okrągły,Krótki rękaw,koszulka regular fit,3.33
koszulki z krótkim rękawem (męskie),heritage - t-shirt z nadrukiem,karl kani heritage,139.0,129.0,100% bawełna,loose fit,Prosty,Okrągły,Półrękawek,koszulka loose fit,3.33
koszulki z krótkim rękawem (męskie),- bluzka z długim rękawem,pier one,46.0,84.0,"80% bawełna, 20% poliester",regular,Prosty,Okrągły,Długi rękaw,koszulka regular fit,3.33
koszulki z krótkim rękawem (męskie),paris saint-germain - artykuły klubowe,nike performance paris saint,339.0,429.0,100% poliester,regular,Dopasowany,Okrągły,Długi rękaw,koszulka regular fit,3.33
koszulki z krótkim rękawem (męskie),flying fish - t-shirt z nadrukiem,patagonia flying fish,199.0,119.0,"50% bawełna, 50% poliester",regular,Prosty,Okrągły,Krótki rękaw,koszulka regular fit,3.33
koszulki z krótkim rękawem (męskie),bh3pack - t-shirt z nadrukiem,blend bh3pack,122.0,189.0,100% bawełna,regular,Prosty,Okrągły,Krótki rękaw,koszulka regular fit,3.33
koszulki z krótkim rękawem (męskie),seagull - t-shirt z nadrukiem,mister tee seagull,79.0,99.0,100% bawełna,regular,Prosty,Okrągły,Krótki rękaw,koszulka regular fit,3.33
koszulki z krótkim rękawem (męskie),naga - t-shirt z nadrukiem,venum naga,129.0,99.0,100% bawełna,regular,Prosty,Okrągły,Krótki rękaw,koszulka regular fit,3.33
koszulki z krótkim rękawem (męskie),- bluzka z długim rękawem,pier one,127.0,169.0,100% bawełna,regular,Prosty,Okrągły,Długi rękaw,koszulka regular fit,3.33
koszulki z krótkim rękawem (męskie),unisex - t-shirt z nadrukiem,les benjamins unisex,379.0,289.0,100% bawełna,loose fit,Prosty,Okrągły,Półrękawek,koszulka loose fit,3.33
koszulki z krótkim rękawem (męskie),- t-shirt z nadrukiem,adidas originals,97.0,149.0,100% bawełna,regular,Prosty,Okrągły,Krótki rękaw,koszulka regular fit,3.33
koszulki z krótkim rękawem (męskie),passertip - koszulka polo,boss passertip,359.0,409.0,"95% bawełna, 5% elastan",regular,Prosty,,Krótki rękaw,koszulka regular fit,3.33
koszulki z krótkim rękawem (męskie),unisex - t-shirt z nadrukiem,yourturn unisex,55.0,69.0,100% bawełna,loose fit,Prosty,,Półrękawek,koszulka loose fit,3.33
koszulki z krótkim rękawem (męskie),- t-shirt z nadrukiem,adidas originals,112.0,149.0,100% bawełna,regular,Prosty,Okrągły,Krótki rękaw,koszulka regular fit,3.33
koszulki z krótkim rękawem (męskie),- t-shirt z nadrukiem,mister tee,82.0,99.0,100% bawełna,nadwymiarowy,Prosty,Okrągły,Krótki rękaw,koszulka oversize,22.7
koszulki z krótkim rękawem (męskie),- t-shirt z nadrukiem,yourturn,69.0,84.0,100% bawełna,loose fit,Prosty,Okrągły,Krótki rękaw,koszulka loose fit,3.33
koszulki z krótkim rękawem (męskie),- t-shirt z nadrukiem,nike sportswear,99.0,99.0,100% bawełna,regular,Prosty,Okrągły,Krótki rękaw,koszulka regular fit,3.33
koszulki z krótkim rękawem (męskie),tiro24 - koszulka sportowa,adidas performance tiro24,109.0,99.0,100% poliester,regular,Prosty,Okrągły,Krótki rękaw,koszulka regular fit,3.33
koszulki z krótkim rękawem (męskie),- t-shirt basic,the north face,119.0,139.0,100% bawełna,regular,Prosty,Okrągły,Krótki rękaw,koszulka regular fit,3.33
koszulki z krótkim rękawem (męskie),unisex - t-shirt z nadrukiem,lacoste unisex,359.0,269.0,100% bawełna,regular,Prosty,Okrągły,Krótki rękaw,koszulka regular fit,3.33
koszulki z krótkim rękawem (męskie),- t-shirt basic,pier one sport,55.0,109.0,100% poliester,regular,Prosty,Okrągły,Krótki rękaw,koszulka regular fit,3.33
koszulki z krótkim rękawem (męskie),- t-shirt z nadrukiem,s.oliver,363.0,149.0,100% bawełna,regular,Prosty,Okrągły,Krótki rękaw,koszulka regular fit,3.33
koszulki z krótkim rękawem (męskie),essentials - koszulka sportowa,adidas performance essentials,89.0,99.0,100% poliester,regular,Prosty,Okrągły,Krótki rękaw,koszulka regular fit,3.33
koszulki z krótkim rękawem (męskie),betova - koszulka polo,solid betova,149.0,129.99,100% bawełna,regular,Prosty,,Krótki rękaw,koszulka regular fit,3.33
koszulki z krótkim rękawem (męskie),- t-shirt z nadrukiem,nike sportswear,161.0,,100% poliester,regular,Prosty,Okrągły,Krótki rękaw,koszulka regular fit,3.33
koszulki z krótkim rękawem (męskie),- t-shirt z nadrukiem,siksilk,163.0,204.0,"95% bawełna, 5% elastan",slim,Prosty,Okrągły,Krótki rękaw,koszulka slim fit,32.2
koszulki z krótkim rękawem (męskie),- t-shirt z nadrukiem,tommy jeans,112.0,149.0,100% bawełna,regular,Prosty,Okrągły,Krótki rękaw,koszulka regular fit,3.33
koszulki z krótkim rękawem (męskie),arjun - t-shirt basic,u.s. polo assn. arjun,81.99,,100% bawełna,,Prosty,Okrągły,Krótki rękaw,koszulka other,
koszulki z krótkim rękawem (męskie),- t-shirt basic,levi's®,109.0,211.99,100% bawełna,regular,Prosty,Okrągły,Krótki rękaw,koszulka regular fit,3.33
koszulki z krótkim rękawem (męskie),- t-shirt basic,gant,179.0,199.0,100% bawełna,regular,Prosty,Okrągły,Krótki rękaw,koszulka regular fit,3.33
koszulki z krótkim rękawem (męskie),- t-shirt z nadrukiem,mister tee,55.0,79.0,100% bawełna,regular,Prosty,Okrągły,Krótki rękaw,koszulka regular fit,3.33
koszulki z krótkim rękawem (męskie),- t-shirt z nadrukiem,the kooples,429.0,429.0,100% bawełna,regular,Prosty,Okrągły,Krótki rękaw,koszulka regular fit,3.33
koszulki z krótkim rękawem (męskie),- t-shirt z nadrukiem,adidas originals,64.0,159.0,100% bawełna,regular,Prosty,Okrągły,Krótki rękaw,koszulka regular fit,3.33
koszulki z krótkim rękawem (męskie),- t-shirt z nadrukiem,henry tiger,169.99,,100% bawełna,regular,Prosty,Okrągły,Krótki rękaw,koszulka regular fit,3.33
koszulki z krótkim rękawem (męskie),unisex - t-shirt z nadrukiem,yourturn unisex,30.0,59.0,100% bawełna,loose fit,Prosty,Okrągły,Półrękawek,koszulka loose fit,3.33
koszulki z krótkim rękawem (męskie),unisex - t-shirt basic,yourturn unisex,54.0,179.0,"95% bawełna, 5% elastan",loose fit,Prosty,Okrągły,Półrękawek,koszulka loose fit,3.33
koszulki z krótkim rękawem (męskie),- t-shirt basic,boss,149.0,,100% bawełna,regular,Prosty,Okrągły,Krótki rękaw,koszulka regular fit,3.33
koszulki z krótkim rękawem (męskie),- koszulka sportowa,adidas performance,326.0,119.0,100% poliester,regular,Prosty,Okrągły,Krótki rękaw,koszulka regular fit,3.33
koszulki z krótkim rękawem (męskie),sdcahil - t-shirt z nadrukiem,solid sdcahil,66.0,119.0,100% bawełna,regular,Prosty,Okrągły,Krótki rękaw,koszulka regular fit,3.33
koszulki z krótkim rękawem (męskie),- t-shirt z nadrukiem,merchcode,99.0,309.0,100% bawełna,regular,Prosty,Okrągły,Krótki rękaw,koszulka regular fit,3.33
koszulki z krótkim rękawem (męskie),- t-shirt basic,carhartt wip,179.0,109.0,100% bawełna,loose fit,Prosty,Okrągły,Krótki rękaw,koszulka loose fit,3.33
koszulki z krótkim rękawem (męskie),- bluzka z długim rękawem,pier one,80.0,89.0,100% bawełna,prosty,,Okrągły,Długi rękaw,koszulka regular fit,3.33
koszulki z krótkim rękawem (męskie),- t-shirt basic,carhartt wip,179.0,139.0,100% bawełna,loose fit,Prosty,Okrągły,Krótki rękaw,koszulka loose fit,3.33
koszulki z krótkim rękawem (męskie),- bluzka z długim rękawem,pier one,101.0,169.0,100% bawełna,regular,Prosty,Okrągły,Długi rękaw,koszulka regular fit,3.33
koszulki z krótkim rękawem (męskie),bhtee 3-pack - t-shirt z nadrukiem,blend bhtee 3,118.0,189.0,100% bawełna,regular,Prosty,Okrągły,Krótki rękaw,koszulka regular fit,3.33
koszulki z krótkim rękawem (męskie),vipera - t-shirt z nadrukiem,ellesse vipera,109.0,269.0,100% bawełna,regular,Prosty,Okrągły,Krótki rękaw,koszulka regular fit,3.33
koszulki z krótkim rękawem (męskie),bhtee - t-shirt z nadrukiem,blend bhtee,60.0,89.0,100% bawełna,regular,Prosty,Okrągły,Krótki rękaw,koszulka regular fit,3.33
koszulki z krótkim rękawem (męskie),- koszulka polo,lyle & scott,188.0,269.0,"98% bawełna, 2% elastan",regular,Prosty,,Krótki rękaw,koszulka regular fit,3.33
koszulki z krótkim rękawem (męskie),- t-shirt z nadrukiem,boss,404.0,449.0,"96% bawełna, 4% elastan",regular,Prosty,Okrągły,Krótki rękaw,koszulka regular fit,3.33
koszulki z krótkim rękawem (męskie),- t-shirt z nadrukiem,mister tee,49.0,79.0,100% bawełna,regular,Prosty,Okrągły,Krótki rękaw,koszulka regular fit,3.33
koszulki z krótkim rękawem (męskie),yu gi oh - t-shirt z nadrukiem,henry tiger yu gi oh,109.99,139.0,100% bawełna,regular,Prosty,Okrągły,Krótki rękaw,koszulka regular fit,3.33
koszulki z krótkim rękawem (męskie),- t-shirt basic,emporio armani,269.0,609.0,100% bawełna,regular,Prosty,Okrągły,Krótki rękaw,koszulka regular fit,3.33
koszulki z krótkim rękawem (męskie),- t-shirt z nadrukiem,the north face,134.0,,"60% bawełna, 40% poliester",regular,Prosty,Okrągły,Krótki rękaw,koszulka regular fit,3.33
koszulki z krótkim rękawem (męskie),depresso round neck - t-shirt z nadrukiem,mister tee depresso round neck,70.0,79.0,100% bawełna,regular,Prosty,Okrągły,Krótki rękaw,koszulka regular fit,3.33
koszulki z krótkim rękawem (męskie),le papillon oversize - t-shirt z nadrukiem,upscale by mister tee le papillon oversize,79.0,99.0,100% bawełna,nadwymiarowy,Prosty,Okrągły,Krótki rękaw,koszulka oversize,22.7
koszulki z krótkim rękawem (męskie),- t-shirt z nadrukiem,polo ralph lauren,584.0,649.0,100% bawełna,regular,Prosty,Okrągły,Krótki rękaw,koszulka regular fit,3.33
koszulki z krótkim rękawem (męskie),- t-shirt z nadrukiem,diesel,160.0,,100% bawełna,regular,Prosty,Okrągły,Krótki rękaw,koszulka regular fit,3.33
koszulki z krótkim rękawem (męskie),unisex - top,lacoste unisex,137.0,229.0,"95% bawełna, 5% elastan",slim,Dopasowany,Okrągły,Bez rękawów,koszulka slim fit,32.2
koszulki z krótkim rękawem (męskie),- t-shirt basic,polo ralph lauren,377.0,419.0,100% bawełna,regular,Prosty,Okrągły,Krótki rękaw,koszulka regular fit,3.33
koszulki z krótkim rękawem (męskie),- t-shirt basic,urban classics,49.0,,100% bawełna,loose fit,Prosty,Okrągły,Półrękawek,koszulka loose fit,3.33
koszulki z krótkim rękawem (męskie),- top,urban classics,58.0,79.0,100% bawełna,regular,Prosty,Okrągły,Bardzo krótki rękawek,koszulka regular fit,3.33
koszulki z krótkim rękawem (męskie),2 pack - t-shirt basic,pier one 2 pack,53.0,59.0,100% bawełna,prosty,,Wycięcie typu V,Krótki rękaw,koszulka regular fit,3.33
koszulki z krótkim rękawem (męskie),- t-shirt z nadrukiem,merchcode,64.0,119.0,100% bawełna,loose fit,Prosty,Okrągły,Krótki rękaw,koszulka loose fit,3.33
koszulki z krótkim rękawem (męskie),cat (cf small cat) - koszulka sportowa,puma cat (cf small cat),89.0,99.0,100% poliester,slim,Dopasowany,Okrągły,Krótki rękaw,koszulka slim fit,32.2
koszulki z krótkim rękawem (męskie),fa czech republic away - koszulka reprezentacji,puma fa czech republic away,329.0,379.0,100% poliester,regular,Dopasowany,Okrągły,Krótki rękaw,koszulka regular fit,3.33
koszulki z krótkim rękawem (męskie),- t-shirt basic,the north face,107.0,,"60% bawełna, 40% poliester",regular,Prosty,Okrągły,Krótki rękaw,koszulka regular fit,3.33
koszulki z krótkim rękawem (męskie),- t-shirt basic,jack & jones,254.0,189.0,100% bawełna,regular,Prosty,Okrągły,Krótki rękaw,koszulka regular fit,3.33
koszulki z krótkim rękawem (męskie),unisex - t-shirt basic,yourturn unisex,40.0,79.0,100% bawełna,nadwymiarowy,Prosty,,Półrękawek,koszulka oversize,22.7
koszulki z krótkim rękawem (męskie),koszulka sportowa,nike performance koszulka sportowa,127.0,159.0,"90% poliester, 10% elastan",slim,Dopasowany,Okrągły,Krótki rękaw,koszulka slim fit,32.2
koszulki z krótkim rękawem (męskie),- t-shirt z nadrukiem,armani exchange,199.0,179.0,100% bawełna,slim,Prosty,Okrągły,Krótki rękaw,koszulka slim fit,32.2
koszulki z krótkim rękawem (męskie),- koszulka polo,polo ralph lauren,609.0,699.0,100% bawełna,slim,Dopasowany,,Krótki rękaw,koszulka slim fit,32.2
koszulki z krótkim rękawem (męskie),- t-shirt basic,adidas originals,125.0,179.0,100% bawełna,regular,Prosty,Okrągły,Krótki rękaw,koszulka regular fit,3.33
koszulki z krótkim rękawem (męskie),- t-shirt basic,pier one,32.0,49.0,100% bawełna,regular,Prosty,Okrągły,Krótki rękaw,koszulka regular fit,3.33
koszulki z krótkim rękawem (męskie),slim - koszulka polo,pier one slim,40.0,,100% bawełna,slim,,,Krótki rękaw,koszulka slim fit,32.2
koszulki z krótkim rękawem (męskie),- t-shirt z nadrukiem,closure london,79.0,79.0,100% bawełna,regular,Prosty,Okrągły,Krótki rękaw,koszulka regular fit,3.33
koszulki z krótkim rękawem (męskie),dry park first - bluzka z długim rękawem,nike performance dry park first,139.99,179.0,100% poliester,slim,Dopasowany,Okrągły,Długi rękaw,koszulka slim fit,32.2
koszulki z krótkim rękawem (męskie),venum x chimaev wild borz - t-shirt z nadrukiem,venum venum x chimaev wild borz,189.0,69.0,100% bawełna,regular,Prosty,Okrągły,Krótki rękaw,koszulka regular fit,3.33
koszulki z krótkim rękawem (męskie),stride - bluzka z długim rękawem,nike performance stride,255.0,319.0,"88% poliester, 12% elastan",regular,Prosty,,Bardzo długi rękaw,koszulka regular fit,3.33
koszulki z krótkim rękawem (męskie),lutzy - t-shirt z nadrukiem,indicode jeans lutzy,89.99,,"95% bawełna, 5% elastan",regular,Prosty,Okrągły,Krótki rękaw,koszulka regular fit,3.33
koszulki z krótkim rękawem (męskie),- t-shirt basic,polo ralph lauren,341.0,,100% bawełna,regular,Prosty,Okrągły,Krótki rękaw,koszulka regular fit,3.33
koszulki z krótkim rękawem (męskie),- koszulka sportowa,under armour,143.0,159.0,"84% poliester, 16% elastan",skinny,Dopasowanie do figury,Okrągły,Krótki rękaw,koszulka skinny fit,0.0
koszulki z krótkim rękawem (męskie),- bluzka z długim rękawem,nike performance,161.0,,"90% poliester, 10% elastan",skinny,Dopasowanie do figury,Okrągły,Długi rękaw,koszulka skinny fit,0.0
koszulki z krótkim rękawem (męskie),- t-shirt basic,guess jeans,116.0,129.0,100% bawełna,loose fit,Prosty,Okrągły,Krótki rękaw,koszulka loose fit,3.33
koszulki z krótkim rękawem (męskie),unisex - t-shirt z nadrukiem,yourturn unisex,84.0,89.0,100% bawełna,loose fit,Prosty,Okrągły,Półrękawek,koszulka loose fit,3.33
koszulki z krótkim rękawem (męskie),- t-shirt basic,hollister co.,409.0,329.0,100% bawełna,regular,Prosty,Okrągły,Krótki rękaw,koszulka regular fit,3.33
koszulki z krótkim rękawem (męskie),unisex - koszulka polo,lacoste unisex,269.0,449.0,100% bawełna,loose fit,Prosty,,Krótki rękaw,koszulka loose fit,3.33
koszulki z krótkim rękawem (męskie),- bluzka z długim rękawem,pier one,71.0,79.0,100% bawełna,regular,Prosty,Okrągły,Długi rękaw,koszulka regular fit,3.33
koszulki z krótkim rękawem (męskie),scuderia ferrari lmh replica - t-shirt z nadrukiem,puma scuderia ferrari lmh replica,174.0,349.0,100% bawełna,regular,Prosty,Okrągły,Krótki rękaw,koszulka regular fit,3.33
koszulki z krótkim rękawem (męskie),- koszulka sportowa,new balance,134.0,149.0,100% poliester,regular,Prosty,Okrągły,Krótki rękaw,koszulka regular fit,3.33
koszulki z krótkim rękawem (męskie),core monogram slim tee - t-shirt z nadrukiem,calvin klein jeans core monogram slim tee,161.0,179.0,100% bawełna,slim,Dopasowany,Okrągły,Krótki rękaw,koszulka slim fit,32.2
koszulki z krótkim rękawem (męskie),- koszulka polo,polo ralph lauren,599.0,529.0,100% bawełna,slim,Prosty,,Krótki rękaw,koszulka slim fit,32.2
koszulki z krótkim rękawem (męskie),hybrid - t-shirt basic,mey hybrid,235.0,109.0,"57% bawełna, 38% poliester, 5% elastan",slim,Dopasowany,Wycięcie typu V,Krótki rękaw,koszulka slim fit,32.2
koszulki z krótkim rękawem (męskie),koszulka polo,pier one koszulka polo,53.0,89.0,100% bawełna,regular,Prosty,,Krótki rękaw,koszulka regular fit,3.33
koszulki z krótkim rękawem (męskie),- koszulka polo,polo ralph lauren,529.0,339.0,100% bawełna,slim,Dopasowany,,Krótki rękaw,koszulka slim fit,32.2
koszulki z krótkim rękawem (męskie),t-shirt z nadrukiem,lacoste t,199.0,269.0,100% bawełna,regular,Prosty,Okrągły,Krótki rękaw,koszulka regular fit,3.33
koszulki z krótkim rękawem (męskie),- t-shirt basic,pier one,45.0,89.0,100% bawełna,slim,Prosty,Okrągły,Krótki rękaw,koszulka slim fit,32.2
koszulki z krótkim rękawem (męskie),custom slim fit big pony mesh polo shirt - koszulka polo,polo ralph lauren custom slim fit big pony mesh polo shirt,819.0,649.0,100% bawełna,regular,,,Krótki rękaw,koszulka regular fit,3.33
koszulki z krótkim rękawem (męskie),- t-shirt basic,pier one,32.0,49.0,100% bawełna,regular,Prosty,Okrągły,Krótki rękaw,koszulka regular fit,3.33
koszulki z krótkim rękawem (męskie),- t-shirt z nadrukiem,pier one,59.0,89.0,100% bawełna,regular,Prosty,Okrągły,Krótki rękaw,koszulka regular fit,3.33
koszulki z krótkim rękawem (męskie),unisex - t-shirt z nadrukiem,adidas originals unisex,108.0,269.0,100% poliester,regular,Prosty,Wycięcie typu V,Krótki rękaw,koszulka regular fit,3.33
koszulki z krótkim rękawem (męskie),unisex - bluzka z długim rękawem,lacoste unisex,207.0,319.0,"65% bawełna, 35% poliester",regular,Prosty,Okrągły,Długi rękaw,koszulka regular fit,3.33
koszulki z krótkim rękawem (męskie),- t-shirt basic,levi's®,125.0,179.0,100% bawełna,regular,Prosty,Okrągły,Krótki rękaw,koszulka regular fit,3.33
koszulki z krótkim rękawem (męskie),- t-shirt basic,levi's®,340.45,249.99,100% bawełna,regular,Prosty,Okrągły,Krótki rękaw,koszulka regular fit,3.33
koszulki z krótkim rękawem (męskie),venum x chimaev wild borz - koszulka sportowa,venum venum x chimaev wild borz,209.0,99.99,"90% poliester, 10% elastan",regular,Prosty,Okrągły,Krótki rękaw,koszulka regular fit,3.33
koszulki z krótkim rękawem (męskie),- t-shirt z nadrukiem,allsaints,278.0,309.0,100% bawełna,loose fit,Prosty,Okrągły,Półrękawek,koszulka loose fit,3.33
koszulki z krótkim rękawem (męskie),unisex - bluzka z długim rękawem,yourturn unisex,134.0,149.0,100% bawełna,regular,Prosty,Okrągły,Długi rękaw,koszulka regular fit,3.33
koszulki z krótkim rękawem (męskie),- t-shirt basic,denim project,364.99,500.0,100% bawełna,regular,Prosty,Okrągły,Krótki rękaw,koszulka regular fit,3.33
koszulki z krótkim rękawem (męskie),brett - koszulka polo,u.s. polo assn. brett,149.99,,100% bawełna,regular,Prosty,,Długi rękaw,koszulka regular fit,3.33
koszulki z krótkim rękawem (męskie),- t-shirt basic,lyle & scott,97.0,139.0,100% bawełna,regular,Prosty,Okrągły,Krótki rękaw,koszulka regular fit,3.33
koszulki z krótkim rękawem (męskie),nba chicago bulls - t-shirt z nadrukiem,nike performance nba chicago bulls,143.0,,100% bawełna,regular,Prosty,Okrągły,Krótki rękaw,koszulka regular fit,3.33
koszulki z krótkim rękawem (męskie),- bluzka z długim rękawem,under armour,179.0,199.0,100% poliester,regular,,,Długi rękaw,koszulka regular fit,3.33
koszulki z krótkim rękawem (męskie),uruguay 2026/27 stadium home - koszulka polo,nike performance uruguay 2026/27 stadium home,449.0,449.0,100% poliester,regular,Dopasowany,,Krótki rękaw,koszulka regular fit,3.33
koszulki z krótkim rękawem (męskie),t-shirt z nadrukiem,mister tee t,58.0,99.0,100% bawełna,regular,Prosty,Okrągły,Krótki rękaw,koszulka regular fit,3.33
koszulki z krótkim rękawem (męskie),- top,jordan,143.0,159.0,"84% poliester, 16% elastan",regular,Prosty,Okrągły,Bez rękawów,koszulka regular fit,3.33
koszulki z krótkim rękawem (męskie),unisex - bluzka z długim rękawem,calvin klein unisex,156.0,,100% bawełna,regular,Prosty,Okrągły,Długi rękaw,koszulka regular fit,3.33
koszulki z krótkim rękawem (męskie),jjalvis - t-shirt z nadrukiem,jack & jones jjalvis,104.0,139.0,100% bawełna,regular,Prosty,Okrągły,Krótki rękaw,koszulka regular fit,3.33
koszulki z krótkim rękawem (męskie),mclaren austin - t-shirt z nadrukiem,hollister co. mclaren austin,111.0,139.0,100% bawełna,loose fit,Prosty,Okrągły,Krótki rękaw,koszulka loose fit,3.33
koszulki z krótkim rękawem (męskie),- t-shirt z nadrukiem,another cotton lab,179.0,99.0,100% bawełna,loose fit,Prosty,Okrągły,Półrękawek,koszulka loose fit,3.33
koszulki z krótkim rękawem (męskie),nalien - t-shirt z nadrukiem,hugo nalien,161.0,,100% bawełna,regular,Prosty,Okrągły,Półrękawek,koszulka regular fit,3.33
koszulki z krótkim rękawem (męskie),- koszulka sportowa,under armour,139.0,139.0,100% poliester,loose fit,,Okrągły,Krótki rękaw,koszulka loose fit,3.33
koszulki z krótkim rękawem (męskie),- t-shirt z nadrukiem,men plus,177.99,,100% bawełna,regular,Prosty,Okrągły,Krótki rękaw,koszulka regular fit,3.33
koszulki z krótkim rękawem (męskie),- t-shirt basic,pier one,30.0,59.0,100% bawełna,slim,Dopasowany,Okrągły,Krótki rękaw,koszulka slim fit,32.2
koszulki z krótkim rękawem (męskie),unisex - t-shirt z nadrukiem,yourturn unisex,69.0,84.0,100% bawełna,loose fit,Prosty,Okrągły,Półrękawek,koszulka loose fit,3.33
koszulki z krótkim rękawem (męskie),- t-shirt basic,vans,103.0,129.0,100% bawełna,regular,Prosty,Okrągły,Krótki rękaw,koszulka regular fit,3.33
koszulki z krótkim rękawem (męskie),- t-shirt basic,nike sportswear,179.0,139.0,100% bawełna,loose fit,Prosty,Okrągły,Krótki rękaw,koszulka loose fit,3.33
koszulki z krótkim rękawem (męskie),essentials - t-shirt basic,adidas sportswear essentials,98.0,,100% bawełna,regular,Prosty,Okrągły,Krótki rękaw,koszulka regular fit,3.33
koszulki z krótkim rękawem (męskie),shevchenko - t-shirt z nadrukiem,weekend offender shevchenko,199.0,269.0,100% bawełna,regular,Prosty,Okrągły,Krótki rękaw,koszulka regular fit,3.33
koszulki z krótkim rękawem (męskie),t-shirt z nadrukiem,rocawear t,70.0,119.0,100% bawełna,loose fit,Prosty,Okrągły,Półrękawek,koszulka loose fit,3.33
koszulki z krótkim rękawem (męskie),- t-shirt z nadrukiem,calvin klein jeans,125.0,139.0,100% bawełna,regular,Prosty,Okrągły,Krótki rękaw,koszulka regular fit,3.33
koszulki z krótkim rękawem (męskie),- t-shirt z nadrukiem,the north face,179.0,,100% bawełna,loose fit,Prosty,Okrągły,Krótki rękaw,koszulka loose fit,3.33
koszulki z krótkim rękawem (męskie),sdpedro - t-shirt z nadrukiem,solid sdpedro,80.0,139.0,"95% bawełna, 5% wiskoza",regular,Prosty,Okrągły,Krótki rękaw,koszulka regular fit,3.33
koszulki z krótkim rękawem (męskie),- t-shirt z nadrukiem,under armour,143.0,159.0,"60% bawełna, 40% poliester",regular,Prosty,Okrągły,Krótki rękaw,koszulka regular fit,3.33
koszulki z krótkim rękawem (męskie),dumeo - t-shirt z nadrukiem,hugo dumeo,160.0,229.0,100% bawełna,regular,Prosty,Okrągły,Krótki rękaw,koszulka regular fit,3.33
koszulki z krótkim rękawem (męskie),unisex - t-shirt z nadrukiem,ea7 emporio armani unisex,171.0,379.0,"60% bawełna, 40% poliester",regular fit,Prosty,Okrągły,Krótki rękaw,koszulka regular fit,3.33
koszulki z krótkim rękawem (męskie),- koszulka polo,fred perry,404.0,449.0,100% bawełna,regular,Prosty,,Krótki rękaw,koszulka regular fit,3.33
koszulki z krótkim rękawem (męskie),- t-shirt z nadrukiem,polo ralph lauren,584.0,649.0,100% bawełna,regular,Prosty,Okrągły,Krótki rękaw,koszulka regular fit,3.33
koszulki z krótkim rękawem (męskie),- t-shirt basic,pier one,89.0,149.0,100% bawełna,regular,Prosty,Okrągły,Krótki rękaw,koszulka regular fit,3.33
koszulki z krótkim rękawem (męskie),- t-shirt z nadrukiem,jack & jones,71.0,,100% bawełna,loose fit,Prosty,Okrągły,Półrękawek,koszulka loose fit,3.33
koszulki z krótkim rękawem (męskie),- bluzka z długim rękawem,pier one,53.0,,100% bawełna,regular,Prosty,Okrągły,Długi rękaw,koszulka regular fit,3.33
koszulki z krótkim rękawem (męskie),- t-shirt z nadrukiem,alpha industries,89.0,99.0,100% bawełna,regular,Prosty,Okrągły,Krótki rękaw,koszulka regular fit,3.33
koszulki z krótkim rękawem (męskie),unisex - top,santa cruz unisex,149.0,139.0,100% bawełna,regular,Prosty,Okrągły,Bardzo krótki rękawek,koszulka regular fit,3.33
koszulki z krótkim rękawem (męskie),jjeorganic - t-shirt basic,jack & jones jjeorganic,145.0,289.0,100% bawełna,regular,Prosty,Okrągły,Krótki rękaw,koszulka regular fit,3.33
koszulki z krótkim rękawem (męskie),paddy - koszulka polo,boss paddy,292.0,449.0,100% bawełna,regular,Prosty,,Krótki rękaw,koszulka regular fit,3.33
koszulki z krótkim rękawem (męskie),jortoast - t-shirt z nadrukiem,jack & jones jortoast,71.0,,100% bawełna,regular,Prosty,Okrągły,Krótki rękaw,koszulka regular fit,3.33
koszulki z krótkim rękawem (męskie),unisex - t-shirt z nadrukiem,adidas originals unisex,95.0,159.0,100% bawełna,loose fit,Prosty,Okrągły,Krótki rękaw,koszulka loose fit,3.33
koszulki z krótkim rękawem (męskie),t-shirt basic,pier one t,30.0,59.0,100% bawełna,regular,Prosty,Okrągły,Krótki rękaw,koszulka regular fit,3.33
koszulki z krótkim rękawem (męskie),- t-shirt z nadrukiem,henry tiger,159.99,559.0,100% bawełna,regular,Prosty,Okrągły,Krótki rękaw,koszulka regular fit,3.33
koszulki z krótkim rękawem (męskie),acdc distressed logo - t-shirt z nadrukiem,merchcode acdc distressed logo,67.0,99.0,100% bawełna,regular,Prosty,Okrągły,Krótki rękaw,koszulka regular fit,3.33
koszulki z krótkim rękawem (męskie),- t-shirt basic,levi's® plus,109.0,79.0,100% bawełna,regular,Prosty,Okrągły,Krótki rękaw,koszulka regular fit,3.33
koszulki z krótkim rękawem (męskie),unisex - koszulka polo,lacoste unisex,269.0,449.0,100% bawełna,loose fit,Prosty,,Krótki rękaw,koszulka loose fit,3.33
koszulki z krótkim rękawem (męskie),dubrox - t-shirt z nadrukiem,hugo dubrox,251.0,,100% bawełna,regular,Prosty,Okrągły,Krótki rękaw,koszulka regular fit,3.33
koszulki z krótkim rękawem (męskie),- t-shirt basic,pier one sport,38.0,59.0,"87% poliester, 13% elastan",skinny,Dopasowanie do figury,Okrągły,Krótki rękaw,koszulka skinny fit,0.0
koszulki z krótkim rękawem (męskie),unisex - bluzka z długim rękawem,taion unisex,249.0,,"76% nylon, 24% poliuretan",regular,Prosty,Okrągły,Długi rękaw,koszulka regular fit,3.33
koszulki z krótkim rękawem (męskie),- t-shirt z nadrukiem,the north face,143.0,,100% bawełna,regular,Prosty,Okrągły,Krótki rękaw,koszulka regular fit,3.33
koszulki z krótkim rękawem (męskie),- bluzka z długim rękawem,adidas originals,161.0,,100% bawełna,regular,Prosty,Okrągły,Długi rękaw,koszulka regular fit,3.33
koszulki z krótkim rękawem (męskie),- t-shirt z nadrukiem,mister tee,61.0,89.0,100% bawełna,regular,Prosty,Okrągły,Krótki rękaw,koszulka regular fit,3.33
koszulki z krótkim rękawem (męskie),peanuts - t-shirt z nadrukiem,henry tiger peanuts,109.99,419.0,100% bawełna,regular,Prosty,Okrągły,Krótki rękaw,koszulka regular fit,3.33
koszulki z krótkim rękawem (męskie),- t-shirt basic,under armour,129.0,139.0,"60% bawełna, 40% poliester",regular,Prosty,Okrągły,Krótki rękaw,koszulka regular fit,3.33
koszulki z krótkim rękawem (męskie),- koszulka polo,polo ralph lauren,317.0,529.0,100% bawełna,slim,Dopasowany,,Krótki rękaw,koszulka slim fit,32.2
koszulki z krótkim rękawem (męskie),- t-shirt basic,the north face,143.0,,100% bawełna,loose fit,Prosty,Okrągły,Krótki rękaw,koszulka loose fit,3.33
koszulki z krótkim rękawem (męskie),bmw mms - t-shirt z nadrukiem,puma bmw mms,114.0,,100% bawełna,regular,Prosty,Okrągły,Krótki rękaw,koszulka regular fit,3.33
koszulki z krótkim rękawem (męskie),- koszulka polo,pier one,167.0,239.0,100% bawełna,slim,Prosty,,Krótki rękaw,koszulka slim fit,32.2
koszulki z krótkim rękawem (męskie),unisex - t-shirt z nadrukiem,kaotiko unisex,209.0,139.0,100% bawełna,regular,Prosty,Okrągły,Krótki rękaw,koszulka regular fit,3.33
koszulki z krótkim rękawem (męskie),nba chicago bulls - t-shirt z nadrukiem,new era nba chicago bulls,251.0,279.0,100% poliester,regular,Prosty,,Krótki rękaw,koszulka regular fit,3.33
koszulki z krótkim rękawem (męskie),- top,pier one sport,35.0,59.0,"87% poliester, 13% elastan",loose fit,Prosty,Okrągły,Bez rękawów,koszulka loose fit,3.33
koszulki z krótkim rękawem (męskie),essential slim tee - t-shirt basic,calvin klein jeans essential slim tee,125.0,,100% bawełna,slim,Prosty,Okrągły,Krótki rękaw,koszulka slim fit,32.2
koszulki z krótkim rękawem (męskie),- t-shirt basic,boss,149.0,249.0,100% bawełna,regular,Prosty,Okrągły,Krótki rękaw,koszulka regular fit,3.33
koszulki z krótkim rękawem (męskie),- t-shirt z nadrukiem,mister tee,58.0,79.0,100% bawełna,regular,Prosty,Okrągły,Krótki rękaw,koszulka regular fit,3.33
koszulki z krótkim rękawem (męskie),unisex - t-shirt z nadrukiem,adidas originals unisex,143.0,,100% bawełna,loose fit,Prosty,Okrągły,Krótki rękaw,koszulka loose fit,3.33
koszulki z krótkim rękawem (męskie),- t-shirt basic,calvin klein jeans,233.0,269.0,100% bawełna,regular,Prosty,Okrągły,Krótki rękaw,koszulka regular fit,3.33
koszulki z krótkim rękawem (męskie),unisex - t-shirt basic,yourturn unisex,76.0,109.0,100% bawełna,loose fit,Prosty,Okrągły,Krótki rękaw,koszulka loose fit,3.33
koszulki z krótkim rękawem (męskie),t-shirt basic,pier one t,41.0,59.0,100% bawełna,regular,Prosty,Okrągły,Krótki rękaw,koszulka regular fit,3.33
koszulki z krótkim rękawem (męskie),- t-shirt basic,the north face,119.0,169.0,"60% bawełna, 40% poliester",regular,Prosty,Okrągły,Krótki rękaw,koszulka regular fit,3.33
koszulki z krótkim rękawem (męskie),unisex - t-shirt z nadrukiem,adidas originals unisex,127.0,159.0,100% bawełna,loose fit,Prosty,Okrągły,Półrękawek,koszulka loose fit,3.33
koszulki z krótkim rękawem (męskie),- t-shirt basic,pier one,64.0,99.0,100% bawełna,prosty,,Okrągły,Krótki rękaw,koszulka regular fit,3.33
koszulki z krótkim rękawem (męskie),unisex - t-shirt z nadrukiem,ea7 emporio armani unisex,260.0,289.0,100% bawełna,regular,Prosty,Okrągły,Krótki rękaw,koszulka regular fit,3.33
koszulki z krótkim rękawem (męskie),- t-shirt z nadrukiem,guess,175.0,179.0,100% bawełna,regular,Prosty,Okrągły,Krótki rękaw,koszulka regular fit,3.33
koszulki z krótkim rękawem (męskie),2 pack - t-shirt basic,u.s. polo assn. 2 pack,126.0,,100% bawełna,regular,Prosty,Okrągły,Krótki rękaw,koszulka regular fit,3.33
koszulki z krótkim rękawem (męskie),- t-shirt basic,bershka,55.9,149.0,100% bawełna,regular,Prosty,Okrągły,Krótki rękaw,koszulka regular fit,3.33
koszulki z krótkim rękawem (męskie),- t-shirt z nadrukiem,jack & jones,71.0,,100% bawełna,loose fit,Prosty,Okrągły,Krótki rękaw,koszulka loose fit,3.33
koszulki z krótkim rękawem (męskie),5 pack - t-shirt basic,pier one 5 pack,101.0,169.0,100% bawełna,regular,Prosty,Okrągły,Krótki rękaw,koszulka regular fit,3.33
koszulki z krótkim rękawem (męskie),alfredo - koszulka polo,u.s. polo assn. alfredo,169.99,,100% bawełna,regular,Prosty,,Krótki rękaw,koszulka regular fit,3.33
koszulki z krótkim rękawem (męskie),- t-shirt z nadrukiem,pier one,69.0,89.0,100% bawełna,loose fit,Prosty,Okrągły,Półrękawek,koszulka loose fit,3.33
koszulki z krótkim rękawem (męskie),- t-shirt z nadrukiem,mister tee,82.0,,100% bawełna,regular,Prosty,Okrągły,Krótki rękaw,koszulka regular fit,3.33
koszulki z krótkim rękawem (męskie),unisex - t-shirt basic,yourturn unisex,80.0,89.0,"95% bawełna, 5% elastan",loose fit,Prosty,Okrągły,Półrękawek,koszulka loose fit,3.33
koszulki z krótkim rękawem (męskie),- koszulka sportowa,nike acg,159.0,149.0,"57% bawełna, 43% poliester",regular,Prosty,Okrągły,Krótki rękaw,koszulka regular fit,3.33
koszulki z krótkim rękawem (męskie),unisex - t-shirt z nadrukiem,adidas originals unisex,143.0,,100% bawełna,regular,Prosty,Okrągły,Krótki rękaw,koszulka regular fit,3.33
koszulki z krótkim rękawem (męskie),- t-shirt basic,hollister co.,299.0,329.0,100% bawełna,regular,Prosty,Okrągły,Krótki rękaw,koszulka regular fit,3.33
koszulki z krótkim rękawem (męskie),- t-shirt z nadrukiem,oakley,143.0,,100% bawełna,loose fit,Prosty,Okrągły,Półrękawek,koszulka loose fit,3.33
koszulki z krótkim rękawem (męskie),- koszulka polo,pull&bear,109.0,379.0,100% poliester,loose fit,Prosty,Serek,Krótki rękaw,koszulka loose fit,3.33
koszulki z krótkim rękawem (męskie),- t-shirt z nadrukiem,allsaints,247.0,309.0,100% bawełna,loose fit,Prosty,Okrągły,Półrękawek,koszulka loose fit,3.33
koszulki z krótkim rękawem (męskie),- t-shirt z nadrukiem,alpha industries,89.0,99.0,100% bawełna,regular,Prosty,Okrągły,Krótki rękaw,koszulka regular fit,3.33
koszulki z krótkim rękawem (męskie),unisex - t-shirt basic,adidas originals unisex,143.0,159.0,100% bawełna,regular,Prosty,Okrągły,Krótki rękaw,koszulka regular fit,3.33
koszulki z krótkim rękawem (męskie),pacer - bluzka z długim rękawem,nike performance pacer,199.0,249.0,100% poliester,regular,Dopasowany,,Bardzo długi rękaw,koszulka regular fit,3.33
koszulki z krótkim rękawem (męskie),- koszulka polo,levi's®,119.0,199.0,100% bawełna,regular,Prosty,Wycięcie typu V,Krótki rękaw,koszulka regular fit,3.33
koszulki z krótkim rękawem (męskie),- t-shirt basic,adidas originals,98.0,,100% bawełna,regular,Prosty,Okrągły,Krótki rękaw,koszulka regular fit,3.33
koszulki z krótkim rękawem (męskie),morocco frmf - koszulka reprezentacji,puma morocco frmf,339.0,409.0,100% poliester,regular,Dopasowany,,Długi rękaw,koszulka regular fit,3.33
koszulki z krótkim rękawem (męskie),flying high oversize flying high overs - t-shirt z nadrukiem,upscale by mister tee flying high oversize flying high overs,58.0,119.0,100% bawełna,nadwymiarowy,Prosty,Okrągły,Krótki rękaw,koszulka oversize,22.7
koszulki z krótkim rękawem (męskie),nikecourt - t-shirt z nadrukiem,nike performance nikecourt,159.0,179.0,100% bawełna,regular,Prosty,Okrągły,Krótki rękaw,koszulka regular fit,3.33
koszulki z krótkim rękawem (męskie),- t-shirt z nadrukiem,pier one,45.0,69.0,100% bawełna,regular,Prosty,Okrągły,Krótki rękaw,koszulka regular fit,3.33
koszulki z krótkim rękawem (męskie),- t-shirt basic,carhartt wip,179.0,139.0,100% bawełna,regular,Prosty,Okrągły,Krótki rękaw,koszulka regular fit,3.33
koszulki z krótkim rękawem (męskie),- t-shirt z nadrukiem,mister tee,79.0,139.0,100% bawełna,regular,Prosty,Okrągły,Krótki rękaw,koszulka regular fit,3.33
koszulki z krótkim rękawem (męskie),valen - t-shirt z nadrukiem,allsaints valen,339.0,309.0,100% bawełna,loose fit,Prosty,Okrągły,Półrękawek,koszulka loose fit,3.33
koszulki z krótkim rękawem (męskie),core - koszulka sportowa,asics core,129.0,139.0,100% poliester,regular,Prosty,Okrągły,Krótki rękaw,koszulka regular fit,3.33
koszulki z krótkim rękawem (męskie),- t-shirt z nadrukiem,ellesse,89.0,99.0,100% bawełna,regular,Prosty,Okrągły,Krótki rękaw,koszulka regular fit,3.33
koszulki z krótkim rękawem (męskie),- t-shirt z nadrukiem,adidas originals,139.0,149.0,100% bawełna,regular,Prosty,Okrągły,Krótki rękaw,koszulka regular fit,3.33
koszulki z krótkim rękawem (męskie),- t-shirt basic,polo ralph lauren,395.0,439.0,100% bawełna,slim,Prosty,Okrągły,Krótki rękaw,koszulka slim fit,32.2
koszulki z krótkim rękawem (męskie),fc barcelona - koszulka sportowa,nike performance fc barcelona,449.0,539.0,100% poliester,regular,Prosty,Okrągły,Krótki rękaw,koszulka regular fit,3.33
koszulki z krótkim rękawem (męskie),unisex - t-shirt z nadrukiem,carne bollente unisex,359.0,359.0,100% bawełna,regular,Prosty,Okrągły,Krótki rękaw,koszulka regular fit,3.33
koszulki z krótkim rękawem (męskie),wilbur - t-shirt basic,indicode jeans wilbur,89.99,,100% bawełna,slim,Dopasowany,Okrągły,Krótki rękaw,koszulka slim fit,32.2
koszulki z krótkim rękawem (męskie),- t-shirt z nadrukiem,nike sportswear,125.0,,100% bawełna,regular,Prosty,Okrągły,Krótki rękaw,koszulka regular fit,3.33
koszulki z krótkim rękawem (męskie),- t-shirt z nadrukiem,dc shoes,129.0,139.0,100% bawełna,regular,Prosty,Okrągły,Krótki rękaw,koszulka regular fit,3.33
koszulki z krótkim rękawem (męskie),- t-shirt basic,pier one,64.0,99.0,100% bawełna,slim,Prosty,Okrągły,Krótki rękaw,koszulka slim fit,32.2
koszulki z krótkim rękawem (męskie),- t-shirt basic,off,879.0,1309.0,100% bawełna,regular,Prosty,Okrągły,Krótki rękaw,koszulka regular fit,3.33
koszulki z krótkim rękawem (męskie),morocco frmf home - koszulka sportowa,puma morocco frmf home,429.0,429.0,100% poliester,regular,Dopasowany,,Krótki rękaw,koszulka regular fit,3.33
koszulki z krótkim rękawem (męskie),2 pack - top,pier one 2 pack,48.0,69.0,100% bawełna,prosty,,Okrągły,Bez rękawów,koszulka regular fit,3.33
koszulki z krótkim rękawem (męskie),- t-shirt basic,alpha industries,179.0,199.0,100% bawełna,regular,Prosty,Okrągły,Krótki rękaw,koszulka regular fit,3.33
koszulki z krótkim rękawem (męskie),easy - t-shirt z nadrukiem,the north face easy,306.0,169.0,"60% bawełna, 40% poliester",regular,Prosty,Okrągły,Krótki rękaw,koszulka regular fit,3.33
koszulki z krótkim rękawem (męskie),alfred - koszulka polo,u.s. polo assn. alfred,254.99,,100% bawełna,regular,Prosty,,Krótki rękaw,koszulka regular fit,3.33
koszulki z krótkim rękawem (męskie),unisex - bluzka z długim rękawem,yourturn unisex,89.0,89.0,100% bawełna,loose fit,Prosty,Okrągły,Długi rękaw,koszulka loose fit,3.33
koszulki z krótkim rękawem (męskie),fernando - koszulka polo,redefined rebel fernando,143.0,,100% bawełna,regular,Prosty,,Krótki rękaw,koszulka regular fit,3.33
koszulki z krótkim rękawem (męskie),- t-shirt z nadrukiem,puma,116.0,139.0,100% bawełna,regular,Prosty,Okrągły,Krótki rękaw,koszulka regular fit,3.33
koszulki z krótkim rękawem (męskie),italy 70s - koszulka reprezentacji,adidas originals italy 70s,449.0,,"60% wełna, 40% lyocell",regular,Prosty,Okrągły,Krótki rękaw,koszulka regular fit,3.33
koszulki z krótkim rękawem (męskie),reset - top,nike performance reset,99.0,139.0,100% poliester,regular,Prosty,Okrągły,Bez rękawów,koszulka regular fit,3.33
koszulki z krótkim rękawem (męskie),unisex - t-shirt basic,adidas originals unisex,111.0,139.0,100% bawełna,loose fit,Prosty,Okrągły,Półrękawek,koszulka loose fit,3.33
koszulki z krótkim rękawem (męskie),england 2026/27 home - koszulka sportowa,nike performance england 2026/27 home,449.0,359.0,100% poliester,regular,Dopasowany,Okrągły,Krótki rękaw,koszulka regular fit,3.33
koszulki z krótkim rękawem (męskie),paddy - koszulka polo,boss paddy,269.0,449.0,100% bawełna,regular,Prosty,,Krótki rękaw,koszulka regular fit,3.33
koszulki z krótkim rękawem (męskie),- t-shirt z nadrukiem,calvin klein jeans,116.0,129.0,100% bawełna,regular,Prosty,Okrągły,Krótki rękaw,koszulka regular fit,3.33
koszulki z krótkim rękawem (męskie),- t-shirt z nadrukiem,diesel,206.0,229.0,100% bawełna,regular,Prosty,Okrągły,Krótki rękaw,koszulka regular fit,3.33
koszulki z krótkim rękawem (męskie),- t-shirt basic,calvin klein,260.0,289.0,"95% bawełna, 5% elastan",slim,Prosty,Okrągły,Krótki rękaw,koszulka slim fit,32.2
koszulki z krótkim rękawem (męskie),unisex - t-shirt z nadrukiem,yourturn unisex,79.0,119.0,100% bawełna,loose fit,Prosty,Okrągły,Półrękawek,koszulka loose fit,3.33
koszulki z krótkim rękawem (męskie),unisex - t-shirt z nadrukiem,adidas originals unisex,143.0,,100% bawełna,loose fit,Prosty,Okrągły,Krótki rękaw,koszulka loose fit,3.33
koszulki z krótkim rękawem (męskie),- t-shirt basic,oakley,161.0,,100% bawełna,loose fit,Prosty,Okrągły,Krótki rękaw,koszulka loose fit,3.33
koszulki z krótkim rękawem (męskie),- koszulka sportowa,adidas originals,229.0,159.0,"52% bawełna, 48% poliester",regular,Prosty,Okrągły,Krótki rękaw,koszulka regular fit,3.33
koszulki z krótkim rękawem (męskie),unisex - t-shirt basic,yourturn unisex,53.0,,"95% bawełna, 5% elastan",loose fit,Prosty,Okrągły,Półrękawek,koszulka loose fit,3.33
koszulki z krótkim rękawem (męskie),unisex 2 pack - top,yourturn unisex 2 pack,63.0,79.0,"95% bawełna, 5% elastan",skinny,Dopasowanie do figury,Okrągły,Bez rękawów,koszulka skinny fit,0.0
koszulki z krótkim rękawem (męskie),t-shirt basic,pier one t,33.0,44.0,100% bawełna,regular,Prosty,Okrągły,Krótki rękaw,koszulka regular fit,3.33
koszulki z krótkim rękawem (męskie),unisex - t-shirt basic,ea7 emporio armani unisex,224.0,249.0,100% bawełna,regular,Prosty,Okrągły,Krótki rękaw,koszulka regular fit,3.33
koszulki z krótkim rękawem (męskie),slim fit mesh polo shirt - koszulka polo,polo ralph lauren slim fit mesh polo shirt,363.0,589.0,100% bawełna,slim,Prosty,,Krótki rękaw,koszulka slim fit,32.2
koszulki z krótkim rękawem (męskie),mcfc - koszulka sportowa,puma mcfc,259.0,,100% poliester,regular,Prosty,,Krótki rękaw,koszulka regular fit,3.33
koszulki z krótkim rękawem (męskie),unisex - t-shirt z nadrukiem,carne bollente unisex,359.0,359.0,100% bawełna,regular,Prosty,Okrągły,Krótki rękaw,koszulka regular fit,3.33
koszulki z krótkim rękawem (męskie),- t-shirt z nadrukiem,venum,129.0,99.0,100% bawełna,regular,Prosty,Okrągły,Krótki rękaw,koszulka regular fit,3.33
koszulki z krótkim rękawem (męskie),unisex - koszulka polo,lacoste unisex,269.0,449.0,100% bawełna,regular,Prosty,,Krótki rękaw,koszulka regular fit,3.33
koszulki z krótkim rękawem (męskie),korea 2026 away - koszulka sportowa,nike performance korea 2026 away,449.0,359.0,100% poliester,regular,Dopasowany,Kopertowy,Krótki rękaw,koszulka regular fit,3.33
koszulki z krótkim rękawem (męskie),- t-shirt basic,pier one,170.0,189.0,100% bawełna,slim,Dopasowany,Okrągły,Krótki rękaw,koszulka slim fit,32.2
koszulki z krótkim rękawem (męskie),unisex - t-shirt basic,yourturn unisex,82.0,109.0,100% bawełna,regular,Prosty,Okrągły,Krótki rękaw,koszulka regular fit,3.33
koszulki z krótkim rękawem (męskie),- t-shirt basic,the north face,119.0,249.0,"60% bawełna, 40% poliester",regular,Prosty,Okrągły,Krótki rękaw,koszulka regular fit,3.33
koszulki z krótkim rękawem (męskie),- t-shirt basic,urban classics,70.0,,100% bawełna,nadwymiarowy,Prosty,Okrągły,Krótki rękaw,koszulka oversize,22.7
koszulki z krótkim rękawem (męskie),unisex - t-shirt basic,pier one unisex,97.0,149.0,100% bawełna,slim,Prosty,Okrągły,Krótki rękaw,koszulka slim fit,32.2
koszulki z krótkim rękawem (męskie),- t-shirt z nadrukiem,ea7 emporio armani,323.0,359.0,100% bawełna,regular,Prosty,Okrągły,Krótki rękaw,koszulka regular fit,3.33
koszulki z krótkim rękawem (męskie),- t-shirt basic,jordan,139.0,189.0,100% bawełna,regular,Prosty,Okrągły,Krótki rękaw,koszulka regular fit,3.33
koszulki z krótkim rękawem (męskie),arjun - t-shirt basic,u.s. polo assn. arjun,82.99,,100% bawełna,,Prosty,Okrągły,Krótki rękaw,koszulka other,
koszulki z krótkim rękawem (męskie),unisex - t-shirt z nadrukiem,carne bollente unisex,359.0,519.0,100% bawełna,regular,Prosty,Okrągły,Krótki rękaw,koszulka regular fit,3.33
koszulki z krótkim rękawem (męskie),frog - t-shirt z nadrukiem,nike sportswear frog,143.0,179.0,100% bawełna,regular,Prosty,Okrągły,Krótki rękaw,koszulka regular fit,3.33
koszulki z krótkim rękawem (męskie),jor30history tee crew neck 3 pack - t-shirt z nadrukiem,jack & jones jor30history tee crew neck 3 pack,116.0,179.0,100% bawełna,slim,Prosty,Okrągły,Krótki rękaw,koszulka slim fit,32.2
koszulki z krótkim rękawem (męskie),spain 26 home - koszulka reprezentacji,adidas performance spain 26 home,269.0,,100% poliester,regular,Dopasowany,Okrągły,Krótki rękaw,koszulka regular fit,3.33
koszulki z krótkim rękawem (męskie),- t-shirt basic,adidas originals,76.0,109.0,100% bawełna,loose fit,Prosty,Okrągły,Krótki rękaw,koszulka loose fit,3.33
koszulki z krótkim rękawem (męskie),- t-shirt basic,próchnik,69.9,,100% bawełna,slim fit,Prosty,Okrągły,Krótki rękaw,koszulka slim fit,32.2
koszulki z krótkim rękawem (męskie),- bluzka z długim rękawem,pier one,93.0,169.0,100% bawełna,regular,Prosty,Okrągły,Długi rękaw,koszulka regular fit,3.33
koszulki z krótkim rękawem (męskie),nba chicago bulls - top,new era nba chicago bulls,116.0,129.0,100% bawełna,regular,Prosty,Okrągły,Bez rękawów,koszulka regular fit,3.33
koszulki z krótkim rękawem (męskie),- t-shirt z nadrukiem,nike performance,159.0,79.0,100% bawełna,regular,Prosty,Okrągły,Krótki rękaw,koszulka regular fit,3.33
koszulki z krótkim rękawem (męskie),- t-shirt z nadrukiem,adidas originals,149.0,149.0,100% bawełna,regular,Prosty,Okrągły,Krótki rękaw,koszulka regular fit,3.33
koszulki z krótkim rękawem (męskie),unisex - bluzka z długim rękawem,yourturn unisex,89.0,119.0,100% poliester,skinny,Dopasowanie do figury,Okrągły,Długi rękaw,koszulka skinny fit,0.0
koszulki z krótkim rękawem (męskie),unisex - t-shirt z nadrukiem,calvin klein jeans unisex,146.0,209.0,100% bawełna,regular,Prosty,Okrągły,Krótki rękaw,koszulka regular fit,3.33
koszulki z krótkim rękawem (męskie),argentina 26 away - koszulka sportowa,adidas performance argentina 26 away,439.0,409.0,100% poliester,slim,Dopasowany,Okrągły,Krótki rękaw,koszulka slim fit,32.2
koszulki z krótkim rękawem (męskie),- t-shirt basic,jordan,127.0,169.0,"95% bawełna, 5% elastan",regular,Prosty,Okrągły,Krótki rękaw,koszulka regular fit,3.33
koszulki z krótkim rękawem (męskie),- t-shirt z nadrukiem,armani exchange,199.0,179.0,100% bawełna,slim,Prosty,Okrągły,Krótki rękaw,koszulka slim fit,32.2
koszulki z krótkim rękawem (męskie),- t-shirt basic,pier one,119.0,,100% bawełna,regular,Prosty,Okrągły,Krótki rękaw,koszulka regular fit,3.33
koszulki z krótkim rękawem (męskie),- t-shirt basic,pier one,59.0,99.0,100% bawełna,slim,Prosty,Okrągły,Krótki rękaw,koszulka slim fit,32.2
koszulki z krótkim rękawem (męskie),unisex regular fit graphic top - t-shirt z nadrukiem,yourturn unisex regular fit graphic top,24.0,79.0,100% bawełna,regular,Prosty,Okrągły,Krótki rękaw,koszulka regular fit,3.33
koszulki z krótkim rękawem (męskie),- t-shirt z nadrukiem,polo ralph lauren,639.0,649.0,100% bawełna,regular,Prosty,Okrągły,Krótki rękaw,koszulka regular fit,3.33
koszulki z krótkim rękawem (męskie),- t-shirt basic,urban classics,70.0,79.0,100% bawełna,nadwymiarowy,Prosty,Okrągły,Krótki rękaw,koszulka oversize,22.7
koszulki z krótkim rękawem (męskie),unisex - t-shirt z nadrukiem,lacoste unisex,175.0,269.0,"65% bawełna, 35% poliester",regular,Prosty,Okrągły,Krótki rękaw,koszulka regular fit,3.33
koszulki z krótkim rękawem (męskie),radial - koszulka sportowa,under armour radial,129.0,159.0,"60% bawełna, 40% poliester",regular,Prosty,Okrągły,Krótki rękaw,koszulka regular fit,3.33
koszulki z krótkim rękawem (męskie),pi-yt-bas0-0122 long sleeve tee / 802 - black - bluzka z długim rękawem,pier one pi,39.0,49.0,100% bawełna,slim,Prosty,Okrągły,Długi rękaw,koszulka slim fit,32.2
koszulki z krótkim rękawem (męskie),core - koszulka sportowa,asics core,116.0,129.0,100% poliester,regular,Prosty,Okrągły,Krótki rękaw,koszulka regular fit,3.33
koszulki z krótkim rękawem (męskie),unisex - bluzka z długim rękawem,yourturn unisex,89.0,79.0,100% bawełna,loose fit,Prosty,Okrągły,Długi rękaw,koszulka loose fit,3.33
koszulki z krótkim rękawem (męskie),unisex - t-shirt z nadrukiem,new balance unisex,129.0,179.0,100% bawełna,regular,Prosty,Okrągły,Krótki rękaw,koszulka regular fit,3.33
koszulki z krótkim rękawem (męskie),- t-shirt z nadrukiem,mister tee,82.0,,100% bawełna,regular,Prosty,Okrągły,Krótki rękaw,koszulka regular fit,3.33
koszulki z krótkim rękawem (męskie),- koszulka sportowa,adidas originals,219.0,159.0,"52% bawełna, 48% poliester",regular,Prosty,Okrągły,Krótki rękaw,koszulka regular fit,3.33
koszulki z krótkim rękawem (męskie),- t-shirt basic,pier one,59.0,99.0,100% bawełna,dopasowany,,Okrągły,Krótki rękaw,koszulka fit,45.1
koszulki z krótkim rękawem (męskie),unisex - t-shirt z nadrukiem,adidas originals unisex,143.0,159.0,100% bawełna,loose fit,Prosty,Okrągły,Półrękawek,koszulka loose fit,3.33
koszulki z krótkim rękawem (męskie),unisex - t-shirt z nadrukiem,adidas originals unisex,161.0,179.0,100% bawełna,regular,Prosty,Okrągły,Krótki rękaw,koszulka regular fit,3.33
koszulki z krótkim rękawem (męskie),- t-shirt basic,yourturn,71.0,89.0,100% bawełna,loose fit,Prosty,Okrągły,Półrękawek,koszulka loose fit,3.33
koszulki z krótkim rękawem (męskie),t-shirt basic,pier one t,29.0,49.0,100% bawełna,dopasowany,,"Okrągły, głęboko wycięty",Krótki rękaw,koszulka fit,45.1
koszulki z krótkim rękawem (męskie),venezuela - koszulka reprezentacji,adidas performance venezuela,439.0,539.0,100% poliester,regular,Prosty,Wycięcie typu V,Krótki rękaw,koszulka regular fit,3.33
koszulki z krótkim rękawem (męskie),3 pack - koszulka polo,pier one 3 pack,68.0,169.0,100% bawełna,slim,Prosty,,Krótki rękaw,koszulka slim fit,32.2
koszulki z krótkim rękawem (męskie),unisex - t-shirt basic,yourturn unisex,71.0,119.0,100% bawełna,nadwymiarowy,Prosty,Okrągły,Krótki rękaw,koszulka oversize,22.7
koszulki z krótkim rękawem (męskie),- t-shirt z nadrukiem,boss,174.0,249.0,100% bawełna,regular,Prosty,Okrągły,Krótki rękaw,koszulka regular fit,3.33
koszulki z krótkim rękawem (męskie),- bluzka z długim rękawem,polo ralph lauren,289.0,339.0,100% bawełna,regular,Prosty,Okrągły,Długi rękaw,koszulka regular fit,3.33
koszulki z krótkim rękawem (męskie),argentina - koszulka sportowa,adidas originals argentina,219.0,149.0,"52% bawełna, 48% poliester",regular,Prosty,Okrągły,Krótki rękaw,koszulka regular fit,3.33
koszulki z krótkim rękawem (męskie),- koszulka sportowa,nike performance,80.0,159.0,"59% bawełna, 41% poliester",regular,Prosty,Okrągły,Krótki rękaw,koszulka regular fit,3.33
koszulki z krótkim rękawem (męskie),unisex - t-shirt z nadrukiem,adidas originals unisex,127.0,159.0,100% bawełna,regular,Prosty,Okrągły,Krótki rękaw,koszulka regular fit,3.33
koszulki z krótkim rękawem (męskie),paul - koszulka polo,boss paul,404.0,449.0,"92% bawełna, 8% elastan",regular,Prosty,,Krótki rękaw,koszulka regular fit,3.33
koszulki z krótkim rękawem (męskie),- t-shirt z nadrukiem,ripndip,124.0,,100% bawełna,regular,Prosty,Okrągły,Krótki rękaw,koszulka regular fit,3.33
koszulki z krótkim rękawem (męskie),unisex - t-shirt basic,yourturn unisex,87.0,109.0,100% bawełna,loose fit,Prosty,Okrągły,Krótki rękaw,koszulka loose fit,3.33
koszulki z krótkim rękawem (męskie),unisex - t-shirt z nadrukiem,lacoste unisex,175.0,269.0,"65% bawełna, 35% poliester",regular,Prosty,Okrągły,Krótki rękaw,koszulka regular fit,3.33
koszulki z krótkim rękawem (męskie),unisex - t-shirt z nadrukiem,yourturn unisex,71.0,,100% bawełna,regular,Prosty,Okrągły,Krótki rękaw,koszulka regular fit,3.33
koszulki z krótkim rękawem (męskie),dero - t-shirt basic,hugo dero,125.0,179.0,100% bawełna,regular,Prosty,Okrągły,Krótki rękaw,koszulka regular fit,3.33
koszulki z krótkim rękawem (męskie),japan 26 away - koszulka reprezentacji,adidas performance japan 26 away,439.0,449.0,100% poliester,regular,Dopasowany,Wycięcie typu V,Krótki rękaw,koszulka regular fit,3.33
koszulki z krótkim rękawem (męskie),- t-shirt z nadrukiem,adidas originals,118.0,139.0,100% bawełna,regular,Prosty,Okrągły,Krótki rękaw,koszulka regular fit,3.33
koszulki z krótkim rękawem (męskie),unisex - t-shirt z nadrukiem,yourturn unisex,89.0,79.0,100% bawełna,loose fit,Prosty,,Półrękawek,koszulka loose fit,3.33
koszulki z krótkim rękawem (męskie),- koszulka sportowa,adidas originals,229.0,159.0,100% bawełna,regular,Prosty,Okrągły,Krótki rękaw,koszulka regular fit,3.33
koszulki z krótkim rękawem (męskie),unisex - t-shirt basic,yourturn unisex,76.0,109.0,100% bawełna,loose fit,Prosty,,Krótki rękaw,koszulka loose fit,3.33
koszulki z krótkim rękawem (męskie),unisex - t-shirt basic,yourturn unisex,87.0,109.0,100% bawełna,nadwymiarowy,Prosty,Okrągły,Półrękawek,koszulka oversize,22.7
koszulki z krótkim rękawem (męskie),bluzka z długim rękawem,pier one bluzka z długim rękawem,30.0,69.0,100% bawełna,slim,Dopasowany,Okrągły,Długi rękaw,koszulka slim fit,32.2
koszulki z krótkim rękawem (męskie),5 pack - t-shirt basic,pier one 5 pack,135.0,169.0,100% bawełna,regular,Prosty,Okrągły,Krótki rękaw,koszulka regular fit,3.33
koszulki z krótkim rękawem (męskie),unisex - t-shirt basic,nike sportswear unisex,109.0,139.0,100% bawełna,regular,Prosty,Okrągły,Krótki rękaw,koszulka regular fit,3.33
koszulki z krótkim rękawem (męskie),bermuda set - spodnie treningowe,pull&bear bermuda set,87.9,159.0,100% bawełna,regular,Prosty,Okrągły,Krótki rękaw,koszulka regular fit,3.33
koszulki z krótkim rękawem (męskie),unisex - t-shirt z nadrukiem,adidas originals unisex,143.0,,100% bawełna,loose fit,Prosty,Okrągły,Półrękawek,koszulka loose fit,3.33
koszulki z krótkim rękawem (męskie),- t-shirt basic,urban classics,49.0,79.0,100% bawełna,nadwymiarowy,Prosty,Okrągły,Półrękawek,koszulka oversize,22.7
koszulki z krótkim rękawem (męskie),- t-shirt basic,lacoste,179.0,299.0,100% bawełna,regular,Prosty,Okrągły,Krótki rękaw,koszulka regular fit,3.33
koszulki z krótkim rękawem (męskie),unisex - t-shirt z nadrukiem,ea7 emporio armani unisex,152.0,379.0,"60% bawełna, 40% poliester",regular fit,Prosty,Okrągły,Krótki rękaw,koszulka regular fit,3.33
koszulki z krótkim rękawem (męskie),- koszulka polo,polo ralph lauren,539.0,,"95% bawełna, 5% elastan",slim,Dopasowany,,Krótki rękaw,koszulka slim fit,32.2
koszulki z krótkim rękawem (męskie),- t-shirt basic,u.s. polo assn.,299.99,,100% bawełna,regular,Prosty,Okrągły,Krótki rękaw,koszulka regular fit,3.33
koszulki z krótkim rękawem (męskie),unisex - t-shirt z nadrukiem,adidas originals unisex,127.0,159.0,100% bawełna,loose fit,Prosty,Okrągły,Półrękawek,koszulka loose fit,3.33
koszulki z krótkim rękawem (męskie),arjun - t-shirt basic,u.s. polo assn. arjun,209.99,,100% bawełna,regular,Prosty,Okrągły,Krótki rękaw,koszulka regular fit,3.33
koszulki z krótkim rękawem (męskie),unisex - t-shirt z nadrukiem,yourturn unisex,79.0,79.0,100% bawełna,regular,Prosty,Okrągły,Półrękawek,koszulka regular fit,3.33
koszulki z krótkim rękawem (męskie),- koszulka sportowa,under armour,143.0,159.0,"84% poliester, 16% elastan",skinny,Dopasowanie do figury,Okrągły,Krótki rękaw,koszulka skinny fit,0.0
koszulki z krótkim rękawem (męskie),3 pack - top,pier one 3 pack,45.0,89.0,100% bawełna,regular,Prosty,"Okrągły, głęboko wycięty",Bez rękawów,koszulka regular fit,3.33
koszulki z krótkim rękawem (męskie),jjwolfie 5 pack - t-shirt z nadrukiem,jack & jones jjwolfie 5 pack,148.0,269.0,100% bawełna,loose fit,Prosty,Okrągły,Półrękawek,koszulka loose fit,3.33
koszulki z krótkim rękawem (męskie),unisex - t-shirt basic,nike sportswear unisex,79.0,99.0,100% bawełna,loose fit,Dopasowany,Okrągły,Krótki rękaw,koszulka loose fit,3.33
koszulki z krótkim rękawem (męskie),- t-shirt basic,levi's®,60.0,119.0,100% bawełna,regular,Prosty,Okrągły,Krótki rękaw,koszulka regular fit,3.33
koszulki z krótkim rękawem (męskie),unisex - t-shirt basic,lacoste unisex,174.0,249.0,"65% bawełna, 35% poliester",regular,Prosty,,Krótki rękaw,koszulka regular fit,3.33
koszulki z krótkim rękawem (męskie),unisex - t-shirt basic,lacoste unisex,174.0,249.0,"65% bawełna, 35% poliester",regular,Prosty,Okrągły,Krótki rękaw,koszulka regular fit,3.33
koszulki z krótkim rękawem (męskie),jorcaliflo tee crew neck - t-shirt z nadrukiem,jack & jones jorcaliflo tee crew neck,71.0,,100% bawełna,regular,Prosty,Okrągły,Krótki rękaw,koszulka regular fit,3.33
koszulki z krótkim rękawem (męskie),t-shirt z nadrukiem,pier one t,35.0,59.0,100% bawełna,regular,Prosty,Okrągły,Krótki rękaw,koszulka regular fit,3.33
koszulki z krótkim rękawem (męskie),jjflag tee crew neck - t-shirt z nadrukiem,jack & jones jjflag tee crew neck,62.0,,100% bawełna,regular,Prosty,Okrągły,Krótki rękaw,koszulka regular fit,3.33
koszulki z krótkim rękawem (męskie),- t-shirt basic,levi's®,87.0,109.0,100% bawełna,regular,Dopasowany,Okrągły,Krótki rękaw,koszulka regular fit,3.33
koszulki z krótkim rękawem (męskie),- t-shirt z nadrukiem,ellesse,89.0,99.0,100% bawełna,regular,Prosty,Okrągły,Krótki rękaw,koszulka regular fit,3.33
koszulki z krótkim rękawem (męskie),unisex - t-shirt z nadrukiem,pier one unisex,41.0,69.0,100% bawełna,loose fit,Prosty,Okrągły,Półrękawek,koszulka loose fit,3.33
koszulki z krótkim rękawem (męskie),- t-shirt z nadrukiem,tommy jeans,104.0,149.0,100% bawełna,regular,Prosty,Okrągły,Krótki rękaw,koszulka regular fit,3.33
koszulki z krótkim rękawem (męskie),arjun - t-shirt basic,u.s. polo assn. arjun,212.99,,100% bawełna,regular,Prosty,Okrągły,Krótki rękaw,koszulka regular fit,3.33
koszulki z krótkim rękawem (męskie),- t-shirt z nadrukiem,jack & jones,63.0,79.0,100% bawełna,loose fit,Prosty,Okrągły,Krótki rękaw,koszulka loose fit,3.33
koszulki z krótkim rękawem (męskie),- t-shirt basic,siksilk,87.0,174.0,"95% bawełna, 5% elastan",slim,Prosty,Okrągły,Krótki rękaw,koszulka slim fit,32.2
koszulki z krótkim rękawem (męskie),arjun - t-shirt basic,u.s. polo assn. arjun,212.99,,100% bawełna,regular,Prosty,Okrągły,Krótki rękaw,koszulka regular fit,3.33
koszulki z krótkim rękawem (męskie),- koszulka polo,kappa,64.99,,100% bawełna,regular,Prosty,,Krótki rękaw,koszulka regular fit,3.33
koszulki z krótkim rękawem (męskie),- t-shirt z nadrukiem,jack & jones,176.95,294.99,100% bawełna,regular,Prosty,Okrągły,Krótki rękaw,koszulka regular fit,3.33
koszulki z krótkim rękawem (męskie),- t-shirt basic,pier one,50.0,99.0,100% bawełna,prosty,,Okrągły,Krótki rękaw,koszulka regular fit,3.33
koszulki z krótkim rękawem (męskie),t-shirt z nadrukiem,pier one t,30.0,59.0,100% bawełna,regular,Prosty,Okrągły,Krótki rękaw,koszulka regular fit,3.33
koszulki z krótkim rękawem (męskie),- t-shirt z nadrukiem,calvin klein jeans,103.0,129.0,100% bawełna,regular,Prosty,Okrągły,Krótki rękaw,koszulka regular fit,3.33
koszulki z krótkim rękawem (męskie),- koszulka polo,ochnik,79.9,,100% bawełna,regular,Prosty,,Krótki rękaw,koszulka regular fit,3.33
koszulki z krótkim rękawem (męskie),- t-shirt basic,u.s. polo assn.,299.99,,100% bawełna,regular,Prosty,Okrągły,Krótki rękaw,koszulka regular fit,3.33
koszulki z krótkim rękawem (męskie),acdc - t-shirt z nadrukiem,mister tee acdc,67.0,119.0,100% bawełna,regular,Prosty,Okrągły,Krótki rękaw,koszulka regular fit,3.33
koszulki z krótkim rękawem (męskie),- t-shirt z nadrukiem,diverse,44.99,,100% bawełna,regular,Prosty,Okrągły,Krótki rękaw,koszulka regular fit,3.33
koszulki z krótkim rękawem (męskie),jjelogo - t-shirt z nadrukiem,jack & jones jjelogo,161.0,269.0,100% bawełna,regular,Prosty,Okrągły,Krótki rękaw,koszulka regular fit,3.33
koszulki z krótkim rękawem (męskie),kethan - t-shirt z nadrukiem,redefined rebel kethan,79.0,119.0,100% bawełna,loose fit,Prosty,Okrągły,Krótki rękaw,koszulka loose fit,3.33
koszulki z krótkim rękawem (męskie),- t-shirt z nadrukiem,jack & jones,89.0,89.0,100% bawełna,loose fit,Prosty,Okrągły,Krótki rękaw,koszulka loose fit,3.33
koszulki z krótkim rękawem (męskie),- t-shirt z nadrukiem,jack & jones,55.0,69.0,100% bawełna,regular,Prosty,Okrągły,Krótki rękaw,koszulka regular fit,3.33
