nazwa,marka,cena_aktualna,dlugosc_rekawa,fason_clean,trend_score,bawełna_pct,poliester_pct,elastan_pct,wiskoza_pct,wełna_pct,len_pct,jedwab_pct,nylon_pct,poliamid_pct,lyocell_pct,modal_pct,akryl_pct,kaszmir_pct,poliuretan_pct,natural_material_pct,synthetic_material_pct,premium_material_pct
t-shirt z nadrukiem,nike sportswear,199.0,Krótki rękaw,koszulka regular fit,3.33,100,0,0,0,0,0,0,0,0,0,0,0,0,0,100,0,0
t-shirt z nadrukiem,karl lagerfeld,265.28,Krótki rękaw,koszulka regular fit,3.33,95,0,5,0,0,0,0,0,0,0,0,0,0,0,95,5,0
t-shirt z nadrukiem,iceberg,899.0,Krótki rękaw,koszulka regular fit,3.33,100,0,0,0,0,0,0,0,0,0,0,0,0,0,100,0,0
t-shirt z nadrukiem,dc shoes,101.99,Krótki rękaw,koszulka loose fit,3.33,100,0,0,0,0,0,0,0,0,0,0,0,0,0,100,0,0
bluzka z długim rękawem,adidas originals,197.0,Długi rękaw,koszulka regular fit,3.33,0,100,0,0,0,0,0,0,0,0,0,0,0,0,0,100,0
t-shirt basic,indicode jeans,89.99,Krótki rękaw,koszulka slim fit,32.2,100,0,0,0,0,0,0,0,0,0,0,0,0,0,100,0,0
koszulka polo,lyle &,287.0,Krótki rękaw,koszulka regular fit,3.33,100,0,0,0,0,0,0,0,0,0,0,0,0,0,100,0,0
t-shirt z nadrukiem,vilebrequin portisol,499.0,Krótki rękaw,koszulka regular fit,3.33,100,0,0,0,0,0,0,0,0,0,0,0,0,0,100,0,0
bluzka z długim rękawem,edwin unisex,319.0,Długi rękaw,koszulka loose fit,3.33,100,0,0,0,0,0,0,0,0,0,0,0,0,0,100,0,0
t-shirt basic,lyle &,143.0,Krótki rękaw,koszulka regular fit,3.33,100,0,0,0,0,0,0,0,0,0,0,0,0,0,100,0,0
bluzka z długim rękawem,tommy jeans,209.0,Długi rękaw,koszulka regular fit,3.33,100,0,0,0,0,0,0,0,0,0,0,0,0,0,100,0,0
t-shirt basic,liu jo,469.0,Krótki rękaw,koszulka regular fit,3.33,100,0,0,0,0,0,0,0,0,0,0,0,0,0,100,0,0
koszulka polo,massimo dutti,249.0,Krótki rękaw,koszulka regular fit,3.33,100,0,0,0,0,0,0,0,0,0,0,0,0,0,100,0,0
t-shirt basic,calvin klein,199.0,Krótki rękaw,koszulka slim fit,32.2,0,88,12,0,0,0,0,0,0,0,0,0,0,0,0,100,0
koszulka polo,boggi milano,529.0,Krótki rękaw,koszulka regular fit,3.33,56,39,5,0,0,0,0,0,0,0,0,0,0,0,56,44,0
t-shirt z nadrukiem,thinking mu,256.0,Krótki rękaw,koszulka loose fit,3.33,100,0,0,0,0,0,0,0,0,0,0,0,0,0,100,0,0
t-shirt z nadrukiem,pegador pike,161.0,Półrękawek,koszulka loose fit,3.33,100,0,0,0,0,0,0,0,0,0,0,0,0,0,100,0,0
t-shirt basic,next,292.0,Krótki rękaw,koszulka regular fit,3.33,100,0,0,0,0,0,0,0,0,0,0,0,0,0,100,0,0
bluzka z długim rękawem,nike performance,289.0,Długi rękaw,koszulka regular fit,3.33,0,88,12,0,0,0,0,0,0,0,0,0,0,0,0,100,0
koszulka polo,umbro unisex,108.0,Krótki rękaw,koszulka regular fit,3.33,0,100,0,0,0,0,0,0,0,0,0,0,0,0,0,100,0
t-shirt basic,polo ralph lauren,419.0,Krótki rękaw,koszulka regular fit,3.33,100,0,0,0,0,0,0,0,0,0,0,0,0,0,100,0,0
koszulka polo,boggi milano,529.0,Krótki rękaw,koszulka regular fit,3.33,0,0,6,0,0,94,0,0,0,0,0,0,0,0,94,6,94
t-shirt basic,urban classics,49.0,Krótki rękaw,koszulka regular fit,3.33,100,0,0,0,0,0,0,0,0,0,0,0,0,0,100,0,0
t-shirt z nadrukiem,quiksilver,76.99,Krótki rękaw,koszulka regular fit,3.33,100,0,0,0,0,0,0,0,0,0,0,0,0,0,100,0,0
t-shirt z nadrukiem,s.oliver,89.99,Krótki rękaw,koszulka regular fit,3.33,60,40,0,0,0,0,0,0,0,0,0,0,0,0,60,40,0
t-shirt basic,u.s. polo assn.,191.0,Krótki rękaw,koszulka regular fit,3.33,100,0,0,0,0,0,0,0,0,0,0,0,0,0,100,0,0
t-shirt z nadrukiem,jack & jones,71.0,Krótki rękaw,koszulka loose fit,3.33,100,0,0,0,0,0,0,0,0,0,0,0,0,0,100,0,0
t-shirt z nadrukiem,lonsdale,70.0,Krótki rękaw,koszulka regular fit,3.33,100,0,0,0,0,0,0,0,0,0,0,0,0,0,100,0,0
koszulka polo,adidas performance,329.0,Krótki rękaw,koszulka regular fit,3.33,0,83,17,0,0,0,0,0,0,0,0,0,0,0,0,100,0
t-shirt z nadrukiem,kronstadt timmi,129.99,Krótki rękaw,koszulka regular fit,3.33,100,0,0,0,0,0,0,0,0,0,0,0,0,0,100,0,0
artykuły klubowe,puma,169.0,Krótki rękaw,koszulka regular fit,3.33,100,0,0,0,0,0,0,0,0,0,0,0,0,0,100,0,0
t-shirt basic,jack & jones,286.0,Półrękawek,koszulka loose fit,3.33,52,48,0,0,0,0,0,0,0,0,0,0,0,0,52,48,0
t-shirt z nadrukiem,karl kani,97.0,Półrękawek,koszulka loose fit,3.33,100,0,0,0,0,0,0,0,0,0,0,0,0,0,100,0,0
t-shirt z nadrukiem,pier one,100.0,Krótki rękaw,koszulka regular fit,3.33,100,0,0,0,0,0,0,0,0,0,0,0,0,0,100,0,0
t-shirt z nadrukiem,lacoste,305.0,Krótki rękaw,koszulka regular fit,3.33,100,0,0,0,0,0,0,0,0,0,0,0,0,0,100,0,0
t-shirt z nadrukiem,nike golf,111.0,Krótki rękaw,koszulka regular fit,3.33,100,0,0,0,0,0,0,0,0,0,0,0,0,0,100,0,0
t-shirt basic,hollister co.,79.0,Krótki rękaw,koszulka regular fit,3.33,54,46,0,0,0,0,0,0,0,0,0,0,0,0,54,46,0
t-shirt z nadrukiem,mister tee,67.0,Krótki rękaw,koszulka regular fit,3.33,100,0,0,0,0,0,0,0,0,0,0,0,0,0,100,0,0
koszulka sportowa,under armour,145.0,Krótki rękaw,koszulka regular fit,3.33,0,100,0,0,0,0,0,0,0,0,0,0,0,0,0,100,0
t-shirt z nadrukiem,lost youth,103.0,Krótki rękaw,koszulka loose fit,3.33,100,0,0,0,0,0,0,0,0,0,0,0,0,0,100,0,0
t-shirt z nadrukiem,clean cut,118.0,Krótki rękaw,koszulka loose fit,3.33,95,0,5,0,0,0,0,0,0,0,0,0,0,0,95,5,0
t-shirt z nadrukiem,lonsdale,159.0,Krótki rękaw,koszulka regular fit,3.33,100,0,0,0,0,0,0,0,0,0,0,0,0,0,100,0,0
bluzka z długim rękawem,carhartt wip,289.0,Długi rękaw,koszulka regular fit,3.33,100,0,0,0,0,0,0,0,0,0,0,0,0,0,100,0,0
top,mango,159.99,Bez rękawów,koszulka regular fit,3.33,100,0,0,0,0,0,0,0,0,0,0,0,0,0,100,0,0
koszulka polo,s.oliver,357.0,Krótki rękaw,koszulka regular fit,3.33,100,0,0,0,0,0,0,0,0,0,0,0,0,0,100,0,0
t-shirt z nadrukiem,s.oliver,89.99,Krótki rękaw,koszulka regular fit,3.33,100,0,0,0,0,0,0,0,0,0,0,0,0,0,100,0,0
koszulka polo,s.oliver,263.0,Krótki rękaw,koszulka regular fit,3.33,100,0,0,0,0,0,0,0,0,0,0,0,0,0,100,0,0
koszulka polo,jack & jones,219.99,Półrękawek,koszulka loose fit,3.33,100,0,0,0,0,0,0,0,0,0,0,0,0,0,100,0,0
bluzka z długim rękawem,wasted paris,242.0,Długi rękaw,koszulka loose fit,3.33,100,0,0,0,0,0,0,0,0,0,0,0,0,0,100,0,0
bluzka z długim rękawem,yourturn unisex,47.0,Długi rękaw,koszulka regular fit,3.33,100,0,0,0,0,0,0,0,0,0,0,0,0,0,100,0,0
koszulka polo,boggi milano,419.0,Krótki rękaw,koszulka regular fit,3.33,100,0,0,0,0,0,0,0,0,0,0,0,0,0,100,0,0
t-shirt basic,pepe jeans,139.0,Krótki rękaw,koszulka regular fit,3.33,100,0,0,0,0,0,0,0,0,0,0,0,0,0,100,0,0
t-shirt basic,tom tailor,99.0,Krótki rękaw,koszulka loose fit,3.33,100,0,0,0,0,0,0,0,0,0,0,0,0,0,100,0,0
t-shirt z nadrukiem,upscale by,58.0,Krótki rękaw,koszulka oversize,22.7,100,0,0,0,0,0,0,0,0,0,0,0,0,0,100,0,0
t-shirt z nadrukiem,dc shoes,149.99,Krótki rękaw,koszulka loose fit,3.33,100,0,0,0,0,0,0,0,0,0,0,0,0,0,100,0,0
t-shirt z nadrukiem,adidas originals,72.0,Krótki rękaw,koszulka regular fit,3.33,100,0,0,0,0,0,0,0,0,0,0,0,0,0,100,0,0
t-shirt z nadrukiem,rockshirts,99.0,Krótki rękaw,koszulka regular fit,3.33,100,0,0,0,0,0,0,0,0,0,0,0,0,0,100,0,0
t-shirt basic,blend,72.0,Krótki rękaw,koszulka regular fit,3.33,100,0,0,0,0,0,0,0,0,0,0,0,0,0,100,0,0
t-shirt z nadrukiem,santa cruz,87.0,Krótki rękaw,koszulka regular fit,3.33,100,0,0,0,0,0,0,0,0,0,0,0,0,0,100,0,0
koszulka polo,tommy hilfiger,449.0,Krótki rękaw,koszulka regular fit,3.33,65,35,0,0,0,0,0,0,0,0,0,0,0,0,65,35,0
t-shirt basic,billabong,149.99,Krótki rękaw,koszulka regular fit,3.33,0,85,15,0,0,0,0,0,0,0,0,0,0,0,0,100,0
t-shirt z nadrukiem,jp1880,139.99,Krótki rękaw,koszulka regular fit,3.33,100,0,0,0,0,0,0,0,0,0,0,0,0,0,100,0,0
t-shirt z nadrukiem,ea7 emporio armani,375.0,Krótki rękaw,koszulka regular fit,3.33,0,48,0,0,0,0,0,0,0,52,0,0,0,0,0,48,0
t-shirt z nadrukiem,pepe jeans,159.0,Krótki rękaw,koszulka regular fit,3.33,100,0,0,0,0,0,0,0,0,0,0,0,0,0,100,0,0
t-shirt z nadrukiem,michael kors,309.0,Krótki rękaw,koszulka regular fit,3.33,100,0,0,0,0,0,0,0,0,0,0,0,0,0,100,0,0
t-shirt basic,selected,161.0,Krótki rękaw,koszulka regular fit,3.33,95,0,5,0,0,0,0,0,0,0,0,0,0,0,95,5,0
t-shirt z nadrukiem,henry tiger,99.99,Krótki rękaw,koszulka regular fit,3.33,100,0,0,0,0,0,0,0,0,0,0,0,0,0,100,0,0
koszulka polo,adidas golf,369.0,Krótki rękaw,koszulka regular fit,3.33,0,100,0,0,0,0,0,0,0,0,0,0,0,0,0,100,0
t-shirt z nadrukiem,henry tiger,99.99,Krótki rękaw,koszulka regular fit,3.33,100,0,0,0,0,0,0,0,0,0,0,0,0,0,100,0,0
t-shirt z nadrukiem,quiksilver,76.99,Krótki rękaw,koszulka loose fit,3.33,100,0,0,0,0,0,0,0,0,0,0,0,0,0,100,0,0
koszulka polo,bogner,900.0,Krótki rękaw,koszulka loose fit,3.33,100,0,0,0,0,0,0,0,0,0,0,0,0,0,100,0,0
t-shirt z nadrukiem,tommy jeans,90.0,Krótki rękaw,koszulka regular fit,3.33,100,0,0,0,0,0,0,0,0,0,0,0,0,0,100,0,0
t-shirt basic,next,104.0,Krótki rękaw,koszulka regular fit,3.33,100,0,0,0,0,0,0,0,0,0,0,0,0,0,100,0,0
t-shirt z nadrukiem,champion,134.0,Krótki rękaw,koszulka regular fit,3.33,100,0,0,0,0,0,0,0,0,0,0,0,0,0,100,0,0
t-shirt basic,boss,584.0,Krótki rękaw,koszulka regular fit,3.33,0,0,0,0,0,0,17,0,23,0,60,0,0,0,17,23,17
koszulka polo,redefined rebel,125.0,Długi rękaw,koszulka regular fit,3.33,60,40,0,0,0,0,0,0,0,0,0,0,0,0,60,40,0
t-shirt z nadrukiem,polo ralph lauren,339.0,Krótki rękaw,koszulka regular fit,3.33,100,0,0,0,0,0,0,0,0,0,0,0,0,0,100,0,0
t-shirt z nadrukiem,mister tee,61.0,Krótki rękaw,koszulka regular fit,3.33,100,0,0,0,0,0,0,0,0,0,0,0,0,0,100,0,0
t-shirt z nadrukiem,upscale by,52.0,Krótki rękaw,koszulka oversize,22.7,100,0,0,0,0,0,0,0,0,0,0,0,0,0,100,0,0
t-shirt z nadrukiem,wood wood,405.0,Półrękawek,koszulka loose fit,3.33,100,0,0,0,0,0,0,0,0,0,0,0,0,0,100,0,0
t-shirt basic,boss,207.0,Krótki rękaw,koszulka regular fit,3.33,92,0,8,0,0,0,0,0,0,0,0,0,0,0,92,8,0
t-shirt z nadrukiem,mister tee,64.0,Krótki rękaw,koszulka regular fit,3.33,100,0,0,0,0,0,0,0,0,0,0,0,0,0,100,0,0
koszulka polo,bogner,600.0,Krótki rękaw,koszulka regular fit,3.33,51,45,4,0,0,0,0,0,0,0,0,0,0,0,51,49,0
t-shirt z nadrukiem,henry tiger,109.99,Krótki rękaw,koszulka regular fit,3.33,100,0,0,0,0,0,0,0,0,0,0,0,0,0,100,0,0
t-shirt basic,pier one,40.0,Krótki rękaw,koszulka slim fit,32.2,0,88,12,0,0,0,0,0,0,0,0,0,0,0,0,100,0
t-shirt z nadrukiem,adidas performance,159.0,Półrękawek,koszulka oversize,22.7,35,65,0,0,0,0,0,0,0,0,0,0,0,0,35,65,0
koszulka sportowa,puma,174.0,Krótki rękaw,koszulka regular fit,3.33,0,94,6,0,0,0,0,0,0,0,0,0,0,0,0,100,0
t-shirt z nadrukiem,forsberg,119.99,Krótki rękaw,koszulka regular fit,3.33,60,40,0,0,0,0,0,0,0,0,0,0,0,0,60,40,0
koszulka polo,red bull,260.0,Krótki rękaw,koszulka regular fit,3.33,100,0,0,0,0,0,0,0,0,0,0,0,0,0,100,0,0
koszulka polo,blend,109.0,Krótki rękaw,koszulka regular fit,3.33,100,0,0,0,0,0,0,0,0,0,0,0,0,0,100,0,0
t-shirt z nadrukiem,mister tee,58.0,Krótki rękaw,koszulka regular fit,3.33,100,0,0,0,0,0,0,0,0,0,0,0,0,0,100,0,0
bluzka z długim rękawem,adidas originals,180.0,Bardzo długi rękaw,koszulka loose fit,3.33,0,100,0,0,0,0,0,0,0,0,0,0,0,0,0,100,0
t-shirt basic,seidensticker,229.0,Krótki rękaw,koszulka regular fit,3.33,100,0,0,0,0,0,0,0,0,0,0,0,0,0,100,0,0
t-shirt z nadrukiem,carlo colucci,449.0,Półrękawek,koszulka loose fit,3.33,100,0,0,0,0,0,0,0,0,0,0,0,0,0,100,0,0
t-shirt z nadrukiem,allsaints tierra,278.0,Krótki rękaw,koszulka loose fit,3.33,100,0,0,0,0,0,0,0,0,0,0,0,0,0,100,0,0
koszulka sportowa,mammut,229.0,Krótki rękaw,koszulka slim fit,32.2,0,100,0,0,0,0,0,0,0,0,0,0,0,0,0,100,0
t-shirt z nadrukiem,henry tiger,99.99,Krótki rękaw,koszulka regular fit,3.33,100,0,0,0,0,0,0,0,0,0,0,0,0,0,100,0,0
t-shirt basic,napapijri,90.0,Krótki rękaw,koszulka regular fit,3.33,100,0,0,0,0,0,0,0,0,0,0,0,0,0,100,0,0
t-shirt z nadrukiem,karma8a,279.0,Krótki rękaw,koszulka loose fit,3.33,100,0,0,0,0,0,0,0,0,0,0,0,0,0,100,0,0
koszulka polo,s.oliver,263.0,Krótki rękaw,koszulka regular fit,3.33,100,0,0,0,0,0,0,0,0,0,0,0,0,0,100,0,0
t-shirt basic,mcs texas,74.99,Krótki rękaw,koszulka regular fit,3.33,100,0,0,0,0,0,0,0,0,0,0,0,0,0,100,0,0
t-shirt basic,pull&bear join,45.9,Półrękawek,koszulka loose fit,3.33,100,0,0,0,0,0,0,0,0,0,0,0,0,0,100,0,0
t-shirt z nadrukiem,nike performance,679.0,Krótki rękaw,koszulka regular fit,3.33,0,100,0,0,0,0,0,0,0,0,0,0,0,0,0,100,0
t-shirt z nadrukiem,carhartt wip,175.0,Krótki rękaw,koszulka regular fit,3.33,100,0,0,0,0,0,0,0,0,0,0,0,0,0,100,0,0
t-shirt z nadrukiem,joop!,629.0,Krótki rękaw,koszulka regular fit,3.33,53,0,0,47,0,0,0,0,0,0,0,0,0,0,53,0,0
koszulka polo,fynch,249.95,Krótki rękaw,koszulka regular fit,3.33,100,0,0,0,0,0,0,0,0,0,0,0,0,0,100,0,0
t-shirt z nadrukiem,henry tiger,169.99,Krótki rękaw,koszulka regular fit,3.33,100,0,0,0,0,0,0,0,0,0,0,0,0,0,100,0,0
koszulka polo,street one,189.0,Krótki rękaw,koszulka regular fit,3.33,100,0,0,0,0,0,0,0,0,0,0,0,0,0,100,0,0
t-shirt basic,nike performance,82.99,Krótki rękaw,koszulka slim fit,32.2,0,100,0,0,0,0,0,0,0,0,0,0,0,0,0,100,0
t-shirt z nadrukiem,merchcode italy,76.0,Krótki rękaw,koszulka regular fit,3.33,100,0,0,0,0,0,0,0,0,0,0,0,0,0,100,0,0
t-shirt z nadrukiem,jack & jones,80.95,Krótki rękaw,koszulka loose fit,3.33,100,0,0,0,0,0,0,0,0,0,0,0,0,0,100,0,0
t-shirt z nadrukiem,only & sons,79.0,Krótki rękaw,koszulka regular fit,3.33,100,0,0,0,0,0,0,0,0,0,0,0,0,0,100,0,0
bluzka z długim rękawem,aries,609.0,Długi rękaw,koszulka loose fit,3.33,100,0,0,0,0,0,0,0,0,0,0,0,0,0,100,0,0
koszulka polo,boggi milano,419.0,Krótki rękaw,koszulka regular fit,3.33,100,0,0,0,0,0,0,0,0,0,0,0,0,0,100,0,0
koszulka polo,s.oliver,126.99,Krótki rękaw,koszulka regular fit,3.33,100,0,0,0,0,0,0,0,0,0,0,0,0,0,100,0,0
koszulka polo,farah,360.0,Półrękawek,koszulka loose fit,3.33,100,0,0,0,0,0,0,0,0,0,0,0,0,0,100,0,0
t-shirt z nadrukiem,pull&bear,69.9,Krótki rękaw,koszulka loose fit,3.33,100,0,0,0,0,0,0,0,0,0,0,0,0,0,100,0,0
t-shirt z nadrukiem,merchcode,106.0,Krótki rękaw,koszulka regular fit,3.33,100,0,0,0,0,0,0,0,0,0,0,0,0,0,100,0,0
t-shirt basic,drykorn kendrick,233.0,Krótki rękaw,koszulka regular fit,3.33,100,0,0,0,0,0,0,0,0,0,0,0,0,0,100,0,0
koszulka sportowa,under armour,116.0,Krótki rękaw,koszulka regular fit,3.33,60,40,0,0,0,0,0,0,0,0,0,0,0,0,60,40,0
t-shirt basic,harper &,122.0,Krótki rękaw,koszulka regular fit,3.33,100,0,0,0,0,0,0,0,0,0,0,0,0,0,100,0,0
koszulka sportowa,quiksilver,129.99,Krótki rękaw,koszulka regular fit,3.33,100,0,0,0,0,0,0,0,0,0,0,0,0,0,100,0,0
t-shirt basic,s.oliver,69.99,Krótki rękaw,koszulka regular fit,3.33,100,0,0,0,0,0,0,0,0,0,0,0,0,0,100,0,0
t-shirt z nadrukiem,wrstbhvr studio,238.0,Półrękawek,koszulka oversize,22.7,100,0,0,0,0,0,0,0,0,0,0,0,0,0,100,0,0
t-shirt basic,boss,287.0,Krótki rękaw,koszulka loose fit,3.33,95,0,5,0,0,0,0,0,0,0,0,0,0,0,95,5,0
koszulka polo,adidas originals,175.0,Krótki rękaw,koszulka loose fit,3.33,0,100,0,0,0,0,0,0,0,0,0,0,0,0,0,100,0
t-shirt z nadrukiem,qs,79.99,Krótki rękaw,koszulka regular fit,3.33,100,0,0,0,0,0,0,0,0,0,0,0,0,0,100,0,0
t-shirt z nadrukiem,lindbergh,139.96,Półrękawek,koszulka oversize,22.7,100,0,0,0,0,0,0,0,0,0,0,0,0,0,100,0,0
koszulka polo,polo ralph lauren,549.0,Krótki rękaw,koszulka regular fit,3.33,100,0,0,0,0,0,0,0,0,0,0,0,0,0,100,0,0
koszulka polo,tommy hilfiger,409.0,Krótki rękaw,koszulka regular fit,3.33,100,0,0,0,0,0,0,0,0,0,0,0,0,0,100,0,0
koszulka polo,s.oliver,357.0,Krótki rękaw,koszulka regular fit,3.33,100,0,0,0,0,0,0,0,0,0,0,0,0,0,100,0,0
t-shirt z nadrukiem,puma,281.95,Krótki rękaw,koszulka regular fit,3.33,0,100,0,0,0,0,0,0,0,0,0,0,0,0,0,100,0
koszulka polo,jack & jones,286.0,Krótki rękaw,koszulka regular fit,3.33,85,15,0,0,0,0,0,0,0,0,0,0,0,0,85,15,0
t-shirt z nadrukiem,jp1880,179.99,Krótki rękaw,koszulka regular fit,3.33,100,0,0,0,0,0,0,0,0,0,0,0,0,0,100,0,0
t-shirt basic,hugo,160.0,Krótki rękaw,koszulka loose fit,3.33,100,0,0,0,0,0,0,0,0,0,0,0,0,0,100,0,0
t-shirt z nadrukiem,pepe jeans,159.0,Krótki rękaw,koszulka regular fit,3.33,100,0,0,0,0,0,0,0,0,0,0,0,0,0,100,0,0
koszulka polo,street one,169.0,Krótki rękaw,koszulka regular fit,3.33,50,48,2,0,0,0,0,0,0,0,0,0,0,0,50,50,0
t-shirt basic,jack & jones,97.45,Krótki rękaw,koszulka regular fit,3.33,60,0,0,20,0,0,0,20,0,0,0,0,0,0,60,20,0
t-shirt z nadrukiem,jack & jones,76.0,Krótki rękaw,koszulka regular fit,3.33,100,0,0,0,0,0,0,0,0,0,0,0,0,0,100,0,0
t-shirt z nadrukiem,henry tiger,179.99,Krótki rękaw,koszulka regular fit,3.33,100,0,0,0,0,0,0,0,0,0,0,0,0,0,100,0,0
t-shirt basic,tommy jeans,170.0,Krótki rękaw,koszulka loose fit,3.33,100,0,0,0,0,0,0,0,0,0,0,0,0,0,100,0,0
t-shirt basic,casual friday,129.0,Krótki rękaw,koszulka regular fit,3.33,100,0,0,0,0,0,0,0,0,0,0,0,0,0,100,0,0
t-shirt basic,adolfo dominguez,439.0,Krótki rękaw,koszulka loose fit,3.33,0,0,0,42,0,58,0,0,0,0,0,0,0,0,58,0,58
koszulka polo,jp1880,199.99,Krótki rękaw,koszulka regular fit,3.33,100,0,0,0,0,0,0,0,0,0,0,0,0,0,100,0,0
koszulka polo,red bull,223.2,Krótki rękaw,koszulka regular fit,3.33,100,0,0,0,0,0,0,0,0,0,0,0,0,0,100,0,0
t-shirt basic,michael kors,309.0,Krótki rękaw,koszulka regular fit,3.33,100,0,0,0,0,0,0,0,0,0,0,0,0,0,100,0,0
t-shirt z nadrukiem,yourturn unisex,32.0,Półrękawek,koszulka loose fit,3.33,100,0,0,0,0,0,0,0,0,0,0,0,0,0,100,0,0
t-shirt z nadrukiem,msgm,799.0,Bardzo długi rękaw,koszulka loose fit,3.33,100,0,0,0,0,0,0,0,0,0,0,0,0,0,100,0,0
t-shirt z nadrukiem,timberland unisex,98.0,Krótki rękaw,koszulka regular fit,3.33,100,0,0,0,0,0,0,0,0,0,0,0,0,0,100,0,0
t-shirt z nadrukiem,selected,164.99,Krótki rękaw,koszulka regular fit,3.33,78,15,0,7,0,0,0,0,0,0,0,0,0,0,78,15,0
t-shirt z nadrukiem,s.oliver,364.95,Krótki rękaw,koszulka regular fit,3.33,100,0,0,0,0,0,0,0,0,0,0,0,0,0,100,0,0
t-shirt basic,casual friday,109.0,Krótki rękaw,koszulka regular fit,3.33,100,0,0,0,0,0,0,0,0,0,0,0,0,0,100,0,0
t-shirt basic,qs,79.99,Półrękawek,koszulka loose fit,3.33,50,50,0,0,0,0,0,0,0,0,0,0,0,0,50,50,0
koszulka polo,boss,629.0,Krótki rękaw,koszulka regular fit,3.33,100,0,0,0,0,0,0,0,0,0,0,0,0,0,100,0,0
t-shirt basic,superdry &,109.0,Krótki rękaw,koszulka regular fit,3.33,100,0,0,0,0,0,0,0,0,0,0,0,0,0,100,0,0
koszulka polo,arket,250.0,Krótki rękaw,koszulka regular fit,3.33,100,0,0,0,0,0,0,0,0,0,0,0,0,0,100,0,0
t-shirt z nadrukiem,volcom,149.0,Krótki rękaw,koszulka regular fit,3.33,50,50,0,0,0,0,0,0,0,0,0,0,0,0,50,50,0
t-shirt z nadrukiem,tom tailor,90.0,Krótki rękaw,koszulka regular fit,3.33,100,0,0,0,0,0,0,0,0,0,0,0,0,0,100,0,0
koszulka sportowa,adidas terrex,199.0,Krótki rękaw,koszulka loose fit,3.33,0,100,0,0,0,0,0,0,0,0,0,0,0,0,0,100,0
t-shirt z nadrukiem,umbro unisex,179.0,Krótki rękaw,koszulka regular fit,3.33,100,0,0,0,0,0,0,0,0,0,0,0,0,0,100,0,0
t-shirt z nadrukiem,mustang,99.95,Krótki rękaw,koszulka regular fit,3.33,100,0,0,0,0,0,0,0,0,0,0,0,0,0,100,0,0
t-shirt z nadrukiem,jack & jones,99.99,Krótki rękaw,koszulka regular fit,3.33,100,0,0,0,0,0,0,0,0,0,0,0,0,0,100,0,0
t-shirt z nadrukiem,mister tee,64.0,Krótki rękaw,koszulka regular fit,3.33,100,0,0,0,0,0,0,0,0,0,0,0,0,0,100,0,0
t-shirt basic,seidensticker regular,199.0,Krótki rękaw,koszulka regular fit,3.33,100,0,0,0,0,0,0,0,0,0,0,0,0,0,100,0,0
t-shirt z nadrukiem,smartwool lunar,329.0,Krótki rękaw,koszulka regular fit,3.33,0,44,0,0,56,0,0,0,0,0,0,0,0,0,56,44,56
t-shirt z nadrukiem,the new,319.0,Krótki rękaw,koszulka regular fit,3.33,100,0,0,0,0,0,0,0,0,0,0,0,0,0,100,0,0
t-shirt basic,dstrezzed,196.0,Półrękawek,koszulka loose fit,3.33,100,0,0,0,0,0,0,0,0,0,0,0,0,0,100,0,0
t-shirt z nadrukiem,henry tiger,109.99,Krótki rękaw,koszulka regular fit,3.33,100,0,0,0,0,0,0,0,0,0,0,0,0,0,100,0,0
t-shirt basic,seidensticker,229.0,Krótki rękaw,koszulka loose fit,3.33,100,0,0,0,0,0,0,0,0,0,0,0,0,0,100,0,0
t-shirt z nadrukiem,o'neill,118.15,Krótki rękaw,koszulka loose fit,3.33,100,0,0,0,0,0,0,0,0,0,0,0,0,0,100,0,0
t-shirt basic,mos mosh,300.0,Krótki rękaw,koszulka regular fit,3.33,100,0,0,0,0,0,0,0,0,0,0,0,0,0,100,0,0
t-shirt z nadrukiem,henry tiger,179.99,Krótki rękaw,koszulka regular fit,3.33,100,0,0,0,0,0,0,0,0,0,0,0,0,0,100,0,0
t-shirt z nadrukiem,students,215.0,Krótki rękaw,koszulka loose fit,3.33,100,0,0,0,0,0,0,0,0,0,0,0,0,0,100,0,0
t-shirt z nadrukiem,superdry &,169.0,Krótki rękaw,koszulka regular fit,3.33,100,0,0,0,0,0,0,0,0,0,0,0,0,0,100,0,0
koszulka polo,quiksilver,149.99,Krótki rękaw,koszulka regular fit,3.33,100,0,0,0,0,0,0,0,0,0,0,0,0,0,100,0,0
t-shirt basic,jack & jones,257.0,Krótki rękaw,koszulka regular fit,3.33,92,0,8,0,0,0,0,0,0,0,0,0,0,0,92,8,0
koszulka polo,casual friday,164.0,Krótki rękaw,koszulka regular fit,3.33,40,40,0,20,0,0,0,0,0,0,0,0,0,0,40,40,0
t-shirt z nadrukiem,s.oliver,69.99,Krótki rękaw,koszulka regular fit,3.33,100,0,0,0,0,0,0,0,0,0,0,0,0,0,100,0,0
t-shirt z nadrukiem,dropsize,73.0,Półrękawek,koszulka loose fit,3.33,100,0,0,0,0,0,0,0,0,0,0,0,0,0,100,0,0
t-shirt basic,joules regular,134.0,Krótki rękaw,koszulka regular fit,3.33,100,0,0,0,0,0,0,0,0,0,0,0,0,0,100,0,0
t-shirt z nadrukiem,diverse,71.99,Półrękawek,koszulka loose fit,3.33,100,0,0,0,0,0,0,0,0,0,0,0,0,0,100,0,0
t-shirt basic,massimo dutti,129.0,Krótki rękaw,koszulka regular fit,3.33,80,0,0,20,0,0,0,0,0,0,0,0,0,0,80,0,0
t-shirt z nadrukiem,henry tiger,99.99,Krótki rękaw,koszulka regular fit,3.33,100,0,0,0,0,0,0,0,0,0,0,0,0,0,100,0,0
koszulka polo,boggi milano,579.0,Krótki rękaw,koszulka regular fit,3.33,100,0,0,0,0,0,0,0,0,0,0,0,0,0,100,0,0
t-shirt basic,reiss regular,451.0,Krótki rękaw,koszulka regular fit,3.33,0,77,7,16,0,0,0,0,0,0,0,0,0,0,0,84,0
t-shirt basic,next essential,52.0,Krótki rękaw,koszulka loose fit,3.33,100,0,0,0,0,0,0,0,0,0,0,0,0,0,100,0,0
t-shirt basic,polo ralph lauren,379.0,Krótki rękaw,koszulka slim fit,32.2,100,0,0,0,0,0,0,0,0,0,0,0,0,0,100,0,0
t-shirt z nadrukiem,jack & jones,63.0,Krótki rękaw,koszulka regular fit,3.33,100,0,0,0,0,0,0,0,0,0,0,0,0,0,100,0,0
koszulka polo,lindbergh koszulka,119.96,Krótki rękaw,koszulka regular fit,3.33,100,0,0,0,0,0,0,0,0,0,0,0,0,0,100,0,0
koszulka polo,blend,169.0,Krótki rękaw,koszulka regular fit,3.33,100,0,0,0,0,0,0,0,0,0,0,0,0,0,100,0,0
t-shirt z nadrukiem,henry tiger,159.99,Krótki rękaw,koszulka regular fit,3.33,100,0,0,0,0,0,0,0,0,0,0,0,0,0,100,0,0
t-shirt z nadrukiem,s.oliver,69.99,Krótki rękaw,koszulka regular fit,3.33,100,0,0,0,0,0,0,0,0,0,0,0,0,0,100,0,0
top,nike performance,143.0,Bez rękawów,koszulka skinny fit,0.0,0,90,10,0,0,0,0,0,0,0,0,0,0,0,0,100,0
t-shirt z nadrukiem,mister tee,61.0,Krótki rękaw,koszulka regular fit,3.33,100,0,0,0,0,0,0,0,0,0,0,0,0,0,100,0,0
t-shirt z nadrukiem,henry tiger,99.99,Krótki rękaw,koszulka regular fit,3.33,100,0,0,0,0,0,0,0,0,0,0,0,0,0,100,0,0
koszulka polo,blend,169.0,Krótki rękaw,koszulka regular fit,3.33,50,0,0,0,0,0,0,0,0,50,0,0,0,0,50,0,0
koszulka sportowa,dynafit sky,219.0,Krótki rękaw,koszulka regular fit,3.33,0,100,0,0,0,0,0,0,0,0,0,0,0,0,0,100,0
koszulka polo,hugo,311.0,Krótki rękaw,koszulka regular fit,3.33,92,0,8,0,0,0,0,0,0,0,0,0,0,0,92,8,0
t-shirt z nadrukiem,jack & jones,86.2,Krótki rękaw,koszulka loose fit,3.33,100,0,0,0,0,0,0,0,0,0,0,0,0,0,100,0,0
t-shirt basic,mustang,99.95,Krótki rękaw,koszulka regular fit,3.33,100,0,0,0,0,0,0,0,0,0,0,0,0,0,100,0,0
t-shirt z nadrukiem,ps paul,469.0,Krótki rękaw,koszulka regular fit,3.33,100,0,0,0,0,0,0,0,0,0,0,0,0,0,100,0,0
t-shirt z nadrukiem,mister tee,82.0,Krótki rękaw,koszulka regular fit,3.33,100,0,0,0,0,0,0,0,0,0,0,0,0,0,100,0,0
koszulka sportowa,on,360.0,Krótki rękaw,koszulka regular fit,3.33,0,90,10,0,0,0,0,0,0,0,0,0,0,0,0,100,0
t-shirt basic,tiger of,399.0,Krótki rękaw,koszulka regular fit,3.33,100,0,0,0,0,0,0,0,0,0,0,0,0,0,100,0,0
t-shirt z nadrukiem,qs,89.99,Półrękawek,koszulka regular fit,3.33,100,0,0,0,0,0,0,0,0,0,0,0,0,0,100,0,0
t-shirt basic,superdry &,129.0,Krótki rękaw,koszulka regular fit,3.33,100,0,0,0,0,0,0,0,0,0,0,0,0,0,100,0,0
t-shirt basic,farah danny,145.0,Krótki rękaw,koszulka regular fit,3.33,100,0,0,0,0,0,0,0,0,0,0,0,0,0,100,0,0
t-shirt z nadrukiem,upscale by,82.0,Krótki rękaw,koszulka loose fit,3.33,100,0,0,0,0,0,0,0,0,0,0,0,0,0,100,0,0
t-shirt basic,allsaints,319.0,Krótki rękaw,koszulka regular fit,3.33,100,0,0,0,0,0,0,0,0,0,0,0,0,0,100,0,0
bluzka z długim rękawem,guess,143.0,Długi rękaw,koszulka slim fit,32.2,95,0,5,0,0,0,0,0,0,0,0,0,0,0,95,5,0
t-shirt basic,nn.07 adam,260.0,Krótki rękaw,koszulka regular fit,3.33,100,0,0,0,0,0,0,0,0,0,0,0,0,0,100,0,0
t-shirt basic,quiksilver,109.99,Krótki rękaw,koszulka regular fit,3.33,100,0,0,0,0,0,0,0,0,0,0,0,0,0,100,0,0
t-shirt z nadrukiem,pier one,64.0,Krótki rękaw,koszulka slim fit,32.2,100,0,0,0,0,0,0,0,0,0,0,0,0,0,100,0,0
koszulka polo,gant,409.0,Krótki rękaw,koszulka regular fit,3.33,100,0,0,0,0,0,0,0,0,0,0,0,0,0,100,0,0
t-shirt basic,selected,279.99,Krótki rękaw,koszulka regular fit,3.33,0,20,0,50,0,0,0,30,0,0,0,0,0,0,0,50,0
t-shirt z nadrukiem,polo ralph lauren,559.0,Półrękawek,koszulka regular fit,3.33,100,0,0,0,0,0,0,0,0,0,0,0,0,0,100,0,0
koszulka sportowa,adidas performance,649.0,Krótki rękaw,koszulka regular fit,3.33,0,100,0,0,0,0,0,0,0,0,0,0,0,0,0,100,0
t-shirt z nadrukiem,bershka,59.9,Krótki rękaw,koszulka regular fit,3.33,100,0,0,0,0,0,0,0,0,0,0,0,0,0,100,0,0
koszulka polo,boggi milano,529.0,Krótki rękaw,koszulka regular fit,3.33,56,39,5,0,0,0,0,0,0,0,0,0,0,0,56,44,0
t-shirt basic,nils sundström,79.95,Krótki rękaw,koszulka regular fit,3.33,60,40,0,0,0,0,0,0,0,0,0,0,0,0,60,40,0
t-shirt z nadrukiem,boss,287.0,Krótki rękaw,koszulka regular fit,3.33,100,0,0,0,0,0,0,0,0,0,0,0,0,0,100,0,0
t-shirt basic,next,52.0,Krótki rękaw,koszulka regular fit,3.33,100,0,0,0,0,0,0,0,0,0,0,0,0,0,100,0,0
koszulka polo,hackett london,709.0,Krótki rękaw,koszulka regular fit,3.33,100,0,0,0,0,0,0,0,0,0,0,0,0,0,100,0,0
t-shirt z nadrukiem,karl kani,118.0,Półrękawek,koszulka loose fit,3.33,100,0,0,0,0,0,0,0,0,0,0,0,0,0,100,0,0
t-shirt z nadrukiem,puma,79.0,Krótki rękaw,koszulka regular fit,3.33,100,0,0,0,0,0,0,0,0,0,0,0,0,0,100,0,0
t-shirt z nadrukiem,calvin klein,188.0,Krótki rękaw,koszulka loose fit,3.33,100,0,0,0,0,0,0,0,0,0,0,0,0,0,100,0,0
koszulka polo,próchnik,169.9,Krótki rękaw,koszulka regular fit,3.33,0,0,0,70,0,0,0,30,0,0,0,0,0,0,0,30,0
t-shirt basic,boss,172.0,Krótki rękaw,koszulka regular fit,3.33,100,0,0,0,0,0,0,0,0,0,0,0,0,0,100,0,0
t-shirt basic,polo ralph lauren,519.0,Krótki rękaw,koszulka regular fit,3.33,90,10,0,0,0,0,0,0,0,0,0,0,0,0,90,10,0
t-shirt z nadrukiem,ps paul,319.0,Krótki rękaw,koszulka regular fit,3.33,100,0,0,0,0,0,0,0,0,0,0,0,0,0,100,0,0
koszulka polo,matinique,319.0,Krótki rękaw,koszulka regular fit,3.33,87,11,2,0,0,0,0,0,0,0,0,0,0,0,87,13,0
koszulka polo,lerros,262.0,Krótki rękaw,koszulka regular fit,3.33,60,40,0,0,0,0,0,0,0,0,0,0,0,0,60,40,0
t-shirt basic,camel active,129.95,Krótki rękaw,koszulka regular fit,3.33,100,0,0,0,0,0,0,0,0,0,0,0,0,0,100,0,0
t-shirt basic,ellesse acciano,89.25,Krótki rękaw,koszulka regular fit,3.33,100,0,0,0,0,0,0,0,0,0,0,0,0,0,100,0,0
t-shirt z nadrukiem,henry tiger,99.99,Krótki rękaw,koszulka regular fit,3.33,100,0,0,0,0,0,0,0,0,0,0,0,0,0,100,0,0
t-shirt z nadrukiem,mister tee,70.0,Półrękawek,koszulka loose fit,3.33,100,0,0,0,0,0,0,0,0,0,0,0,0,0,100,0,0
t-shirt z nadrukiem,ea7 emporio armani,319.0,Krótki rękaw,koszulka regular fit,3.33,100,0,0,0,0,0,0,0,0,0,0,0,0,0,100,0,0
koszulka reprezentacji,nike performance,339.0,Krótki rękaw,koszulka regular fit,3.33,0,100,0,0,0,0,0,0,0,0,0,0,0,0,0,100,0
t-shirt z nadrukiem,billabong,149.99,Krótki rękaw,koszulka regular fit,3.33,100,0,0,0,0,0,0,0,0,0,0,0,0,0,100,0,0
t-shirt z nadrukiem,u.s. polo assn.,109.99,Krótki rękaw,koszulka regular fit,3.33,100,0,0,0,0,0,0,0,0,0,0,0,0,0,100,0,0
koszulka sportowa,under armour,129.99,Krótki rękaw,koszulka regular fit,3.33,60,40,0,0,0,0,0,0,0,0,0,0,0,0,60,40,0
t-shirt z nadrukiem,dc shoes,149.99,Krótki rękaw,koszulka loose fit,3.33,100,0,0,0,0,0,0,0,0,0,0,0,0,0,100,0,0
t-shirt z nadrukiem,upscale by,79.0,Krótki rękaw,koszulka oversize,22.7,100,0,0,0,0,0,0,0,0,0,0,0,0,0,100,0,0
t-shirt z nadrukiem,prosto,125.0,Krótki rękaw,koszulka regular fit,3.33,100,0,0,0,0,0,0,0,0,0,0,0,0,0,100,0,0
t-shirt z nadrukiem,nike performance,169.99,Krótki rękaw,koszulka regular fit,3.33,100,0,0,0,0,0,0,0,0,0,0,0,0,0,100,0,0
t-shirt z nadrukiem,jack & jones,89.99,Krótki rękaw,koszulka regular fit,3.33,100,0,0,0,0,0,0,0,0,0,0,0,0,0,100,0,0
t-shirt z nadrukiem,karma8a,279.0,Krótki rękaw,koszulka regular fit,3.33,100,0,0,0,0,0,0,0,0,0,0,0,0,0,100,0,0
t-shirt z nadrukiem,lindbergh,149.95,Krótki rękaw,koszulka regular fit,3.33,100,0,0,0,0,0,0,0,0,0,0,0,0,0,100,0,0
t-shirt basic,scalpers,137.35,Krótki rękaw,koszulka regular fit,3.33,100,0,0,0,0,0,0,0,0,0,0,0,0,0,100,0,0
koszulka polo,scalpers,168.77,Krótki rękaw,koszulka regular fit,3.33,100,0,0,0,0,0,0,0,0,0,0,0,0,0,100,0,0
t-shirt z nadrukiem,klitmøller collective,275.0,Krótki rękaw,koszulka regular fit,3.33,100,0,0,0,0,0,0,0,0,0,0,0,0,0,100,0,0
t-shirt basic,yourturn unisex,84.0,Półrękawek,koszulka loose fit,3.33,57,38,5,0,0,0,0,0,0,0,0,0,0,0,57,43,0
koszulka polo,polo ralph lauren,402.0,Krótki rękaw,koszulka slim fit,32.2,100,0,0,0,0,0,0,0,0,0,0,0,0,0,100,0,0
koszulka polo,boggi milano,479.0,Krótki rękaw,koszulka regular fit,3.33,0,36,0,0,0,19,0,0,0,45,0,0,0,0,19,36,19
koszulka polo,closed,899.0,Krótki rękaw,koszulka regular fit,3.33,70,0,0,0,0,0,0,0,30,0,0,0,0,0,70,30,0
koszulka polo,lerros,286.0,Krótki rękaw,koszulka regular fit,3.33,100,0,0,0,0,0,0,0,0,0,0,0,0,0,100,0,0
t-shirt basic,gant,215.0,Krótki rękaw,koszulka regular fit,3.33,100,0,0,0,0,0,0,0,0,0,0,0,0,0,100,0,0
koszulka polo,jp1880,109.99,Krótki rękaw,koszulka regular fit,3.33,60,40,0,0,0,0,0,0,0,0,0,0,0,0,60,40,0
koszulka polo,casamoda koszulka,212.37,Krótki rękaw,koszulka regular fit,3.33,95,0,5,0,0,0,0,0,0,0,0,0,0,0,95,5,0
t-shirt z nadrukiem,jp1880,139.99,Krótki rękaw,koszulka regular fit,3.33,0,96,4,0,0,0,0,0,0,0,0,0,0,0,0,100,0
koszulka polo,lacoste,549.0,Krótki rękaw,koszulka regular fit,3.33,100,0,0,0,0,0,0,0,0,0,0,0,0,0,100,0,0
t-shirt z nadrukiem,mustang,99.95,Krótki rękaw,koszulka regular fit,3.33,100,0,0,0,0,0,0,0,0,0,0,0,0,0,100,0,0
t-shirt z nadrukiem,marc o'polo,129.0,Krótki rękaw,koszulka regular fit,3.33,100,0,0,0,0,0,0,0,0,0,0,0,0,0,100,0,0
t-shirt basic,dstrezzed stewart,112.0,Krótki rękaw,koszulka regular fit,3.33,100,0,0,0,0,0,0,0,0,0,0,0,0,0,100,0,0
t-shirt basic,han kjøbenhavn,369.0,Krótki rękaw,koszulka regular fit,3.33,100,0,0,0,0,0,0,0,0,0,0,0,0,0,100,0,0
t-shirt z nadrukiem,calvin klein,84.0,Krótki rękaw,koszulka regular fit,3.33,100,0,0,0,0,0,0,0,0,0,0,0,0,0,100,0,0
t-shirt z nadrukiem,jack & jones,80.0,Krótki rękaw,koszulka loose fit,3.33,100,0,0,0,0,0,0,0,0,0,0,0,0,0,100,0,0
t-shirt basic,han kjøbenhavn,369.0,Krótki rękaw,koszulka regular fit,3.33,100,0,0,0,0,0,0,0,0,0,0,0,0,0,100,0,0
koszulka sportowa,nike performance,229.0,Krótki rękaw,koszulka regular fit,3.33,60,40,0,0,0,0,0,0,0,0,0,0,0,0,60,40,0
koszulka polo,oakley,379.0,Półrękawek,koszulka loose fit,3.33,53,30,0,0,0,0,0,0,0,0,0,0,0,0,53,30,0
koszulka polo,jbs of,250.99,Krótki rękaw,koszulka regular fit,3.33,30,0,5,65,0,0,0,0,0,0,0,0,0,0,30,5,0
t-shirt z nadrukiem,puma,119.0,Krótki rękaw,koszulka regular fit,3.33,0,100,0,0,0,0,0,0,0,0,0,0,0,0,0,100,0
t-shirt basic,jack & jones,63.95,Krótki rękaw,koszulka regular fit,3.33,100,0,0,0,0,0,0,0,0,0,0,0,0,0,100,0,0
koszulka polo,ps paul,469.0,Krótki rękaw,koszulka regular fit,3.33,100,0,0,0,0,0,0,0,0,0,0,0,0,0,100,0,0
t-shirt z nadrukiem,iceberg,1029.0,Krótki rękaw,koszulka regular fit,3.33,100,0,0,0,0,0,0,0,0,0,0,0,0,0,100,0,0
koszulka polo,maerz muenchen,532.0,Krótki rękaw,koszulka regular fit,3.33,100,0,0,0,0,0,0,0,0,0,0,0,0,0,100,0,0
koszulka polo,lindbergh,178.96,Krótki rękaw,koszulka slim fit,32.2,0,0,0,80,0,0,0,20,0,0,0,0,0,0,0,20,0
koszulka polo,scalpers,168.77,Krótki rękaw,koszulka regular fit,3.33,100,0,0,0,0,0,0,0,0,0,0,0,0,0,100,0,0
koszulka polo,armani exchange,359.0,Krótki rękaw,koszulka regular fit,3.33,100,0,0,0,0,0,0,0,0,0,0,0,0,0,100,0,0
koszulka polo,ochnik,99.9,Krótki rękaw,koszulka regular fit,3.33,100,0,0,0,0,0,0,0,0,0,0,0,0,0,100,0,0
t-shirt z nadrukiem,the north face,143.0,Krótki rękaw,koszulka regular fit,3.33,100,0,0,0,0,0,0,0,0,0,0,0,0,0,100,0,0
koszulka polo,polo ralph lauren,699.0,Krótki rękaw,koszulka regular fit,3.33,84,16,0,0,0,0,0,0,0,0,0,0,0,0,84,16,0
bluzka z długim rękawem,pier one,76.0,Długi rękaw,koszulka regular fit,3.33,35,65,0,0,0,0,0,0,0,0,0,0,0,0,35,65,0
koszulka polo,lonsdale,179.0,Krótki rękaw,koszulka regular fit,3.33,100,0,0,0,0,0,0,0,0,0,0,0,0,0,100,0,0
koszulka polo,signal olau,210.82,Krótki rękaw,koszulka regular fit,3.33,50,50,0,0,0,0,0,0,0,0,0,0,0,0,50,50,0
t-shirt z nadrukiem,emporio armani,573.75,Krótki rękaw,koszulka regular fit,3.33,100,0,0,0,0,0,0,0,0,0,0,0,0,0,100,0,0
t-shirt z nadrukiem,puma,71.0,Krótki rękaw,koszulka regular fit,3.33,100,0,0,0,0,0,0,0,0,0,0,0,0,0,100,0,0
koszulka sportowa,columbia parsons,161.0,Krótki rękaw,koszulka regular fit,3.33,0,94,6,0,0,0,0,0,0,0,0,0,0,0,0,100,0
t-shirt basic,blend,89.0,Krótki rękaw,koszulka loose fit,3.33,100,0,0,0,0,0,0,0,0,0,0,0,0,0,100,0,0
t-shirt z nadrukiem,guess,265.0,Krótki rękaw,koszulka regular fit,3.33,100,0,0,0,0,0,0,0,0,0,0,0,0,0,100,0,0
t-shirt z nadrukiem,venum 20th,169.0,Krótki rękaw,koszulka regular fit,3.33,100,0,0,0,0,0,0,0,0,0,0,0,0,0,100,0,0
t-shirt z nadrukiem,henry tiger,99.99,Krótki rękaw,koszulka regular fit,3.33,100,0,0,0,0,0,0,0,0,0,0,0,0,0,100,0,0
t-shirt z nadrukiem,champion,98.0,Krótki rękaw,koszulka regular fit,3.33,100,0,0,0,0,0,0,0,0,0,0,0,0,0,100,0,0
t-shirt z nadrukiem,versace,2029.0,Krótki rękaw,koszulka regular fit,3.33,100,0,0,0,0,0,0,0,0,0,0,0,0,0,100,0,0
t-shirt z nadrukiem,henry tiger,99.99,Krótki rękaw,koszulka regular fit,3.33,100,0,0,0,0,0,0,0,0,0,0,0,0,0,100,0,0
t-shirt z nadrukiem,huf unisex,179.0,Krótki rękaw,koszulka loose fit,3.33,100,0,0,0,0,0,0,0,0,0,0,0,0,0,100,0,0
koszulka polo,finshley &,149.95,Krótki rękaw,koszulka regular fit,3.33,96,0,4,0,0,0,0,0,0,0,0,0,0,0,96,4,0
t-shirt basic,next,52.0,Krótki rękaw,koszulka regular fit,3.33,100,0,0,0,0,0,0,0,0,0,0,0,0,0,100,0,0
koszulka polo,scalpers,168.77,Krótki rękaw,koszulka regular fit,3.33,100,0,0,0,0,0,0,0,0,0,0,0,0,0,100,0,0
t-shirt basic,selected,98.0,Krótki rękaw,koszulka regular fit,3.33,100,0,0,0,0,0,0,0,0,0,0,0,0,0,100,0,0
t-shirt z nadrukiem,mustang,149.0,Krótki rękaw,koszulka regular fit,3.33,100,0,0,0,0,0,0,0,0,0,0,0,0,0,100,0,0
t-shirt z nadrukiem,henry tiger,169.99,Krótki rękaw,koszulka regular fit,3.33,100,0,0,0,0,0,0,0,0,0,0,0,0,0,100,0,0
koszulka polo,pier one,40.0,Długi rękaw,koszulka regular fit,3.33,100,0,0,0,0,0,0,0,0,0,0,0,0,0,100,0,0
t-shirt z nadrukiem,blend,66.0,Półrękawek,koszulka loose fit,3.33,100,0,0,0,0,0,0,0,0,0,0,0,0,0,100,0,0
koszulka sportowa,nike performance,109.0,Krótki rękaw,koszulka slim fit,32.2,0,100,0,0,0,0,0,0,0,0,0,0,0,0,0,100,0
koszulka polo,bondelid,199.0,Krótki rękaw,koszulka regular fit,3.33,100,0,0,0,0,0,0,0,0,0,0,0,0,0,100,0,0
koszulka polo,pako lorente,149.99,Krótki rękaw,koszulka loose fit,3.33,97,0,3,0,0,0,0,0,0,0,0,0,0,0,97,3,0
bluzka z długim rękawem,pull&bear,89.9,Długi rękaw,koszulka loose fit,3.33,100,0,0,0,0,0,0,0,0,0,0,0,0,0,100,0,0
t-shirt z nadrukiem,mister tee,76.0,Krótki rękaw,koszulka regular fit,3.33,100,0,0,0,0,0,0,0,0,0,0,0,0,0,100,0,0
t-shirt z nadrukiem,merchcode green,82.0,Krótki rękaw,koszulka regular fit,3.33,100,0,0,0,0,0,0,0,0,0,0,0,0,0,100,0,0
t-shirt z nadrukiem,karl lagerfeld,233.0,Krótki rękaw,koszulka regular fit,3.33,100,0,0,0,0,0,0,0,0,0,0,0,0,0,100,0,0
t-shirt basic,u.s. polo assn.,81.99,Krótki rękaw,koszulka regular fit,3.33,100,0,0,0,0,0,0,0,0,0,0,0,0,0,100,0,0
t-shirt basic,only & sons,240.0,Krótki rękaw,koszulka loose fit,3.33,100,0,0,0,0,0,0,0,0,0,0,0,0,0,100,0,0
koszulka polo,nn.07 paul,719.0,Krótki rękaw,koszulka regular fit,3.33,100,0,0,0,0,0,0,0,0,0,0,0,0,0,100,0,0
t-shirt basic,guess,159.0,Krótki rękaw,koszulka regular fit,3.33,100,0,0,0,0,0,0,0,0,0,0,0,0,0,100,0,0
t-shirt z nadrukiem,mister tee,61.0,Krótki rękaw,koszulka loose fit,3.33,100,0,0,0,0,0,0,0,0,0,0,0,0,0,100,0,0
t-shirt z nadrukiem,henry tiger,99.99,Krótki rękaw,koszulka regular fit,3.33,100,0,0,0,0,0,0,0,0,0,0,0,0,0,100,0,0
t-shirt z nadrukiem,adidas originals,139.0,Krótki rękaw,koszulka regular fit,3.33,100,0,0,0,0,0,0,0,0,0,0,0,0,0,100,0,0
t-shirt z nadrukiem,ea7 emporio armani,319.0,Krótki rękaw,koszulka regular fit,3.33,100,0,0,0,0,0,0,0,0,0,0,0,0,0,100,0,0
koszulka polo,polo club,213.0,Krótki rękaw,koszulka regular fit,3.33,100,0,0,0,0,0,0,0,0,0,0,0,0,0,100,0,0
t-shirt basic,fila,125.0,Krótki rękaw,koszulka regular fit,3.33,0,100,0,0,0,0,0,0,0,0,0,0,0,0,0,100,0
koszulka polo,lee,139.0,Krótki rękaw,koszulka regular fit,3.33,100,0,0,0,0,0,0,0,0,0,0,0,0,0,100,0,0
t-shirt z nadrukiem,kidsuper,103.0,Krótki rękaw,koszulka regular fit,3.33,100,0,0,0,0,0,0,0,0,0,0,0,0,0,100,0,0
koszulka polo,won hundred,899.0,Krótki rękaw,koszulka regular fit,3.33,66,0,0,0,0,0,0,0,34,0,0,0,0,0,66,34,0
t-shirt z nadrukiem,lonsdale,119.0,Krótki rękaw,koszulka regular fit,3.33,100,0,0,0,0,0,0,0,0,0,0,0,0,0,100,0,0
koszulka polo,lerros,334.0,Krótki rękaw,koszulka regular fit,3.33,60,40,0,0,0,0,0,0,0,0,0,0,0,0,60,40,0
t-shirt basic,karl lagerfeld,387.0,Krótki rękaw,koszulka regular fit,3.33,100,0,0,0,0,0,0,0,0,0,0,0,0,0,100,0,0
t-shirt z nadrukiem,karl lagerfeld,233.0,Krótki rękaw,koszulka regular fit,3.33,100,0,0,0,0,0,0,0,0,0,0,0,0,0,100,0,0
t-shirt basic,s.oliver,299.99,Krótki rękaw,koszulka regular fit,3.33,70,0,0,0,0,0,30,0,0,0,0,0,0,0,100,0,30
t-shirt basic,quartz co,144.0,Krótki rękaw,koszulka regular fit,3.33,100,0,0,0,0,0,0,0,0,0,0,0,0,0,100,0,0
koszulka polo,liu jo,439.19,Krótki rękaw,koszulka regular fit,3.33,60,0,0,30,0,0,10,0,0,0,0,0,0,0,70,0,10
t-shirt z nadrukiem,versace,1064.0,Krótki rękaw,koszulka regular fit,3.33,100,0,0,0,0,0,0,0,0,0,0,0,0,0,100,0,0
koszulka polo,bogner,1120.0,Krótki rękaw,koszulka regular fit,3.33,54,14,0,23,0,0,6,0,0,0,0,0,3,0,63,14,9
t-shirt z nadrukiem,annarr,170.0,Półrękawek,koszulka loose fit,3.33,100,0,0,0,0,0,0,0,0,0,0,0,0,0,100,0,0
t-shirt z nadrukiem,henry tiger,179.99,Krótki rękaw,koszulka regular fit,3.33,100,0,0,0,0,0,0,0,0,0,0,0,0,0,100,0,0
t-shirt z nadrukiem,element,149.99,Krótki rękaw,koszulka regular fit,3.33,100,0,0,0,0,0,0,0,0,0,0,0,0,0,100,0,0
t-shirt z nadrukiem,adidas performance,199.0,Krótki rękaw,koszulka regular fit,3.33,90,0,10,0,0,0,0,0,0,0,0,0,0,0,90,10,0
t-shirt basic,tommy jeans,134.0,Krótki rękaw,koszulka regular fit,3.33,100,0,0,0,0,0,0,0,0,0,0,0,0,0,100,0,0
t-shirt z nadrukiem,henry tiger,99.99,Krótki rękaw,koszulka regular fit,3.33,100,0,0,0,0,0,0,0,0,0,0,0,0,0,100,0,0
t-shirt z nadrukiem,carhartt wip,249.0,Krótki rękaw,koszulka loose fit,3.33,100,0,0,0,0,0,0,0,0,0,0,0,0,0,100,0,0
t-shirt z nadrukiem,henry tiger,109.99,Krótki rękaw,koszulka regular fit,3.33,100,0,0,0,0,0,0,0,0,0,0,0,0,0,100,0,0
t-shirt basic,allsaints,203.34,Krótki rękaw,koszulka regular fit,3.33,100,0,0,0,0,0,0,0,0,0,0,0,0,0,100,0,0
t-shirt basic,samsøe samsøe,260.0,Krótki rękaw,koszulka regular fit,3.33,100,0,0,0,0,0,0,0,0,0,0,0,0,0,100,0,0
t-shirt basic,gant,179.0,Krótki rękaw,koszulka regular fit,3.33,100,0,0,0,0,0,0,0,0,0,0,0,0,0,100,0,0
t-shirt z nadrukiem,elias rumelis,217.0,Krótki rękaw,koszulka loose fit,3.33,95,0,5,0,0,0,0,0,0,0,0,0,0,0,95,5,0
t-shirt basic,billabong,109.99,Krótki rękaw,koszulka regular fit,3.33,100,0,0,0,0,0,0,0,0,0,0,0,0,0,100,0,0
t-shirt z nadrukiem,ellesse d’italia,148.75,Krótki rękaw,koszulka regular fit,3.33,100,0,0,0,0,0,0,0,0,0,0,0,0,0,100,0,0
t-shirt basic,next,376.0,Krótki rękaw,koszulka slim fit,32.2,95,0,5,0,0,0,0,0,0,0,0,0,0,0,95,5,0
t-shirt z nadrukiem,blkvis unisex,112.0,Krótki rękaw,koszulka loose fit,3.33,100,0,0,0,0,0,0,0,0,0,0,0,0,0,100,0,0
t-shirt basic,levi's®,109.0,Krótki rękaw,koszulka loose fit,3.33,100,0,0,0,0,0,0,0,0,0,0,0,0,0,100,0,0
t-shirt z nadrukiem,diverse,99.99,Krótki rękaw,koszulka loose fit,3.33,100,0,0,0,0,0,0,0,0,0,0,0,0,0,100,0,0
t-shirt basic,matinique jermane,183.2,Krótki rękaw,koszulka regular fit,3.33,100,0,0,0,0,0,0,0,0,0,0,0,0,0,100,0,0
koszulka polo,nike performance,189.99,Krótki rękaw,koszulka regular fit,3.33,0,100,0,0,0,0,0,0,0,0,0,0,0,0,0,100,0
t-shirt basic,bamboo basics,161.0,Krótki rękaw,koszulka regular fit,3.33,28,0,4,68,0,0,0,0,0,0,0,0,0,0,28,4,0
t-shirt z nadrukiem,henry tiger,169.99,Krótki rękaw,koszulka regular fit,3.33,100,0,0,0,0,0,0,0,0,0,0,0,0,0,100,0,0
t-shirt basic,polo ralph lauren,469.0,Krótki rękaw,koszulka regular fit,3.33,100,0,0,0,0,0,0,0,0,0,0,0,0,0,100,0,0
t-shirt z nadrukiem,marc o'polo,179.0,Krótki rękaw,koszulka regular fit,3.33,100,0,0,0,0,0,0,0,0,0,0,0,0,0,100,0,0
koszulka polo,brooks brothers,465.0,Krótki rękaw,koszulka regular fit,3.33,100,0,0,0,0,0,0,0,0,0,0,0,0,0,100,0,0
koszulka polo,blend,169.0,Krótki rękaw,koszulka regular fit,3.33,100,0,0,0,0,0,0,0,0,0,0,0,0,0,100,0,0
t-shirt z nadrukiem,s.oliver,69.99,Krótki rękaw,koszulka regular fit,3.33,100,0,0,0,0,0,0,0,0,0,0,0,0,0,100,0,0
t-shirt z nadrukiem,arkk copenhagen,249.0,Krótki rękaw,koszulka regular fit,3.33,100,0,0,0,0,0,0,0,0,0,0,0,0,0,100,0,0
t-shirt basic,pull&bear join,45.9,Krótki rękaw,koszulka loose fit,3.33,100,0,0,0,0,0,0,0,0,0,0,0,0,0,100,0,0
koszulka polo,felix hardy,125.0,Krótki rękaw,koszulka regular fit,3.33,100,0,0,0,0,0,0,0,0,0,0,0,0,0,100,0,0
t-shirt basic,bomboogie,204.0,Krótki rękaw,koszulka regular fit,3.33,100,0,0,0,0,0,0,0,0,0,0,0,0,0,100,0,0
t-shirt z nadrukiem,reichstadt,199.9,Półrękawek,koszulka loose fit,3.33,100,0,0,0,0,0,0,0,0,0,0,0,0,0,100,0,0
t-shirt basic,pepe jeans,135.0,Krótki rękaw,koszulka regular fit,3.33,100,0,0,0,0,0,0,0,0,0,0,0,0,0,100,0,0
koszulka polo,finshley &,179.95,Krótki rękaw,koszulka regular fit,3.33,58,38,4,0,0,0,0,0,0,0,0,0,0,0,58,42,0
t-shirt z nadrukiem,only & sons,109.0,Krótki rękaw,koszulka regular fit,3.33,100,0,0,0,0,0,0,0,0,0,0,0,0,0,100,0,0
t-shirt z nadrukiem,henry tiger,99.99,Krótki rękaw,koszulka regular fit,3.33,100,0,0,0,0,0,0,0,0,0,0,0,0,0,100,0,0
t-shirt basic,wasted paris,161.0,Krótki rękaw,koszulka oversize,22.7,100,0,0,0,0,0,0,0,0,0,0,0,0,0,100,0,0
t-shirt basic,yourturn unisex,79.0,Półrękawek,koszulka loose fit,3.33,100,0,0,0,0,0,0,0,0,0,0,0,0,0,100,0,0
t-shirt basic,american vintage,260.0,Krótki rękaw,koszulka regular fit,3.33,100,0,0,0,0,0,0,0,0,0,0,0,0,0,100,0,0
t-shirt z nadrukiem,rivvia projects,169.0,Krótki rękaw,koszulka regular fit,3.33,100,0,0,0,0,0,0,0,0,0,0,0,0,0,100,0,0
t-shirt basic,umbro,110.0,Półrękawek,koszulka loose fit,3.33,100,0,0,0,0,0,0,0,0,0,0,0,0,0,100,0,0
t-shirt basic,marc o'polo,168.49,Krótki rękaw,koszulka regular fit,3.33,97,0,3,0,0,0,0,0,0,0,0,0,0,0,97,3,0
koszulka polo,casual friday,259.0,Krótki rękaw,koszulka regular fit,3.33,100,0,0,0,0,0,0,0,0,0,0,0,0,0,100,0,0
t-shirt basic,ochnik,54.9,Krótki rękaw,koszulka regular fit,3.33,95,0,5,0,0,0,0,0,0,0,0,0,0,0,95,5,0
t-shirt z nadrukiem,pepe jeans,159.0,Krótki rękaw,koszulka regular fit,3.33,100,0,0,0,0,0,0,0,0,0,0,0,0,0,100,0,0
t-shirt z nadrukiem,yourturn unisex,84.0,Krótki rękaw,koszulka loose fit,3.33,100,0,0,0,0,0,0,0,0,0,0,0,0,0,100,0,0
t-shirt z nadrukiem,tommy jeans,70.0,Krótki rękaw,koszulka regular fit,3.33,100,0,0,0,0,0,0,0,0,0,0,0,0,0,100,0,0
koszulka polo,blend,89.0,Krótki rękaw,koszulka regular fit,3.33,100,0,0,0,0,0,0,0,0,0,0,0,0,0,100,0,0
t-shirt z nadrukiem,henry tiger,179.99,Krótki rękaw,koszulka regular fit,3.33,100,0,0,0,0,0,0,0,0,0,0,0,0,0,100,0,0
t-shirt z nadrukiem,quiksilver,169.99,Krótki rękaw,koszulka loose fit,3.33,100,0,0,0,0,0,0,0,0,0,0,0,0,0,100,0,0
t-shirt z nadrukiem,next pokemon,169.0,Krótki rękaw,koszulka regular fit,3.33,100,0,0,0,0,0,0,0,0,0,0,0,0,0,100,0,0
t-shirt z nadrukiem,calvin klein,206.0,Krótki rękaw,koszulka loose fit,3.33,100,0,0,0,0,0,0,0,0,0,0,0,0,0,100,0,0
koszulka sportowa,karma8a,126.0,Krótki rękaw,koszulka regular fit,3.33,0,100,0,0,0,0,0,0,0,0,0,0,0,0,0,100,0
t-shirt z nadrukiem,guess,154.95,Krótki rękaw,koszulka regular fit,3.33,100,0,0,0,0,0,0,0,0,0,0,0,0,0,100,0,0
t-shirt basic,next essential,52.0,Krótki rękaw,koszulka regular fit,3.33,100,0,0,0,0,0,0,0,0,0,0,0,0,0,100,0,0
koszulka polo,lerros,334.0,Krótki rękaw,koszulka regular fit,3.33,60,40,0,0,0,0,0,0,0,0,0,0,0,0,60,40,0
t-shirt z nadrukiem,nike sportswear,229.0,Półrękawek,koszulka loose fit,3.33,100,0,0,0,0,0,0,0,0,0,0,0,0,0,100,0,0
top,yourturn unisex,43.0,Bardzo krótki rękawek,koszulka oversize,22.7,100,0,0,0,0,0,0,0,0,0,0,0,0,0,100,0,0
t-shirt z nadrukiem,fq1924 fqemil,64.0,Krótki rękaw,koszulka regular fit,3.33,100,0,0,0,0,0,0,0,0,0,0,0,0,0,100,0,0
koszulka polo,blend,109.0,Krótki rękaw,koszulka regular fit,3.33,100,0,0,0,0,0,0,0,0,0,0,0,0,0,100,0,0
t-shirt z nadrukiem,michael kors,278.0,Krótki rękaw,koszulka regular fit,3.33,100,0,0,0,0,0,0,0,0,0,0,0,0,0,100,0,0
t-shirt z nadrukiem,gap,64.0,Krótki rękaw,koszulka other,,100,0,0,0,0,0,0,0,0,0,0,0,0,0,100,0,0
t-shirt z nadrukiem,jack & jones,74.99,Krótki rękaw,koszulka regular fit,3.33,100,0,0,0,0,0,0,0,0,0,0,0,0,0,100,0,0
t-shirt z nadrukiem,camel active,139.95,Krótki rękaw,koszulka regular fit,3.33,100,0,0,0,0,0,0,0,0,0,0,0,0,0,100,0,0
t-shirt z nadrukiem,trendsplant,209.5,Krótki rękaw,koszulka regular fit,3.33,100,0,0,0,0,0,0,0,0,0,0,0,0,0,100,0,0
top,jordan,149.0,Bez rękawów,koszulka skinny fit,0.0,95,0,5,0,0,0,0,0,0,0,0,0,0,0,95,5,0
koszulka polo,from future,265.0,Krótki rękaw,koszulka regular fit,3.33,0,0,0,0,100,0,0,0,0,0,0,0,0,0,100,0,100
t-shirt z nadrukiem,jack & jones,71.0,Krótki rękaw,koszulka regular fit,3.33,100,0,0,0,0,0,0,0,0,0,0,0,0,0,100,0,0
t-shirt basic,solid,89.0,Długi rękaw,koszulka regular fit,3.33,60,40,0,0,0,0,0,0,0,0,0,0,0,0,60,40,0
t-shirt z nadrukiem,jack & jones,89.99,Krótki rękaw,koszulka regular fit,3.33,100,0,0,0,0,0,0,0,0,0,0,0,0,0,100,0,0
t-shirt z nadrukiem,henry tiger,99.99,Krótki rękaw,koszulka regular fit,3.33,100,0,0,0,0,0,0,0,0,0,0,0,0,0,100,0,0
artykuły klubowe,adidas performance,220.0,Bardzo długi rękaw,koszulka regular fit,3.33,0,100,0,0,0,0,0,0,0,0,0,0,0,0,0,100,0
t-shirt z nadrukiem,two soon,104.99,Krótki rękaw,koszulka regular fit,3.33,100,0,0,0,0,0,0,0,0,0,0,0,0,0,100,0,0
t-shirt basic,jack & jones,98.0,Krótki rękaw,koszulka regular fit,3.33,100,0,0,0,0,0,0,0,0,0,0,0,0,0,100,0,0
t-shirt z nadrukiem,henry tiger,99.99,Krótki rękaw,koszulka regular fit,3.33,100,0,0,0,0,0,0,0,0,0,0,0,0,0,100,0,0
t-shirt z nadrukiem,gant,161.0,Krótki rękaw,koszulka regular fit,3.33,100,0,0,0,0,0,0,0,0,0,0,0,0,0,100,0,0
t-shirt basic,les deux,242.0,Krótki rękaw,koszulka regular fit,3.33,100,0,0,0,0,0,0,0,0,0,0,0,0,0,100,0,0
t-shirt z nadrukiem,alpha industries,109.95,Krótki rękaw,koszulka regular fit,3.33,100,0,0,0,0,0,0,0,0,0,0,0,0,0,100,0,0
t-shirt basic,ombre,169.99,Półrękawek,koszulka loose fit,3.33,95,0,5,0,0,0,0,0,0,0,0,0,0,0,95,5,0
t-shirt z nadrukiem,lost youth,103.0,Krótki rękaw,koszulka loose fit,3.33,100,0,0,0,0,0,0,0,0,0,0,0,0,0,100,0,0
t-shirt z nadrukiem,karl lagerfeld,161.0,Krótki rękaw,koszulka regular fit,3.33,50,50,0,0,0,0,0,0,0,0,0,0,0,0,50,50,0
t-shirt basic,qs t,89.99,Krótki rękaw,koszulka regular fit,3.33,100,0,0,0,0,0,0,0,0,0,0,0,0,0,100,0,0
koszulka polo,façonnable,595.0,Krótki rękaw,koszulka regular fit,3.33,100,0,0,0,0,0,0,0,0,0,0,0,0,0,100,0,0
t-shirt basic,maison kitsuné,449.0,Krótki rękaw,koszulka regular fit,3.33,100,0,0,0,0,0,0,0,0,0,0,0,0,0,100,0,0
t-shirt basic,s.oliver,69.99,Krótki rękaw,koszulka regular fit,3.33,100,0,0,0,0,0,0,0,0,0,0,0,0,0,100,0,0
t-shirt z nadrukiem,rockshirts ac/dc,99.0,Krótki rękaw,koszulka regular fit,3.33,100,0,0,0,0,0,0,0,0,0,0,0,0,0,100,0,0
t-shirt z nadrukiem,karma8a,137.0,Krótki rękaw,koszulka loose fit,3.33,100,0,0,0,0,0,0,0,0,0,0,0,0,0,100,0,0
bluzka z długim rękawem,bershka,129.0,Długi rękaw,koszulka loose fit,3.33,100,0,0,0,0,0,0,0,0,0,0,0,0,0,100,0,0
t-shirt basic,petrol industries,84.0,Krótki rękaw,koszulka regular fit,3.33,95,0,5,0,0,0,0,0,0,0,0,0,0,0,95,5,0
bluzka z długim rękawem,kaotiko m/l,170.0,Długi rękaw,koszulka regular fit,3.33,100,0,0,0,0,0,0,0,0,0,0,0,0,0,100,0,0
t-shirt z nadrukiem,u.s. polo assn.,81.99,Krótki rękaw,koszulka regular fit,3.33,100,0,0,0,0,0,0,0,0,0,0,0,0,0,100,0,0
t-shirt z nadrukiem,tom tailor,252.58,Krótki rękaw,koszulka regular fit,3.33,100,0,0,0,0,0,0,0,0,0,0,0,0,0,100,0,0
koszulka polo,lerros,262.0,Krótki rękaw,koszulka regular fit,3.33,60,40,0,0,0,0,0,0,0,0,0,0,0,0,60,40,0
t-shirt basic,boggi milano,369.0,Krótki rękaw,koszulka regular fit,3.33,95,0,5,0,0,0,0,0,0,0,0,0,0,0,95,5,0
koszulka polo,blend,76.0,Krótki rękaw,koszulka regular fit,3.33,100,0,0,0,0,0,0,0,0,0,0,0,0,0,100,0,0
t-shirt z nadrukiem,henry tiger,109.99,Krótki rękaw,koszulka regular fit,3.33,100,0,0,0,0,0,0,0,0,0,0,0,0,0,100,0,0
t-shirt z nadrukiem,henry tiger,109.99,Krótki rękaw,koszulka regular fit,3.33,100,0,0,0,0,0,0,0,0,0,0,0,0,0,100,0,0
t-shirt basic,closed,359.0,Krótki rękaw,koszulka regular fit,3.33,100,0,0,0,0,0,0,0,0,0,0,0,0,0,100,0,0
t-shirt z nadrukiem,jack & jones,80.0,Krótki rękaw,koszulka loose fit,3.33,50,50,0,0,0,0,0,0,0,0,0,0,0,0,50,50,0
t-shirt z nadrukiem,billionaire boys,489.0,Krótki rękaw,koszulka loose fit,3.33,100,0,0,0,0,0,0,0,0,0,0,0,0,0,100,0,0
koszulka polo,camp david,303.0,Krótki rękaw,koszulka regular fit,3.33,100,0,0,0,0,0,0,0,0,0,0,0,0,0,100,0,0
t-shirt basic,boss,319.0,Krótki rękaw,koszulka regular fit,3.33,92,0,8,0,0,0,0,0,0,0,0,0,0,0,92,8,0
t-shirt z nadrukiem,fila,126.9,Krótki rękaw,koszulka loose fit,3.33,100,0,0,0,0,0,0,0,0,0,0,0,0,0,100,0,0
t-shirt z nadrukiem,hugo,287.0,Krótki rękaw,koszulka loose fit,3.33,100,0,0,0,0,0,0,0,0,0,0,0,0,0,100,0,0
t-shirt basic,karl lagerfeld,296.0,Krótki rękaw,koszulka regular fit,3.33,95,0,5,0,0,0,0,0,0,0,0,0,0,0,95,5,0
t-shirt z nadrukiem,jordan,161.0,Półrękawek,koszulka loose fit,3.33,100,0,0,0,0,0,0,0,0,0,0,0,0,0,100,0,0
t-shirt z nadrukiem,calvin klein,161.0,Krótki rękaw,koszulka regular fit,3.33,100,0,0,0,0,0,0,0,0,0,0,0,0,0,100,0,0
t-shirt z nadrukiem,champion,134.0,Krótki rękaw,koszulka regular fit,3.33,100,0,0,0,0,0,0,0,0,0,0,0,0,0,100,0,0
t-shirt basic,gcds,739.0,Krótki rękaw,koszulka regular fit,3.33,100,0,0,0,0,0,0,0,0,0,0,0,0,0,100,0,0
t-shirt z nadrukiem,mustang austin,99.95,Krótki rękaw,koszulka regular fit,3.33,100,0,0,0,0,0,0,0,0,0,0,0,0,0,100,0,0
t-shirt z nadrukiem,ea7 emporio armani,323.0,Krótki rękaw,koszulka regular fit,3.33,100,0,0,0,0,0,0,0,0,0,0,0,0,0,100,0,0
t-shirt z nadrukiem,qs,129.99,Krótki rękaw,koszulka loose fit,3.33,100,0,0,0,0,0,0,0,0,0,0,0,0,0,100,0,0
koszulka polo,camel active,299.95,Krótki rękaw,koszulka regular fit,3.33,95,0,5,0,0,0,0,0,0,0,0,0,0,0,95,5,0
t-shirt z nadrukiem,fila,90.0,Krótki rękaw,koszulka regular fit,3.33,0,100,0,0,0,0,0,0,0,0,0,0,0,0,0,100,0
koszulka reprezentacji,adidas performance,439.0,Krótki rękaw,koszulka regular fit,3.33,0,100,0,0,0,0,0,0,0,0,0,0,0,0,0,100,0
t-shirt basic,marc o'polo,179.0,Krótki rękaw,koszulka regular fit,3.33,100,0,0,0,0,0,0,0,0,0,0,0,0,0,100,0,0
t-shirt basic,only & sons,98.0,Krótki rękaw,koszulka loose fit,3.33,50,27,0,0,0,0,0,0,0,0,0,0,0,0,50,27,0
t-shirt z nadrukiem,annarr,209.99,Krótki rękaw,koszulka loose fit,3.33,100,0,0,0,0,0,0,0,0,0,0,0,0,0,100,0,0
t-shirt z nadrukiem,lonsdale,82.0,Krótki rękaw,koszulka regular fit,3.33,100,0,0,0,0,0,0,0,0,0,0,0,0,0,100,0,0
t-shirt basic,teeshoppen,112.5,Krótki rękaw,koszulka regular fit,3.33,100,0,0,0,0,0,0,0,0,0,0,0,0,0,100,0,0
artykuły klubowe,nike performance,152.0,Krótki rękaw,koszulka regular fit,3.33,50,50,0,0,0,0,0,0,0,0,0,0,0,0,50,50,0
t-shirt z nadrukiem,henry tiger,109.99,Krótki rękaw,koszulka regular fit,3.33,100,0,0,0,0,0,0,0,0,0,0,0,0,0,100,0,0
koszulka polo,gant,399.0,Krótki rękaw,koszulka regular fit,3.33,100,0,0,0,0,0,0,0,0,0,0,0,0,0,100,0,0
koszulka polo,lindbergh,239.96,Krótki rękaw,koszulka regular fit,3.33,100,0,0,0,0,0,0,0,0,0,0,0,0,0,100,0,0
t-shirt basic,guess,104.0,Krótki rękaw,koszulka slim fit,32.2,95,0,5,0,0,0,0,0,0,0,0,0,0,0,95,5,0
t-shirt z nadrukiem,jack & jones,55.95,Krótki rękaw,koszulka regular fit,3.33,100,0,0,0,0,0,0,0,0,0,0,0,0,0,100,0,0
top,pier one,62.0,Bez rękawów,koszulka regular fit,3.33,0,100,0,0,0,0,0,0,0,0,0,0,0,0,0,100,0
t-shirt z nadrukiem,superdry &,169.0,Krótki rękaw,koszulka regular fit,3.33,100,0,0,0,0,0,0,0,0,0,0,0,0,0,100,0,0
koszulka sportowa,nike performance,179.0,Krótki rękaw,koszulka regular fit,3.33,60,40,0,0,0,0,0,0,0,0,0,0,0,0,60,40,0
t-shirt z nadrukiem,nike sportswear,206.0,Krótki rękaw,koszulka loose fit,3.33,100,0,0,0,0,0,0,0,0,0,0,0,0,0,100,0,0
koszulka sportowa,nike performance,139.0,Krótki rękaw,koszulka regular fit,3.33,0,100,0,0,0,0,0,0,0,0,0,0,0,0,0,100,0
koszulka polo,next,117.0,Krótki rękaw,koszulka regular fit,3.33,95,0,5,0,0,0,0,0,0,0,0,0,0,0,95,5,0
t-shirt basic,harper &,122.0,Krótki rękaw,koszulka regular fit,3.33,100,0,0,0,0,0,0,0,0,0,0,0,0,0,100,0,0
t-shirt z nadrukiem,façonnable cote,255.0,Krótki rękaw,koszulka regular fit,3.33,100,0,0,0,0,0,0,0,0,0,0,0,0,0,100,0,0
t-shirt basic,solid,102.0,Krótki rękaw,koszulka regular fit,3.33,100,0,0,0,0,0,0,0,0,0,0,0,0,0,100,0,0
t-shirt z nadrukiem,hugo,125.0,Krótki rękaw,koszulka regular fit,3.33,100,0,0,0,0,0,0,0,0,0,0,0,0,0,100,0,0
koszulka polo,pepe jeans,180.0,Krótki rękaw,koszulka regular fit,3.33,100,0,0,0,0,0,0,0,0,0,0,0,0,0,100,0,0
t-shirt z nadrukiem,nils sundström,129.95,Krótki rękaw,koszulka regular fit,3.33,100,0,0,0,0,0,0,0,0,0,0,0,0,0,100,0,0
koszulka polo,blend,89.0,Krótki rękaw,koszulka regular fit,3.33,100,0,0,0,0,0,0,0,0,0,0,0,0,0,100,0,0
t-shirt z nadrukiem,the north face,159.0,Półrękawek,koszulka oversize,22.7,100,0,0,0,0,0,0,0,0,0,0,0,0,0,100,0,0
t-shirt basic,joop!,125.0,Krótki rękaw,koszulka regular fit,3.33,100,0,0,0,0,0,0,0,0,0,0,0,0,0,100,0,0
koszulka polo,hackett london,659.0,Krótki rękaw,koszulka regular fit,3.33,100,0,0,0,0,0,0,0,0,0,0,0,0,0,100,0,0
koszulka polo,next,273.0,Krótki rękaw,koszulka regular fit,3.33,95,0,5,0,0,0,0,0,0,0,0,0,0,0,95,5,0
t-shirt basic,jack & jones,99.99,Krótki rękaw,koszulka regular fit,3.33,40,58,2,0,0,0,0,0,0,0,0,0,0,0,40,60,0
t-shirt z nadrukiem,karl kani,169.0,Półrękawek,koszulka loose fit,3.33,100,0,0,0,0,0,0,0,0,0,0,0,0,0,100,0,0
t-shirt z nadrukiem,puma,224.0,Krótki rękaw,koszulka regular fit,3.33,100,0,0,0,0,0,0,0,0,0,0,0,0,0,100,0,0
t-shirt basic,bugatti,149.95,Krótki rękaw,koszulka regular fit,3.33,100,0,0,0,0,0,0,0,0,0,0,0,0,0,100,0,0
koszulka sportowa,new era,170.0,Krótki rękaw,koszulka loose fit,3.33,0,100,0,0,0,0,0,0,0,0,0,0,0,0,0,100,0
t-shirt z nadrukiem,redefined rebel,53.0,Krótki rękaw,koszulka regular fit,3.33,100,0,0,0,0,0,0,0,0,0,0,0,0,0,100,0,0
koszulka polo,swedemount,152.99,Krótki rękaw,koszulka regular fit,3.33,0,100,0,0,0,0,0,0,0,0,0,0,0,0,0,100,0
t-shirt z nadrukiem,o'neill,76.3,Krótki rękaw,koszulka regular fit,3.33,100,0,0,0,0,0,0,0,0,0,0,0,0,0,100,0,0
t-shirt z nadrukiem,henry tiger,109.99,Krótki rękaw,koszulka regular fit,3.33,100,0,0,0,0,0,0,0,0,0,0,0,0,0,100,0,0
top,yourturn unisex,30.0,Bez rękawów,koszulka regular fit,3.33,95,0,5,0,0,0,0,0,0,0,0,0,0,0,95,5,0
koszulka polo,nils sundström,179.95,Krótki rękaw,koszulka regular fit,3.33,100,0,0,0,0,0,0,0,0,0,0,0,0,0,100,0,0
koszulka polo,hackett london,479.0,Krótki rękaw,koszulka regular fit,3.33,100,0,0,0,0,0,0,0,0,0,0,0,0,0,100,0,0
koszulka polo,scalpers,256.43,Krótki rękaw,koszulka regular fit,3.33,100,0,0,0,0,0,0,0,0,0,0,0,0,0,100,0,0
t-shirt basic,carhartt wip,179.0,Krótki rękaw,koszulka loose fit,3.33,100,0,0,0,0,0,0,0,0,0,0,0,0,0,100,0,0
t-shirt basic,jack & jones,218.0,Krótki rękaw,koszulka regular fit,3.33,100,0,0,0,0,0,0,0,0,0,0,0,0,0,100,0,0
top,blend,56.0,Bez rękawów,koszulka regular fit,3.33,100,0,0,0,0,0,0,0,0,0,0,0,0,0,100,0,0
t-shirt basic,blend,89.0,Półrękawek,koszulka loose fit,3.33,100,0,0,0,0,0,0,0,0,0,0,0,0,0,100,0,0
t-shirt basic,boss,188.0,Krótki rękaw,koszulka regular fit,3.33,100,0,0,0,0,0,0,0,0,0,0,0,0,0,100,0,0
koszulka polo,jack & jones,130.45,Krótki rękaw,koszulka regular fit,3.33,100,0,0,0,0,0,0,0,0,0,0,0,0,0,100,0,0
t-shirt basic,american vintage,235.0,Krótki rękaw,koszulka regular fit,3.33,100,0,0,0,0,0,0,0,0,0,0,0,0,0,100,0,0
t-shirt z nadrukiem,puma,89.0,Krótki rękaw,koszulka regular fit,3.33,100,0,0,0,0,0,0,0,0,0,0,0,0,0,100,0,0
t-shirt z nadrukiem,the north face,131.99,Krótki rękaw,koszulka regular fit,3.33,100,0,0,0,0,0,0,0,0,0,0,0,0,0,100,0,0
t-shirt z nadrukiem,pegador symen,142.0,Półrękawek,koszulka loose fit,3.33,100,0,0,0,0,0,0,0,0,0,0,0,0,0,100,0,0
t-shirt z nadrukiem,adidas originals,149.0,Półrękawek,koszulka loose fit,3.33,100,0,0,0,0,0,0,0,0,0,0,0,0,0,100,0,0
t-shirt basic,napapijri,143.0,Krótki rękaw,koszulka regular fit,3.33,100,0,0,0,0,0,0,0,0,0,0,0,0,0,100,0,0
t-shirt basic,marc o'polo,69.0,Krótki rękaw,koszulka regular fit,3.33,100,0,0,0,0,0,0,0,0,0,0,0,0,0,100,0,0
koszulka polo,camel active,299.95,Krótki rękaw,koszulka regular fit,3.33,95,0,5,0,0,0,0,0,0,0,0,0,0,0,95,5,0
t-shirt basic,next,292.0,Krótki rękaw,koszulka regular fit,3.33,0,94,6,0,0,0,0,0,0,0,0,0,0,0,0,100,0
koszulka polo,s.oliver,126.99,Krótki rękaw,koszulka regular fit,3.33,95,0,5,0,0,0,0,0,0,0,0,0,0,0,95,5,0
koszulka polo,blend,82.0,Krótki rękaw,koszulka regular fit,3.33,100,0,0,0,0,0,0,0,0,0,0,0,0,0,100,0,0
koszulka polo,huf unisex,519.0,Krótki rękaw,koszulka loose fit,3.33,100,0,0,0,0,0,0,0,0,0,0,0,0,0,100,0,0
t-shirt z nadrukiem,adidas performance,179.0,Krótki rękaw,koszulka regular fit,3.33,100,0,0,0,0,0,0,0,0,0,0,0,0,0,100,0,0
t-shirt basic,ea7 emporio armani,242.0,Krótki rękaw,koszulka regular fit,3.33,100,0,0,0,0,0,0,0,0,0,0,0,0,0,100,0,0
t-shirt basic,adidas originals,109.0,Krótki rękaw,koszulka regular fit,3.33,0,88,12,0,0,0,0,0,0,0,0,0,0,0,0,100,0
t-shirt z nadrukiem,henry tiger,99.99,Krótki rękaw,koszulka regular fit,3.33,100,0,0,0,0,0,0,0,0,0,0,0,0,0,100,0,0
koszulka polo,pier one,65.0,Długi rękaw,koszulka regular fit,3.33,100,0,0,0,0,0,0,0,0,0,0,0,0,0,100,0,0
t-shirt basic,solid,66.0,Krótki rękaw,koszulka regular fit,3.33,100,0,0,0,0,0,0,0,0,0,0,0,0,0,100,0,0
koszulka polo,polo ralph lauren,665.0,Krótki rękaw,koszulka slim fit,32.2,100,0,0,0,0,0,0,0,0,0,0,0,0,0,100,0,0
koszulka polo,pepe jeans,275.0,Krótki rękaw,koszulka regular fit,3.33,90,0,0,10,0,0,0,0,0,0,0,0,0,0,90,0,0
t-shirt z nadrukiem,björn borg,135.0,Krótki rękaw,koszulka regular fit,3.33,0,90,10,0,0,0,0,0,0,0,0,0,0,0,0,100,0
t-shirt z nadrukiem,hummel,65.86,Krótki rękaw,koszulka regular fit,3.33,50,50,0,0,0,0,0,0,0,0,0,0,0,0,50,50,0
top,pier one,45.0,Bez rękawów,koszulka regular fit,3.33,100,0,0,0,0,0,0,0,0,0,0,0,0,0,100,0,0
t-shirt z nadrukiem,guess,155.0,Krótki rękaw,koszulka regular fit,3.33,100,0,0,0,0,0,0,0,0,0,0,0,0,0,100,0,0
t-shirt z nadrukiem,alpha industries,86.99,Krótki rękaw,koszulka regular fit,3.33,100,0,0,0,0,0,0,0,0,0,0,0,0,0,100,0,0
koszulka sportowa,adidas performance,62.0,Krótki rękaw,koszulka regular fit,3.33,0,100,0,0,0,0,0,0,0,0,0,0,0,0,0,100,0
t-shirt basic,armani exchange,229.0,Krótki rękaw,koszulka regular fit,3.33,100,0,0,0,0,0,0,0,0,0,0,0,0,0,100,0,0
top,solid,62.0,Bez rękawów,koszulka regular fit,3.33,100,0,0,0,0,0,0,0,0,0,0,0,0,0,100,0,0
t-shirt basic,next regular,91.0,Krótki rękaw,koszulka regular fit,3.33,0,88,12,0,0,0,0,0,0,0,0,0,0,0,0,100,0
t-shirt z nadrukiem,terranova,49.99,Krótki rękaw,koszulka regular fit,3.33,100,0,0,0,0,0,0,0,0,0,0,0,0,0,100,0,0
t-shirt basic,boss,161.0,Krótki rękaw,koszulka regular fit,3.33,100,0,0,0,0,0,0,0,0,0,0,0,0,0,100,0,0
t-shirt basic,only & sons,79.99,Krótki rękaw,koszulka regular fit,3.33,100,0,0,0,0,0,0,0,0,0,0,0,0,0,100,0,0
t-shirt z nadrukiem,guess,179.0,Krótki rękaw,koszulka regular fit,3.33,100,0,0,0,0,0,0,0,0,0,0,0,0,0,100,0,0
t-shirt z nadrukiem,pepe jeans,89.0,Krótki rękaw,koszulka regular fit,3.33,100,0,0,0,0,0,0,0,0,0,0,0,0,0,100,0,0
t-shirt basic,bamboo basics,161.0,Krótki rękaw,koszulka regular fit,3.33,28,0,4,68,0,0,0,0,0,0,0,0,0,0,28,4,0
t-shirt z nadrukiem,taion unisex,289.0,Półrękawek,koszulka loose fit,3.33,0,100,0,0,0,0,0,0,0,0,0,0,0,0,0,100,0
t-shirt basic,harper &,122.0,Krótki rękaw,koszulka regular fit,3.33,100,0,0,0,0,0,0,0,0,0,0,0,0,0,100,0,0
t-shirt z nadrukiem,upscale by,82.0,Krótki rękaw,koszulka regular fit,3.33,100,0,0,0,0,0,0,0,0,0,0,0,0,0,100,0,0
t-shirt z nadrukiem,dunlop game,199.0,Krótki rękaw,koszulka regular fit,3.33,0,84,16,0,0,0,0,0,0,0,0,0,0,0,0,100,0
t-shirt basic,casual friday,109.0,Krótki rękaw,koszulka regular fit,3.33,100,0,0,0,0,0,0,0,0,0,0,0,0,0,100,0,0
t-shirt basic,pangaia unisex,160.0,Krótki rękaw,koszulka regular fit,3.33,100,0,0,0,0,0,0,0,0,0,0,0,0,0,100,0,0
koszulka polo,sergio tacchini,205.0,Krótki rękaw,koszulka regular fit,3.33,0,100,0,0,0,0,0,0,0,0,0,0,0,0,0,100,0
t-shirt z nadrukiem,boss,287.0,Krótki rękaw,koszulka regular fit,3.33,95,0,5,0,0,0,0,0,0,0,0,0,0,0,95,5,0
t-shirt z nadrukiem,scalpers,101.25,Krótki rękaw,koszulka regular fit,3.33,100,0,0,0,0,0,0,0,0,0,0,0,0,0,100,0,0
koszulka polo,hackett london,609.0,Krótki rękaw,koszulka regular fit,3.33,100,0,0,0,0,0,0,0,0,0,0,0,0,0,100,0,0
t-shirt z nadrukiem,blauer,206.0,Krótki rękaw,koszulka regular fit,3.33,100,0,0,0,0,0,0,0,0,0,0,0,0,0,100,0,0
koszulka polo,finshley &,149.95,Krótki rękaw,koszulka regular fit,3.33,96,0,4,0,0,0,0,0,0,0,0,0,0,0,96,4,0
t-shirt z nadrukiem,barbour barbour,359.0,Krótki rękaw,koszulka regular fit,3.33,100,0,0,0,0,0,0,0,0,0,0,0,0,0,100,0,0
t-shirt basic,s.oliver,69.99,Krótki rękaw,koszulka regular fit,3.33,100,0,0,0,0,0,0,0,0,0,0,0,0,0,100,0,0
koszulka sportowa,quiksilver,98.0,Krótki rękaw,koszulka regular fit,3.33,100,0,0,0,0,0,0,0,0,0,0,0,0,0,100,0,0
t-shirt z nadrukiem,tom tailor,159.0,Krótki rękaw,koszulka regular fit,3.33,100,0,0,0,0,0,0,0,0,0,0,0,0,0,100,0,0
t-shirt basic,boggi milano,689.0,Krótki rękaw,koszulka regular fit,3.33,30,0,0,0,0,70,0,0,0,0,0,0,0,0,100,0,70
koszulka reprezentacji,puma,429.0,Krótki rękaw,koszulka regular fit,3.33,0,100,0,0,0,0,0,0,0,0,0,0,0,0,0,100,0
koszulka polo,jp1880,177.99,Krótki rękaw,koszulka regular fit,3.33,100,0,0,0,0,0,0,0,0,0,0,0,0,0,100,0,0
t-shirt basic,next,52.0,Krótki rękaw,koszulka regular fit,3.33,98,0,0,2,0,0,0,0,0,0,0,0,0,0,98,0,0
koszulka polo,jj rebel,74.99,Krótki rękaw,koszulka regular fit,3.33,100,0,0,0,0,0,0,0,0,0,0,0,0,0,100,0,0
t-shirt z nadrukiem,brandit,49.0,Krótki rękaw,koszulka regular fit,3.33,100,0,0,0,0,0,0,0,0,0,0,0,0,0,100,0,0
t-shirt z nadrukiem,jp1880,124.99,Krótki rękaw,koszulka regular fit,3.33,100,0,0,0,0,0,0,0,0,0,0,0,0,0,100,0,0
t-shirt z nadrukiem,rains sunisex,269.0,Krótki rękaw,koszulka loose fit,3.33,100,0,0,0,0,0,0,0,0,0,0,0,0,0,100,0,0
t-shirt z nadrukiem,von dutch,159.0,Półrękawek,koszulka oversize,22.7,100,0,0,0,0,0,0,0,0,0,0,0,0,0,100,0,0
t-shirt z nadrukiem,lonsdale,159.0,Krótki rękaw,koszulka regular fit,3.33,100,0,0,0,0,0,0,0,0,0,0,0,0,0,100,0,0
t-shirt basic,patagonia,289.0,Krótki rękaw,koszulka regular fit,3.33,100,0,0,0,0,0,0,0,0,0,0,0,0,0,100,0,0
t-shirt z nadrukiem,jack & jones,79.99,Krótki rękaw,koszulka loose fit,3.33,100,0,0,0,0,0,0,0,0,0,0,0,0,0,100,0,0
t-shirt z nadrukiem,next,65.0,Krótki rękaw,koszulka regular fit,3.33,90,0,0,10,0,0,0,0,0,0,0,0,0,0,90,0,0
t-shirt basic,selected,154.99,Półrękawek,koszulka loose fit,3.33,93,0,7,0,0,0,0,0,0,0,0,0,0,0,93,7,0
t-shirt z nadrukiem,filippa k,409.0,Półrękawek,koszulka regular fit,3.33,100,0,0,0,0,0,0,0,0,0,0,0,0,0,100,0,0
t-shirt z nadrukiem,levi's®,159.0,Krótki rękaw,koszulka loose fit,3.33,100,0,0,0,0,0,0,0,0,0,0,0,0,0,100,0,0
t-shirt z nadrukiem,henry tiger,169.99,Krótki rękaw,koszulka regular fit,3.33,100,0,0,0,0,0,0,0,0,0,0,0,0,0,100,0,0
koszulka polo,mustang pierre,129.0,Krótki rękaw,koszulka regular fit,3.33,100,0,0,0,0,0,0,0,0,0,0,0,0,0,100,0,0
koszulka polo,wrangler,139.0,Krótki rękaw,koszulka regular fit,3.33,100,0,0,0,0,0,0,0,0,0,0,0,0,0,100,0,0
koszulka polo,lindbergh,149.95,Krótki rękaw,koszulka regular fit,3.33,95,0,5,0,0,0,0,0,0,0,0,0,0,0,95,5,0
t-shirt z nadrukiem,lost youth,79.0,Półrękawek,koszulka loose fit,3.33,100,0,0,0,0,0,0,0,0,0,0,0,0,0,100,0,0
koszulka polo,under armour,239.0,Krótki rękaw,koszulka regular fit,3.33,0,93,7,0,0,0,0,0,0,0,0,0,0,0,0,100,0
top,lonsdale,79.0,Bez rękawów,koszulka regular fit,3.33,100,0,0,0,0,0,0,0,0,0,0,0,0,0,100,0,0
t-shirt basic,nils sundström,129.95,Krótki rękaw,koszulka loose fit,3.33,100,0,0,0,0,0,0,0,0,0,0,0,0,0,100,0,0
t-shirt z nadrukiem,pme legend,199.0,Krótki rękaw,koszulka regular fit,3.33,95,0,5,0,0,0,0,0,0,0,0,0,0,0,95,5,0
t-shirt basic,koroshi koroshi,179.0,Krótki rękaw,koszulka regular fit,3.33,100,0,0,0,0,0,0,0,0,0,0,0,0,0,100,0,0
t-shirt basic,fatface,162.0,Krótki rękaw,koszulka regular fit,3.33,100,0,0,0,0,0,0,0,0,0,0,0,0,0,100,0,0
t-shirt basic,fatface,162.0,Krótki rękaw,koszulka regular fit,3.33,100,0,0,0,0,0,0,0,0,0,0,0,0,0,100,0,0
t-shirt basic,michael kors,278.0,Krótki rękaw,koszulka regular fit,3.33,100,0,0,0,0,0,0,0,0,0,0,0,0,0,100,0,0
t-shirt basic,karl lagerfeld,296.0,Krótki rękaw,koszulka regular fit,3.33,95,0,5,0,0,0,0,0,0,0,0,0,0,0,95,5,0
t-shirt basic,boss,279.0,Krótki rękaw,koszulka regular fit,3.33,100,0,0,0,0,0,0,0,0,0,0,0,0,0,100,0,0
koszulka polo,allsaints reform,379.0,Krótki rękaw,koszulka regular fit,3.33,100,0,0,0,0,0,0,0,0,0,0,0,0,0,100,0,0
t-shirt basic,matinique,183.2,Krótki rękaw,koszulka regular fit,3.33,100,0,0,0,0,0,0,0,0,0,0,0,0,0,100,0,0
top,quiksilver,98.0,Bez rękawów,koszulka loose fit,3.33,100,0,0,0,0,0,0,0,0,0,0,0,0,0,100,0,0
t-shirt z nadrukiem,jj rebel,49.99,Krótki rękaw,koszulka regular fit,3.33,100,0,0,0,0,0,0,0,0,0,0,0,0,0,100,0,0
t-shirt basic,jack & jones,54.0,Krótki rękaw,koszulka regular fit,3.33,100,0,0,0,0,0,0,0,0,0,0,0,0,0,100,0,0
t-shirt basic,marc o'polo,259.0,Krótki rękaw,koszulka loose fit,3.33,100,0,0,0,0,0,0,0,0,0,0,0,0,0,100,0,0
t-shirt basic,selected,125.0,Krótki rękaw,koszulka regular fit,3.33,44,35,0,0,0,0,0,0,0,0,0,0,0,0,44,35,0
top,next,195.0,Bez rękawów,koszulka regular fit,3.33,100,0,0,0,0,0,0,0,0,0,0,0,0,0,100,0,0
t-shirt basic,fila,239.0,Krótki rękaw,koszulka regular fit,3.33,0,100,0,0,0,0,0,0,0,0,0,0,0,0,0,100,0
t-shirt z nadrukiem,nils sundström,99.95,Krótki rękaw,koszulka regular fit,3.33,100,0,0,0,0,0,0,0,0,0,0,0,0,0,100,0,0
t-shirt z nadrukiem,mister tee,58.0,Krótki rękaw,koszulka regular fit,3.33,100,0,0,0,0,0,0,0,0,0,0,0,0,0,100,0,0
t-shirt z nadrukiem,sergio tacchini,124.0,Krótki rękaw,koszulka regular fit,3.33,100,0,0,0,0,0,0,0,0,0,0,0,0,0,100,0,0
bluzka z długim rękawem,rossignol,450.0,Długi rękaw,koszulka slim fit,32.2,0,85,15,0,0,0,0,0,0,0,0,0,0,0,0,100,0
t-shirt basic,arkk copenhagen,249.0,Krótki rękaw,koszulka loose fit,3.33,100,0,0,0,0,0,0,0,0,0,0,0,0,0,100,0,0
koszulka polo,boss,449.0,Krótki rękaw,koszulka regular fit,3.33,100,0,0,0,0,0,0,0,0,0,0,0,0,0,100,0,0
t-shirt basic,pangaia unisex,319.0,Krótki rękaw,koszulka regular fit,3.33,100,0,0,0,0,0,0,0,0,0,0,0,0,0,100,0,0
t-shirt basic,tommy hilfiger,152.0,Krótki rękaw,koszulka regular fit,3.33,100,0,0,0,0,0,0,0,0,0,0,0,0,0,100,0,0
t-shirt basic,teeshoppen,297.5,Krótki rękaw,koszulka regular fit,3.33,100,0,0,0,0,0,0,0,0,0,0,0,0,0,100,0,0
t-shirt basic,forsberg,119.99,Krótki rękaw,koszulka regular fit,3.33,100,0,0,0,0,0,0,0,0,0,0,0,0,0,100,0,0
t-shirt z nadrukiem,siksilk,140.0,Krótki rękaw,koszulka slim fit,32.2,95,0,5,0,0,0,0,0,0,0,0,0,0,0,95,5,0
t-shirt basic,urban classics,61.0,Krótki rękaw,koszulka regular fit,3.33,95,0,5,0,0,0,0,0,0,0,0,0,0,0,95,5,0
t-shirt z nadrukiem,pull&bear,55.9,Krótki rękaw,koszulka loose fit,3.33,100,0,0,0,0,0,0,0,0,0,0,0,0,0,100,0,0
t-shirt basic,sergio tacchini,99.0,Krótki rękaw,koszulka regular fit,3.33,100,0,0,0,0,0,0,0,0,0,0,0,0,0,100,0,0
koszulka polo,karl lagerfeld,440.0,Długi rękaw,koszulka regular fit,3.33,100,0,0,0,0,0,0,0,0,0,0,0,0,0,100,0,0
koszulka polo,scalpers,168.77,Krótki rękaw,koszulka regular fit,3.33,100,0,0,0,0,0,0,0,0,0,0,0,0,0,100,0,0
t-shirt basic,lacoste,680.98,Krótki rękaw,koszulka regular fit,3.33,100,0,0,0,0,0,0,0,0,0,0,0,0,0,100,0,0
t-shirt basic,pier one,149.0,Krótki rękaw,koszulka regular fit,3.33,100,0,0,0,0,0,0,0,0,0,0,0,0,0,100,0,0
koszulka polo,callaway,269.0,Krótki rękaw,koszulka regular fit,3.33,0,100,0,0,0,0,0,0,0,0,0,0,0,0,0,100,0
koszulka polo,indicode jeans,109.99,Krótki rękaw,koszulka regular fit,3.33,100,0,0,0,0,0,0,0,0,0,0,0,0,0,100,0,0
t-shirt basic,s.oliver,89.99,Krótki rękaw,koszulka regular fit,3.33,80,20,0,0,0,0,0,0,0,0,0,0,0,0,80,20,0
t-shirt basic,siksilk essentials,174.0,Krótki rękaw,koszulka slim fit,32.2,95,0,5,0,0,0,0,0,0,0,0,0,0,0,95,5,0
t-shirt z nadrukiem,rockshirts,99.0,Krótki rękaw,koszulka regular fit,3.33,100,0,0,0,0,0,0,0,0,0,0,0,0,0,100,0,0
koszulka polo,j.lindeberg sports,330.0,Krótki rękaw,koszulka regular fit,3.33,0,100,0,0,0,0,0,0,0,0,0,0,0,0,0,100,0
t-shirt basic,s.oliver,69.99,Krótki rękaw,koszulka regular fit,3.33,100,0,0,0,0,0,0,0,0,0,0,0,0,0,100,0,0
t-shirt z nadrukiem,jack & jones,98.0,Krótki rękaw,koszulka regular fit,3.33,100,0,0,0,0,0,0,0,0,0,0,0,0,0,100,0,0
t-shirt z nadrukiem,billabong,159.0,Krótki rękaw,koszulka loose fit,3.33,100,0,0,0,0,0,0,0,0,0,0,0,0,0,100,0,0
bluzka z długim rękawem,nike acg,359.0,Bardzo długi rękaw,koszulka regular fit,3.33,0,88,5,0,7,0,0,0,0,0,0,0,0,0,7,93,7
koszulka polo,levi's®,199.0,Krótki rękaw,koszulka regular fit,3.33,100,0,0,0,0,0,0,0,0,0,0,0,0,0,100,0,0
t-shirt basic,siksilk,204.0,Krótki rękaw,koszulka slim fit,32.2,0,100,0,0,0,0,0,0,0,0,0,0,0,0,0,100,0
t-shirt z nadrukiem,jack & jones,99.99,Krótki rękaw,koszulka regular fit,3.33,100,0,0,0,0,0,0,0,0,0,0,0,0,0,100,0,0
koszulka polo,boggi milano,529.0,Krótki rękaw,koszulka regular fit,3.33,56,39,5,0,0,0,0,0,0,0,0,0,0,0,56,44,0
t-shirt z nadrukiem,lacoste,323.0,Krótki rękaw,koszulka regular fit,3.33,100,0,0,0,0,0,0,0,0,0,0,0,0,0,100,0,0
t-shirt z nadrukiem,jack & jones,71.95,Krótki rękaw,koszulka regular fit,3.33,100,0,0,0,0,0,0,0,0,0,0,0,0,0,100,0,0
t-shirt z nadrukiem,bershka,129.0,Krótki rękaw,koszulka regular fit,3.33,100,0,0,0,0,0,0,0,0,0,0,0,0,0,100,0,0
t-shirt z nadrukiem,allsaints,247.0,Półrękawek,koszulka loose fit,3.33,100,0,0,0,0,0,0,0,0,0,0,0,0,0,100,0,0
t-shirt basic,scotch & soda,139.0,Krótki rękaw,koszulka regular fit,3.33,100,0,0,0,0,0,0,0,0,0,0,0,0,0,100,0,0
t-shirt basic,camel active,99.95,Krótki rękaw,koszulka regular fit,3.33,50,50,0,0,0,0,0,0,0,0,0,0,0,0,50,50,0
bluzka z długim rękawem,jaded london,269.0,Długi rękaw,koszulka regular fit,3.33,100,0,0,0,0,0,0,0,0,0,0,0,0,0,100,0,0
koszulka polo,hackett london,509.0,Krótki rękaw,koszulka regular fit,3.33,100,0,0,0,0,0,0,0,0,0,0,0,0,0,100,0,0
t-shirt z nadrukiem,the north face,159.0,Półrękawek,koszulka oversize,22.7,100,0,0,0,0,0,0,0,0,0,0,0,0,0,100,0,0
t-shirt z nadrukiem,helly hansen,149.0,Krótki rękaw,koszulka regular fit,3.33,100,0,0,0,0,0,0,0,0,0,0,0,0,0,100,0,0
t-shirt z nadrukiem,champion,98.0,Krótki rękaw,koszulka regular fit,3.33,100,0,0,0,0,0,0,0,0,0,0,0,0,0,100,0,0
koszulka polo,gant,143.0,Krótki rękaw,koszulka other,,96,0,4,0,0,0,0,0,0,0,0,0,0,0,96,4,0
koszulka polo,camel active,349.95,Krótki rękaw,koszulka regular fit,3.33,100,0,0,0,0,0,0,0,0,0,0,0,0,0,100,0,0
t-shirt basic,jp1880 t,160.99,Krótki rękaw,koszulka slim fit,32.2,0,100,0,0,0,0,0,0,0,0,0,0,0,0,0,100,0
koszulka polo,gap,98.0,Krótki rękaw,koszulka regular fit,3.33,98,0,2,0,0,0,0,0,0,0,0,0,0,0,98,2,0
top,adidas originals,109.0,Bez rękawów,koszulka regular fit,3.33,100,0,0,0,0,0,0,0,0,0,0,0,0,0,100,0,0
t-shirt z nadrukiem,henry tiger,159.99,Krótki rękaw,koszulka regular fit,3.33,100,0,0,0,0,0,0,0,0,0,0,0,0,0,100,0,0
t-shirt basic,pepe jeans,139.0,Krótki rękaw,koszulka regular fit,3.33,100,0,0,0,0,0,0,0,0,0,0,0,0,0,100,0,0
t-shirt z nadrukiem,les deux,242.0,Krótki rękaw,koszulka regular fit,3.33,100,0,0,0,0,0,0,0,0,0,0,0,0,0,100,0,0
t-shirt basic,s.oliver,109.99,Krótki rękaw,koszulka regular fit,3.33,90,0,0,10,0,0,0,0,0,0,0,0,0,0,90,0,0
t-shirt basic,s.oliver,109.99,Krótki rękaw,koszulka regular fit,3.33,90,0,0,10,0,0,0,0,0,0,0,0,0,0,90,0,0
t-shirt basic,s.oliver,109.99,Krótki rękaw,koszulka regular fit,3.33,90,0,0,10,0,0,0,0,0,0,0,0,0,0,90,0,0
t-shirt z nadrukiem,s.oliver,251.0,Krótki rękaw,koszulka regular fit,3.33,100,0,0,0,0,0,0,0,0,0,0,0,0,0,100,0,0
t-shirt z nadrukiem,guess,195.0,Krótki rękaw,koszulka regular fit,3.33,100,0,0,0,0,0,0,0,0,0,0,0,0,0,100,0,0
t-shirt z nadrukiem,guess,195.0,Krótki rękaw,koszulka regular fit,3.33,100,0,0,0,0,0,0,0,0,0,0,0,0,0,100,0,0
t-shirt z nadrukiem,guess,195.0,Krótki rękaw,koszulka regular fit,3.33,100,0,0,0,0,0,0,0,0,0,0,0,0,0,100,0,0
koszulka polo,street one,139.0,Krótki rękaw,koszulka regular fit,3.33,100,0,0,0,0,0,0,0,0,0,0,0,0,0,100,0,0
t-shirt basic,pegador,143.0,Półrękawek,koszulka oversize,22.7,100,0,0,0,0,0,0,0,0,0,0,0,0,0,100,0,0
t-shirt basic,pegador,143.0,Półrękawek,koszulka oversize,22.7,100,0,0,0,0,0,0,0,0,0,0,0,0,0,100,0,0
t-shirt basic,pegador,143.0,Półrękawek,koszulka oversize,22.7,100,0,0,0,0,0,0,0,0,0,0,0,0,0,100,0,0
koszulka polo,helly hansen,279.0,Krótki rękaw,koszulka regular fit,3.33,100,0,0,0,0,0,0,0,0,0,0,0,0,0,100,0,0
t-shirt basic,blkvis unisex,90.0,Krótki rękaw,koszulka regular fit,3.33,100,0,0,0,0,0,0,0,0,0,0,0,0,0,100,0,0
t-shirt basic,jp1880,160.99,Krótki rękaw,koszulka regular fit,3.33,100,0,0,0,0,0,0,0,0,0,0,0,0,0,100,0,0
koszulka polo,helly hansen,279.0,Krótki rękaw,koszulka regular fit,3.33,100,0,0,0,0,0,0,0,0,0,0,0,0,0,100,0,0
t-shirt basic,blkvis unisex,90.0,Krótki rękaw,koszulka regular fit,3.33,100,0,0,0,0,0,0,0,0,0,0,0,0,0,100,0,0
t-shirt basic,blkvis unisex,90.0,Krótki rękaw,koszulka regular fit,3.33,100,0,0,0,0,0,0,0,0,0,0,0,0,0,100,0,0
koszulka polo,lacoste,499.0,Krótki rękaw,koszulka regular fit,3.33,100,0,0,0,0,0,0,0,0,0,0,0,0,0,100,0,0
t-shirt basic,jack & jones,79.99,Krótki rękaw,koszulka regular fit,3.33,100,0,0,0,0,0,0,0,0,0,0,0,0,0,100,0,0
t-shirt basic,jack & jones,79.99,Krótki rękaw,koszulka regular fit,3.33,100,0,0,0,0,0,0,0,0,0,0,0,0,0,100,0,0
t-shirt basic,jack & jones,79.99,Krótki rękaw,koszulka regular fit,3.33,100,0,0,0,0,0,0,0,0,0,0,0,0,0,100,0,0
t-shirt z nadrukiem,billabong,129.0,Krótki rękaw,koszulka regular fit,3.33,100,0,0,0,0,0,0,0,0,0,0,0,0,0,100,0,0
t-shirt basic,nike performance,152.0,Krótki rękaw,koszulka regular fit,3.33,0,100,0,0,0,0,0,0,0,0,0,0,0,0,0,100,0
t-shirt z nadrukiem,billabong,129.0,Krótki rękaw,koszulka regular fit,3.33,100,0,0,0,0,0,0,0,0,0,0,0,0,0,100,0,0
t-shirt z nadrukiem,billabong,129.0,Krótki rękaw,koszulka regular fit,3.33,100,0,0,0,0,0,0,0,0,0,0,0,0,0,100,0,0
bluzka z długim rękawem,bogner,562.0,Długi rękaw,koszulka regular fit,3.33,100,0,0,0,0,0,0,0,0,0,0,0,0,0,100,0,0
t-shirt z nadrukiem,yourturn regular,59.0,Półrękawek,koszulka regular fit,3.33,100,0,0,0,0,0,0,0,0,0,0,0,0,0,100,0,0
koszulka polo,puma,109.0,Krótki rękaw,koszulka regular fit,3.33,96,0,4,0,0,0,0,0,0,0,0,0,0,0,96,4,0
bluzka z długim rękawem,bogner,562.0,Długi rękaw,koszulka regular fit,3.33,100,0,0,0,0,0,0,0,0,0,0,0,0,0,100,0,0
koszulka polo,casual friday,129.0,Krótki rękaw,koszulka regular fit,3.33,100,0,0,0,0,0,0,0,0,0,0,0,0,0,100,0,0
t-shirt basic,dropsize,82.0,Półrękawek,koszulka oversize,22.7,100,0,0,0,0,0,0,0,0,0,0,0,0,0,100,0,0
koszulka polo,pier one,101.0,Krótki rękaw,koszulka slim fit,32.2,100,0,0,0,0,0,0,0,0,0,0,0,0,0,100,0,0
koszulka polo,terranova,79.99,Krótki rękaw,koszulka regular fit,3.33,94,0,6,0,0,0,0,0,0,0,0,0,0,0,94,6,0
t-shirt basic,guess,155.0,Krótki rękaw,koszulka regular fit,3.33,48,0,5,0,0,0,0,0,0,0,47,0,0,0,48,5,0
t-shirt z nadrukiem,vans,103.0,Krótki rękaw,koszulka regular fit,3.33,100,0,0,0,0,0,0,0,0,0,0,0,0,0,100,0,0
t-shirt basic,urban classics,58.0,Półrękawek,koszulka loose fit,3.33,100,0,0,0,0,0,0,0,0,0,0,0,0,0,100,0,0
t-shirt z nadrukiem,mister tee,55.0,Krótki rękaw,koszulka regular fit,3.33,100,0,0,0,0,0,0,0,0,0,0,0,0,0,100,0,0
t-shirt z nadrukiem,nils sundström,99.95,Krótki rękaw,koszulka regular fit,3.33,100,0,0,0,0,0,0,0,0,0,0,0,0,0,100,0,0
t-shirt basic,boggi milano,419.0,Krótki rękaw,koszulka loose fit,3.33,100,0,0,0,0,0,0,0,0,0,0,0,0,0,100,0,0
t-shirt basic,boggi milano,529.0,Krótki rękaw,koszulka regular fit,3.33,100,0,0,0,0,0,0,0,0,0,0,0,0,0,100,0,0
koszulka polo,polo ralph lauren,539.0,Krótki rękaw,koszulka regular fit,3.33,100,0,0,0,0,0,0,0,0,0,0,0,0,0,100,0,0
top,jordan,143.0,Bez rękawów,koszulka regular fit,3.33,0,84,16,0,0,0,0,0,0,0,0,0,0,0,0,100,0
koszulka sportowa,venum lazer,229.0,Krótki rękaw,koszulka regular fit,3.33,0,90,10,0,0,0,0,0,0,0,0,0,0,0,0,100,0
koszulka polo,polo ralph lauren,476.0,Krótki rękaw,koszulka regular fit,3.33,100,0,0,0,0,0,0,0,0,0,0,0,0,0,100,0,0
koszulka polo,boggi milano,529.0,Krótki rękaw,koszulka regular fit,3.33,71,29,0,0,0,0,0,0,0,0,0,0,0,0,71,29,0
t-shirt z nadrukiem,jack & jones,69.99,Krótki rękaw,koszulka regular fit,3.33,100,0,0,0,0,0,0,0,0,0,0,0,0,0,100,0,0
bluzka z długim rękawem,ea7 emporio armani,409.0,Długi rękaw,koszulka regular fit,3.33,95,0,5,0,0,0,0,0,0,0,0,0,0,0,95,5,0
top,blend,60.0,Bez rękawów,koszulka regular fit,3.33,100,0,0,0,0,0,0,0,0,0,0,0,0,0,100,0,0
t-shirt z nadrukiem,armani exchange,229.0,Krótki rękaw,koszulka regular fit,3.33,100,0,0,0,0,0,0,0,0,0,0,0,0,0,100,0,0
koszulka polo,jack & jones,101.45,Krótki rękaw,koszulka regular fit,3.33,100,0,0,0,0,0,0,0,0,0,0,0,0,0,100,0,0
koszulka polo,farah blanes,360.0,Krótki rękaw,koszulka slim fit,32.2,100,0,0,0,0,0,0,0,0,0,0,0,0,0,100,0,0
t-shirt basic,next,104.0,Krótki rękaw,koszulka regular fit,3.33,0,94,6,0,0,0,0,0,0,0,0,0,0,0,0,100,0
t-shirt z nadrukiem,wasted paris,179.0,Krótki rękaw,koszulka loose fit,3.33,100,0,0,0,0,0,0,0,0,0,0,0,0,0,100,0,0
koszulka polo,jp1880,116.99,Krótki rękaw,koszulka regular fit,3.33,100,0,0,0,0,0,0,0,0,0,0,0,0,0,100,0,0
t-shirt z nadrukiem,nike sportswear,116.0,Krótki rękaw,koszulka regular fit,3.33,100,0,0,0,0,0,0,0,0,0,0,0,0,0,100,0,0
t-shirt z nadrukiem,jack & jones,89.99,Krótki rękaw,koszulka regular fit,3.33,100,0,0,0,0,0,0,0,0,0,0,0,0,0,100,0,0
t-shirt z nadrukiem,ea7 emporio armani,319.0,Krótki rękaw,koszulka loose fit,3.33,100,0,0,0,0,0,0,0,0,0,0,0,0,0,100,0,0
t-shirt z nadrukiem,rockshirts motörhead,99.0,Krótki rękaw,koszulka regular fit,3.33,100,0,0,0,0,0,0,0,0,0,0,0,0,0,100,0,0
t-shirt basic,teeshoppen,575.0,Krótki rękaw,koszulka regular fit,3.33,100,0,0,0,0,0,0,0,0,0,0,0,0,0,100,0,0
t-shirt z nadrukiem,only & sons,74.0,Krótki rękaw,koszulka regular fit,3.33,100,0,0,0,0,0,0,0,0,0,0,0,0,0,100,0,0
bluzka z długim rękawem,nike acg,233.0,Długi rękaw,koszulka regular fit,3.33,0,91,4,0,5,0,0,0,0,0,0,0,0,0,5,95,5
bluzka z długim rękawem,pull&bear,89.9,Długi rękaw,koszulka regular fit,3.33,100,0,0,0,0,0,0,0,0,0,0,0,0,0,100,0,0
koszulka polo,boggi milano,739.0,Krótki rękaw,koszulka regular fit,3.33,94,0,6,0,0,0,0,0,0,0,0,0,0,0,94,6,0
koszulka polo,boggi milano,579.0,Krótki rękaw,koszulka regular fit,3.33,100,0,0,0,0,0,0,0,0,0,0,0,0,0,100,0,0
t-shirt z nadrukiem,the north face,199.0,Krótki rękaw,koszulka regular fit,3.33,100,0,0,0,0,0,0,0,0,0,0,0,0,0,100,0,0
koszulka polo,mcs,169.99,Krótki rękaw,koszulka regular fit,3.33,100,0,0,0,0,0,0,0,0,0,0,0,0,0,100,0,0
bluzka z długim rękawem,carhartt wip,179.0,Długi rękaw,koszulka regular fit,3.33,100,0,0,0,0,0,0,0,0,0,0,0,0,0,100,0,0
t-shirt z nadrukiem,lonsdale,159.0,Krótki rękaw,koszulka regular fit,3.33,100,0,0,0,0,0,0,0,0,0,0,0,0,0,100,0,0
koszulka polo,boss,769.0,Krótki rękaw,koszulka regular fit,3.33,100,0,0,0,0,0,0,0,0,0,0,0,0,0,100,0,0
t-shirt basic,scalpers,137.35,Krótki rękaw,koszulka regular fit,3.33,100,0,0,0,0,0,0,0,0,0,0,0,0,0,100,0,0
t-shirt basic,jack & jones,69.99,Krótki rękaw,koszulka regular fit,3.33,100,0,0,0,0,0,0,0,0,0,0,0,0,0,100,0,0
t-shirt basic,jack & jones,129.0,Krótki rękaw,koszulka loose fit,3.33,100,0,0,0,0,0,0,0,0,0,0,0,0,0,100,0,0
t-shirt z nadrukiem,street one,89.9,Krótki rękaw,koszulka regular fit,3.33,100,0,0,0,0,0,0,0,0,0,0,0,0,0,100,0,0
t-shirt basic,s.oliver,69.99,Krótki rękaw,koszulka regular fit,3.33,100,0,0,0,0,0,0,0,0,0,0,0,0,0,100,0,0
t-shirt basic,weekday shrunken,109.0,Krótki rękaw,koszulka regular fit,3.33,100,0,0,0,0,0,0,0,0,0,0,0,0,0,100,0,0
t-shirt z nadrukiem,wrangler,179.0,Krótki rękaw,koszulka regular fit,3.33,100,0,0,0,0,0,0,0,0,0,0,0,0,0,100,0,0
t-shirt z nadrukiem,rockshirts amorphis,99.0,Krótki rękaw,koszulka regular fit,3.33,100,0,0,0,0,0,0,0,0,0,0,0,0,0,100,0,0
koszulka sportowa,hummel,159.0,Krótki rękaw,koszulka regular fit,3.33,0,100,0,0,0,0,0,0,0,0,0,0,0,0,0,100,0
koszulka polo,calvin klein,289.0,Krótki rękaw,koszulka loose fit,3.33,52,45,3,0,0,0,0,0,0,0,0,0,0,0,52,48,0
t-shirt z nadrukiem,rockshirts ac/dc,99.0,Krótki rękaw,koszulka regular fit,3.33,100,0,0,0,0,0,0,0,0,0,0,0,0,0,100,0,0
t-shirt basic,puma,129.99,Krótki rękaw,koszulka regular fit,3.33,60,40,0,0,0,0,0,0,0,0,0,0,0,0,60,40,0
t-shirt basic,wrangler,119.0,Krótki rękaw,koszulka regular fit,3.33,100,0,0,0,0,0,0,0,0,0,0,0,0,0,100,0,0
koszulka sportowa,quiksilver,98.0,Krótki rękaw,koszulka regular fit,3.33,100,0,0,0,0,0,0,0,0,0,0,0,0,0,100,0,0
t-shirt z nadrukiem,napapijri,108.0,Krótki rękaw,koszulka regular fit,3.33,100,0,0,0,0,0,0,0,0,0,0,0,0,0,100,0,0
t-shirt basic,ecoalf,159.0,Krótki rękaw,koszulka regular fit,3.33,100,0,0,0,0,0,0,0,0,0,0,0,0,0,100,0,0
t-shirt z nadrukiem,ea7 emporio armani,359.0,Krótki rękaw,koszulka regular fit,3.33,53,42,5,0,0,0,0,0,0,0,0,0,0,0,53,47,0
t-shirt z nadrukiem,adidas sportswear,109.0,Krótki rękaw,koszulka regular fit,3.33,100,0,0,0,0,0,0,0,0,0,0,0,0,0,100,0,0
koszulka polo,we fashion,259.0,Krótki rękaw,koszulka regular fit,3.33,100,0,0,0,0,0,0,0,0,0,0,0,0,0,100,0,0
t-shirt z nadrukiem,malbon bermuda,379.0,Krótki rękaw,koszulka regular fit,3.33,100,0,0,0,0,0,0,0,0,0,0,0,0,0,100,0,0
t-shirt z nadrukiem,k,98.0,Krótki rękaw,koszulka regular fit,3.33,0,84,16,0,0,0,0,0,0,0,0,0,0,0,0,100,0
t-shirt z nadrukiem,dropsize,82.0,Półrękawek,koszulka loose fit,3.33,100,0,0,0,0,0,0,0,0,0,0,0,0,0,100,0,0
t-shirt z nadrukiem,karl kani,118.0,Półrękawek,koszulka loose fit,3.33,100,0,0,0,0,0,0,0,0,0,0,0,0,0,100,0,0
koszulka sportowa,hummel,101.7,Krótki rękaw,koszulka regular fit,3.33,0,100,0,0,0,0,0,0,0,0,0,0,0,0,0,100,0
t-shirt basic,solid,56.0,Krótki rękaw,koszulka regular fit,3.33,60,40,0,0,0,0,0,0,0,0,0,0,0,0,60,40,0
t-shirt basic,jack & jones,308.0,Krótki rękaw,koszulka regular fit,3.33,100,0,0,0,0,0,0,0,0,0,0,0,0,0,100,0,0
t-shirt z nadrukiem,roberto cavalli,1779.0,Półrękawek,koszulka loose fit,3.33,100,0,0,0,0,0,0,0,0,0,0,0,0,0,100,0,0
t-shirt z nadrukiem,don't waste,144.0,Krótki rękaw,koszulka regular fit,3.33,100,0,0,0,0,0,0,0,0,0,0,0,0,0,100,0,0
t-shirt z nadrukiem,tommy jeans,169.0,Krótki rękaw,koszulka regular fit,3.33,100,0,0,0,0,0,0,0,0,0,0,0,0,0,100,0,0
koszulka sportowa,under armour,179.0,Krótki rękaw,koszulka regular fit,3.33,0,100,0,0,0,0,0,0,0,0,0,0,0,0,0,100,0
t-shirt basic,massimo dutti,129.0,Krótki rękaw,koszulka regular fit,3.33,80,0,0,20,0,0,0,0,0,0,0,0,0,0,80,0,0
t-shirt basic,selected,161.0,Krótki rękaw,koszulka regular fit,3.33,100,0,0,0,0,0,0,0,0,0,0,0,0,0,100,0,0
t-shirt basic,jack & jones,257.0,Krótki rękaw,koszulka regular fit,3.33,92,0,8,0,0,0,0,0,0,0,0,0,0,0,92,8,0
t-shirt z nadrukiem,rossignol cliffside,188.0,Krótki rękaw,koszulka regular fit,3.33,100,0,0,0,0,0,0,0,0,0,0,0,0,0,100,0,0
t-shirt z nadrukiem,only & sons,74.0,Krótki rękaw,koszulka regular fit,3.33,100,0,0,0,0,0,0,0,0,0,0,0,0,0,100,0,0
t-shirt z nadrukiem,obey clothing,159.0,Krótki rękaw,koszulka regular fit,3.33,100,0,0,0,0,0,0,0,0,0,0,0,0,0,100,0,0
t-shirt z nadrukiem,les benjamins,379.0,Półrękawek,koszulka loose fit,3.33,100,0,0,0,0,0,0,0,0,0,0,0,0,0,100,0,0
t-shirt basic,gap,159.0,Krótki rękaw,koszulka regular fit,3.33,100,0,0,0,0,0,0,0,0,0,0,0,0,0,100,0,0
t-shirt z nadrukiem,champion,170.0,Krótki rękaw,koszulka regular fit,3.33,100,0,0,0,0,0,0,0,0,0,0,0,0,0,100,0,0
t-shirt z nadrukiem,champion,149.0,Krótki rękaw,koszulka regular fit,3.33,100,0,0,0,0,0,0,0,0,0,0,0,0,0,100,0,0
t-shirt z nadrukiem,tommy jeans,152.0,Krótki rękaw,koszulka regular fit,3.33,100,0,0,0,0,0,0,0,0,0,0,0,0,0,100,0,0
top,icaniwill,103.0,Bez rękawów,koszulka regular fit,3.33,0,90,10,0,0,0,0,0,0,0,0,0,0,0,0,100,0
t-shirt basic,ea7 emporio armani,269.0,Krótki rękaw,koszulka regular fit,3.33,100,0,0,0,0,0,0,0,0,0,0,0,0,0,100,0,0
t-shirt basic,koroshi,199.0,Krótki rękaw,koszulka regular fit,3.33,95,4,1,0,0,0,0,0,0,0,0,0,0,0,95,5,0
t-shirt z nadrukiem,the north face,206.0,Krótki rękaw,koszulka regular fit,3.33,100,0,0,0,0,0,0,0,0,0,0,0,0,0,100,0,0
t-shirt basic,karl lagerfeld,350.0,Krótki rękaw,koszulka regular fit,3.33,95,0,5,0,0,0,0,0,0,0,0,0,0,0,95,5,0
t-shirt basic,k,161.0,Krótki rękaw,koszulka regular fit,3.33,100,0,0,0,0,0,0,0,0,0,0,0,0,0,100,0,0
t-shirt basic,joules,134.0,Krótki rękaw,koszulka regular fit,3.33,100,0,0,0,0,0,0,0,0,0,0,0,0,0,100,0,0
t-shirt z nadrukiem,jack & jones,71.95,Krótki rękaw,koszulka loose fit,3.33,100,0,0,0,0,0,0,0,0,0,0,0,0,0,100,0,0
top,ea7 emporio armani,224.0,Bez rękawów,koszulka regular fit,3.33,100,0,0,0,0,0,0,0,0,0,0,0,0,0,100,0,0
t-shirt z nadrukiem,vertere berlin,130.0,Półrękawek,koszulka loose fit,3.33,100,0,0,0,0,0,0,0,0,0,0,0,0,0,100,0,0
t-shirt basic,carhartt wip,179.0,Krótki rękaw,koszulka loose fit,3.33,100,0,0,0,0,0,0,0,0,0,0,0,0,0,100,0,0
t-shirt z nadrukiem,jp1880,213.99,Krótki rękaw,koszulka regular fit,3.33,100,0,0,0,0,0,0,0,0,0,0,0,0,0,100,0,0
t-shirt z nadrukiem,pier one,69.0,Długi rękaw,koszulka regular fit,3.33,100,0,0,0,0,0,0,0,0,0,0,0,0,0,100,0,0
koszulka polo,nike performance,189.0,Krótki rękaw,koszulka loose fit,3.33,0,100,0,0,0,0,0,0,0,0,0,0,0,0,0,100,0
bluzka z długim rękawem,norrøna femund,359.0,Długi rękaw,koszulka regular fit,3.33,0,100,0,0,0,0,0,0,0,0,0,0,0,0,0,100,0
top,under armour,150.0,Bez rękawów,koszulka regular fit,3.33,0,84,16,0,0,0,0,0,0,0,0,0,0,0,0,100,0
t-shirt z nadrukiem,karl lagerfeld,289.0,Krótki rękaw,koszulka regular fit,3.33,100,0,0,0,0,0,0,0,0,0,0,0,0,0,100,0,0
bluzka z długim rękawem,solid,84.0,Długi rękaw,koszulka regular fit,3.33,100,0,0,0,0,0,0,0,0,0,0,0,0,0,100,0,0
koszulka polo,u.s. polo assn.,169.99,Krótki rękaw,koszulka regular fit,3.33,100,0,0,0,0,0,0,0,0,0,0,0,0,0,100,0,0
bluzka z długim rękawem,levi's®,179.0,Długi rękaw,koszulka regular fit,3.33,100,0,0,0,0,0,0,0,0,0,0,0,0,0,100,0,0
t-shirt basic,champion,98.0,Krótki rękaw,koszulka regular fit,3.33,100,0,0,0,0,0,0,0,0,0,0,0,0,0,100,0,0
t-shirt z nadrukiem,alpha industries,149.99,Krótki rękaw,koszulka regular fit,3.33,100,0,0,0,0,0,0,0,0,0,0,0,0,0,100,0,0
t-shirt basic,ellesse,169.95,Krótki rękaw,koszulka regular fit,3.33,100,0,0,0,0,0,0,0,0,0,0,0,0,0,100,0,0
bluzka z długim rękawem,bdg urban,219.0,Długi rękaw,koszulka loose fit,3.33,60,40,0,0,0,0,0,0,0,0,0,0,0,0,60,40,0
t-shirt z nadrukiem,next,65.0,Krótki rękaw,koszulka regular fit,3.33,100,0,0,0,0,0,0,0,0,0,0,0,0,0,100,0,0
top,karl lagerfeld,219.0,Bez rękawów,koszulka regular fit,3.33,50,50,0,0,0,0,0,0,0,0,0,0,0,0,50,50,0
koszulka polo,superdry &,229.0,Krótki rękaw,koszulka regular fit,3.33,100,0,0,0,0,0,0,0,0,0,0,0,0,0,100,0,0
t-shirt basic,next,104.0,Krótki rękaw,koszulka regular fit,3.33,0,94,6,0,0,0,0,0,0,0,0,0,0,0,0,100,0
koszulka polo,jack & jones,119.95,Krótki rękaw,koszulka regular fit,3.33,100,0,0,0,0,0,0,0,0,0,0,0,0,0,100,0,0
t-shirt basic,balmohk,74.99,Krótki rękaw,koszulka loose fit,3.33,100,0,0,0,0,0,0,0,0,0,0,0,0,0,100,0,0
koszulka sportowa,nike performance,159.0,Krótki rękaw,koszulka regular fit,3.33,57,43,0,0,0,0,0,0,0,0,0,0,0,0,57,43,0
t-shirt basic,the kooples,429.0,Krótki rękaw,koszulka regular fit,3.33,100,0,0,0,0,0,0,0,0,0,0,0,0,0,100,0,0
t-shirt basic,avx,212.5,Krótki rękaw,koszulka regular fit,3.33,100,0,0,0,0,0,0,0,0,0,0,0,0,0,100,0,0
t-shirt basic,boggi milano,419.0,Krótki rękaw,koszulka loose fit,3.33,55,39,6,0,0,0,0,0,0,0,0,0,0,0,55,45,0
koszulka sportowa,adidas performance,161.0,Krótki rękaw,koszulka regular fit,3.33,35,65,0,0,0,0,0,0,0,0,0,0,0,0,35,65,0
t-shirt z nadrukiem,quiksilver,70.0,Krótki rękaw,koszulka regular fit,3.33,100,0,0,0,0,0,0,0,0,0,0,0,0,0,100,0,0
koszulka polo,marc o'polo,260.0,Krótki rękaw,koszulka regular fit,3.33,100,0,0,0,0,0,0,0,0,0,0,0,0,0,100,0,0
bluzka z długim rękawem,lyle &,139.0,Długi rękaw,koszulka regular fit,3.33,100,0,0,0,0,0,0,0,0,0,0,0,0,0,100,0,0
t-shirt basic,allsaints brace,215.0,Krótki rękaw,koszulka regular fit,3.33,100,0,0,0,0,0,0,0,0,0,0,0,0,0,100,0,0
t-shirt z nadrukiem,the north face,101.0,Krótki rękaw,koszulka regular fit,3.33,100,0,0,0,0,0,0,0,0,0,0,0,0,0,100,0,0
t-shirt basic,les deux,197.0,Krótki rękaw,koszulka regular fit,3.33,100,0,0,0,0,0,0,0,0,0,0,0,0,0,100,0,0
koszulka polo,u.s. polo assn.,191.0,Krótki rękaw,koszulka regular fit,3.33,95,0,5,0,0,0,0,0,0,0,0,0,0,0,95,5,0
t-shirt basic,selected,98.0,Krótki rękaw,koszulka regular fit,3.33,100,0,0,0,0,0,0,0,0,0,0,0,0,0,100,0,0
t-shirt z nadrukiem,jp1880,160.99,Krótki rękaw,koszulka regular fit,3.33,0,100,0,0,0,0,0,0,0,0,0,0,0,0,0,100,0
t-shirt z nadrukiem,k,199.0,Krótki rękaw,koszulka regular fit,3.33,0,84,16,0,0,0,0,0,0,0,0,0,0,0,0,100,0
koszulka polo,bogner,750.0,Krótki rękaw,koszulka regular fit,3.33,0,96,4,0,0,0,0,0,0,0,0,0,0,0,0,100,0
koszulka sportowa,dc shoes,149.99,Krótki rękaw,koszulka regular fit,3.33,100,0,0,0,0,0,0,0,0,0,0,0,0,0,100,0,0
t-shirt basic,pepe jeans,136.0,Krótki rękaw,koszulka regular fit,3.33,95,0,5,0,0,0,0,0,0,0,0,0,0,0,95,5,0
bluzka z długim rękawem,misbhv unisex,839.0,Długi rękaw,koszulka slim fit,32.2,62,0,6,0,0,0,0,0,32,0,0,0,0,0,62,38,0
t-shirt z nadrukiem,ellesse gelateria,139.0,Krótki rękaw,koszulka regular fit,3.33,0,0,10,0,0,0,0,0,90,0,0,0,0,0,0,100,0
t-shirt basic,jack & jones,233.0,Krótki rękaw,koszulka regular fit,3.33,100,0,0,0,0,0,0,0,0,0,0,0,0,0,100,0,0
t-shirt basic,pull&bear muscle,45.9,Krótki rękaw,koszulka regular fit,3.33,100,0,0,0,0,0,0,0,0,0,0,0,0,0,100,0,0
koszulka polo,next,146.0,Krótki rękaw,koszulka regular fit,3.33,100,0,0,0,0,0,0,0,0,0,0,0,0,0,100,0,0
t-shirt z nadrukiem,jack & jones,99.99,Krótki rękaw,koszulka regular fit,3.33,100,0,0,0,0,0,0,0,0,0,0,0,0,0,100,0,0
t-shirt basic,r.d.d. royal,179.99,Krótki rękaw,koszulka regular fit,3.33,100,0,0,0,0,0,0,0,0,0,0,0,0,0,100,0,0
bluzka z długim rękawem,hummel,162.9,Długi rękaw,koszulka slim fit,32.2,0,92,8,0,0,0,0,0,0,0,0,0,0,0,0,100,0
top,carne bollente,339.0,Bez rękawów,koszulka slim fit,32.2,98,0,0,0,0,0,0,0,0,0,0,0,0,2,98,2,0
t-shirt basic,gap,69.0,Krótki rękaw,koszulka loose fit,3.33,100,0,0,0,0,0,0,0,0,0,0,0,0,0,100,0,0
koszulka polo,pepe jeans,295.2,Krótki rękaw,koszulka loose fit,3.33,70,0,0,0,0,30,0,0,0,0,0,0,0,0,100,0,30
t-shirt z nadrukiem,puma,219.0,Krótki rękaw,koszulka regular fit,3.33,100,0,0,0,0,0,0,0,0,0,0,0,0,0,100,0,0
t-shirt z nadrukiem,upscale by,76.0,Krótki rękaw,koszulka loose fit,3.33,100,0,0,0,0,0,0,0,0,0,0,0,0,0,100,0,0
top,lee loose,119.0,Bez rękawów,koszulka loose fit,3.33,100,0,0,0,0,0,0,0,0,0,0,0,0,0,100,0,0
t-shirt z nadrukiem,carhartt wip,289.0,Krótki rękaw,koszulka regular fit,3.33,100,0,0,0,0,0,0,0,0,0,0,0,0,0,100,0,0
t-shirt z nadrukiem,yourturn unisex,32.0,Półrękawek,koszulka loose fit,3.33,100,0,0,0,0,0,0,0,0,0,0,0,0,0,100,0,0
bluzka z długim rękawem,solid,72.0,Długi rękaw,koszulka regular fit,3.33,60,40,0,0,0,0,0,0,0,0,0,0,0,0,60,40,0
t-shirt basic,diesel,303.0,Krótki rękaw,koszulka regular fit,3.33,100,0,0,0,0,0,0,0,0,0,0,0,0,0,100,0,0
t-shirt basic,tommy jeans,90.0,Krótki rękaw,koszulka slim fit,32.2,60,40,0,0,0,0,0,0,0,0,0,0,0,0,60,40,0
top,ciele fstsinglet,339.0,Bez rękawów,koszulka regular fit,3.33,0,100,0,0,0,0,0,0,0,0,0,0,0,0,0,100,0
t-shirt basic,petrol industries,117.0,Krótki rękaw,koszulka regular fit,3.33,95,0,5,0,0,0,0,0,0,0,0,0,0,0,95,5,0
top,solid,62.0,Bez rękawów,koszulka regular fit,3.33,100,0,0,0,0,0,0,0,0,0,0,0,0,0,100,0,0
t-shirt z nadrukiem,scalpers taste,101.25,Krótki rękaw,koszulka loose fit,3.33,100,0,0,0,0,0,0,0,0,0,0,0,0,0,100,0,0
t-shirt z nadrukiem,new balance,116.0,Krótki rękaw,koszulka regular fit,3.33,100,0,0,0,0,0,0,0,0,0,0,0,0,0,100,0,0
koszulka sportowa,the north face,169.0,Krótki rękaw,koszulka regular fit,3.33,0,100,0,0,0,0,0,0,0,0,0,0,0,0,0,100,0
koszulka polo,façonnable,475.0,Krótki rękaw,koszulka regular fit,3.33,100,0,0,0,0,0,0,0,0,0,0,0,0,0,100,0,0
koszulka polo,lacoste,549.0,Krótki rękaw,koszulka regular fit,3.33,100,0,0,0,0,0,0,0,0,0,0,0,0,0,100,0,0
bluzka z długim rękawem,hummel,113.0,Długi rękaw,koszulka regular fit,3.33,0,100,0,0,0,0,0,0,0,0,0,0,0,0,0,100,0
t-shirt z nadrukiem,puma,119.0,Krótki rękaw,koszulka regular fit,3.33,0,100,0,0,0,0,0,0,0,0,0,0,0,0,0,100,0
koszulka polo,hackett london,509.0,Krótki rękaw,koszulka regular fit,3.33,100,0,0,0,0,0,0,0,0,0,0,0,0,0,100,0,0
koszulka sportowa,poc motion,269.0,Krótki rękaw,koszulka regular fit,3.33,0,100,0,0,0,0,0,0,0,0,0,0,0,0,0,100,0
t-shirt z nadrukiem,obey clothing,149.0,Krótki rękaw,koszulka regular fit,3.33,100,0,0,0,0,0,0,0,0,0,0,0,0,0,100,0,0
t-shirt z nadrukiem,allsaints utopia,359.0,Krótki rękaw,koszulka loose fit,3.33,100,0,0,0,0,0,0,0,0,0,0,0,0,0,100,0,0
t-shirt z nadrukiem,k,179.0,Krótki rękaw,koszulka regular fit,3.33,0,84,16,0,0,0,0,0,0,0,0,0,0,0,0,100,0
koszulka sportowa,karma8a,148.0,Krótki rękaw,koszulka loose fit,3.33,56,44,0,0,0,0,0,0,0,0,0,0,0,0,56,44,0
t-shirt z nadrukiem,alpha industries,116.0,Krótki rękaw,koszulka regular fit,3.33,100,0,0,0,0,0,0,0,0,0,0,0,0,0,100,0,0
t-shirt basic,american vintage,260.0,Półrękawek,koszulka loose fit,3.33,100,0,0,0,0,0,0,0,0,0,0,0,0,0,100,0,0
t-shirt basic,nike sportswear,179.0,Krótki rękaw,koszulka regular fit,3.33,100,0,0,0,0,0,0,0,0,0,0,0,0,0,100,0,0
t-shirt z nadrukiem,only & sons,89.0,Półrękawek,koszulka oversize,22.7,100,0,0,0,0,0,0,0,0,0,0,0,0,0,100,0,0
t-shirt basic,lacoste,260.0,Krótki rękaw,koszulka loose fit,3.33,100,0,0,0,0,0,0,0,0,0,0,0,0,0,100,0,0
t-shirt z nadrukiem,filling pieces,469.0,Krótki rękaw,koszulka regular fit,3.33,100,0,0,0,0,0,0,0,0,0,0,0,0,0,100,0,0
t-shirt basic,jack & jones,74.99,Krótki rękaw,koszulka regular fit,3.33,100,0,0,0,0,0,0,0,0,0,0,0,0,0,100,0,0
koszulka sportowa,quiksilver,98.0,Krótki rękaw,koszulka regular fit,3.33,100,0,0,0,0,0,0,0,0,0,0,0,0,0,100,0,0
t-shirt basic,gap,119.0,Krótki rękaw,koszulka regular fit,3.33,100,0,0,0,0,0,0,0,0,0,0,0,0,0,100,0,0
koszulka polo,bershka,99.9,Półrękawek,koszulka loose fit,3.33,100,0,0,0,0,0,0,0,0,0,0,0,0,0,100,0,0
t-shirt z nadrukiem,siksilk,163.0,Krótki rękaw,koszulka slim fit,32.2,0,0,22,0,0,0,0,78,0,0,0,0,0,0,0,100,0
t-shirt z nadrukiem,hackett london,309.0,Krótki rękaw,koszulka regular fit,3.33,100,0,0,0,0,0,0,0,0,0,0,0,0,0,100,0,0
t-shirt z nadrukiem,jack & jones,64.95,Krótki rękaw,koszulka regular fit,3.33,100,0,0,0,0,0,0,0,0,0,0,0,0,0,100,0,0
t-shirt z nadrukiem,jordan,161.0,Krótki rękaw,koszulka regular fit,3.33,100,0,0,0,0,0,0,0,0,0,0,0,0,0,100,0,0
koszulka polo,puma,134.0,Krótki rękaw,koszulka regular fit,3.33,100,0,0,0,0,0,0,0,0,0,0,0,0,0,100,0,0
koszulka polo,levi's®,199.0,Krótki rękaw,koszulka regular fit,3.33,100,0,0,0,0,0,0,0,0,0,0,0,0,0,100,0,0
t-shirt z nadrukiem,s.oliver,109.99,Krótki rękaw,koszulka regular fit,3.33,100,0,0,0,0,0,0,0,0,0,0,0,0,0,100,0,0
koszulka polo,lyle &,175.0,Krótki rękaw,koszulka regular fit,3.33,97,0,3,0,0,0,0,0,0,0,0,0,0,0,97,3,0
t-shirt z nadrukiem,jack & jones,125.95,Krótki rękaw,koszulka regular fit,3.33,100,0,0,0,0,0,0,0,0,0,0,0,0,0,100,0,0
t-shirt z nadrukiem,adidas originals,64.0,Krótki rękaw,koszulka loose fit,3.33,100,0,0,0,0,0,0,0,0,0,0,0,0,0,100,0,0
koszulka reprezentacji,nike performance,339.0,Krótki rękaw,koszulka slim fit,32.2,65,35,0,0,0,0,0,0,0,0,0,0,0,0,65,35,0
t-shirt z nadrukiem,henry tiger,169.99,Krótki rękaw,koszulka regular fit,3.33,100,0,0,0,0,0,0,0,0,0,0,0,0,0,100,0,0
t-shirt z nadrukiem,siksilk,122.0,Półrękawek,koszulka loose fit,3.33,100,0,0,0,0,0,0,0,0,0,0,0,0,0,100,0,0
koszulka polo,sergio tacchini,229.0,Krótki rękaw,koszulka regular fit,3.33,100,0,0,0,0,0,0,0,0,0,0,0,0,0,100,0,0
koszulka polo,hackett london,509.0,Krótki rękaw,koszulka regular fit,3.33,100,0,0,0,0,0,0,0,0,0,0,0,0,0,100,0,0
t-shirt basic,jack & jones,233.0,Krótki rękaw,koszulka regular fit,3.33,100,0,0,0,0,0,0,0,0,0,0,0,0,0,100,0,0
t-shirt z nadrukiem,jack & jones,71.95,Krótki rękaw,koszulka loose fit,3.33,100,0,0,0,0,0,0,0,0,0,0,0,0,0,100,0,0
t-shirt z nadrukiem,weekend offender,103.0,Krótki rękaw,koszulka regular fit,3.33,100,0,0,0,0,0,0,0,0,0,0,0,0,0,100,0,0
koszulka sportowa,under armour,199.0,Krótki rękaw,koszulka regular fit,3.33,0,100,0,0,0,0,0,0,0,0,0,0,0,0,0,100,0
koszulka polo,polo ralph lauren,539.0,Krótki rękaw,koszulka slim fit,32.2,100,0,0,0,0,0,0,0,0,0,0,0,0,0,100,0,0
t-shirt z nadrukiem,redefined rebel,109.0,Krótki rękaw,koszulka loose fit,3.33,100,0,0,0,0,0,0,0,0,0,0,0,0,0,100,0,0
t-shirt z nadrukiem,tommy jeans,85.0,Krótki rękaw,koszulka regular fit,3.33,100,0,0,0,0,0,0,0,0,0,0,0,0,0,100,0,0
koszulka polo,joop!,379.0,Krótki rękaw,koszulka regular fit,3.33,95,0,5,0,0,0,0,0,0,0,0,0,0,0,95,5,0
t-shirt z nadrukiem,pegador caberry,206.0,Półrękawek,koszulka loose fit,3.33,100,0,0,0,0,0,0,0,0,0,0,0,0,0,100,0,0
t-shirt basic,r.d.d. royal,179.99,Półrękawek,koszulka loose fit,3.33,100,0,0,0,0,0,0,0,0,0,0,0,0,0,100,0,0
koszulka polo,fq1924 peter,186.0,Krótki rękaw,koszulka regular fit,3.33,96,0,4,0,0,0,0,0,0,0,0,0,0,0,96,4,0
koszulka sportowa,puma,143.0,Krótki rękaw,koszulka regular fit,3.33,0,100,0,0,0,0,0,0,0,0,0,0,0,0,0,100,0
t-shirt z nadrukiem,jack & jones,59.99,Krótki rękaw,koszulka regular fit,3.33,100,0,0,0,0,0,0,0,0,0,0,0,0,0,100,0,0
koszulka polo,joules,201.0,Krótki rękaw,koszulka regular fit,3.33,100,0,0,0,0,0,0,0,0,0,0,0,0,0,100,0,0
koszulka sportowa,helly hansen,199.0,Krótki rękaw,koszulka regular fit,3.33,0,96,4,0,0,0,0,0,0,0,0,0,0,0,0,100,0
t-shirt basic,on,360.0,Krótki rękaw,koszulka regular fit,3.33,0,100,0,0,0,0,0,0,0,0,0,0,0,0,0,100,0
t-shirt z nadrukiem,tommy jeans,90.0,Krótki rękaw,koszulka regular fit,3.33,100,0,0,0,0,0,0,0,0,0,0,0,0,0,100,0,0
t-shirt basic,avx,212.5,Krótki rękaw,koszulka regular fit,3.33,100,0,0,0,0,0,0,0,0,0,0,0,0,0,100,0,0
t-shirt z nadrukiem,thinking mu,256.0,Krótki rękaw,koszulka regular fit,3.33,100,0,0,0,0,0,0,0,0,0,0,0,0,0,100,0,0
artykuły klubowe,adidas performance,649.0,Krótki rękaw,koszulka regular fit,3.33,0,100,0,0,0,0,0,0,0,0,0,0,0,0,0,100,0
t-shirt z nadrukiem,allsaints terra,305.0,Półrękawek,koszulka loose fit,3.33,100,0,0,0,0,0,0,0,0,0,0,0,0,0,100,0,0
t-shirt z nadrukiem,fq1924 fqivar,82.0,Krótki rękaw,koszulka regular fit,3.33,100,0,0,0,0,0,0,0,0,0,0,0,0,0,100,0,0
t-shirt basic,weekday,109.0,Krótki rękaw,koszulka loose fit,3.33,100,0,0,0,0,0,0,0,0,0,0,0,0,0,100,0,0
t-shirt basic,marc o'polo,129.0,Krótki rękaw,koszulka loose fit,3.33,100,0,0,0,0,0,0,0,0,0,0,0,0,0,100,0,0
t-shirt z nadrukiem,hugo,207.0,Półrękawek,koszulka loose fit,3.33,100,0,0,0,0,0,0,0,0,0,0,0,0,0,100,0,0
bluzka z długim rękawem,adidas originals,269.0,Długi rękaw,koszulka regular fit,3.33,100,0,0,0,0,0,0,0,0,0,0,0,0,0,100,0,0
t-shirt z nadrukiem,kappa banda,119.0,Krótki rękaw,koszulka slim fit,32.2,100,0,0,0,0,0,0,0,0,0,0,0,0,0,100,0,0
bluzka z długim rękawem,solid,149.0,Długi rękaw,koszulka loose fit,3.33,100,0,0,0,0,0,0,0,0,0,0,0,0,0,100,0,0
koszulka sportowa,nike performance,116.0,Krótki rękaw,koszulka regular fit,3.33,59,41,0,0,0,0,0,0,0,0,0,0,0,0,59,41,0
t-shirt basic,allsaints brace,215.0,Krótki rękaw,koszulka regular fit,3.33,100,0,0,0,0,0,0,0,0,0,0,0,0,0,100,0,0
t-shirt z nadrukiem,henry tiger,169.99,Krótki rękaw,koszulka regular fit,3.33,100,0,0,0,0,0,0,0,0,0,0,0,0,0,100,0,0
koszulka polo,lacoste,499.0,Krótki rękaw,koszulka regular fit,3.33,100,0,0,0,0,0,0,0,0,0,0,0,0,0,100,0,0
koszulka polo,patrick,136.0,Krótki rękaw,koszulka regular fit,3.33,100,0,0,0,0,0,0,0,0,0,0,0,0,0,100,0,0
t-shirt z nadrukiem,merchcode oversize,82.0,Półrękawek,koszulka oversize,22.7,100,0,0,0,0,0,0,0,0,0,0,0,0,0,100,0,0
t-shirt z nadrukiem,rockshirts,279.0,Krótki rękaw,koszulka regular fit,3.33,100,0,0,0,0,0,0,0,0,0,0,0,0,0,100,0,0
t-shirt z nadrukiem,mister tee,70.0,Krótki rękaw,koszulka regular fit,3.33,100,0,0,0,0,0,0,0,0,0,0,0,0,0,100,0,0
t-shirt z nadrukiem,nike sportswear,143.0,Krótki rękaw,koszulka loose fit,3.33,100,0,0,0,0,0,0,0,0,0,0,0,0,0,100,0,0
koszulka polo,boggi milano,529.0,Krótki rękaw,koszulka regular fit,3.33,56,39,5,0,0,0,0,0,0,0,0,0,0,0,56,44,0
koszulka polo,maison kitsuné,499.0,Krótki rękaw,koszulka regular fit,3.33,100,0,0,0,0,0,0,0,0,0,0,0,0,0,100,0,0
t-shirt z nadrukiem,the north face,139.0,Krótki rękaw,koszulka regular fit,3.33,100,0,0,0,0,0,0,0,0,0,0,0,0,0,100,0,0
koszulka polo,boggi milano,419.0,Krótki rękaw,koszulka regular fit,3.33,95,0,5,0,0,0,0,0,0,0,0,0,0,0,95,5,0
t-shirt z nadrukiem,2y premium,118.0,Półrękawek,koszulka loose fit,3.33,100,0,0,0,0,0,0,0,0,0,0,0,0,0,100,0,0
koszulka polo,napapijri,164.0,Krótki rękaw,koszulka regular fit,3.33,100,0,0,0,0,0,0,0,0,0,0,0,0,0,100,0,0
bluzka z długim rękawem,urban classics,76.0,Długi rękaw,koszulka regular fit,3.33,100,0,0,0,0,0,0,0,0,0,0,0,0,0,100,0,0
t-shirt z nadrukiem,jack & jones,80.0,Krótki rękaw,koszulka regular fit,3.33,100,0,0,0,0,0,0,0,0,0,0,0,0,0,100,0,0
t-shirt basic,def,70.0,Półrękawek,koszulka loose fit,3.33,100,0,0,0,0,0,0,0,0,0,0,0,0,0,100,0,0
koszulka polo,pepe jeans,295.2,Krótki rękaw,koszulka regular fit,3.33,100,0,0,0,0,0,0,0,0,0,0,0,0,0,100,0,0
t-shirt basic,timberland unisex,169.0,Półrękawek,koszulka other,,100,0,0,0,0,0,0,0,0,0,0,0,0,0,100,0,0
t-shirt z nadrukiem,jack & jones,79.95,Krótki rękaw,koszulka regular fit,3.33,100,0,0,0,0,0,0,0,0,0,0,0,0,0,100,0,0
t-shirt z nadrukiem,marc o'polo,139.0,Krótki rękaw,koszulka loose fit,3.33,100,0,0,0,0,0,0,0,0,0,0,0,0,0,100,0,0
t-shirt z nadrukiem,jack & jones,159.0,Krótki rękaw,koszulka regular fit,3.33,100,0,0,0,0,0,0,0,0,0,0,0,0,0,100,0,0
top,yourturn unisex,30.0,Bez rękawów,koszulka slim fit,32.2,0,100,0,0,0,0,0,0,0,0,0,0,0,0,0,100,0
t-shirt z nadrukiem,napapijri elior,179.0,Krótki rękaw,koszulka regular fit,3.33,100,0,0,0,0,0,0,0,0,0,0,0,0,0,100,0,0
t-shirt z nadrukiem,versace jeans couture,382.0,Krótki rękaw,koszulka regular fit,3.33,100,0,0,0,0,0,0,0,0,0,0,0,0,0,100,0,0
t-shirt z nadrukiem,harmont &,312.0,Krótki rękaw,koszulka regular fit,3.33,100,0,0,0,0,0,0,0,0,0,0,0,0,0,100,0,0
koszulka polo,polo ralph lauren,599.0,Krótki rękaw,koszulka regular fit,3.33,100,0,0,0,0,0,0,0,0,0,0,0,0,0,100,0,0
t-shirt z nadrukiem,ps paul,469.0,Krótki rękaw,koszulka regular fit,3.33,60,40,0,0,0,0,0,0,0,0,0,0,0,0,60,40,0
t-shirt basic,pier one,35.0,Krótki rękaw,koszulka slim fit,32.2,100,0,0,0,0,0,0,0,0,0,0,0,0,0,100,0,0
t-shirt z nadrukiem,jack & jones,89.99,Krótki rękaw,koszulka regular fit,3.33,100,0,0,0,0,0,0,0,0,0,0,0,0,0,100,0,0
artykuły klubowe,adidas performance,305.0,Bardzo długi rękaw,koszulka slim fit,32.2,0,100,0,0,0,0,0,0,0,0,0,0,0,0,0,100,0
t-shirt z nadrukiem,kidsuper,103.0,Krótki rękaw,koszulka regular fit,3.33,100,0,0,0,0,0,0,0,0,0,0,0,0,0,100,0,0
koszulka polo,the set,168.0,Krótki rękaw,koszulka regular fit,3.33,100,0,0,0,0,0,0,0,0,0,0,0,0,0,100,0,0
t-shirt z nadrukiem,scotch & soda,229.0,Krótki rękaw,koszulka loose fit,3.33,100,0,0,0,0,0,0,0,0,0,0,0,0,0,100,0,0
t-shirt z nadrukiem,jp1880,213.99,Krótki rękaw,koszulka regular fit,3.33,100,0,0,0,0,0,0,0,0,0,0,0,0,0,100,0,0
t-shirt z nadrukiem,replay,179.0,Krótki rękaw,koszulka regular fit,3.33,100,0,0,0,0,0,0,0,0,0,0,0,0,0,100,0,0
t-shirt basic,allsaints brace,169.27,Krótki rękaw,koszulka regular fit,3.33,100,0,0,0,0,0,0,0,0,0,0,0,0,0,100,0,0
t-shirt basic,lyle &,161.0,Krótki rękaw,koszulka regular fit,3.33,100,0,0,0,0,0,0,0,0,0,0,0,0,0,100,0,0
t-shirt basic,filippa k,269.0,Krótki rękaw,koszulka regular fit,3.33,100,0,0,0,0,0,0,0,0,0,0,0,0,0,100,0,0
spodnie treningowe,lonsdale,179.0,Krótki rękaw,koszulka regular fit,3.33,100,0,0,0,0,0,0,0,0,0,0,0,0,0,100,0,0
t-shirt z nadrukiem,bershka,59.9,Krótki rękaw,koszulka loose fit,3.33,100,0,0,0,0,0,0,0,0,0,0,0,0,0,100,0,0
t-shirt basic,lacoste,269.0,Krótki rękaw,koszulka regular fit,3.33,100,0,0,0,0,0,0,0,0,0,0,0,0,0,100,0,0
koszulka polo,jack & jones,123.45,Krótki rękaw,koszulka regular fit,3.33,100,0,0,0,0,0,0,0,0,0,0,0,0,0,100,0,0
t-shirt basic,tommy hilfiger,152.0,Krótki rękaw,koszulka regular fit,3.33,100,0,0,0,0,0,0,0,0,0,0,0,0,0,100,0,0
t-shirt basic,levi's®,161.0,Krótki rękaw,koszulka regular fit,3.33,100,0,0,0,0,0,0,0,0,0,0,0,0,0,100,0,0
t-shirt z nadrukiem,tiger of,359.0,Krótki rękaw,koszulka regular fit,3.33,100,0,0,0,0,0,0,0,0,0,0,0,0,0,100,0,0
koszulka polo,lyle &,287.0,Krótki rękaw,koszulka regular fit,3.33,97,0,3,0,0,0,0,0,0,0,0,0,0,0,97,3,0
koszulka polo,blkvis,323.0,Półrękawek,koszulka regular fit,3.33,0,0,0,0,30,0,0,0,0,0,0,70,0,0,30,70,30
t-shirt basic,scotch & soda,206.0,Krótki rękaw,koszulka regular fit,3.33,80,0,0,20,0,0,0,0,0,0,0,0,0,0,80,0,0
t-shirt basic,mister tee,58.0,Krótki rękaw,koszulka regular fit,3.33,100,0,0,0,0,0,0,0,0,0,0,0,0,0,100,0,0
t-shirt basic,boss,287.0,Krótki rękaw,koszulka loose fit,3.33,95,0,5,0,0,0,0,0,0,0,0,0,0,0,95,5,0
bluzka z długim rękawem,adidas originals,199.0,Długi rękaw,koszulka regular fit,3.33,46,54,0,0,0,0,0,0,0,0,0,0,0,0,46,54,0
koszulka polo,kappa banda,188.0,Krótki rękaw,koszulka regular fit,3.33,0,100,0,0,0,0,0,0,0,0,0,0,0,0,0,100,0
koszulka polo,karl lagerfeld,278.0,Krótki rękaw,koszulka regular fit,3.33,95,0,5,0,0,0,0,0,0,0,0,0,0,0,95,5,0
t-shirt z nadrukiem,calvin klein,188.0,Krótki rękaw,koszulka regular fit,3.33,100,0,0,0,0,0,0,0,0,0,0,0,0,0,100,0,0
t-shirt basic,s.oliver,89.99,Krótki rękaw,koszulka regular fit,3.33,100,0,0,0,0,0,0,0,0,0,0,0,0,0,100,0,0
t-shirt z nadrukiem,barrow unisex,649.0,Krótki rękaw,koszulka loose fit,3.33,0,100,0,0,0,0,0,0,0,0,0,0,0,0,0,100,0
t-shirt z nadrukiem,yourturn unisex,71.0,Krótki rękaw,koszulka regular fit,3.33,100,0,0,0,0,0,0,0,0,0,0,0,0,0,100,0,0
koszulka polo,tommy hilfiger,279.0,Krótki rękaw,koszulka regular fit,3.33,100,0,0,0,0,0,0,0,0,0,0,0,0,0,100,0,0
t-shirt basic,yourturn unisex,35.0,Półrękawek,koszulka oversize,22.7,100,0,0,0,0,0,0,0,0,0,0,0,0,0,100,0,0
t-shirt z nadrukiem,casual friday,129.0,Krótki rękaw,koszulka regular fit,3.33,100,0,0,0,0,0,0,0,0,0,0,0,0,0,100,0,0
koszulka polo,tommy hilfiger,409.0,Krótki rękaw,koszulka regular fit,3.33,96,0,4,0,0,0,0,0,0,0,0,0,0,0,96,4,0
t-shirt z nadrukiem,jack & jones,67.45,Krótki rękaw,koszulka regular fit,3.33,100,0,0,0,0,0,0,0,0,0,0,0,0,0,100,0,0
bluzka z długim rękawem,boss,649.0,Długi rękaw,koszulka loose fit,3.33,74,0,5,0,0,0,0,0,21,0,0,0,0,0,74,26,0
t-shirt z nadrukiem,ellesse,89.0,Krótki rękaw,koszulka regular fit,3.33,100,0,0,0,0,0,0,0,0,0,0,0,0,0,100,0,0
t-shirt basic,pepe jeans,60.0,Krótki rękaw,koszulka regular fit,3.33,95,0,5,0,0,0,0,0,0,0,0,0,0,0,95,5,0
t-shirt z nadrukiem,adidas originals,143.0,Krótki rękaw,koszulka regular fit,3.33,100,0,0,0,0,0,0,0,0,0,0,0,0,0,100,0,0
t-shirt basic,carhartt wip,219.0,Krótki rękaw,koszulka loose fit,3.33,100,0,0,0,0,0,0,0,0,0,0,0,0,0,100,0,0
t-shirt z nadrukiem,lost youth,118.0,Krótki rękaw,koszulka loose fit,3.33,100,0,0,0,0,0,0,0,0,0,0,0,0,0,100,0,0
t-shirt z nadrukiem,gmbh robin,1039.0,Krótki rękaw,koszulka slim fit,32.2,100,0,0,0,0,0,0,0,0,0,0,0,0,0,100,0,0
koszulka sportowa,nike performance,319.0,Krótki rękaw,koszulka regular fit,3.33,0,100,0,0,0,0,0,0,0,0,0,0,0,0,0,100,0
t-shirt z nadrukiem,jack & jones,67.45,Krótki rękaw,koszulka regular fit,3.33,100,0,0,0,0,0,0,0,0,0,0,0,0,0,100,0,0
t-shirt z nadrukiem,carhartt wip,229.0,Krótki rękaw,koszulka regular fit,3.33,100,0,0,0,0,0,0,0,0,0,0,0,0,0,100,0,0
koszulka polo,boss,404.0,Krótki rękaw,koszulka regular fit,3.33,100,0,0,0,0,0,0,0,0,0,0,0,0,0,100,0,0
t-shirt basic,jack & jones,71.0,Krótki rękaw,koszulka loose fit,3.33,100,0,0,0,0,0,0,0,0,0,0,0,0,0,100,0,0
t-shirt basic,les deux,121.0,Krótki rękaw,koszulka regular fit,3.33,100,0,0,0,0,0,0,0,0,0,0,0,0,0,100,0,0
t-shirt basic,next,292.0,Krótki rękaw,koszulka regular fit,3.33,100,0,0,0,0,0,0,0,0,0,0,0,0,0,100,0,0
t-shirt z nadrukiem,nils sundström,149.95,Krótki rękaw,koszulka regular fit,3.33,100,0,0,0,0,0,0,0,0,0,0,0,0,0,100,0,0
t-shirt basic,farah stacy,230.0,Krótki rękaw,koszulka regular fit,3.33,100,0,0,0,0,0,0,0,0,0,0,0,0,0,100,0,0
t-shirt z nadrukiem,market,106.0,Półrękawek,koszulka loose fit,3.33,100,0,0,0,0,0,0,0,0,0,0,0,0,0,100,0,0
koszulka polo,fynch,127.0,Krótki rękaw,koszulka regular fit,3.33,100,0,0,0,0,0,0,0,0,0,0,0,0,0,100,0,0
bluzka z długim rękawem,blkvis,242.0,Długi rękaw,koszulka loose fit,3.33,100,0,0,0,0,0,0,0,0,0,0,0,0,0,100,0,0
t-shirt z nadrukiem,qs,84.99,Krótki rękaw,koszulka regular fit,3.33,100,0,0,0,0,0,0,0,0,0,0,0,0,0,100,0,0
bluzka z długim rękawem,nike acg,199.0,Długi rękaw,koszulka regular fit,3.33,37,63,0,0,0,0,0,0,0,0,0,0,0,0,37,63,0
t-shirt z nadrukiem,new balance,139.0,Krótki rękaw,koszulka regular fit,3.33,100,0,0,0,0,0,0,0,0,0,0,0,0,0,100,0,0
bluzka z długim rękawem,carhartt wip,159.0,Długi rękaw,koszulka regular fit,3.33,100,0,0,0,0,0,0,0,0,0,0,0,0,0,100,0,0
koszulka polo,boggi milano,419.0,Krótki rękaw,koszulka regular fit,3.33,100,0,0,0,0,0,0,0,0,0,0,0,0,0,100,0,0
t-shirt z nadrukiem,blkvis,199.0,Krótki rękaw,koszulka loose fit,3.33,100,0,0,0,0,0,0,0,0,0,0,0,0,0,100,0,0
t-shirt z nadrukiem,red bull,279.0,Krótki rękaw,koszulka loose fit,3.33,100,0,0,0,0,0,0,0,0,0,0,0,0,0,100,0,0
top,pier one,62.0,Bez rękawów,koszulka regular fit,3.33,100,0,0,0,0,0,0,0,0,0,0,0,0,0,100,0,0
t-shirt z nadrukiem,j.lindeberg,419.0,Krótki rękaw,koszulka regular fit,3.33,100,0,0,0,0,0,0,0,0,0,0,0,0,0,100,0,0
t-shirt basic,yourturn unisex,107.0,"Krótki rękaw, półrękawek",koszulka loose fit,3.33,100,0,0,0,0,0,0,0,0,0,0,0,0,0,100,0,0
koszulka polo,polo ralph lauren,737.0,Krótki rękaw,koszulka regular fit,3.33,100,0,0,0,0,0,0,0,0,0,0,0,0,0,100,0,0
t-shirt z nadrukiem,ellesse,148.75,Krótki rękaw,koszulka regular fit,3.33,100,0,0,0,0,0,0,0,0,0,0,0,0,0,100,0,0
t-shirt z nadrukiem,star wars,169.99,Krótki rękaw,koszulka regular fit,3.33,100,0,0,0,0,0,0,0,0,0,0,0,0,0,100,0,0
t-shirt basic,gap,119.0,Krótki rękaw,koszulka regular fit,3.33,100,0,0,0,0,0,0,0,0,0,0,0,0,0,100,0,0
t-shirt z nadrukiem,rip curl,126.66,Krótki rękaw,koszulka regular fit,3.33,100,0,0,0,0,0,0,0,0,0,0,0,0,0,100,0,0
t-shirt z nadrukiem,wasted paris,161.0,Krótki rękaw,koszulka loose fit,3.33,100,0,0,0,0,0,0,0,0,0,0,0,0,0,100,0,0
t-shirt basic,indicode jeans,89.99,Krótki rękaw,koszulka slim fit,32.2,100,0,0,0,0,0,0,0,0,0,0,0,0,0,100,0,0
t-shirt z nadrukiem,dangerous dngrs,49.0,Półrękawek,koszulka loose fit,3.33,100,0,0,0,0,0,0,0,0,0,0,0,0,0,100,0,0
t-shirt basic,hugo,172.0,Krótki rękaw,koszulka slim fit,32.2,96,0,4,0,0,0,0,0,0,0,0,0,0,0,96,4,0
t-shirt z nadrukiem,les deux,242.0,Krótki rękaw,koszulka regular fit,3.33,100,0,0,0,0,0,0,0,0,0,0,0,0,0,100,0,0
koszulka polo,nike golf,269.0,Krótki rękaw,koszulka regular fit,3.33,0,100,0,0,0,0,0,0,0,0,0,0,0,0,0,100,0
koszulka sportowa,jordan jumpman,139.0,Krótki rękaw,koszulka regular fit,3.33,58,42,0,0,0,0,0,0,0,0,0,0,0,0,58,42,0
t-shirt z nadrukiem,nike sportswear,104.0,Krótki rękaw,koszulka regular fit,3.33,100,0,0,0,0,0,0,0,0,0,0,0,0,0,100,0,0
koszulka sportowa,nike performance,161.0,Krótki rękaw,koszulka slim fit,32.2,0,100,0,0,0,0,0,0,0,0,0,0,0,0,0,100,0
t-shirt z nadrukiem,pier one,84.0,Krótki rękaw,koszulka regular fit,3.33,100,0,0,0,0,0,0,0,0,0,0,0,0,0,100,0,0
t-shirt basic,pier one,97.0,Krótki rękaw,koszulka regular fit,3.33,100,0,0,0,0,0,0,0,0,0,0,0,0,0,100,0,0
t-shirt z nadrukiem,jack & jones,89.95,Krótki rękaw,koszulka loose fit,3.33,100,0,0,0,0,0,0,0,0,0,0,0,0,0,100,0,0
t-shirt basic,superdry &,169.0,Krótki rękaw,koszulka regular fit,3.33,100,0,0,0,0,0,0,0,0,0,0,0,0,0,100,0,0
t-shirt basic,polo ralph lauren,519.0,Krótki rękaw,koszulka regular fit,3.33,90,10,0,0,0,0,0,0,0,0,0,0,0,0,90,10,0
t-shirt z nadrukiem,bershka relax,59.9,Krótki rękaw,koszulka loose fit,3.33,100,0,0,0,0,0,0,0,0,0,0,0,0,0,100,0,0
t-shirt z nadrukiem,carlo colucci,404.0,Krótki rękaw,koszulka loose fit,3.33,100,0,0,0,0,0,0,0,0,0,0,0,0,0,100,0,0
t-shirt z nadrukiem,blauer,206.0,Krótki rękaw,koszulka regular fit,3.33,100,0,0,0,0,0,0,0,0,0,0,0,0,0,100,0,0
t-shirt basic,drykorn quentin,161.0,Krótki rękaw,koszulka regular fit,3.33,100,0,0,0,0,0,0,0,0,0,0,0,0,0,100,0,0
koszulka polo,belstaff,449.0,Krótki rękaw,koszulka regular fit,3.33,100,0,0,0,0,0,0,0,0,0,0,0,0,0,100,0,0
t-shirt z nadrukiem,tommy jeans,90.0,Krótki rękaw,koszulka regular fit,3.33,100,0,0,0,0,0,0,0,0,0,0,0,0,0,100,0,0
t-shirt z nadrukiem,former vet,169.0,Krótki rękaw,koszulka loose fit,3.33,100,0,0,0,0,0,0,0,0,0,0,0,0,0,100,0,0
koszulka polo,only & sons,139.0,Półrękawek,koszulka loose fit,3.33,0,100,0,0,0,0,0,0,0,0,0,0,0,0,0,100,0
t-shirt basic,selected,159.0,Półrękawek,koszulka loose fit,3.33,100,0,0,0,0,0,0,0,0,0,0,0,0,0,100,0,0
artykuły klubowe,adidas performance,299.0,Krótki rękaw,koszulka regular fit,3.33,0,100,0,0,0,0,0,0,0,0,0,0,0,0,0,100,0
t-shirt z nadrukiem,nike performance,161.0,Krótki rękaw,koszulka loose fit,3.33,100,0,0,0,0,0,0,0,0,0,0,0,0,0,100,0,0
koszulka polo,levi's®,129.0,Krótki rękaw,koszulka regular fit,3.33,100,0,0,0,0,0,0,0,0,0,0,0,0,0,100,0,0
t-shirt basic,tommy jeans,329.0,Krótki rękaw,koszulka slim fit,32.2,100,0,0,0,0,0,0,0,0,0,0,0,0,0,100,0,0
t-shirt z nadrukiem,nike acg,162.0,Półrękawek,koszulka loose fit,3.33,37,63,0,0,0,0,0,0,0,0,0,0,0,0,37,63,0
koszulka polo,tommy hilfiger,296.0,Krótki rękaw,koszulka slim fit,32.2,96,0,4,0,0,0,0,0,0,0,0,0,0,0,96,4,0
t-shirt z nadrukiem,jack & jones,67.45,Krótki rękaw,koszulka regular fit,3.33,100,0,0,0,0,0,0,0,0,0,0,0,0,0,100,0,0
koszulka polo,jack & jones,98.0,Krótki rękaw,koszulka regular fit,3.33,100,0,0,0,0,0,0,0,0,0,0,0,0,0,100,0,0
koszulka reprezentacji,puma,279.0,Krótki rękaw,koszulka regular fit,3.33,0,100,0,0,0,0,0,0,0,0,0,0,0,0,0,100,0
t-shirt basic,pepe jeans,135.0,Krótki rękaw,koszulka regular fit,3.33,100,0,0,0,0,0,0,0,0,0,0,0,0,0,100,0,0
t-shirt z nadrukiem,vans,149.0,Krótki rękaw,koszulka regular fit,3.33,100,0,0,0,0,0,0,0,0,0,0,0,0,0,100,0,0
t-shirt z nadrukiem,jack & jones,62.0,Krótki rękaw,koszulka regular fit,3.33,100,0,0,0,0,0,0,0,0,0,0,0,0,0,100,0,0
t-shirt z nadrukiem,rockshirts bon,99.0,Krótki rękaw,koszulka regular fit,3.33,100,0,0,0,0,0,0,0,0,0,0,0,0,0,100,0,0
t-shirt z nadrukiem,carlo colucci,449.0,Krótki rękaw,koszulka regular fit,3.33,100,0,0,0,0,0,0,0,0,0,0,0,0,0,100,0,0
koszulka polo,jack & jones,179.99,Krótki rękaw,koszulka regular fit,3.33,50,50,0,0,0,0,0,0,0,0,0,0,0,0,50,50,0
t-shirt z nadrukiem,jack & jones,53.0,Krótki rękaw,koszulka regular fit,3.33,100,0,0,0,0,0,0,0,0,0,0,0,0,0,100,0,0
t-shirt z nadrukiem,upscale by,76.0,Krótki rękaw,koszulka oversize,22.7,100,0,0,0,0,0,0,0,0,0,0,0,0,0,100,0,0
koszulka polo,jack & jones,152.95,Krótki rękaw,koszulka regular fit,3.33,0,0,0,80,0,0,0,20,0,0,0,0,0,0,0,20,0
t-shirt z nadrukiem,jack & jones,48.95,Półrękawek,koszulka loose fit,3.33,100,0,0,0,0,0,0,0,0,0,0,0,0,0,100,0,0
t-shirt z nadrukiem,zadig &,399.0,Krótki rękaw,koszulka regular fit,3.33,100,0,0,0,0,0,0,0,0,0,0,0,0,0,100,0,0
t-shirt z nadrukiem,ellesse,139.0,Półrękawek,koszulka loose fit,3.33,100,0,0,0,0,0,0,0,0,0,0,0,0,0,100,0,0
t-shirt basic,boggi milano,319.0,Krótki rękaw,koszulka regular fit,3.33,100,0,0,0,0,0,0,0,0,0,0,0,0,0,100,0,0
t-shirt z nadrukiem,jack & jones,63.95,Krótki rękaw,koszulka regular fit,3.33,100,0,0,0,0,0,0,0,0,0,0,0,0,0,100,0,0
t-shirt z nadrukiem,allsaints,325.0,Półrękawek,koszulka loose fit,3.33,100,0,0,0,0,0,0,0,0,0,0,0,0,0,100,0,0
t-shirt basic,the north face,143.0,Krótki rękaw,koszulka loose fit,3.33,100,0,0,0,0,0,0,0,0,0,0,0,0,0,100,0,0
t-shirt z nadrukiem,upscale by,64.0,Krótki rękaw,koszulka regular fit,3.33,100,0,0,0,0,0,0,0,0,0,0,0,0,0,100,0,0
koszulka polo,polo ralph lauren,639.0,Krótki rękaw,koszulka regular fit,3.33,100,0,0,0,0,0,0,0,0,0,0,0,0,0,100,0,0
t-shirt z nadrukiem,pme legend,239.0,Krótki rękaw,koszulka regular fit,3.33,100,0,0,0,0,0,0,0,0,0,0,0,0,0,100,0,0
top,adidas performance,139.0,Bez rękawów,koszulka regular fit,3.33,0,100,0,0,0,0,0,0,0,0,0,0,0,0,0,100,0
t-shirt basic,tiger of,309.0,Krótki rękaw,koszulka loose fit,3.33,100,0,0,0,0,0,0,0,0,0,0,0,0,0,100,0,0
t-shirt basic,polo ralph lauren,379.0,Krótki rękaw,koszulka slim fit,32.2,100,0,0,0,0,0,0,0,0,0,0,0,0,0,100,0,0
t-shirt z nadrukiem,only & sons,99.0,Krótki rękaw,koszulka loose fit,3.33,100,0,0,0,0,0,0,0,0,0,0,0,0,0,100,0,0
koszulka polo,façonnable,410.0,Krótki rękaw,koszulka regular fit,3.33,100,0,0,0,0,0,0,0,0,0,0,0,0,0,100,0,0
t-shirt basic,pier one,35.0,Krótki rękaw,koszulka slim fit,32.2,100,0,0,0,0,0,0,0,0,0,0,0,0,0,100,0,0
t-shirt z nadrukiem,rockshirts decca,109.0,Krótki rękaw,koszulka regular fit,3.33,100,0,0,0,0,0,0,0,0,0,0,0,0,0,100,0,0
t-shirt z nadrukiem,jack & jones,67.45,Krótki rękaw,koszulka regular fit,3.33,100,0,0,0,0,0,0,0,0,0,0,0,0,0,100,0,0
koszulka polo,fynch,127.0,Krótki rękaw,koszulka regular fit,3.33,100,0,0,0,0,0,0,0,0,0,0,0,0,0,100,0,0
t-shirt z nadrukiem,jack & jones,89.99,Krótki rękaw,koszulka regular fit,3.33,100,0,0,0,0,0,0,0,0,0,0,0,0,0,100,0,0
koszulka polo,jack & jones,116.95,Krótki rękaw,koszulka regular fit,3.33,60,40,0,0,0,0,0,0,0,0,0,0,0,0,60,40,0
t-shirt basic,napapijri,116.0,Krótki rękaw,koszulka regular fit,3.33,100,0,0,0,0,0,0,0,0,0,0,0,0,0,100,0,0
t-shirt basic,joules,134.0,Krótki rękaw,koszulka regular fit,3.33,100,0,0,0,0,0,0,0,0,0,0,0,0,0,100,0,0
t-shirt z nadrukiem,hugo,161.0,Krótki rękaw,koszulka regular fit,3.33,100,0,0,0,0,0,0,0,0,0,0,0,0,0,100,0,0
top,yourturn unisex,89.0,Bez rękawów,koszulka skinny fit,0.0,58,37,5,0,0,0,0,0,0,0,0,0,0,0,58,42,0
koszulka polo,selected,164.99,Krótki rękaw,koszulka loose fit,3.33,93,0,7,0,0,0,0,0,0,0,0,0,0,0,93,7,0
t-shirt z nadrukiem,double a,250.0,Krótki rękaw,koszulka regular fit,3.33,100,0,0,0,0,0,0,0,0,0,0,0,0,0,100,0,0
t-shirt z nadrukiem,dc shoes,104.0,Krótki rękaw,koszulka regular fit,3.33,100,0,0,0,0,0,0,0,0,0,0,0,0,0,100,0,0
koszulka polo,gap,109.0,Krótki rękaw,koszulka regular fit,3.33,98,0,2,0,0,0,0,0,0,0,0,0,0,0,98,2,0
t-shirt z nadrukiem,allsaints,379.0,Krótki rękaw,koszulka loose fit,3.33,100,0,0,0,0,0,0,0,0,0,0,0,0,0,100,0,0
koszulka sportowa,puma,305.0,Krótki rękaw,koszulka regular fit,3.33,0,100,0,0,0,0,0,0,0,0,0,0,0,0,0,100,0
t-shirt z nadrukiem,wrong friends,255.0,Krótki rękaw,koszulka regular fit,3.33,100,0,0,0,0,0,0,0,0,0,0,0,0,0,100,0,0
bluzka z długim rękawem,yourturn unisex,129.0,Długi rękaw,koszulka regular fit,3.33,35,65,0,0,0,0,0,0,0,0,0,0,0,0,35,65,0
koszulka polo,champion,179.0,Krótki rękaw,koszulka regular fit,3.33,100,0,0,0,0,0,0,0,0,0,0,0,0,0,100,0,0
t-shirt z nadrukiem,puma,79.0,Krótki rękaw,koszulka regular fit,3.33,100,0,0,0,0,0,0,0,0,0,0,0,0,0,100,0,0
t-shirt z nadrukiem,puma,74.0,Krótki rękaw,koszulka regular fit,3.33,100,0,0,0,0,0,0,0,0,0,0,0,0,0,100,0,0
koszulka polo,gant,479.0,Krótki rękaw,koszulka regular fit,3.33,100,0,0,0,0,0,0,0,0,0,0,0,0,0,100,0,0
t-shirt z nadrukiem,jack & jones,80.0,Krótki rękaw,koszulka regular fit,3.33,100,0,0,0,0,0,0,0,0,0,0,0,0,0,100,0,0
koszulka polo,fred perry,449.0,Krótki rękaw,koszulka regular fit,3.33,100,0,0,0,0,0,0,0,0,0,0,0,0,0,100,0,0
t-shirt basic,levi's®,179.0,Krótki rękaw,koszulka regular fit,3.33,100,0,0,0,0,0,0,0,0,0,0,0,0,0,100,0,0
koszulka polo,dondup,809.0,Krótki rękaw,koszulka regular fit,3.33,100,0,0,0,0,0,0,0,0,0,0,0,0,0,100,0,0
t-shirt basic,tom tailor,85.0,Krótki rękaw,koszulka regular fit,3.33,100,0,0,0,0,0,0,0,0,0,0,0,0,0,100,0,0
koszulka polo,bershka relax,129.0,Krótki rękaw,koszulka loose fit,3.33,0,8,0,92,0,0,0,0,0,0,0,0,0,0,0,8,0
t-shirt z nadrukiem,s.oliver,84.99,Krótki rękaw,koszulka regular fit,3.33,60,40,0,0,0,0,0,0,0,0,0,0,0,0,60,40,0
t-shirt z nadrukiem,the north face,199.99,Krótki rękaw,koszulka regular fit,3.33,100,0,0,0,0,0,0,0,0,0,0,0,0,0,100,0,0
t-shirt z nadrukiem,s.oliver,89.99,Krótki rękaw,koszulka regular fit,3.33,100,0,0,0,0,0,0,0,0,0,0,0,0,0,100,0,0
koszulka polo,j.lindeberg sports,330.0,Krótki rękaw,koszulka regular fit,3.33,0,100,0,0,0,0,0,0,0,0,0,0,0,0,0,100,0
koszulka polo,siksilk,102.0,Krótki rękaw,koszulka slim fit,32.2,95,0,5,0,0,0,0,0,0,0,0,0,0,0,95,5,0
koszulka polo,lacoste,699.0,Krótki rękaw,koszulka regular fit,3.33,0,100,0,0,0,0,0,0,0,0,0,0,0,0,0,100,0
koszulka polo,joules,201.0,Krótki rękaw,koszulka regular fit,3.33,100,0,0,0,0,0,0,0,0,0,0,0,0,0,100,0,0
bluzka z długim rękawem,lindbergh,199.96,Długi rękaw,koszulka regular fit,3.33,100,0,0,0,0,0,0,0,0,0,0,0,0,0,100,0,0
bluzka z długim rękawem,roark running,289.0,Długi rękaw,koszulka regular fit,3.33,15,85,0,0,0,0,0,0,0,0,0,0,0,0,15,85,0
t-shirt basic,s.oliver,229.0,Krótki rękaw,koszulka regular fit,3.33,95,0,5,0,0,0,0,0,0,0,0,0,0,0,95,5,0
koszulka polo,paul smith,989.0,Krótki rękaw,koszulka regular fit,3.33,100,0,0,0,0,0,0,0,0,0,0,0,0,0,100,0,0
bluzka z długim rękawem,jack & jones,89.99,Długi rękaw,koszulka regular fit,3.33,100,0,0,0,0,0,0,0,0,0,0,0,0,0,100,0,0
t-shirt z nadrukiem,pepe jeans,159.0,Krótki rękaw,koszulka regular fit,3.33,100,0,0,0,0,0,0,0,0,0,0,0,0,0,100,0,0
t-shirt z nadrukiem,adidas originals,179.0,Krótki rękaw,koszulka regular fit,3.33,100,0,0,0,0,0,0,0,0,0,0,0,0,0,100,0,0
t-shirt z nadrukiem,napapijri mahsa,161.0,Krótki rękaw,koszulka regular fit,3.33,100,0,0,0,0,0,0,0,0,0,0,0,0,0,100,0,0
t-shirt z nadrukiem,billabong,125.0,Krótki rękaw,koszulka loose fit,3.33,100,0,0,0,0,0,0,0,0,0,0,0,0,0,100,0,0
koszulka polo,massimo dutti,199.0,Krótki rękaw,koszulka regular fit,3.33,100,0,0,0,0,0,0,0,0,0,0,0,0,0,100,0,0
t-shirt basic,pier one,69.0,Krótki rękaw,koszulka regular fit,3.33,100,0,0,0,0,0,0,0,0,0,0,0,0,0,100,0,0
t-shirt z nadrukiem,mister tee,70.0,Krótki rękaw,koszulka regular fit,3.33,100,0,0,0,0,0,0,0,0,0,0,0,0,0,100,0,0
bluzka z długim rękawem,calvin klein,289.0,Długi rękaw,koszulka regular fit,3.33,0,91,9,0,0,0,0,0,0,0,0,0,0,0,0,100,0
koszulka polo,tommy hilfiger,327.2,Krótki rękaw,koszulka regular fit,3.33,100,0,0,0,0,0,0,0,0,0,0,0,0,0,100,0,0
t-shirt z nadrukiem,jack & jones,79.95,Krótki rękaw,koszulka loose fit,3.33,100,0,0,0,0,0,0,0,0,0,0,0,0,0,100,0,0
koszulka polo,lacoste,609.0,Krótki rękaw,koszulka regular fit,3.33,0,94,6,0,0,0,0,0,0,0,0,0,0,0,0,100,0
t-shirt basic,pier one,152.0,Krótki rękaw,koszulka regular fit,3.33,100,0,0,0,0,0,0,0,0,0,0,0,0,0,100,0,0
t-shirt z nadrukiem,jack & jones,74.99,Krótki rękaw,koszulka regular fit,3.33,65,35,0,0,0,0,0,0,0,0,0,0,0,0,65,35,0
t-shirt z nadrukiem,mister tee,70.0,Krótki rękaw,koszulka regular fit,3.33,100,0,0,0,0,0,0,0,0,0,0,0,0,0,100,0,0
t-shirt basic,solid,176.0,Półrękawek,koszulka loose fit,3.33,76,20,4,0,0,0,0,0,0,0,0,0,0,0,76,24,0
t-shirt z nadrukiem,brandit,49.0,Krótki rękaw,koszulka regular fit,3.33,100,0,0,0,0,0,0,0,0,0,0,0,0,0,100,0,0
t-shirt z nadrukiem,jack & jones,89.95,Krótki rękaw,koszulka regular fit,3.33,100,0,0,0,0,0,0,0,0,0,0,0,0,0,100,0,0
t-shirt z nadrukiem,terranova,59.99,Krótki rękaw,koszulka regular fit,3.33,100,0,0,0,0,0,0,0,0,0,0,0,0,0,100,0,0
t-shirt basic,120% lino,569.0,Krótki rękaw,koszulka regular fit,3.33,45,0,0,0,0,55,0,0,0,0,0,0,0,0,100,0,55
t-shirt basic,columbia csc™,119.0,Krótki rękaw,koszulka regular fit,3.33,100,0,0,0,0,0,0,0,0,0,0,0,0,0,100,0,0
koszulka polo,boggi milano,479.0,Krótki rękaw,koszulka regular fit,3.33,56,39,5,0,0,0,0,0,0,0,0,0,0,0,56,44,0
t-shirt basic,adidas originals,109.0,Krótki rękaw,koszulka regular fit,3.33,100,0,0,0,0,0,0,0,0,0,0,0,0,0,100,0,0
t-shirt basic,calvin klein,134.0,Krótki rękaw,koszulka regular fit,3.33,100,0,0,0,0,0,0,0,0,0,0,0,0,0,100,0,0
t-shirt z nadrukiem,s.oliver,97.99,Krótki rękaw,koszulka regular fit,3.33,100,0,0,0,0,0,0,0,0,0,0,0,0,0,100,0,0
t-shirt z nadrukiem,siksilk,204.0,Półrękawek,koszulka loose fit,3.33,100,0,0,0,0,0,0,0,0,0,0,0,0,0,100,0,0
top,colucci muscle,118.0,Bez rękawów,koszulka slim fit,32.2,100,0,0,0,0,0,0,0,0,0,0,0,0,0,100,0,0
artykuły klubowe,puma,449.0,Długi rękaw,koszulka slim fit,32.2,0,100,0,0,0,0,0,0,0,0,0,0,0,0,0,100,0
koszulka polo,united colors,219.9,Długi rękaw,koszulka regular fit,3.33,100,0,0,0,0,0,0,0,0,0,0,0,0,0,100,0,0
t-shirt z nadrukiem,re:covered disney,134.0,Krótki rękaw,koszulka slim fit,32.2,100,0,0,0,0,0,0,0,0,0,0,0,0,0,100,0,0
t-shirt z nadrukiem,pepe jeans,148.0,Krótki rękaw,koszulka regular fit,3.33,100,0,0,0,0,0,0,0,0,0,0,0,0,0,100,0,0
koszulka polo,lacoste,499.0,Krótki rękaw,koszulka regular fit,3.33,100,0,0,0,0,0,0,0,0,0,0,0,0,0,100,0,0
top,carne bollente,379.0,Bez rękawów,koszulka slim fit,32.2,98,0,0,0,0,0,0,0,0,0,0,0,0,2,98,2,0
t-shirt z nadrukiem,versace jeans couture,637.0,Krótki rękaw,koszulka regular fit,3.33,100,0,0,0,0,0,0,0,0,0,0,0,0,0,100,0,0
t-shirt basic,lyle &,143.0,Krótki rękaw,koszulka regular fit,3.33,100,0,0,0,0,0,0,0,0,0,0,0,0,0,100,0,0
bluzka z długim rękawem,carhartt wip,289.0,Długi rękaw,koszulka regular fit,3.33,100,0,0,0,0,0,0,0,0,0,0,0,0,0,100,0,0
bluzka z długim rękawem,puma,160.0,Długi rękaw,koszulka loose fit,3.33,0,100,0,0,0,0,0,0,0,0,0,0,0,0,0,100,0
t-shirt z nadrukiem,boss,399.0,Krótki rękaw,koszulka loose fit,3.33,100,0,0,0,0,0,0,0,0,0,0,0,0,0,100,0,0
t-shirt basic,selected,242.0,Krótki rękaw,koszulka regular fit,3.33,100,0,0,0,0,0,0,0,0,0,0,0,0,0,100,0,0
t-shirt z nadrukiem,mj gonzales,79.0,Półrękawek,koszulka loose fit,3.33,100,0,0,0,0,0,0,0,0,0,0,0,0,0,100,0,0
t-shirt z nadrukiem,pull&bear,69.9,Krótki rękaw,koszulka regular fit,3.33,100,0,0,0,0,0,0,0,0,0,0,0,0,0,100,0,0
koszulka polo,pull&bear,79.9,Krótki rękaw,koszulka regular fit,3.33,0,0,0,72,0,0,0,0,28,0,0,0,0,0,0,28,0
koszulka polo,lindbergh,134.21,Krótki rękaw,koszulka slim fit,32.2,95,0,5,0,0,0,0,0,0,0,0,0,0,0,95,5,0
bluzka z długim rękawem,siksilk,163.0,Długi rękaw,koszulka regular fit,3.33,95,0,5,0,0,0,0,0,0,0,0,0,0,0,95,5,0
t-shirt z nadrukiem,quiksilver,70.0,Półrękawek,koszulka loose fit,3.33,100,0,0,0,0,0,0,0,0,0,0,0,0,0,100,0,0
t-shirt basic,timberland,125.0,Krótki rękaw,koszulka regular fit,3.33,100,0,0,0,0,0,0,0,0,0,0,0,0,0,100,0,0
koszulka sportowa,adidas performance,179.0,Krótki rękaw,koszulka slim fit,32.2,0,81,5,0,0,0,0,0,0,14,0,0,0,0,0,86,0
t-shirt z nadrukiem,next,156.0,Krótki rękaw,koszulka regular fit,3.33,100,0,0,0,0,0,0,0,0,0,0,0,0,0,100,0,0
t-shirt z nadrukiem,dickies,161.0,Krótki rękaw,koszulka regular fit,3.33,100,0,0,0,0,0,0,0,0,0,0,0,0,0,100,0,0
t-shirt basic,calvin klein,134.0,Krótki rękaw,koszulka regular fit,3.33,100,0,0,0,0,0,0,0,0,0,0,0,0,0,100,0,0
t-shirt basic,we fashion,289.0,Bez rękawów,koszulka regular fit,3.33,95,0,5,0,0,0,0,0,0,0,0,0,0,0,95,5,0
t-shirt z nadrukiem,yourturn unisex,79.0,Półrękawek,koszulka loose fit,3.33,100,0,0,0,0,0,0,0,0,0,0,0,0,0,100,0,0
koszulka polo,boggi milano,639.0,Krótki rękaw,koszulka regular fit,3.33,90,0,0,0,0,0,10,0,0,0,0,0,0,0,100,0,10
t-shirt z nadrukiem,dickies,143.0,Krótki rękaw,koszulka regular fit,3.33,100,0,0,0,0,0,0,0,0,0,0,0,0,0,100,0,0
bluzka z długim rękawem,les deux,189.0,Długi rękaw,koszulka loose fit,3.33,40,42,0,18,0,0,0,0,0,0,0,0,0,0,40,42,0
t-shirt basic,barbour,121.0,Krótki rękaw,koszulka regular fit,3.33,100,0,0,0,0,0,0,0,0,0,0,0,0,0,100,0,0
top,next,97.0,Bez rękawów,koszulka slim fit,32.2,100,0,0,0,0,0,0,0,0,0,0,0,0,0,100,0,0
koszulka polo,selected,175.0,Krótki rękaw,koszulka regular fit,3.33,65,0,0,0,0,35,0,0,0,0,0,0,0,0,100,0,35
t-shirt basic,yourturn unisex,53.0,Półrękawek,koszulka loose fit,3.33,100,0,0,0,0,0,0,0,0,0,0,0,0,0,100,0,0
t-shirt z nadrukiem,indicode jeans,110.0,Krótki rękaw,koszulka regular fit,3.33,100,0,0,0,0,0,0,0,0,0,0,0,0,0,100,0,0
bluzka z długim rękawem,hummel,183.6,Bardzo długi rękaw,koszulka regular fit,3.33,0,100,0,0,0,0,0,0,0,0,0,0,0,0,0,100,0
top,pier one,63.0,Bez rękawów,koszulka regular fit,3.33,53,47,0,0,0,0,0,0,0,0,0,0,0,0,53,47,0
t-shirt z nadrukiem,s.oliver,69.99,Krótki rękaw,koszulka regular fit,3.33,100,0,0,0,0,0,0,0,0,0,0,0,0,0,100,0,0
t-shirt z nadrukiem,jack & jones,89.99,Krótki rękaw,koszulka regular fit,3.33,100,0,0,0,0,0,0,0,0,0,0,0,0,0,100,0,0
t-shirt z nadrukiem,yourturn panel,84.0,Krótki rękaw,koszulka regular fit,3.33,100,0,0,0,0,0,0,0,0,0,0,0,0,0,100,0,0
t-shirt basic,jack & jones,71.95,Krótki rękaw,koszulka regular fit,3.33,60,40,0,0,0,0,0,0,0,0,0,0,0,0,60,40,0
t-shirt basic,pier one,34.0,Krótki rękaw,koszulka regular fit,3.33,100,0,0,0,0,0,0,0,0,0,0,0,0,0,100,0,0
t-shirt z nadrukiem,puma,109.0,Krótki rękaw,koszulka regular fit,3.33,100,0,0,0,0,0,0,0,0,0,0,0,0,0,100,0,0
t-shirt basic,sandro,499.0,Krótki rękaw,koszulka regular fit,3.33,100,0,0,0,0,0,0,0,0,0,0,0,0,0,100,0,0
bluzka z długim rękawem,diesel,271.0,Długi rękaw,koszulka loose fit,3.33,100,0,0,0,0,0,0,0,0,0,0,0,0,0,100,0,0
koszulka sportowa,puma,179.0,Krótki rękaw,koszulka regular fit,3.33,0,100,0,0,0,0,0,0,0,0,0,0,0,0,0,100,0
t-shirt z nadrukiem,scalpers,137.35,Krótki rękaw,koszulka regular fit,3.33,100,0,0,0,0,0,0,0,0,0,0,0,0,0,100,0,0
koszulka polo,indicode jeans,89.99,Krótki rękaw,koszulka regular fit,3.33,100,0,0,0,0,0,0,0,0,0,0,0,0,0,100,0,0
koszulka polo,gant,399.95,Krótki rękaw,koszulka regular fit,3.33,100,0,0,0,0,0,0,0,0,0,0,0,0,0,100,0,0
t-shirt z nadrukiem,allsaints orlando,278.0,Krótki rękaw,koszulka loose fit,3.33,100,0,0,0,0,0,0,0,0,0,0,0,0,0,100,0,0
t-shirt z nadrukiem,mister tee,82.0,Półrękawek,koszulka loose fit,3.33,100,0,0,0,0,0,0,0,0,0,0,0,0,0,100,0,0
t-shirt z nadrukiem,s.oliver,69.99,Krótki rękaw,koszulka regular fit,3.33,100,0,0,0,0,0,0,0,0,0,0,0,0,0,100,0,0
t-shirt basic,urban classics,67.0,Półrękawek,koszulka oversize,22.7,100,0,0,0,0,0,0,0,0,0,0,0,0,0,100,0,0
koszulka polo,jack & jones,129.99,Krótki rękaw,koszulka regular fit,3.33,100,0,0,0,0,0,0,0,0,0,0,0,0,0,100,0,0
t-shirt z nadrukiem,indicode jeans,129.99,Krótki rękaw,koszulka regular fit,3.33,100,0,0,0,0,0,0,0,0,0,0,0,0,0,100,0,0
top,seidensticker regular,149.0,Bez rękawów,koszulka regular fit,3.33,100,0,0,0,0,0,0,0,0,0,0,0,0,0,100,0,0
t-shirt basic,pangaia unisex,128.0,Krótki rękaw,koszulka regular fit,3.33,100,0,0,0,0,0,0,0,0,0,0,0,0,0,100,0,0
bluzka z długim rękawem,adidas performance,569.0,Długi rękaw,koszulka regular fit,3.33,0,100,0,0,0,0,0,0,0,0,0,0,0,0,0,100,0
koszulka polo,jack & jones,219.99,Krótki rękaw,koszulka regular fit,3.33,0,100,0,0,0,0,0,0,0,0,0,0,0,0,0,100,0
t-shirt z nadrukiem,jack & jones,71.95,Krótki rękaw,koszulka loose fit,3.33,100,0,0,0,0,0,0,0,0,0,0,0,0,0,100,0,0
t-shirt z nadrukiem,henry tiger,169.99,Krótki rękaw,koszulka regular fit,3.33,100,0,0,0,0,0,0,0,0,0,0,0,0,0,100,0,0
t-shirt z nadrukiem,levi's®,159.0,Krótki rękaw,koszulka loose fit,3.33,100,0,0,0,0,0,0,0,0,0,0,0,0,0,100,0,0
t-shirt z nadrukiem,calvin klein,152.0,Krótki rękaw,koszulka regular fit,3.33,100,0,0,0,0,0,0,0,0,0,0,0,0,0,100,0,0
t-shirt z nadrukiem,jack & jones,69.99,Krótki rękaw,koszulka loose fit,3.33,100,0,0,0,0,0,0,0,0,0,0,0,0,0,100,0,0
t-shirt z nadrukiem,von dutch,159.0,Krótki rękaw,koszulka regular fit,3.33,100,0,0,0,0,0,0,0,0,0,0,0,0,0,100,0,0
t-shirt z nadrukiem,pier one,30.0,Krótki rękaw,koszulka regular fit,3.33,100,0,0,0,0,0,0,0,0,0,0,0,0,0,100,0,0
t-shirt z nadrukiem,carhartt wip,199.0,Krótki rękaw,koszulka loose fit,3.33,100,0,0,0,0,0,0,0,0,0,0,0,0,0,100,0,0
t-shirt z nadrukiem,solid,82.0,Krótki rękaw,koszulka regular fit,3.33,100,0,0,0,0,0,0,0,0,0,0,0,0,0,100,0,0
t-shirt basic,casual friday,129.0,Krótki rękaw,koszulka regular fit,3.33,100,0,0,0,0,0,0,0,0,0,0,0,0,0,100,0,0
t-shirt z nadrukiem,scalpers,137.35,Krótki rękaw,koszulka regular fit,3.33,100,0,0,0,0,0,0,0,0,0,0,0,0,0,100,0,0
t-shirt z nadrukiem,henry tiger,109.99,Krótki rękaw,koszulka regular fit,3.33,100,0,0,0,0,0,0,0,0,0,0,0,0,0,100,0,0
koszulka polo,adidas originals,224.0,Krótki rękaw,koszulka regular fit,3.33,0,100,0,0,0,0,0,0,0,0,0,0,0,0,0,100,0
t-shirt z nadrukiem,fatface,202.0,Krótki rękaw,koszulka regular fit,3.33,100,0,0,0,0,0,0,0,0,0,0,0,0,0,100,0,0
koszulka polo,blkvis,323.0,Półrękawek,koszulka loose fit,3.33,0,0,0,0,30,0,0,0,0,0,0,70,0,0,30,70,30
t-shirt z nadrukiem,levi's®,159.0,Krótki rękaw,koszulka regular fit,3.33,100,0,0,0,0,0,0,0,0,0,0,0,0,0,100,0,0
t-shirt z nadrukiem,yourturn unisex,79.0,Półrękawek,koszulka loose fit,3.33,100,0,0,0,0,0,0,0,0,0,0,0,0,0,100,0,0
t-shirt z nadrukiem,hugo,349.0,Półrękawek,koszulka loose fit,3.33,55,40,5,0,0,0,0,0,0,0,0,0,0,0,55,45,0
bluzka z długim rękawem,blkvis waffle,179.0,Długi rękaw,koszulka loose fit,3.33,100,0,0,0,0,0,0,0,0,0,0,0,0,0,100,0,0
t-shirt z nadrukiem,salsa jeans,289.0,Półrękawek,koszulka loose fit,3.33,100,0,0,0,0,0,0,0,0,0,0,0,0,0,100,0,0
koszulka sportowa,puma,129.0,Krótki rękaw,koszulka regular fit,3.33,0,100,0,0,0,0,0,0,0,0,0,0,0,0,0,100,0
t-shirt basic,msgm,629.0,Krótki rękaw,koszulka loose fit,3.33,100,0,0,0,0,0,0,0,0,0,0,0,0,0,100,0,0
t-shirt z nadrukiem,bdg urban,179.0,Krótki rękaw,koszulka regular fit,3.33,100,0,0,0,0,0,0,0,0,0,0,0,0,0,100,0,0
t-shirt basic,qs,109.99,Półrękawek,koszulka loose fit,3.33,100,0,0,0,0,0,0,0,0,0,0,0,0,0,100,0,0
t-shirt z nadrukiem,ea7 emporio armani,379.0,Krótki rękaw,koszulka regular fit,3.33,0,98,2,0,0,0,0,0,0,0,0,0,0,0,0,100,0
t-shirt basic,jordan,125.0,Krótki rękaw,koszulka regular fit,3.33,100,0,0,0,0,0,0,0,0,0,0,0,0,0,100,0,0
t-shirt z nadrukiem,marc o'polo,229.0,Półrękawek,koszulka oversize,22.7,100,0,0,0,0,0,0,0,0,0,0,0,0,0,100,0,0
t-shirt basic,jack & jones,80.95,Krótki rękaw,koszulka regular fit,3.33,100,0,0,0,0,0,0,0,0,0,0,0,0,0,100,0,0
t-shirt z nadrukiem,tommy jeans,152.0,Krótki rękaw,koszulka loose fit,3.33,100,0,0,0,0,0,0,0,0,0,0,0,0,0,100,0,0
t-shirt basic,polo ralph lauren,379.0,Krótki rękaw,koszulka regular fit,3.33,100,0,0,0,0,0,0,0,0,0,0,0,0,0,100,0,0
t-shirt z nadrukiem,puma,339.0,Półrękawek,koszulka regular fit,3.33,0,100,0,0,0,0,0,0,0,0,0,0,0,0,0,100,0
t-shirt z nadrukiem,s.oliver,363.0,Krótki rękaw,koszulka regular fit,3.33,100,0,0,0,0,0,0,0,0,0,0,0,0,0,100,0,0
t-shirt basic,gant,170.0,Krótki rękaw,koszulka regular fit,3.33,100,0,0,0,0,0,0,0,0,0,0,0,0,0,100,0,0
koszulka polo,pier one,55.0,Krótki rękaw,koszulka regular fit,3.33,100,0,0,0,0,0,0,0,0,0,0,0,0,0,100,0,0
t-shirt z nadrukiem,rockshirts yungblud,99.0,Krótki rękaw,koszulka regular fit,3.33,100,0,0,0,0,0,0,0,0,0,0,0,0,0,100,0,0
t-shirt basic,fatface,202.0,Krótki rękaw,koszulka regular fit,3.33,100,0,0,0,0,0,0,0,0,0,0,0,0,0,100,0,0
t-shirt z nadrukiem,s.oliver,89.99,Krótki rękaw,koszulka regular fit,3.33,100,0,0,0,0,0,0,0,0,0,0,0,0,0,100,0,0
t-shirt z nadrukiem,edwin fuji,199.0,Krótki rękaw,koszulka regular fit,3.33,100,0,0,0,0,0,0,0,0,0,0,0,0,0,100,0,0
t-shirt z nadrukiem,solid,129.0,Półrękawek,koszulka loose fit,3.33,100,0,0,0,0,0,0,0,0,0,0,0,0,0,100,0,0
t-shirt z nadrukiem,versace jeans couture,552.0,Krótki rękaw,koszulka regular fit,3.33,100,0,0,0,0,0,0,0,0,0,0,0,0,0,100,0,0
top,bershka,75.9,Bez rękawów,koszulka regular fit,3.33,100,0,0,0,0,0,0,0,0,0,0,0,0,0,100,0,0
top,yourturn unisex,69.0,Bardzo krótki rękawek,koszulka regular fit,3.33,100,0,0,0,0,0,0,0,0,0,0,0,0,0,100,0,0
t-shirt z nadrukiem,gap,129.0,Krótki rękaw,koszulka regular fit,3.33,100,0,0,0,0,0,0,0,0,0,0,0,0,0,100,0,0
koszulka polo,nike golf,242.0,Krótki rękaw,koszulka regular fit,3.33,0,100,0,0,0,0,0,0,0,0,0,0,0,0,0,100,0
t-shirt basic,pull&bear boxy,55.9,Krótki rękaw,koszulka loose fit,3.33,97,0,3,0,0,0,0,0,0,0,0,0,0,0,97,3,0
t-shirt z nadrukiem,henry tiger,99.99,Krótki rękaw,koszulka regular fit,3.33,100,0,0,0,0,0,0,0,0,0,0,0,0,0,100,0,0
t-shirt basic,massimo dutti,129.0,Krótki rękaw,koszulka regular fit,3.33,100,0,0,0,0,0,0,0,0,0,0,0,0,0,100,0,0
t-shirt z nadrukiem,levi's®,139.0,Krótki rękaw,koszulka regular fit,3.33,100,0,0,0,0,0,0,0,0,0,0,0,0,0,100,0,0
koszulka sportowa,adidas originals,219.0,Krótki rękaw,koszulka regular fit,3.33,52,48,0,0,0,0,0,0,0,0,0,0,0,0,52,48,0
t-shirt z nadrukiem,kiss kiss,99.0,Krótki rękaw,koszulka regular fit,3.33,100,0,0,0,0,0,0,0,0,0,0,0,0,0,100,0,0
t-shirt z nadrukiem,jack & jones,84.95,Krótki rękaw,koszulka regular fit,3.33,100,0,0,0,0,0,0,0,0,0,0,0,0,0,100,0,0
t-shirt z nadrukiem,the tracksuit,126.0,Krótki rękaw,koszulka loose fit,3.33,100,0,0,0,0,0,0,0,0,0,0,0,0,0,100,0,0
koszulka polo,nike sportswear,132.0,Półrękawek,koszulka regular fit,3.33,100,0,0,0,0,0,0,0,0,0,0,0,0,0,100,0,0
t-shirt basic,gcds,739.0,Krótki rękaw,koszulka regular fit,3.33,100,0,0,0,0,0,0,0,0,0,0,0,0,0,100,0,0
t-shirt basic,s.oliver,69.99,Krótki rękaw,koszulka regular fit,3.33,100,0,0,0,0,0,0,0,0,0,0,0,0,0,100,0,0
t-shirt z nadrukiem,patriòt,311.0,Krótki rękaw,koszulka regular fit,3.33,100,0,0,0,0,0,0,0,0,0,0,0,0,0,100,0,0
top,les deux,359.0,Bez rękawów,koszulka regular fit,3.33,0,100,0,0,0,0,0,0,0,0,0,0,0,0,0,100,0
koszulka polo,seidensticker,299.0,Krótki rękaw,koszulka slim fit,32.2,100,0,0,0,0,0,0,0,0,0,0,0,0,0,100,0,0
koszulka polo,grimey,316.32,Półrękawek,koszulka loose fit,3.33,0,100,0,0,0,0,0,0,0,0,0,0,0,0,0,100,0
t-shirt basic,s.oliver,89.99,Krótki rękaw,koszulka regular fit,3.33,100,0,0,0,0,0,0,0,0,0,0,0,0,0,100,0,0
t-shirt basic,blend,129.0,Krótki rękaw,koszulka regular fit,3.33,100,0,0,0,0,0,0,0,0,0,0,0,0,0,100,0,0
koszulka polo,indicode jeans,109.99,Krótki rękaw,koszulka regular fit,3.33,100,0,0,0,0,0,0,0,0,0,0,0,0,0,100,0,0
koszulka polo,puma,399.0,Krótki rękaw,koszulka regular fit,3.33,0,94,6,0,0,0,0,0,0,0,0,0,0,0,0,100,0
t-shirt z nadrukiem,tommy jeans,170.0,Krótki rękaw,koszulka regular fit,3.33,100,0,0,0,0,0,0,0,0,0,0,0,0,0,100,0,0
bluzka z długim rękawem,msgm,1189.0,Długi rękaw,koszulka regular fit,3.33,100,0,0,0,0,0,0,0,0,0,0,0,0,0,100,0,0
t-shirt basic,jack & jones,74.99,Półrękawek,koszulka regular fit,3.33,100,0,0,0,0,0,0,0,0,0,0,0,0,0,100,0,0
t-shirt z nadrukiem,calvin klein,146.0,Krótki rękaw,koszulka loose fit,3.33,100,0,0,0,0,0,0,0,0,0,0,0,0,0,100,0,0
koszulka polo,filippa k,409.0,Krótki rękaw,koszulka regular fit,3.33,95,0,5,0,0,0,0,0,0,0,0,0,0,0,95,5,0
top,hugo,179.0,Bardzo krótki rękawek,koszulka regular fit,3.33,100,0,0,0,0,0,0,0,0,0,0,0,0,0,100,0,0
t-shirt z nadrukiem,jack & jones,74.99,Krótki rękaw,koszulka regular fit,3.33,100,0,0,0,0,0,0,0,0,0,0,0,0,0,100,0,0
t-shirt z nadrukiem,helly hansen,129.0,Krótki rękaw,koszulka regular fit,3.33,100,0,0,0,0,0,0,0,0,0,0,0,0,0,100,0,0
t-shirt basic,camel active,139.95,Krótki rękaw,koszulka regular fit,3.33,71,25,4,0,0,0,0,0,0,0,0,0,0,0,71,29,0
t-shirt z nadrukiem,diverse,62.99,Krótki rękaw,koszulka regular fit,3.33,100,0,0,0,0,0,0,0,0,0,0,0,0,0,100,0,0
t-shirt z nadrukiem,carne bollente,180.0,Krótki rękaw,koszulka loose fit,3.33,100,0,0,0,0,0,0,0,0,0,0,0,0,0,100,0,0
t-shirt z nadrukiem,karl kani,118.0,Krótki rękaw,koszulka loose fit,3.33,100,0,0,0,0,0,0,0,0,0,0,0,0,0,100,0,0
t-shirt z nadrukiem,mustang,128.01,Krótki rękaw,koszulka regular fit,3.33,100,0,0,0,0,0,0,0,0,0,0,0,0,0,100,0,0
t-shirt z nadrukiem,pull&bear,79.9,Krótki rękaw,koszulka regular fit,3.33,100,0,0,0,0,0,0,0,0,0,0,0,0,0,100,0,0
t-shirt z nadrukiem,jack & jones,53.95,Krótki rękaw,koszulka regular fit,3.33,100,0,0,0,0,0,0,0,0,0,0,0,0,0,100,0,0
t-shirt z nadrukiem,jack & jones,47.95,Krótki rękaw,koszulka regular fit,3.33,100,0,0,0,0,0,0,0,0,0,0,0,0,0,100,0,0
bluzka z długim rękawem,dickies,179.0,Długi rękaw,koszulka loose fit,3.33,100,0,0,0,0,0,0,0,0,0,0,0,0,0,100,0,0
t-shirt z nadrukiem,karl kani,119.0,Półrękawek,koszulka loose fit,3.33,100,0,0,0,0,0,0,0,0,0,0,0,0,0,100,0,0
t-shirt basic,dropsize oversize,82.0,Krótki rękaw,koszulka loose fit,3.33,100,0,0,0,0,0,0,0,0,0,0,0,0,0,100,0,0
t-shirt z nadrukiem,lonsdale,127.0,Krótki rękaw,koszulka regular fit,3.33,100,0,0,0,0,0,0,0,0,0,0,0,0,0,100,0,0
koszulka sportowa,nike performance,679.0,Krótki rękaw,koszulka slim fit,32.2,0,100,0,0,0,0,0,0,0,0,0,0,0,0,0,100,0
t-shirt z nadrukiem,reternity,175.0,Krótki rękaw,koszulka loose fit,3.33,100,0,0,0,0,0,0,0,0,0,0,0,0,0,100,0,0
koszulka polo,polo ralph lauren,1009.0,Długi rękaw,koszulka loose fit,3.33,100,0,0,0,0,0,0,0,0,0,0,0,0,0,100,0,0
t-shirt z nadrukiem,edwin bolton,249.0,Krótki rękaw,koszulka regular fit,3.33,50,50,0,0,0,0,0,0,0,0,0,0,0,0,50,50,0
koszulka polo,pepe jeans,229.0,Krótki rękaw,koszulka regular fit,3.33,100,0,0,0,0,0,0,0,0,0,0,0,0,0,100,0,0
t-shirt z nadrukiem,jack & jones,89.95,Krótki rękaw,koszulka loose fit,3.33,0,0,5,95,0,0,0,0,0,0,0,0,0,0,0,5,0
t-shirt z nadrukiem,libertine,249.0,Krótki rękaw,koszulka regular fit,3.33,100,0,0,0,0,0,0,0,0,0,0,0,0,0,100,0,0
t-shirt z nadrukiem,pepe jeans,159.0,Krótki rękaw,koszulka regular fit,3.33,100,0,0,0,0,0,0,0,0,0,0,0,0,0,100,0,0
t-shirt basic,indicode jeans,89.99,Krótki rękaw,koszulka slim fit,32.2,100,0,0,0,0,0,0,0,0,0,0,0,0,0,100,0,0
t-shirt z nadrukiem,marc o'polo,229.0,Krótki rękaw,koszulka oversize,22.7,100,0,0,0,0,0,0,0,0,0,0,0,0,0,100,0,0
t-shirt z nadrukiem,wrstbhvr garm,238.0,Półrękawek,koszulka oversize,22.7,100,0,0,0,0,0,0,0,0,0,0,0,0,0,100,0,0
t-shirt basic,pier one,97.0,Krótki rękaw,koszulka slim fit,32.2,0,92,8,0,0,0,0,0,0,0,0,0,0,0,0,100,0
t-shirt basic,yourturn unisex,80.0,Półrękawek,koszulka loose fit,3.33,100,0,0,0,0,0,0,0,0,0,0,0,0,0,100,0,0
t-shirt z nadrukiem,jack & jones,63.95,Krótki rękaw,koszulka loose fit,3.33,100,0,0,0,0,0,0,0,0,0,0,0,0,0,100,0,0
t-shirt basic,gant,205.26,Krótki rękaw,koszulka regular fit,3.33,100,0,0,0,0,0,0,0,0,0,0,0,0,0,100,0,0
t-shirt z nadrukiem,wasted paris,90.0,Krótki rękaw,koszulka regular fit,3.33,100,0,0,0,0,0,0,0,0,0,0,0,0,0,100,0,0
koszulka polo,billionaire boys,789.0,Długi rękaw,koszulka oversize,22.7,100,0,0,0,0,0,0,0,0,0,0,0,0,0,100,0,0
t-shirt z nadrukiem,men plus,112.99,Krótki rękaw,koszulka regular fit,3.33,100,0,0,0,0,0,0,0,0,0,0,0,0,0,100,0,0
koszulka sportowa,nike performance,159.0,Krótki rękaw,koszulka regular fit,3.33,0,100,0,0,0,0,0,0,0,0,0,0,0,0,0,100,0
t-shirt z nadrukiem,allsaints odyssey,278.0,Półrękawek,koszulka loose fit,3.33,100,0,0,0,0,0,0,0,0,0,0,0,0,0,100,0,0
t-shirt basic,selected,98.0,Krótki rękaw,koszulka regular fit,3.33,100,0,0,0,0,0,0,0,0,0,0,0,0,0,100,0,0
t-shirt z nadrukiem,puma,152.0,Krótki rękaw,koszulka regular fit,3.33,100,0,0,0,0,0,0,0,0,0,0,0,0,0,100,0,0
t-shirt z nadrukiem,blend,60.0,Krótki rękaw,koszulka regular fit,3.33,100,0,0,0,0,0,0,0,0,0,0,0,0,0,100,0,0
t-shirt z nadrukiem,superdry &,169.0,Krótki rękaw,koszulka regular fit,3.33,100,0,0,0,0,0,0,0,0,0,0,0,0,0,100,0,0
t-shirt z nadrukiem,jack & jones,69.99,Półrękawek,koszulka loose fit,3.33,100,0,0,0,0,0,0,0,0,0,0,0,0,0,100,0,0
t-shirt basic,blend,69.0,Krótki rękaw,koszulka loose fit,3.33,100,0,0,0,0,0,0,0,0,0,0,0,0,0,100,0,0
t-shirt z nadrukiem,blend,80.0,Krótki rękaw,koszulka regular fit,3.33,100,0,0,0,0,0,0,0,0,0,0,0,0,0,100,0,0
artykuły klubowe,puma,129.0,Krótki rękaw,koszulka regular fit,3.33,100,0,0,0,0,0,0,0,0,0,0,0,0,0,100,0,0
koszulka polo,polo ralph lauren,609.0,Krótki rękaw,koszulka regular fit,3.33,100,0,0,0,0,0,0,0,0,0,0,0,0,0,100,0,0
t-shirt z nadrukiem,upscale by,76.0,Krótki rękaw,koszulka regular fit,3.33,100,0,0,0,0,0,0,0,0,0,0,0,0,0,100,0,0
t-shirt basic,camel active,99.95,Krótki rękaw,koszulka regular fit,3.33,50,50,0,0,0,0,0,0,0,0,0,0,0,0,50,50,0
t-shirt z nadrukiem,jack & jones,67.45,Krótki rękaw,koszulka regular fit,3.33,100,0,0,0,0,0,0,0,0,0,0,0,0,0,100,0,0
t-shirt z nadrukiem,no problemo,181.0,Krótki rękaw,koszulka regular fit,3.33,100,0,0,0,0,0,0,0,0,0,0,0,0,0,100,0,0
koszulka polo,kappa unisex,155.0,Krótki rękaw,koszulka loose fit,3.33,0,100,0,0,0,0,0,0,0,0,0,0,0,0,0,100,0
koszulka polo,11 project,82.0,Krótki rękaw,koszulka regular fit,3.33,100,0,0,0,0,0,0,0,0,0,0,0,0,0,100,0,0
bluzka z długim rękawem,nike performance,249.0,Bardzo długi rękaw,koszulka regular fit,3.33,0,100,0,0,0,0,0,0,0,0,0,0,0,0,0,100,0
t-shirt z nadrukiem,bershka,59.9,Krótki rękaw,koszulka regular fit,3.33,100,0,0,0,0,0,0,0,0,0,0,0,0,0,100,0,0
t-shirt z nadrukiem,moschino,879.0,Krótki rękaw,koszulka regular fit,3.33,100,0,0,0,0,0,0,0,0,0,0,0,0,0,100,0,0
t-shirt z nadrukiem,henry tiger,99.99,Krótki rękaw,koszulka regular fit,3.33,100,0,0,0,0,0,0,0,0,0,0,0,0,0,100,0,0
t-shirt z nadrukiem,carhartt wip,219.0,Krótki rękaw,koszulka loose fit,3.33,100,0,0,0,0,0,0,0,0,0,0,0,0,0,100,0,0
bluzka z długim rękawem,nike acg,206.0,Długi rękaw,koszulka loose fit,3.33,37,63,0,0,0,0,0,0,0,0,0,0,0,0,37,63,0
t-shirt z nadrukiem,jack & jones,80.0,Krótki rękaw,koszulka regular fit,3.33,100,0,0,0,0,0,0,0,0,0,0,0,0,0,100,0,0
t-shirt basic,rukka muusmo,139.0,Krótki rękaw,koszulka regular fit,3.33,0,100,0,0,0,0,0,0,0,0,0,0,0,0,0,100,0
t-shirt z nadrukiem,ripndip,219.0,Krótki rękaw,koszulka regular fit,3.33,100,0,0,0,0,0,0,0,0,0,0,0,0,0,100,0,0
koszulka polo,carisma mit,266.51,Długi rękaw,koszulka regular fit,3.33,100,0,0,0,0,0,0,0,0,0,0,0,0,0,100,0,0
t-shirt z nadrukiem,jack & jones,79.95,Krótki rękaw,koszulka regular fit,3.33,100,0,0,0,0,0,0,0,0,0,0,0,0,0,100,0,0
t-shirt z nadrukiem,hugo,132.0,Półrękawek,koszulka loose fit,3.33,100,0,0,0,0,0,0,0,0,0,0,0,0,0,100,0,0
t-shirt z nadrukiem,calvin klein,164.0,Półrękawek,koszulka loose fit,3.33,100,0,0,0,0,0,0,0,0,0,0,0,0,0,100,0,0
bluzka z długim rękawem,arkk copenhagen,278.0,Długi rękaw,koszulka loose fit,3.33,100,0,0,0,0,0,0,0,0,0,0,0,0,0,100,0,0
t-shirt basic,yourturn unisex,79.0,Krótki rękaw,koszulka loose fit,3.33,60,35,5,0,0,0,0,0,0,0,0,0,0,0,60,40,0
t-shirt z nadrukiem,blend,116.0,Krótki rękaw,koszulka regular fit,3.33,100,0,0,0,0,0,0,0,0,0,0,0,0,0,100,0,0
t-shirt basic,pepe jeans,135.0,Krótki rękaw,koszulka regular fit,3.33,100,0,0,0,0,0,0,0,0,0,0,0,0,0,100,0,0
t-shirt z nadrukiem,hugo,229.0,Krótki rękaw,koszulka regular fit,3.33,100,0,0,0,0,0,0,0,0,0,0,0,0,0,100,0,0
t-shirt z nadrukiem,levi's®,109.0,Krótki rękaw,koszulka regular fit,3.33,100,0,0,0,0,0,0,0,0,0,0,0,0,0,100,0,0
t-shirt z nadrukiem,seaside,89.99,Krótki rękaw,koszulka regular fit,3.33,95,0,5,0,0,0,0,0,0,0,0,0,0,0,95,5,0
t-shirt z nadrukiem,calvin klein,125.0,Krótki rękaw,koszulka regular fit,3.33,100,0,0,0,0,0,0,0,0,0,0,0,0,0,100,0,0
t-shirt basic,pme legend,149.0,Krótki rękaw,koszulka regular fit,3.33,95,0,5,0,0,0,0,0,0,0,0,0,0,0,95,5,0
bluzka z długim rękawem,pier one,67.0,Długi rękaw,koszulka slim fit,32.2,60,40,0,0,0,0,0,0,0,0,0,0,0,0,60,40,0
t-shirt z nadrukiem,ea7 emporio armani,379.0,Krótki rękaw,koszulka regular fit,3.33,0,78,22,0,0,0,0,0,0,0,0,0,0,0,0,100,0
t-shirt z nadrukiem,diverse dune,99.99,Półrękawek,koszulka regular fit,3.33,100,0,0,0,0,0,0,0,0,0,0,0,0,0,100,0,0
t-shirt z nadrukiem,jack & jones,67.45,Krótki rękaw,koszulka regular fit,3.33,100,0,0,0,0,0,0,0,0,0,0,0,0,0,100,0,0
t-shirt z nadrukiem,jordan,143.0,Krótki rękaw,koszulka loose fit,3.33,100,0,0,0,0,0,0,0,0,0,0,0,0,0,100,0,0
koszulka polo,closed,589.0,Krótki rękaw,koszulka regular fit,3.33,83,17,0,0,0,0,0,0,0,0,0,0,0,0,83,17,0
t-shirt z nadrukiem,scalpers,121.5,Krótki rękaw,koszulka regular fit,3.33,100,0,0,0,0,0,0,0,0,0,0,0,0,0,100,0,0
t-shirt z nadrukiem,jack & jones,62.95,Krótki rękaw,koszulka regular fit,3.33,100,0,0,0,0,0,0,0,0,0,0,0,0,0,100,0,0
t-shirt z nadrukiem,the north face,149.0,Krótki rękaw,koszulka regular fit,3.33,100,0,0,0,0,0,0,0,0,0,0,0,0,0,100,0,0
t-shirt z nadrukiem,rip curl,125.0,Krótki rękaw,koszulka regular fit,3.33,100,0,0,0,0,0,0,0,0,0,0,0,0,0,100,0,0
t-shirt z nadrukiem,calvin klein,116.0,Krótki rękaw,koszulka regular fit,3.33,100,0,0,0,0,0,0,0,0,0,0,0,0,0,100,0,0
t-shirt z nadrukiem,yourturn,69.0,Półrękawek,koszulka loose fit,3.33,100,0,0,0,0,0,0,0,0,0,0,0,0,0,100,0,0
t-shirt z nadrukiem,santa cruz,66.0,Krótki rękaw,koszulka regular fit,3.33,100,0,0,0,0,0,0,0,0,0,0,0,0,0,100,0,0
koszulka polo,polo ralph lauren,539.0,Krótki rękaw,koszulka regular fit,3.33,100,0,0,0,0,0,0,0,0,0,0,0,0,0,100,0,0
koszulka polo,adidas performance,179.0,Krótki rękaw,koszulka regular fit,3.33,70,30,0,0,0,0,0,0,0,0,0,0,0,0,70,30,0
t-shirt basic,balmohk,79.99,Krótki rękaw,koszulka loose fit,3.33,100,0,0,0,0,0,0,0,0,0,0,0,0,0,100,0,0
t-shirt z nadrukiem,jack & jones,69.0,Krótki rękaw,koszulka regular fit,3.33,100,0,0,0,0,0,0,0,0,0,0,0,0,0,100,0,0
t-shirt z nadrukiem,rockshirts iron,109.0,Krótki rękaw,koszulka regular fit,3.33,100,0,0,0,0,0,0,0,0,0,0,0,0,0,100,0,0
t-shirt basic,solid,60.0,Krótki rękaw,koszulka regular fit,3.33,100,0,0,0,0,0,0,0,0,0,0,0,0,0,100,0,0
t-shirt basic,s.oliver,76.99,Krótki rękaw,koszulka regular fit,3.33,100,0,0,0,0,0,0,0,0,0,0,0,0,0,100,0,0
t-shirt z nadrukiem,boss,349.0,Półrękawek,koszulka loose fit,3.33,100,0,0,0,0,0,0,0,0,0,0,0,0,0,100,0,0
koszulka polo,j.lindeberg sports,359.0,Krótki rękaw,koszulka regular fit,3.33,0,100,0,0,0,0,0,0,0,0,0,0,0,0,0,100,0
t-shirt basic,levi's®,107.0,Krótki rękaw,koszulka regular fit,3.33,100,0,0,0,0,0,0,0,0,0,0,0,0,0,100,0,0
t-shirt z nadrukiem,adidas originals,134.0,Krótki rękaw,koszulka regular fit,3.33,100,0,0,0,0,0,0,0,0,0,0,0,0,0,100,0,0
t-shirt z nadrukiem,hugo,359.0,Krótki rękaw,koszulka loose fit,3.33,100,0,0,0,0,0,0,0,0,0,0,0,0,0,100,0,0
bluzka z długim rękawem,j.lindeberg walsh,669.0,Bardzo długi rękaw,koszulka loose fit,3.33,100,0,0,0,0,0,0,0,0,0,0,0,0,0,100,0,0
t-shirt z nadrukiem,jack & jones,59.99,Krótki rękaw,koszulka regular fit,3.33,100,0,0,0,0,0,0,0,0,0,0,0,0,0,100,0,0
t-shirt z nadrukiem,holzweiler,719.0,Półrękawek,koszulka loose fit,3.33,100,0,0,0,0,0,0,0,0,0,0,0,0,0,100,0,0
t-shirt z nadrukiem,yourturn unisex,35.0,Półrękawek,koszulka loose fit,3.33,100,0,0,0,0,0,0,0,0,0,0,0,0,0,100,0,0
koszulka sportowa,hummel,136.0,Krótki rękaw,koszulka regular fit,3.33,0,100,0,0,0,0,0,0,0,0,0,0,0,0,0,100,0
koszulka polo,tommy jeans,216.0,Krótki rękaw,koszulka regular fit,3.33,100,0,0,0,0,0,0,0,0,0,0,0,0,0,100,0,0
bluzka z długim rękawem,halo unisex,295.0,Bardzo długi rękaw,koszulka regular fit,3.33,100,0,0,0,0,0,0,0,0,0,0,0,0,0,100,0,0
koszulka sportowa,danish endurance,259.0,Krótki rękaw,koszulka skinny fit,0.0,0,0,0,0,80,0,0,0,20,0,0,0,0,0,80,20,80
t-shirt z nadrukiem,rockshirts ac,109.0,Krótki rękaw,koszulka regular fit,3.33,100,0,0,0,0,0,0,0,0,0,0,0,0,0,100,0,0
t-shirt z nadrukiem,henry tiger,99.99,Krótki rękaw,koszulka regular fit,3.33,100,0,0,0,0,0,0,0,0,0,0,0,0,0,100,0,0
t-shirt z nadrukiem,diverse,53.99,Krótki rękaw,koszulka regular fit,3.33,100,0,0,0,0,0,0,0,0,0,0,0,0,0,100,0,0
koszulka polo,tommy hilfiger,332.0,Krótki rękaw,koszulka regular fit,3.33,96,0,4,0,0,0,0,0,0,0,0,0,0,0,96,4,0
t-shirt z nadrukiem,henry tiger,109.99,Krótki rękaw,koszulka regular fit,3.33,100,0,0,0,0,0,0,0,0,0,0,0,0,0,100,0,0
t-shirt z nadrukiem,karl lagerfeld,233.0,Krótki rękaw,koszulka regular fit,3.33,95,0,5,0,0,0,0,0,0,0,0,0,0,0,95,5,0
t-shirt basic,polo ralph lauren,419.0,Krótki rękaw,koszulka regular fit,3.33,100,0,0,0,0,0,0,0,0,0,0,0,0,0,100,0,0
t-shirt z nadrukiem,karl lagerfeld,389.0,Krótki rękaw,koszulka regular fit,3.33,100,0,0,0,0,0,0,0,0,0,0,0,0,0,100,0,0
t-shirt basic,off,879.0,Krótki rękaw,koszulka regular fit,3.33,100,0,0,0,0,0,0,0,0,0,0,0,0,0,100,0,0
t-shirt z nadrukiem,blend,56.0,Krótki rękaw,koszulka regular fit,3.33,38,50,0,12,0,0,0,0,0,0,0,0,0,0,38,50,0
t-shirt z nadrukiem,alpha industries,170.0,Krótki rękaw,koszulka regular fit,3.33,100,0,0,0,0,0,0,0,0,0,0,0,0,0,100,0,0
t-shirt z nadrukiem,adidas originals,139.0,Krótki rękaw,koszulka regular fit,3.33,100,0,0,0,0,0,0,0,0,0,0,0,0,0,100,0,0
t-shirt z nadrukiem,good for,93.5,Krótki rękaw,koszulka loose fit,3.33,100,0,0,0,0,0,0,0,0,0,0,0,0,0,100,0,0
t-shirt z nadrukiem,superdry &,169.0,Krótki rękaw,koszulka regular fit,3.33,100,0,0,0,0,0,0,0,0,0,0,0,0,0,100,0,0
koszulka polo,polo ralph lauren,1099.0,Krótki rękaw,koszulka regular fit,3.33,100,0,0,0,0,0,0,0,0,0,0,0,0,0,100,0,0
t-shirt z nadrukiem,mister tee,70.0,Krótki rękaw,koszulka regular fit,3.33,100,0,0,0,0,0,0,0,0,0,0,0,0,0,100,0,0
bluzka z długim rękawem,borgio,229.0,Długi rękaw,koszulka regular fit,3.33,100,0,0,0,0,0,0,0,0,0,0,0,0,0,100,0,0
t-shirt basic,u.s. polo assn.,128.0,Krótki rękaw,koszulka regular fit,3.33,100,0,0,0,0,0,0,0,0,0,0,0,0,0,100,0,0
koszulka polo,camp david,151.5,Krótki rękaw,koszulka regular fit,3.33,35,65,0,0,0,0,0,0,0,0,0,0,0,0,35,65,0
koszulka sportowa,nike performance,116.0,Krótki rękaw,koszulka slim fit,32.2,0,100,0,0,0,0,0,0,0,0,0,0,0,0,0,100,0
t-shirt basic,petrol industries,125.0,Krótki rękaw,koszulka regular fit,3.33,100,0,0,0,0,0,0,0,0,0,0,0,0,0,100,0,0
koszulka sportowa,calvin klein,149.0,Krótki rękaw,koszulka regular fit,3.33,0,100,0,0,0,0,0,0,0,0,0,0,0,0,0,100,0
bluzka z długim rękawem,lindbergh,242.0,Długi rękaw,koszulka regular fit,3.33,100,0,0,0,0,0,0,0,0,0,0,0,0,0,100,0,0
koszulka polo,s.oliver,263.0,Krótki rękaw,koszulka regular fit,3.33,100,0,0,0,0,0,0,0,0,0,0,0,0,0,100,0,0
koszulka polo,blend,89.0,Krótki rękaw,koszulka regular fit,3.33,100,0,0,0,0,0,0,0,0,0,0,0,0,0,100,0,0
t-shirt basic,abercrombie &,99.0,Krótki rękaw,koszulka regular fit,3.33,100,0,0,0,0,0,0,0,0,0,0,0,0,0,100,0,0
t-shirt z nadrukiem,jack & jones,79.99,Krótki rękaw,koszulka regular fit,3.33,100,0,0,0,0,0,0,0,0,0,0,0,0,0,100,0,0
t-shirt z nadrukiem,puma,109.0,Krótki rękaw,koszulka regular fit,3.33,100,0,0,0,0,0,0,0,0,0,0,0,0,0,100,0,0
t-shirt z nadrukiem,gcds,679.0,Krótki rękaw,koszulka regular fit,3.33,100,0,0,0,0,0,0,0,0,0,0,0,0,0,100,0,0
t-shirt basic,puma,99.0,Krótki rękaw,koszulka regular fit,3.33,100,0,0,0,0,0,0,0,0,0,0,0,0,0,100,0,0
t-shirt basic,terranova,59.99,Krótki rękaw,koszulka loose fit,3.33,100,0,0,0,0,0,0,0,0,0,0,0,0,0,100,0,0
t-shirt z nadrukiem,jack & jones,89.99,Krótki rękaw,koszulka regular fit,3.33,100,0,0,0,0,0,0,0,0,0,0,0,0,0,100,0,0
koszulka reprezentacji,adidas performance,479.0,Długi rękaw,koszulka slim fit,32.2,0,100,0,0,0,0,0,0,0,0,0,0,0,0,0,100,0
t-shirt z nadrukiem,jack & jones,89.99,Krótki rękaw,koszulka regular fit,3.33,100,0,0,0,0,0,0,0,0,0,0,0,0,0,100,0,0
t-shirt z nadrukiem,balmohk,119.99,Półrękawek,koszulka loose fit,3.33,100,0,0,0,0,0,0,0,0,0,0,0,0,0,100,0,0
bluzka z długim rękawem,hummel,154.8,Długi rękaw,koszulka skinny fit,0.0,0,0,0,0,0,0,0,0,100,0,0,0,0,0,0,100,0
t-shirt z nadrukiem,kaotiko unisex,116.0,Półrękawek,koszulka loose fit,3.33,100,0,0,0,0,0,0,0,0,0,0,0,0,0,100,0,0
t-shirt z nadrukiem,scotch & soda,229.0,Krótki rękaw,koszulka regular fit,3.33,100,0,0,0,0,0,0,0,0,0,0,0,0,0,100,0,0
t-shirt z nadrukiem,jack & jones,103.45,Krótki rękaw,koszulka loose fit,3.33,100,0,0,0,0,0,0,0,0,0,0,0,0,0,100,0,0
t-shirt z nadrukiem,puma,239.0,Krótki rękaw,koszulka loose fit,3.33,100,0,0,0,0,0,0,0,0,0,0,0,0,0,100,0,0
t-shirt z nadrukiem,guess,159.0,Krótki rękaw,koszulka slim fit,32.2,100,0,0,0,0,0,0,0,0,0,0,0,0,0,100,0,0
t-shirt z nadrukiem,ea7 emporio armani,319.0,Krótki rękaw,koszulka regular fit,3.33,100,0,0,0,0,0,0,0,0,0,0,0,0,0,100,0,0
t-shirt basic,jack & jones,62.95,Krótki rękaw,koszulka regular fit,3.33,100,0,0,0,0,0,0,0,0,0,0,0,0,0,100,0,0
t-shirt z nadrukiem,adidas originals,679.0,Półrękawek,koszulka loose fit,3.33,0,100,0,0,0,0,0,0,0,0,0,0,0,0,0,100,0
t-shirt z nadrukiem,forgotten faces,106.0,Krótki rękaw,koszulka loose fit,3.33,100,0,0,0,0,0,0,0,0,0,0,0,0,0,100,0,0
t-shirt z nadrukiem,karl lagerfeld,233.0,Krótki rękaw,koszulka regular fit,3.33,100,0,0,0,0,0,0,0,0,0,0,0,0,0,100,0,0
t-shirt z nadrukiem,karl lagerfeld,350.0,Krótki rękaw,koszulka regular fit,3.33,100,0,0,0,0,0,0,0,0,0,0,0,0,0,100,0,0
koszulka polo,pier one,30.0,Krótki rękaw,koszulka regular fit,3.33,100,0,0,0,0,0,0,0,0,0,0,0,0,0,100,0,0
bluzka z długim rękawem,u.s. polo assn.,168.0,Długi rękaw,koszulka regular fit,3.33,95,0,5,0,0,0,0,0,0,0,0,0,0,0,95,5,0
koszulka polo,napapijri elbas,269.0,Krótki rękaw,koszulka regular fit,3.33,100,0,0,0,0,0,0,0,0,0,0,0,0,0,100,0,0
t-shirt z nadrukiem,blend,64.0,Krótki rękaw,koszulka regular fit,3.33,100,0,0,0,0,0,0,0,0,0,0,0,0,0,100,0,0
t-shirt basic,karl lagerfeld,265.28,Krótki rękaw,koszulka regular fit,3.33,95,0,5,0,0,0,0,0,0,0,0,0,0,0,95,5,0
t-shirt z nadrukiem,jack & jones,80.0,Krótki rękaw,koszulka regular fit,3.33,50,50,0,0,0,0,0,0,0,0,0,0,0,0,50,50,0
bluzka z długim rękawem,under armour,179.0,Długi rękaw,koszulka slim fit,32.2,0,100,0,0,0,0,0,0,0,0,0,0,0,0,0,100,0
t-shirt z nadrukiem,jordan game,381.0,Krótki rękaw,koszulka regular fit,3.33,100,0,0,0,0,0,0,0,0,0,0,0,0,0,100,0,0
t-shirt z nadrukiem,calvin klein,129.0,Krótki rękaw,koszulka regular fit,3.33,100,0,0,0,0,0,0,0,0,0,0,0,0,0,100,0,0
artykuły klubowe,kappa gara,559.0,Półrękawek,koszulka slim fit,32.2,0,92,8,0,0,0,0,0,0,0,0,0,0,0,0,100,0
t-shirt basic,s.oliver,159.99,Krótki rękaw,koszulka regular fit,3.33,100,0,0,0,0,0,0,0,0,0,0,0,0,0,100,0,0
t-shirt basic,marc o'polo,429.0,Krótki rękaw,koszulka regular fit,3.33,90,0,0,0,0,10,0,0,0,0,0,0,0,0,100,0,10
t-shirt z nadrukiem,stance classified,70.0,Krótki rękaw,koszulka regular fit,3.33,100,0,0,0,0,0,0,0,0,0,0,0,0,0,100,0,0
t-shirt z nadrukiem,henry tiger,169.99,Krótki rękaw,koszulka regular fit,3.33,100,0,0,0,0,0,0,0,0,0,0,0,0,0,100,0,0
t-shirt z nadrukiem,only & sons,89.0,Krótki rękaw,koszulka loose fit,3.33,100,0,0,0,0,0,0,0,0,0,0,0,0,0,100,0,0
t-shirt basic,wood wood,319.0,Krótki rękaw,koszulka regular fit,3.33,100,0,0,0,0,0,0,0,0,0,0,0,0,0,100,0,0
t-shirt z nadrukiem,adidas originals,259.0,Krótki rękaw,koszulka regular fit,3.33,100,0,0,0,0,0,0,0,0,0,0,0,0,0,100,0,0
t-shirt z nadrukiem,pull&bear,69.9,Krótki rękaw,koszulka loose fit,3.33,100,0,0,0,0,0,0,0,0,0,0,0,0,0,100,0,0
t-shirt z nadrukiem,michael kors,242.0,Krótki rękaw,koszulka regular fit,3.33,100,0,0,0,0,0,0,0,0,0,0,0,0,0,100,0,0
t-shirt basic,volcom,149.0,Krótki rękaw,koszulka loose fit,3.33,100,0,0,0,0,0,0,0,0,0,0,0,0,0,100,0,0
bluzka z długim rękawem,on,405.0,Długi rękaw,koszulka regular fit,3.33,0,90,10,0,0,0,0,0,0,0,0,0,0,0,0,100,0
bluzka z długim rękawem,weekday,139.0,Długi rękaw,koszulka slim fit,32.2,95,0,5,0,0,0,0,0,0,0,0,0,0,0,95,5,0
t-shirt basic,mey v,209.0,Krótki rękaw,koszulka slim fit,32.2,57,38,5,0,0,0,0,0,0,0,0,0,0,0,57,43,0
t-shirt z nadrukiem,les deux,242.0,Krótki rękaw,koszulka regular fit,3.33,100,0,0,0,0,0,0,0,0,0,0,0,0,0,100,0,0
t-shirt z nadrukiem,marvel marvel,98.99,Krótki rękaw,koszulka regular fit,3.33,100,0,0,0,0,0,0,0,0,0,0,0,0,0,100,0,0
t-shirt z nadrukiem,jack & jones,74.99,Krótki rękaw,koszulka regular fit,3.33,100,0,0,0,0,0,0,0,0,0,0,0,0,0,100,0,0
t-shirt z nadrukiem,no problemo,289.0,Krótki rękaw,koszulka loose fit,3.33,100,0,0,0,0,0,0,0,0,0,0,0,0,0,100,0,0
t-shirt z nadrukiem,solid,109.0,Krótki rękaw,koszulka loose fit,3.33,100,0,0,0,0,0,0,0,0,0,0,0,0,0,100,0,0
bluzka z długim rękawem,arkk copenhagen,124.0,Długi rękaw,koszulka regular fit,3.33,100,0,0,0,0,0,0,0,0,0,0,0,0,0,100,0,0
t-shirt z nadrukiem,s.oliver,89.99,Krótki rękaw,koszulka regular fit,3.33,100,0,0,0,0,0,0,0,0,0,0,0,0,0,100,0,0
t-shirt basic,s.oliver,69.99,Krótki rękaw,koszulka regular fit,3.33,100,0,0,0,0,0,0,0,0,0,0,0,0,0,100,0,0
t-shirt z nadrukiem,adidas originals,103.0,Krótki rękaw,koszulka regular fit,3.33,100,0,0,0,0,0,0,0,0,0,0,0,0,0,100,0,0
t-shirt z nadrukiem,puma,197.0,Krótki rękaw,koszulka regular fit,3.33,100,0,0,0,0,0,0,0,0,0,0,0,0,0,100,0,0
t-shirt z nadrukiem,indicode jeans,56.0,Krótki rękaw,koszulka regular fit,3.33,100,0,0,0,0,0,0,0,0,0,0,0,0,0,100,0,0
t-shirt z nadrukiem,pier one,84.0,Półrękawek,koszulka loose fit,3.33,100,0,0,0,0,0,0,0,0,0,0,0,0,0,100,0,0
bluzka z długim rękawem,les deux,278.0,Długi rękaw,koszulka regular fit,3.33,97,0,3,0,0,0,0,0,0,0,0,0,0,0,97,3,0
t-shirt z nadrukiem,fast and,124.0,Półrękawek,koszulka loose fit,3.33,100,0,0,0,0,0,0,0,0,0,0,0,0,0,100,0,0
t-shirt z nadrukiem,superdry &,152.1,Krótki rękaw,koszulka regular fit,3.33,60,40,0,0,0,0,0,0,0,0,0,0,0,0,60,40,0
t-shirt z nadrukiem,calvin klein,269.0,Krótki rękaw,koszulka loose fit,3.33,100,0,0,0,0,0,0,0,0,0,0,0,0,0,100,0,0
t-shirt z nadrukiem,henry tiger,109.99,Krótki rękaw,koszulka regular fit,3.33,100,0,0,0,0,0,0,0,0,0,0,0,0,0,100,0,0
t-shirt z nadrukiem,jack & jones,67.95,Krótki rękaw,koszulka regular fit,3.33,100,0,0,0,0,0,0,0,0,0,0,0,0,0,100,0,0
t-shirt basic,jack & jones,67.95,Krótki rękaw,koszulka loose fit,3.33,100,0,0,0,0,0,0,0,0,0,0,0,0,0,100,0,0
t-shirt basic,abercrombie &,99.0,Krótki rękaw,koszulka regular fit,3.33,100,0,0,0,0,0,0,0,0,0,0,0,0,0,100,0,0
t-shirt z nadrukiem,lacoste,269.0,Krótki rękaw,koszulka regular fit,3.33,100,0,0,0,0,0,0,0,0,0,0,0,0,0,100,0,0
top,blend,68.0,Bez rękawów,koszulka regular fit,3.33,100,0,0,0,0,0,0,0,0,0,0,0,0,0,100,0,0
t-shirt z nadrukiem,jack & jones,79.99,Krótki rękaw,koszulka loose fit,3.33,100,0,0,0,0,0,0,0,0,0,0,0,0,0,100,0,0
bluzka z długim rękawem,u.s. polo assn.,126.0,Długi rękaw,koszulka regular fit,3.33,100,0,0,0,0,0,0,0,0,0,0,0,0,0,100,0,0
t-shirt z nadrukiem,pepe jeans,127.2,Krótki rękaw,koszulka regular fit,3.33,100,0,0,0,0,0,0,0,0,0,0,0,0,0,100,0,0
bluzka z długim rękawem,j.lindeberg sports,589.0,Długi rękaw,koszulka regular fit,3.33,0,85,15,0,0,0,0,0,0,0,0,0,0,0,0,100,0
t-shirt z nadrukiem,double a,319.0,Półrękawek,koszulka loose fit,3.33,100,0,0,0,0,0,0,0,0,0,0,0,0,0,100,0,0
t-shirt z nadrukiem,mads nørgaard,242.0,Krótki rękaw,koszulka regular fit,3.33,100,0,0,0,0,0,0,0,0,0,0,0,0,0,100,0,0
koszulka polo,jack & jones,125.0,Krótki rękaw,koszulka loose fit,3.33,100,0,0,0,0,0,0,0,0,0,0,0,0,0,100,0,0
t-shirt z nadrukiem,hugo,116.0,Krótki rękaw,koszulka regular fit,3.33,100,0,0,0,0,0,0,0,0,0,0,0,0,0,100,0,0
t-shirt z nadrukiem,jack & jones,67.45,Krótki rękaw,koszulka regular fit,3.33,100,0,0,0,0,0,0,0,0,0,0,0,0,0,100,0,0
t-shirt z nadrukiem,jack & jones,67.45,Krótki rękaw,koszulka regular fit,3.33,100,0,0,0,0,0,0,0,0,0,0,0,0,0,100,0,0
t-shirt basic,american vintage,185.0,Krótki rękaw,koszulka regular fit,3.33,100,0,0,0,0,0,0,0,0,0,0,0,0,0,100,0,0
t-shirt z nadrukiem,next,74.0,Krótki rękaw,koszulka regular fit,3.33,100,0,0,0,0,0,0,0,0,0,0,0,0,0,100,0,0
t-shirt z nadrukiem,obey clothing,259.0,Krótki rękaw,koszulka regular fit,3.33,100,0,0,0,0,0,0,0,0,0,0,0,0,0,100,0,0
t-shirt z nadrukiem,jacker zhou,199.0,Krótki rękaw,koszulka regular fit,3.33,100,0,0,0,0,0,0,0,0,0,0,0,0,0,100,0,0
koszulka sportowa,danish endurance,235.0,Krótki rękaw,koszulka regular fit,3.33,0,95,5,0,0,0,0,0,0,0,0,0,0,0,0,100,0
t-shirt z nadrukiem,pegador stege,206.0,Półrękawek,koszulka oversize,22.7,100,0,0,0,0,0,0,0,0,0,0,0,0,0,100,0,0
bluzka z długim rękawem,nike performance,327.0,Bardzo długi rękaw,koszulka slim fit,32.2,0,100,0,0,0,0,0,0,0,0,0,0,0,0,0,100,0
t-shirt z nadrukiem,blend,109.0,Półrękawek,koszulka loose fit,3.33,100,0,0,0,0,0,0,0,0,0,0,0,0,0,100,0,0
t-shirt z nadrukiem,levi's®,111.92,Krótki rękaw,koszulka regular fit,3.33,100,0,0,0,0,0,0,0,0,0,0,0,0,0,100,0,0
t-shirt basic,casual friday,169.0,Krótki rękaw,koszulka regular fit,3.33,95,0,5,0,0,0,0,0,0,0,0,0,0,0,95,5,0
t-shirt basic,pako lorente,119.99,Krótki rękaw,koszulka regular fit,3.33,100,0,0,0,0,0,0,0,0,0,0,0,0,0,100,0,0
t-shirt z nadrukiem,jack & jones,71.0,Krótki rękaw,koszulka regular fit,3.33,100,0,0,0,0,0,0,0,0,0,0,0,0,0,100,0,0
t-shirt basic,calvin klein,174.0,Krótki rękaw,koszulka regular fit,3.33,100,0,0,0,0,0,0,0,0,0,0,0,0,0,100,0,0
bluzka z długim rękawem,mm6 maison,1309.0,Długi rękaw,koszulka regular fit,3.33,100,0,0,0,0,0,0,0,0,0,0,0,0,0,100,0,0
t-shirt z nadrukiem,s.oliver,89.99,Krótki rękaw,koszulka regular fit,3.33,100,0,0,0,0,0,0,0,0,0,0,0,0,0,100,0,0
t-shirt basic,marc o'polo,129.95,Krótki rękaw,koszulka regular fit,3.33,100,0,0,0,0,0,0,0,0,0,0,0,0,0,100,0,0
koszulka polo,ea7 emporio armani,629.0,Długi rękaw,koszulka regular fit,3.33,0,100,0,0,0,0,0,0,0,0,0,0,0,0,0,100,0
t-shirt basic,carhartt wip,219.0,Półrękawek,koszulka loose fit,3.33,100,0,0,0,0,0,0,0,0,0,0,0,0,0,100,0,0
t-shirt basic,redefined rebel,71.0,Półrękawek,koszulka loose fit,3.33,100,0,0,0,0,0,0,0,0,0,0,0,0,0,100,0,0
t-shirt z nadrukiem,guess,194.95,Krótki rękaw,koszulka regular fit,3.33,100,0,0,0,0,0,0,0,0,0,0,0,0,0,100,0,0
t-shirt z nadrukiem,calvin klein,110.0,Krótki rękaw,koszulka regular fit,3.33,100,0,0,0,0,0,0,0,0,0,0,0,0,0,100,0,0
t-shirt z nadrukiem,jack & jones,126.0,Krótki rękaw,koszulka regular fit,3.33,100,0,0,0,0,0,0,0,0,0,0,0,0,0,100,0,0
koszulka sportowa,dynafit alpine,249.0,Krótki rękaw,koszulka regular fit,3.33,0,100,0,0,0,0,0,0,0,0,0,0,0,0,0,100,0
koszulka polo,tommy jeans,216.0,Krótki rękaw,koszulka regular fit,3.33,100,0,0,0,0,0,0,0,0,0,0,0,0,0,100,0,0
t-shirt z nadrukiem,balmohk,119.99,Krótki rękaw,koszulka loose fit,3.33,100,0,0,0,0,0,0,0,0,0,0,0,0,0,100,0,0
t-shirt basic,camel active,129.95,Krótki rękaw,koszulka regular fit,3.33,100,0,0,0,0,0,0,0,0,0,0,0,0,0,100,0,0
t-shirt basic,blend,89.0,Krótki rękaw,koszulka regular fit,3.33,60,40,0,0,0,0,0,0,0,0,0,0,0,0,60,40,0
t-shirt z nadrukiem,ea7 emporio armani,323.0,Krótki rękaw,koszulka regular fit,3.33,100,0,0,0,0,0,0,0,0,0,0,0,0,0,100,0,0
t-shirt basic,s.oliver,69.99,Krótki rękaw,koszulka regular fit,3.33,100,0,0,0,0,0,0,0,0,0,0,0,0,0,100,0,0
t-shirt z nadrukiem,indicode jeans,56.0,Krótki rękaw,koszulka regular fit,3.33,100,0,0,0,0,0,0,0,0,0,0,0,0,0,100,0,0
t-shirt basic,calvin klein,169.0,Krótki rękaw,koszulka regular fit,3.33,64,36,0,0,0,0,0,0,0,0,0,0,0,0,64,36,0
t-shirt z nadrukiem,ochnik,89.9,Krótki rękaw,koszulka regular fit,3.33,100,0,0,0,0,0,0,0,0,0,0,0,0,0,100,0,0
t-shirt z nadrukiem,superdry &,179.1,Krótki rękaw,koszulka regular fit,3.33,100,0,0,0,0,0,0,0,0,0,0,0,0,0,100,0,0
t-shirt z nadrukiem,key largo,169.99,Krótki rękaw,koszulka regular fit,3.33,100,0,0,0,0,0,0,0,0,0,0,0,0,0,100,0,0
top,levi's®,89.0,Bez rękawów,koszulka regular fit,3.33,100,0,0,0,0,0,0,0,0,0,0,0,0,0,100,0,0
t-shirt z nadrukiem,henry tiger,179.99,Krótki rękaw,koszulka regular fit,3.33,100,0,0,0,0,0,0,0,0,0,0,0,0,0,100,0,0
koszulka polo,j.lindeberg sports,449.0,Krótki rękaw,koszulka regular fit,3.33,0,91,9,0,0,0,0,0,0,0,0,0,0,0,0,100,0
koszulka reprezentacji,adidas originals,219.0,Krótki rękaw,koszulka regular fit,3.33,52,48,0,0,0,0,0,0,0,0,0,0,0,0,52,48,0
t-shirt z nadrukiem,jack & jones,67.45,Krótki rękaw,koszulka regular fit,3.33,100,0,0,0,0,0,0,0,0,0,0,0,0,0,100,0,0
t-shirt z nadrukiem,marc o'polo,219.0,Krótki rękaw,koszulka loose fit,3.33,100,0,0,0,0,0,0,0,0,0,0,0,0,0,100,0,0
t-shirt z nadrukiem,salsa jeans,189.0,Krótki rękaw,koszulka regular fit,3.33,100,0,0,0,0,0,0,0,0,0,0,0,0,0,100,0,0
t-shirt z nadrukiem,rockshirts ac/dc,99.0,Krótki rękaw,koszulka regular fit,3.33,100,0,0,0,0,0,0,0,0,0,0,0,0,0,100,0,0
t-shirt z nadrukiem,jack & jones,62.95,Krótki rękaw,koszulka regular fit,3.33,100,0,0,0,0,0,0,0,0,0,0,0,0,0,100,0,0
koszulka polo,mango,209.99,Długi rękaw,koszulka regular fit,3.33,81,19,0,0,0,0,0,0,0,0,0,0,0,0,81,19,0
koszulka polo,pier one,45.0,Krótki rękaw,koszulka regular fit,3.33,100,0,0,0,0,0,0,0,0,0,0,0,0,0,100,0,0
t-shirt z nadrukiem,karl lagerfeld,337.3,Krótki rękaw,koszulka regular fit,3.33,100,0,0,0,0,0,0,0,0,0,0,0,0,0,100,0,0
t-shirt z nadrukiem,nike sportswear,159.0,Krótki rękaw,koszulka loose fit,3.33,100,0,0,0,0,0,0,0,0,0,0,0,0,0,100,0,0
t-shirt z nadrukiem,joop!,170.19,Krótki rękaw,koszulka regular fit,3.33,96,0,4,0,0,0,0,0,0,0,0,0,0,0,96,4,0
bluzka z długim rękawem,champion,234.0,Długi rękaw,koszulka regular fit,3.33,0,78,22,0,0,0,0,0,0,0,0,0,0,0,0,100,0
t-shirt basic,r.d.d. royal,179.99,Krótki rękaw,koszulka loose fit,3.33,100,0,0,0,0,0,0,0,0,0,0,0,0,0,100,0,0
t-shirt z nadrukiem,jack & jones,116.0,Krótki rękaw,koszulka regular fit,3.33,100,0,0,0,0,0,0,0,0,0,0,0,0,0,100,0,0
t-shirt z nadrukiem,nike sportswear,109.0,Krótki rękaw,koszulka regular fit,3.33,100,0,0,0,0,0,0,0,0,0,0,0,0,0,100,0,0
t-shirt z nadrukiem,blend,58.0,Krótki rękaw,koszulka regular fit,3.33,60,40,0,0,0,0,0,0,0,0,0,0,0,0,60,40,0
t-shirt z nadrukiem,jack & jones,109.0,Krótki rękaw,koszulka regular fit,3.33,100,0,0,0,0,0,0,0,0,0,0,0,0,0,100,0,0
t-shirt z nadrukiem,rocawear,119.0,Półrękawek,koszulka loose fit,3.33,100,0,0,0,0,0,0,0,0,0,0,0,0,0,100,0,0
t-shirt basic,siksilk extended,103.0,Krótki rękaw,koszulka regular fit,3.33,95,0,5,0,0,0,0,0,0,0,0,0,0,0,95,5,0
t-shirt basic,bershka boxy,59.9,Krótki rękaw,koszulka loose fit,3.33,100,0,0,0,0,0,0,0,0,0,0,0,0,0,100,0,0
t-shirt z nadrukiem,jack & jones,67.45,Krótki rękaw,koszulka regular fit,3.33,100,0,0,0,0,0,0,0,0,0,0,0,0,0,100,0,0
t-shirt z nadrukiem,henry tiger,169.99,Krótki rękaw,koszulka regular fit,3.33,100,0,0,0,0,0,0,0,0,0,0,0,0,0,100,0,0
koszulka polo,tommy hilfiger,409.0,Krótki rękaw,koszulka regular fit,3.33,96,0,4,0,0,0,0,0,0,0,0,0,0,0,96,4,0
t-shirt z nadrukiem,jack & jones,89.99,Krótki rękaw,koszulka loose fit,3.33,100,0,0,0,0,0,0,0,0,0,0,0,0,0,100,0,0
t-shirt z nadrukiem,kaotiko unisex,209.0,Krótki rękaw,koszulka regular fit,3.33,100,0,0,0,0,0,0,0,0,0,0,0,0,0,100,0,0
koszulka polo,umbro unisex,269.0,Krótki rękaw,koszulka regular fit,3.33,0,100,0,0,0,0,0,0,0,0,0,0,0,0,0,100,0
t-shirt z nadrukiem,hollister co.,159.0,Krótki rękaw,koszulka regular fit,3.33,100,0,0,0,0,0,0,0,0,0,0,0,0,0,100,0,0
t-shirt z nadrukiem,the north face,179.0,Krótki rękaw,koszulka regular fit,3.33,100,0,0,0,0,0,0,0,0,0,0,0,0,0,100,0,0
t-shirt basic,tommy jeans,206.0,Krótki rękaw,koszulka regular fit,3.33,100,0,0,0,0,0,0,0,0,0,0,0,0,0,100,0,0
t-shirt z nadrukiem,jordan,179.0,Półrękawek,koszulka regular fit,3.33,100,0,0,0,0,0,0,0,0,0,0,0,0,0,100,0,0
bluzka z długim rękawem,gap,159.0,Długi rękaw,koszulka loose fit,3.33,100,0,0,0,0,0,0,0,0,0,0,0,0,0,100,0,0
t-shirt z nadrukiem,lacoste,319.0,Krótki rękaw,koszulka regular fit,3.33,100,0,0,0,0,0,0,0,0,0,0,0,0,0,100,0,0
t-shirt basic,s.oliver,303.0,Krótki rękaw,koszulka regular fit,3.33,100,0,0,0,0,0,0,0,0,0,0,0,0,0,100,0,0
t-shirt z nadrukiem,carhartt wip,219.0,Półrękawek,koszulka loose fit,3.33,100,0,0,0,0,0,0,0,0,0,0,0,0,0,100,0,0
t-shirt z nadrukiem,jack & jones,74.99,Krótki rękaw,koszulka regular fit,3.33,100,0,0,0,0,0,0,0,0,0,0,0,0,0,100,0,0
t-shirt z nadrukiem,lindbergh,87.0,Krótki rękaw,koszulka regular fit,3.33,80,20,0,0,0,0,0,0,0,0,0,0,0,0,80,20,0
koszulka polo,karl lagerfeld,463.0,Krótki rękaw,koszulka regular fit,3.33,0,25,0,75,0,0,0,0,0,0,0,0,0,0,0,25,0
t-shirt basic,camel active,99.95,Krótki rękaw,koszulka regular fit,3.33,100,0,0,0,0,0,0,0,0,0,0,0,0,0,100,0,0
t-shirt z nadrukiem,dc shoes,97.49,Krótki rękaw,koszulka regular fit,3.33,100,0,0,0,0,0,0,0,0,0,0,0,0,0,100,0,0
koszulka polo,blend,72.0,Krótki rękaw,koszulka regular fit,3.33,95,0,5,0,0,0,0,0,0,0,0,0,0,0,95,5,0
t-shirt z nadrukiem,weekend offender,179.0,Krótki rękaw,koszulka regular fit,3.33,100,0,0,0,0,0,0,0,0,0,0,0,0,0,100,0,0
t-shirt z nadrukiem,jack & jones,62.95,Krótki rękaw,koszulka regular fit,3.33,100,0,0,0,0,0,0,0,0,0,0,0,0,0,100,0,0
koszulka polo,hugo,409.0,Długi rękaw,koszulka loose fit,3.33,100,0,0,0,0,0,0,0,0,0,0,0,0,0,100,0,0
koszulka polo,abercrombie &,159.0,Krótki rękaw,koszulka regular fit,3.33,98,0,2,0,0,0,0,0,0,0,0,0,0,0,98,2,0
t-shirt z nadrukiem,pull&bear,69.9,Półrękawek,koszulka loose fit,3.33,100,0,0,0,0,0,0,0,0,0,0,0,0,0,100,0,0
t-shirt z nadrukiem,ksubi,619.0,Krótki rękaw,koszulka regular fit,3.33,100,0,0,0,0,0,0,0,0,0,0,0,0,0,100,0,0
t-shirt z nadrukiem,scalpers,115.38,Krótki rękaw,koszulka regular fit,3.33,100,0,0,0,0,0,0,0,0,0,0,0,0,0,100,0,0
koszulka polo,s.oliver,129.99,Krótki rękaw,koszulka regular fit,3.33,100,0,0,0,0,0,0,0,0,0,0,0,0,0,100,0,0
t-shirt z nadrukiem,scalpers taste,101.25,Krótki rękaw,koszulka regular fit,3.33,100,0,0,0,0,0,0,0,0,0,0,0,0,0,100,0,0
koszulka polo,napapijri,278.0,Krótki rękaw,koszulka regular fit,3.33,100,0,0,0,0,0,0,0,0,0,0,0,0,0,100,0,0
t-shirt basic,camel active,129.95,Krótki rękaw,koszulka regular fit,3.33,100,0,0,0,0,0,0,0,0,0,0,0,0,0,100,0,0
top,bershka,55.9,Bez rękawów,koszulka regular fit,3.33,58,0,2,0,0,0,0,0,0,0,40,0,0,0,58,2,0
t-shirt z nadrukiem,casual friday,72.0,Krótki rękaw,koszulka regular fit,3.33,100,0,0,0,0,0,0,0,0,0,0,0,0,0,100,0,0
t-shirt z nadrukiem,replay,179.0,Krótki rękaw,koszulka regular fit,3.33,100,0,0,0,0,0,0,0,0,0,0,0,0,0,100,0,0
t-shirt z nadrukiem,emporio armani,499.0,Krótki rękaw,koszulka regular fit,3.33,100,0,0,0,0,0,0,0,0,0,0,0,0,0,100,0,0
t-shirt basic,ea7 emporio armani,242.0,Krótki rękaw,koszulka regular fit,3.33,95,0,5,0,0,0,0,0,0,0,0,0,0,0,95,5,0
t-shirt z nadrukiem,tommy jeans,152.0,Krótki rękaw,koszulka regular fit,3.33,100,0,0,0,0,0,0,0,0,0,0,0,0,0,100,0,0
t-shirt basic,u.s. polo assn.,212.99,Krótki rękaw,koszulka regular fit,3.33,100,0,0,0,0,0,0,0,0,0,0,0,0,0,100,0,0
t-shirt z nadrukiem,blend,79.0,Krótki rękaw,koszulka regular fit,3.33,100,0,0,0,0,0,0,0,0,0,0,0,0,0,100,0,0
t-shirt z nadrukiem,schott,210.0,Krótki rękaw,koszulka regular fit,3.33,100,0,0,0,0,0,0,0,0,0,0,0,0,0,100,0,0
t-shirt z nadrukiem,bareen,289.0,Półrękawek,koszulka loose fit,3.33,100,0,0,0,0,0,0,0,0,0,0,0,0,0,100,0,0
t-shirt z nadrukiem,pme legend,199.0,Krótki rękaw,koszulka regular fit,3.33,100,0,0,0,0,0,0,0,0,0,0,0,0,0,100,0,0
t-shirt z nadrukiem,tommy jeans,134.0,Krótki rękaw,koszulka regular fit,3.33,100,0,0,0,0,0,0,0,0,0,0,0,0,0,100,0,0
t-shirt z nadrukiem,adidas originals,103.0,Półrękawek,koszulka loose fit,3.33,100,0,0,0,0,0,0,0,0,0,0,0,0,0,100,0,0
t-shirt z nadrukiem,calvin klein,116.0,Krótki rękaw,koszulka regular fit,3.33,100,0,0,0,0,0,0,0,0,0,0,0,0,0,100,0,0
t-shirt z nadrukiem,gap ramones,183.0,Krótki rękaw,koszulka regular fit,3.33,100,0,0,0,0,0,0,0,0,0,0,0,0,0,100,0,0
t-shirt z nadrukiem,tommy jeans,104.0,Krótki rękaw,koszulka regular fit,3.33,100,0,0,0,0,0,0,0,0,0,0,0,0,0,100,0,0
t-shirt z nadrukiem,billabong,103.2,Krótki rękaw,koszulka loose fit,3.33,100,0,0,0,0,0,0,0,0,0,0,0,0,0,100,0,0
t-shirt z nadrukiem,pepe jeans,139.0,Krótki rękaw,koszulka regular fit,3.33,100,0,0,0,0,0,0,0,0,0,0,0,0,0,100,0,0
t-shirt z nadrukiem,hugo,287.0,Półrękawek,koszulka loose fit,3.33,100,0,0,0,0,0,0,0,0,0,0,0,0,0,100,0,0
t-shirt z nadrukiem,puma,127.0,Półrękawek,koszulka loose fit,3.33,100,0,0,0,0,0,0,0,0,0,0,0,0,0,100,0,0
t-shirt z nadrukiem,henry tiger,99.99,Krótki rękaw,koszulka regular fit,3.33,100,0,0,0,0,0,0,0,0,0,0,0,0,0,100,0,0
t-shirt z nadrukiem,allsaints,278.0,Półrękawek,koszulka loose fit,3.33,100,0,0,0,0,0,0,0,0,0,0,0,0,0,100,0,0
t-shirt z nadrukiem,f4nt4stic disney,67.0,Krótki rękaw,koszulka regular fit,3.33,100,0,0,0,0,0,0,0,0,0,0,0,0,0,100,0,0
bluzka z długim rękawem,polo ralph lauren,699.0,Długi rękaw,koszulka regular fit,3.33,100,0,0,0,0,0,0,0,0,0,0,0,0,0,100,0,0
t-shirt basic,levi's®,139.0,Krótki rękaw,koszulka loose fit,3.33,100,0,0,0,0,0,0,0,0,0,0,0,0,0,100,0,0
bluzka z długim rękawem,icecream jumbo,279.0,Długi rękaw,koszulka regular fit,3.33,100,0,0,0,0,0,0,0,0,0,0,0,0,0,100,0,0
t-shirt z nadrukiem,jack & jones,80.0,Krótki rękaw,koszulka regular fit,3.33,100,0,0,0,0,0,0,0,0,0,0,0,0,0,100,0,0
t-shirt z nadrukiem,camel active,149.95,Krótki rękaw,koszulka regular fit,3.33,100,0,0,0,0,0,0,0,0,0,0,0,0,0,100,0,0
t-shirt basic,only & sons,74.0,Krótki rękaw,koszulka regular fit,3.33,100,0,0,0,0,0,0,0,0,0,0,0,0,0,100,0,0
t-shirt z nadrukiem,adidas originals,161.0,Krótki rękaw,koszulka regular fit,3.33,100,0,0,0,0,0,0,0,0,0,0,0,0,0,100,0,0
t-shirt basic,hugo,137.0,Krótki rękaw,koszulka slim fit,32.2,96,0,4,0,0,0,0,0,0,0,0,0,0,0,96,4,0
koszulka polo,gant,521.0,Długi rękaw,koszulka regular fit,3.33,100,0,0,0,0,0,0,0,0,0,0,0,0,0,100,0,0
koszulka polo,fred perry,499.0,Długi rękaw,koszulka regular fit,3.33,100,0,0,0,0,0,0,0,0,0,0,0,0,0,100,0,0
t-shirt basic,camel active,129.95,Krótki rękaw,koszulka regular fit,3.33,100,0,0,0,0,0,0,0,0,0,0,0,0,0,100,0,0
t-shirt z nadrukiem,puma,149.0,Krótki rękaw,koszulka regular fit,3.33,0,100,0,0,0,0,0,0,0,0,0,0,0,0,0,100,0
t-shirt basic,jack & jones,257.0,Krótki rękaw,koszulka regular fit,3.33,92,0,8,0,0,0,0,0,0,0,0,0,0,0,92,8,0
t-shirt z nadrukiem,diesel,160.0,Krótki rękaw,koszulka regular fit,3.33,100,0,0,0,0,0,0,0,0,0,0,0,0,0,100,0,0
t-shirt z nadrukiem,rip curl,126.66,Krótki rękaw,koszulka regular fit,3.33,100,0,0,0,0,0,0,0,0,0,0,0,0,0,100,0,0
t-shirt basic,pier one,54.0,Krótki rękaw,koszulka regular fit,3.33,100,0,0,0,0,0,0,0,0,0,0,0,0,0,100,0,0
t-shirt z nadrukiem,nike performance,159.0,Bardzo krótki rękawek,koszulka loose fit,3.33,100,0,0,0,0,0,0,0,0,0,0,0,0,0,100,0,0
bluzka z długim rękawem,tommy jeans,127.0,Długi rękaw,koszulka regular fit,3.33,100,0,0,0,0,0,0,0,0,0,0,0,0,0,100,0,0
t-shirt z nadrukiem,diverse,99.99,Półrękawek,koszulka loose fit,3.33,100,0,0,0,0,0,0,0,0,0,0,0,0,0,100,0,0
t-shirt basic,lyle &,97.0,Krótki rękaw,koszulka regular fit,3.33,100,0,0,0,0,0,0,0,0,0,0,0,0,0,100,0,0
t-shirt z nadrukiem,re:covered disney,120.99,Krótki rękaw,koszulka regular fit,3.33,100,0,0,0,0,0,0,0,0,0,0,0,0,0,100,0,0
t-shirt z nadrukiem,jack & jones,67.45,Krótki rękaw,koszulka loose fit,3.33,100,0,0,0,0,0,0,0,0,0,0,0,0,0,100,0,0
koszulka polo,boss,239.0,Krótki rękaw,koszulka regular fit,3.33,95,0,5,0,0,0,0,0,0,0,0,0,0,0,95,5,0
t-shirt z nadrukiem,ea7 emporio armani,319.0,Krótki rękaw,koszulka loose fit,3.33,100,0,0,0,0,0,0,0,0,0,0,0,0,0,100,0,0
t-shirt z nadrukiem,henry tiger,169.99,Krótki rękaw,koszulka regular fit,3.33,100,0,0,0,0,0,0,0,0,0,0,0,0,0,100,0,0
t-shirt z nadrukiem,pepe jeans,159.0,Krótki rękaw,koszulka regular fit,3.33,100,0,0,0,0,0,0,0,0,0,0,0,0,0,100,0,0
t-shirt basic,pier one,59.0,Krótki rękaw,koszulka regular fit,3.33,60,40,0,0,0,0,0,0,0,0,0,0,0,0,60,40,0
t-shirt basic,camel active,99.95,Krótki rękaw,koszulka regular fit,3.33,100,0,0,0,0,0,0,0,0,0,0,0,0,0,100,0,0
t-shirt basic,yourturn unisex,119.0,Półrękawek,koszulka loose fit,3.33,95,0,0,5,0,0,0,0,0,0,0,0,0,0,95,0,0
t-shirt z nadrukiem,jack & jones,67.45,Krótki rękaw,koszulka regular fit,3.33,100,0,0,0,0,0,0,0,0,0,0,0,0,0,100,0,0
koszulka sportowa,nike performance,99.99,Krótki rękaw,koszulka regular fit,3.33,100,0,0,0,0,0,0,0,0,0,0,0,0,0,100,0,0
koszulka polo,mango,139.99,Krótki rękaw,koszulka regular fit,3.33,43,35,0,0,0,0,0,0,22,0,0,0,0,0,43,57,0
koszulka polo,carisma longsleeve,335.0,Długi rękaw,koszulka regular fit,3.33,100,0,0,0,0,0,0,0,0,0,0,0,0,0,100,0,0
t-shirt z nadrukiem,ea7 emporio armani,359.0,Krótki rękaw,koszulka regular fit,3.33,60,40,0,0,0,0,0,0,0,0,0,0,0,0,60,40,0
t-shirt z nadrukiem,puma,114.0,Krótki rękaw,koszulka regular fit,3.33,100,0,0,0,0,0,0,0,0,0,0,0,0,0,100,0,0
t-shirt z nadrukiem,terranova,59.99,Krótki rękaw,koszulka loose fit,3.33,100,0,0,0,0,0,0,0,0,0,0,0,0,0,100,0,0
t-shirt z nadrukiem,kiss kiss,99.0,Krótki rękaw,koszulka regular fit,3.33,100,0,0,0,0,0,0,0,0,0,0,0,0,0,100,0,0
bluzka z długim rękawem,tommy jeans,366.75,Długi rękaw,koszulka regular fit,3.33,100,0,0,0,0,0,0,0,0,0,0,0,0,0,100,0,0
t-shirt z nadrukiem,puma,129.0,Krótki rękaw,koszulka regular fit,3.33,100,0,0,0,0,0,0,0,0,0,0,0,0,0,100,0,0
t-shirt z nadrukiem,gcds,807.5,Półrękawek,koszulka loose fit,3.33,100,0,0,0,0,0,0,0,0,0,0,0,0,0,100,0,0
t-shirt z nadrukiem,adidas originals,97.0,Krótki rękaw,koszulka regular fit,3.33,100,0,0,0,0,0,0,0,0,0,0,0,0,0,100,0,0
t-shirt basic,carhartt wip,159.0,Krótki rękaw,koszulka regular fit,3.33,100,0,0,0,0,0,0,0,0,0,0,0,0,0,100,0,0
t-shirt z nadrukiem,hackett london,359.0,Krótki rękaw,koszulka regular fit,3.33,100,0,0,0,0,0,0,0,0,0,0,0,0,0,100,0,0
t-shirt z nadrukiem,jordan,143.0,Krótki rękaw,koszulka regular fit,3.33,100,0,0,0,0,0,0,0,0,0,0,0,0,0,100,0,0
t-shirt z nadrukiem,gant,249.0,Krótki rękaw,koszulka regular fit,3.33,100,0,0,0,0,0,0,0,0,0,0,0,0,0,100,0,0
bluzka z długim rękawem,nike performance,199.0,Bardzo długi rękaw,koszulka regular fit,3.33,0,100,0,0,0,0,0,0,0,0,0,0,0,0,0,100,0
t-shirt z nadrukiem,dickies,143.0,Krótki rękaw,koszulka loose fit,3.33,100,0,0,0,0,0,0,0,0,0,0,0,0,0,100,0,0
t-shirt z nadrukiem,adidas originals,404.0,Półrękawek,koszulka loose fit,3.33,0,100,0,0,0,0,0,0,0,0,0,0,0,0,0,100,0
koszulka polo,schott rétro,291.0,Krótki rękaw,koszulka regular fit,3.33,96,0,4,0,0,0,0,0,0,0,0,0,0,0,96,4,0
t-shirt z nadrukiem,yourturn unisex,69.0,Półrękawek,koszulka loose fit,3.33,100,0,0,0,0,0,0,0,0,0,0,0,0,0,100,0,0
t-shirt basic,gant,151.0,Krótki rękaw,koszulka regular fit,3.33,100,0,0,0,0,0,0,0,0,0,0,0,0,0,100,0,0
t-shirt basic,yourturn unisex,142.0,Krótki rękaw,koszulka regular fit,3.33,100,0,0,0,0,0,0,0,0,0,0,0,0,0,100,0,0
t-shirt z nadrukiem,jack & jones,59.95,Krótki rękaw,koszulka loose fit,3.33,100,0,0,0,0,0,0,0,0,0,0,0,0,0,100,0,0
t-shirt basic,ea7 emporio armani,368.0,Krótki rękaw,koszulka regular fit,3.33,0,0,5,60,0,0,0,0,35,0,0,0,0,0,0,40,0
t-shirt z nadrukiem,levi's®,139.0,Krótki rękaw,koszulka regular fit,3.33,100,0,0,0,0,0,0,0,0,0,0,0,0,0,100,0,0
t-shirt z nadrukiem,casual friday,74.0,Półrękawek,koszulka regular fit,3.33,100,0,0,0,0,0,0,0,0,0,0,0,0,0,100,0,0
top,blend,58.0,Bez rękawów,koszulka regular fit,3.33,100,0,0,0,0,0,0,0,0,0,0,0,0,0,100,0,0
t-shirt z nadrukiem,jack & jones,80.95,Krótki rękaw,koszulka loose fit,3.33,100,0,0,0,0,0,0,0,0,0,0,0,0,0,100,0,0
t-shirt basic,s.oliver,229.0,Krótki rękaw,koszulka regular fit,3.33,95,0,5,0,0,0,0,0,0,0,0,0,0,0,95,5,0
t-shirt z nadrukiem,adidas originals,199.0,Krótki rękaw,koszulka loose fit,3.33,100,0,0,0,0,0,0,0,0,0,0,0,0,0,100,0,0
bluzka z długim rękawem,jack & jones,89.95,Długi rękaw,koszulka slim fit,32.2,0,90,10,0,0,0,0,0,0,0,0,0,0,0,0,100,0
t-shirt basic,casamoda,285.0,Krótki rękaw,koszulka regular fit,3.33,100,0,0,0,0,0,0,0,0,0,0,0,0,0,100,0,0
t-shirt z nadrukiem,adidas originals,159.0,Krótki rękaw,koszulka loose fit,3.33,100,0,0,0,0,0,0,0,0,0,0,0,0,0,100,0,0
koszulka reprezentacji,adidas originals,219.0,Krótki rękaw,koszulka regular fit,3.33,52,48,0,0,0,0,0,0,0,0,0,0,0,0,52,48,0
t-shirt z nadrukiem,obey clothing,149.0,Krótki rękaw,koszulka regular fit,3.33,100,0,0,0,0,0,0,0,0,0,0,0,0,0,100,0,0
t-shirt z nadrukiem,camel active,149.95,Krótki rękaw,koszulka regular fit,3.33,100,0,0,0,0,0,0,0,0,0,0,0,0,0,100,0,0
t-shirt z nadrukiem,pepe jeans,139.0,Krótki rękaw,koszulka regular fit,3.33,100,0,0,0,0,0,0,0,0,0,0,0,0,0,100,0,0
t-shirt basic,pier one,101.0,Krótki rękaw,koszulka regular fit,3.33,100,0,0,0,0,0,0,0,0,0,0,0,0,0,100,0,0
t-shirt z nadrukiem,jack & jones,62.95,Krótki rękaw,koszulka regular fit,3.33,100,0,0,0,0,0,0,0,0,0,0,0,0,0,100,0,0
t-shirt z nadrukiem,puma,129.0,Krótki rękaw,koszulka regular fit,3.33,100,0,0,0,0,0,0,0,0,0,0,0,0,0,100,0,0
t-shirt z nadrukiem,gap,79.0,Krótki rękaw,koszulka regular fit,3.33,100,0,0,0,0,0,0,0,0,0,0,0,0,0,100,0,0
t-shirt basic,siksilk,159.0,Krótki rękaw,koszulka regular fit,3.33,95,0,5,0,0,0,0,0,0,0,0,0,0,0,95,5,0
t-shirt z nadrukiem,jack & jones,63.95,Krótki rękaw,koszulka regular fit,3.33,0,91,9,0,0,0,0,0,0,0,0,0,0,0,0,100,0
t-shirt z nadrukiem,jack & jones,63.95,Krótki rękaw,koszulka regular fit,3.33,100,0,0,0,0,0,0,0,0,0,0,0,0,0,100,0,0
t-shirt z nadrukiem,the north face,269.0,Półrękawek,koszulka loose fit,3.33,0,100,0,0,0,0,0,0,0,0,0,0,0,0,0,100,0
t-shirt z nadrukiem,santa cruz,143.0,Krótki rękaw,koszulka regular fit,3.33,100,0,0,0,0,0,0,0,0,0,0,0,0,0,100,0,0
bluzka z długim rękawem,adidas performance,206.0,Długi rękaw,koszulka regular fit,3.33,0,100,0,0,0,0,0,0,0,0,0,0,0,0,0,100,0
t-shirt z nadrukiem,pepe jeans,179.0,Krótki rękaw,koszulka regular fit,3.33,100,0,0,0,0,0,0,0,0,0,0,0,0,0,100,0,0
t-shirt z nadrukiem,vertere berlin,199.0,Półrękawek,koszulka loose fit,3.33,100,0,0,0,0,0,0,0,0,0,0,0,0,0,100,0,0
bluzka z długim rękawem,tommy hilfiger,188.0,Długi rękaw,koszulka regular fit,3.33,100,0,0,0,0,0,0,0,0,0,0,0,0,0,100,0,0
t-shirt z nadrukiem,schott,210.0,Krótki rękaw,koszulka regular fit,3.33,100,0,0,0,0,0,0,0,0,0,0,0,0,0,100,0,0
t-shirt z nadrukiem,versace jeans couture,467.0,Krótki rękaw,koszulka regular fit,3.33,100,0,0,0,0,0,0,0,0,0,0,0,0,0,100,0,0
t-shirt z nadrukiem,jack & jones,80.45,Krótki rękaw,koszulka regular fit,3.33,50,50,0,0,0,0,0,0,0,0,0,0,0,0,50,50,0
t-shirt z nadrukiem,jack & jones,67.45,Krótki rękaw,koszulka loose fit,3.33,100,0,0,0,0,0,0,0,0,0,0,0,0,0,100,0,0
koszulka polo,fq1924 peter,84.0,Krótki rękaw,koszulka regular fit,3.33,100,0,0,0,0,0,0,0,0,0,0,0,0,0,100,0,0
bluzka z długim rękawem,mustang,169.0,Długi rękaw,koszulka regular fit,3.33,100,0,0,0,0,0,0,0,0,0,0,0,0,0,100,0,0
t-shirt z nadrukiem,karl kani,127.0,Krótki rękaw,koszulka slim fit,32.2,0,100,0,0,0,0,0,0,0,0,0,0,0,0,0,100,0
t-shirt z nadrukiem,nike sb,134.0,Krótki rękaw,koszulka loose fit,3.33,100,0,0,0,0,0,0,0,0,0,0,0,0,0,100,0,0
t-shirt basic,jack & jones,67.45,Krótki rękaw,koszulka regular fit,3.33,100,0,0,0,0,0,0,0,0,0,0,0,0,0,100,0,0
t-shirt z nadrukiem,jack & jones,71.0,Krótki rękaw,koszulka regular fit,3.33,100,0,0,0,0,0,0,0,0,0,0,0,0,0,100,0,0
t-shirt z nadrukiem,calvin klein,98.0,Krótki rękaw,koszulka regular fit,3.33,100,0,0,0,0,0,0,0,0,0,0,0,0,0,100,0,0
koszulka polo,schott,291.0,Krótki rękaw,koszulka regular fit,3.33,96,0,4,0,0,0,0,0,0,0,0,0,0,0,96,4,0
t-shirt basic,favela,179.0,Półrękawek,koszulka loose fit,3.33,100,0,0,0,0,0,0,0,0,0,0,0,0,0,100,0,0
t-shirt basic,jack & jones,63.95,Krótki rękaw,koszulka loose fit,3.33,100,0,0,0,0,0,0,0,0,0,0,0,0,0,100,0,0
koszulka polo,house of,679.0,Długi rękaw,koszulka regular fit,3.33,100,0,0,0,0,0,0,0,0,0,0,0,0,0,100,0,0
t-shirt z nadrukiem,jack & jones,67.45,Krótki rękaw,koszulka regular fit,3.33,100,0,0,0,0,0,0,0,0,0,0,0,0,0,100,0,0
t-shirt z nadrukiem,calvin klein,152.0,Krótki rękaw,koszulka regular fit,3.33,100,0,0,0,0,0,0,0,0,0,0,0,0,0,100,0,0
t-shirt z nadrukiem,jack & jones,67.45,Krótki rękaw,koszulka regular fit,3.33,100,0,0,0,0,0,0,0,0,0,0,0,0,0,100,0,0
bluzka z długim rękawem,adidas performance,345.0,Bardzo długi rękaw,koszulka regular fit,3.33,0,100,0,0,0,0,0,0,0,0,0,0,0,0,0,100,0
t-shirt basic,pier one,35.0,Krótki rękaw,koszulka slim fit,32.2,100,0,0,0,0,0,0,0,0,0,0,0,0,0,100,0,0
koszulka polo,redefined rebel,159.0,Długi rękaw,koszulka regular fit,3.33,70,30,0,0,0,0,0,0,0,0,0,0,0,0,70,30,0
bluzka z długim rękawem,star wars,122.99,Długi rękaw,koszulka regular fit,3.33,100,0,0,0,0,0,0,0,0,0,0,0,0,0,100,0,0
t-shirt basic,teeshoppen,150.0,Krótki rękaw,koszulka regular fit,3.33,100,0,0,0,0,0,0,0,0,0,0,0,0,0,100,0,0
t-shirt z nadrukiem,calvin klein,110.0,Krótki rękaw,koszulka regular fit,3.33,100,0,0,0,0,0,0,0,0,0,0,0,0,0,100,0,0
t-shirt z nadrukiem,jack & jones,59.99,Półrękawek,koszulka regular fit,3.33,100,0,0,0,0,0,0,0,0,0,0,0,0,0,100,0,0
t-shirt z nadrukiem,colucci,157.0,Półrękawek,koszulka loose fit,3.33,0,100,0,0,0,0,0,0,0,0,0,0,0,0,0,100,0
bluzka z długim rękawem,barbour,323.0,Długi rękaw,koszulka regular fit,3.33,100,0,0,0,0,0,0,0,0,0,0,0,0,0,100,0,0
t-shirt z nadrukiem,gap,129.0,Krótki rękaw,koszulka regular fit,3.33,100,0,0,0,0,0,0,0,0,0,0,0,0,0,100,0,0
t-shirt z nadrukiem,jack & jones,53.95,Krótki rękaw,koszulka regular fit,3.33,100,0,0,0,0,0,0,0,0,0,0,0,0,0,100,0,0
t-shirt z nadrukiem,jack & jones,86.2,Krótki rękaw,koszulka loose fit,3.33,100,0,0,0,0,0,0,0,0,0,0,0,0,0,100,0,0
t-shirt basic,s.oliver,303.0,Krótki rękaw,koszulka regular fit,3.33,100,0,0,0,0,0,0,0,0,0,0,0,0,0,100,0,0
t-shirt basic,pier one,76.0,Krótki rękaw,koszulka skinny fit,0.0,95,0,5,0,0,0,0,0,0,0,0,0,0,0,95,5,0
bluzka z długim rękawem,holzweiler,539.0,Długi rękaw,koszulka slim fit,32.2,0,50,0,0,50,0,0,0,0,0,0,0,0,0,50,50,50
bluzka z długim rękawem,patagonia,249.0,Długi rękaw,koszulka regular fit,3.33,50,50,0,0,0,0,0,0,0,0,0,0,0,0,50,50,0
t-shirt z nadrukiem,armor lux,276.1,Krótki rękaw,koszulka other,,96,0,4,0,0,0,0,0,0,0,0,0,0,0,96,4,0
bluzka z długim rękawem,emporio armani,609.0,Długi rękaw,koszulka regular fit,3.33,100,0,0,0,0,0,0,0,0,0,0,0,0,0,100,0,0
t-shirt basic,puma,149.0,Krótki rękaw,koszulka regular fit,3.33,100,0,0,0,0,0,0,0,0,0,0,0,0,0,100,0,0
koszulka polo,gant,530.0,Krótki rękaw,koszulka regular fit,3.33,50,0,0,0,0,0,0,0,0,0,50,0,0,0,50,0,0
t-shirt basic,jack & jones,71.95,Krótki rękaw,koszulka regular fit,3.33,100,0,0,0,0,0,0,0,0,0,0,0,0,0,100,0,0
koszulka sportowa,norrøna,489.0,Krótki rękaw,koszulka regular fit,3.33,0,100,0,0,0,0,0,0,0,0,0,0,0,0,0,100,0
koszulka polo,mcs rockwall,169.99,Długi rękaw,koszulka regular fit,3.33,100,0,0,0,0,0,0,0,0,0,0,0,0,0,100,0,0
t-shirt basic,polo ralph lauren,341.0,Krótki rękaw,koszulka regular fit,3.33,100,0,0,0,0,0,0,0,0,0,0,0,0,0,100,0,0
t-shirt z nadrukiem,michael kors,309.0,Krótki rękaw,koszulka regular fit,3.33,100,0,0,0,0,0,0,0,0,0,0,0,0,0,100,0,0
t-shirt basic,oakley,161.0,Półrękawek,koszulka loose fit,3.33,100,0,0,0,0,0,0,0,0,0,0,0,0,0,100,0,0
t-shirt z nadrukiem,puma,109.0,Krótki rękaw,koszulka regular fit,3.33,25,50,0,25,0,0,0,0,0,0,0,0,0,0,25,50,0
t-shirt z nadrukiem,camel active,139.95,Krótki rękaw,koszulka regular fit,3.33,100,0,0,0,0,0,0,0,0,0,0,0,0,0,100,0,0
bluzka z długim rękawem,huf leon,323.0,Długi rękaw,koszulka regular fit,3.33,100,0,0,0,0,0,0,0,0,0,0,0,0,0,100,0,0
t-shirt z nadrukiem,adidas originals,139.0,Krótki rękaw,koszulka regular fit,3.33,100,0,0,0,0,0,0,0,0,0,0,0,0,0,100,0,0
bluzka z długim rękawem,pier one,41.0,Długi rękaw,koszulka slim fit,32.2,100,0,0,0,0,0,0,0,0,0,0,0,0,0,100,0,0
t-shirt z nadrukiem,tom tailor,252.58,Krótki rękaw,koszulka regular fit,3.33,100,0,0,0,0,0,0,0,0,0,0,0,0,0,100,0,0
t-shirt z nadrukiem,tapout,91.0,Krótki rękaw,koszulka regular fit,3.33,100,0,0,0,0,0,0,0,0,0,0,0,0,0,100,0,0
koszulka polo,boss,269.0,Krótki rękaw,koszulka slim fit,32.2,100,0,0,0,0,0,0,0,0,0,0,0,0,0,100,0,0
koszulka polo,gap,139.0,Krótki rękaw,koszulka regular fit,3.33,98,0,2,0,0,0,0,0,0,0,0,0,0,0,98,2,0
t-shirt z nadrukiem,levi's®,159.0,Krótki rękaw,koszulka loose fit,3.33,100,0,0,0,0,0,0,0,0,0,0,0,0,0,100,0,0
bluzka z długim rękawem,the north face,319.0,Długi rękaw,koszulka regular fit,3.33,0,100,0,0,0,0,0,0,0,0,0,0,0,0,0,100,0
t-shirt z nadrukiem,jack & jones,67.45,Krótki rękaw,koszulka loose fit,3.33,100,0,0,0,0,0,0,0,0,0,0,0,0,0,100,0,0
koszulka sportowa,nike performance,319.0,Krótki rękaw,koszulka regular fit,3.33,0,100,0,0,0,0,0,0,0,0,0,0,0,0,0,100,0
t-shirt basic,siksilk extended,103.0,Krótki rękaw,koszulka regular fit,3.33,95,0,5,0,0,0,0,0,0,0,0,0,0,0,95,5,0
t-shirt z nadrukiem,carhartt wip,199.0,Krótki rękaw,koszulka regular fit,3.33,100,0,0,0,0,0,0,0,0,0,0,0,0,0,100,0,0
t-shirt basic,pepe jeans,87.2,Krótki rękaw,koszulka regular fit,3.33,100,0,0,0,0,0,0,0,0,0,0,0,0,0,100,0,0
t-shirt z nadrukiem,carhartt wip,219.0,Półrękawek,koszulka loose fit,3.33,100,0,0,0,0,0,0,0,0,0,0,0,0,0,100,0,0
t-shirt z nadrukiem,u.s. polo assn.,79.99,Krótki rękaw,koszulka regular fit,3.33,100,0,0,0,0,0,0,0,0,0,0,0,0,0,100,0,0
t-shirt z nadrukiem,schott,210.0,Krótki rękaw,koszulka regular fit,3.33,100,0,0,0,0,0,0,0,0,0,0,0,0,0,100,0,0
t-shirt z nadrukiem,closed,449.0,Krótki rękaw,koszulka regular fit,3.33,100,0,0,0,0,0,0,0,0,0,0,0,0,0,100,0,0
t-shirt z nadrukiem,santa cruz,80.0,Krótki rękaw,koszulka regular fit,3.33,100,0,0,0,0,0,0,0,0,0,0,0,0,0,100,0,0
t-shirt z nadrukiem,pepe jeans,135.0,Krótki rękaw,koszulka regular fit,3.33,100,0,0,0,0,0,0,0,0,0,0,0,0,0,100,0,0
t-shirt z nadrukiem,scalpers,101.25,Półrękawek,koszulka regular fit,3.33,100,0,0,0,0,0,0,0,0,0,0,0,0,0,100,0,0
t-shirt z nadrukiem,fq1924 fqiikay,98.0,Krótki rękaw,koszulka regular fit,3.33,95,0,5,0,0,0,0,0,0,0,0,0,0,0,95,5,0
t-shirt z nadrukiem,redefined rebel,98.0,Krótki rękaw,koszulka regular fit,3.33,60,40,0,0,0,0,0,0,0,0,0,0,0,0,60,40,0
artykuły klubowe,hummel,363.0,Krótki rękaw,koszulka regular fit,3.33,0,100,0,0,0,0,0,0,0,0,0,0,0,0,0,100,0
bluzka z długim rękawem,armor lux,382.46,Długi rękaw,koszulka other,,100,0,0,0,0,0,0,0,0,0,0,0,0,0,100,0,0
t-shirt z nadrukiem,jack & jones,79.95,Krótki rękaw,koszulka loose fit,3.33,100,0,0,0,0,0,0,0,0,0,0,0,0,0,100,0,0
t-shirt z nadrukiem,santa cruz,143.0,Krótki rękaw,koszulka regular fit,3.33,100,0,0,0,0,0,0,0,0,0,0,0,0,0,100,0,0
t-shirt z nadrukiem,forsberg t,139.99,Krótki rękaw,koszulka regular fit,3.33,60,40,0,0,0,0,0,0,0,0,0,0,0,0,60,40,0
t-shirt z nadrukiem,jack & jones,67.45,Krótki rękaw,koszulka regular fit,3.33,100,0,0,0,0,0,0,0,0,0,0,0,0,0,100,0,0
t-shirt basic,bershka boxy,59.9,Krótki rękaw,koszulka loose fit,3.33,100,0,0,0,0,0,0,0,0,0,0,0,0,0,100,0,0
t-shirt basic,taion unisex,199.0,Półrękawek,koszulka loose fit,3.33,0,0,0,0,0,0,0,76,0,0,0,0,0,24,0,100,0
t-shirt z nadrukiem,lonsdale,119.0,Krótki rękaw,koszulka regular fit,3.33,100,0,0,0,0,0,0,0,0,0,0,0,0,0,100,0,0
t-shirt basic,indicode jeans,89.99,Krótki rękaw,koszulka slim fit,32.2,100,0,0,0,0,0,0,0,0,0,0,0,0,0,100,0,0
t-shirt z nadrukiem,columbia chill,299.0,Krótki rękaw,koszulka regular fit,3.33,0,0,5,0,0,0,0,95,0,0,0,0,0,0,0,100,0
t-shirt z nadrukiem,maison kitsuné,679.0,Półrękawek,koszulka loose fit,3.33,100,0,0,0,0,0,0,0,0,0,0,0,0,0,100,0,0
t-shirt z nadrukiem,obey clothing,189.0,Krótki rękaw,koszulka regular fit,3.33,100,0,0,0,0,0,0,0,0,0,0,0,0,0,100,0,0
t-shirt z nadrukiem,jack & jones,67.45,Krótki rękaw,koszulka regular fit,3.33,100,0,0,0,0,0,0,0,0,0,0,0,0,0,100,0,0
t-shirt basic,boss,162.0,Krótki rękaw,koszulka slim fit,32.2,95,0,5,0,0,0,0,0,0,0,0,0,0,0,95,5,0
t-shirt z nadrukiem,gant,206.0,Krótki rękaw,koszulka regular fit,3.33,100,0,0,0,0,0,0,0,0,0,0,0,0,0,100,0,0
t-shirt basic,on core,270.0,Krótki rękaw,koszulka regular fit,3.33,0,92,8,0,0,0,0,0,0,0,0,0,0,0,0,100,0
t-shirt z nadrukiem,hugo,134.0,Krótki rękaw,koszulka regular fit,3.33,100,0,0,0,0,0,0,0,0,0,0,0,0,0,100,0,0
t-shirt z nadrukiem,calvin klein,98.0,Krótki rękaw,koszulka regular fit,3.33,100,0,0,0,0,0,0,0,0,0,0,0,0,0,100,0,0
t-shirt z nadrukiem,zoo york,82.0,Krótki rękaw,koszulka regular fit,3.33,100,0,0,0,0,0,0,0,0,0,0,0,0,0,100,0,0
bluzka z długim rękawem,napapijri,197.0,Długi rękaw,koszulka regular fit,3.33,100,0,0,0,0,0,0,0,0,0,0,0,0,0,100,0,0
t-shirt z nadrukiem,pier one,24.0,Krótki rękaw,koszulka regular fit,3.33,100,0,0,0,0,0,0,0,0,0,0,0,0,0,100,0,0
t-shirt basic,karl lagerfeld,296.0,Krótki rękaw,koszulka regular fit,3.33,95,0,5,0,0,0,0,0,0,0,0,0,0,0,95,5,0
t-shirt z nadrukiem,only & sons,109.0,Półrękawek,koszulka loose fit,3.33,100,0,0,0,0,0,0,0,0,0,0,0,0,0,100,0,0
t-shirt basic,boss,146.0,Krótki rękaw,koszulka regular fit,3.33,95,0,5,0,0,0,0,0,0,0,0,0,0,0,95,5,0
bluzka z długim rękawem,pme legend,329.0,Długi rękaw,koszulka regular fit,3.33,100,0,0,0,0,0,0,0,0,0,0,0,0,0,100,0,0
t-shirt z nadrukiem,henry tiger,109.99,Krótki rękaw,koszulka regular fit,3.33,100,0,0,0,0,0,0,0,0,0,0,0,0,0,100,0,0
t-shirt z nadrukiem,indicode jeans,109.0,Krótki rękaw,koszulka loose fit,3.33,100,0,0,0,0,0,0,0,0,0,0,0,0,0,100,0,0
t-shirt z nadrukiem,mister tee,82.0,Krótki rękaw,koszulka regular fit,3.33,100,0,0,0,0,0,0,0,0,0,0,0,0,0,100,0,0
t-shirt z nadrukiem,dickies polk,143.0,Krótki rękaw,koszulka regular fit,3.33,100,0,0,0,0,0,0,0,0,0,0,0,0,0,100,0,0
t-shirt basic,pepe jeans,119.0,Krótki rękaw,koszulka loose fit,3.33,100,0,0,0,0,0,0,0,0,0,0,0,0,0,100,0,0
t-shirt z nadrukiem,jack & jones,89.99,Krótki rękaw,koszulka regular fit,3.33,100,0,0,0,0,0,0,0,0,0,0,0,0,0,100,0,0
t-shirt z nadrukiem,moschino archive,1689.0,Krótki rękaw,koszulka regular fit,3.33,97,0,3,0,0,0,0,0,0,0,0,0,0,0,97,3,0
bluzka z długim rękawem,adidas performance,699.0,Długi rękaw,koszulka regular fit,3.33,0,100,0,0,0,0,0,0,0,0,0,0,0,0,0,100,0
t-shirt z nadrukiem,re:covered unisex,153.0,Półrękawek,koszulka regular fit,3.33,100,0,0,0,0,0,0,0,0,0,0,0,0,0,100,0,0
t-shirt z nadrukiem,logoshirt t,169.0,Krótki rękaw,koszulka regular fit,3.33,100,0,0,0,0,0,0,0,0,0,0,0,0,0,100,0,0
t-shirt z nadrukiem,versace,2029.0,Krótki rękaw,koszulka regular fit,3.33,100,0,0,0,0,0,0,0,0,0,0,0,0,0,100,0,0
t-shirt basic,teeshoppen,425.0,Krótki rękaw,koszulka slim fit,32.2,100,0,0,0,0,0,0,0,0,0,0,0,0,0,100,0,0
koszulka polo,adidas originals,224.0,Krótki rękaw,koszulka regular fit,3.33,0,100,0,0,0,0,0,0,0,0,0,0,0,0,0,100,0
t-shirt z nadrukiem,jack & jones,94.45,Krótki rękaw,koszulka loose fit,3.33,100,0,0,0,0,0,0,0,0,0,0,0,0,0,100,0,0
t-shirt z nadrukiem,re:covered garfield,192.0,Półrękawek,koszulka loose fit,3.33,100,0,0,0,0,0,0,0,0,0,0,0,0,0,100,0,0
t-shirt z nadrukiem,blend,84.0,Krótki rękaw,koszulka regular fit,3.33,100,0,0,0,0,0,0,0,0,0,0,0,0,0,100,0,0
bluzka z długim rękawem,under armour,179.0,Długi rękaw,koszulka loose fit,3.33,0,100,0,0,0,0,0,0,0,0,0,0,0,0,0,100,0
t-shirt z nadrukiem,jack & jones,71.0,Krótki rękaw,koszulka regular fit,3.33,100,0,0,0,0,0,0,0,0,0,0,0,0,0,100,0,0
t-shirt z nadrukiem,blend,79.0,Krótki rękaw,koszulka regular fit,3.33,100,0,0,0,0,0,0,0,0,0,0,0,0,0,100,0,0
t-shirt z nadrukiem,yourturn unisex,35.0,Półrękawek,koszulka loose fit,3.33,100,0,0,0,0,0,0,0,0,0,0,0,0,0,100,0,0
t-shirt basic,urban classics,49.0,Krótki rękaw,koszulka regular fit,3.33,100,0,0,0,0,0,0,0,0,0,0,0,0,0,100,0,0
t-shirt z nadrukiem,diverse,62.99,Krótki rękaw,koszulka regular fit,3.33,100,0,0,0,0,0,0,0,0,0,0,0,0,0,100,0,0
t-shirt z nadrukiem,gap unisex,189.0,Krótki rękaw,koszulka loose fit,3.33,100,0,0,0,0,0,0,0,0,0,0,0,0,0,100,0,0
t-shirt z nadrukiem,jack & jones,69.99,Krótki rękaw,koszulka regular fit,3.33,100,0,0,0,0,0,0,0,0,0,0,0,0,0,100,0,0
t-shirt z nadrukiem,henry tiger,99.99,Krótki rękaw,koszulka regular fit,3.33,100,0,0,0,0,0,0,0,0,0,0,0,0,0,100,0,0
t-shirt z nadrukiem,mister tee,67.0,Krótki rękaw,koszulka regular fit,3.33,100,0,0,0,0,0,0,0,0,0,0,0,0,0,100,0,0
koszulka polo,blend,109.0,Krótki rękaw,koszulka regular fit,3.33,100,0,0,0,0,0,0,0,0,0,0,0,0,0,100,0,0
t-shirt basic,polo ralph lauren,469.0,Krótki rękaw,koszulka regular fit,3.33,100,0,0,0,0,0,0,0,0,0,0,0,0,0,100,0,0
t-shirt z nadrukiem,solid,66.0,Krótki rękaw,koszulka regular fit,3.33,95,0,0,5,0,0,0,0,0,0,0,0,0,0,95,0,0
t-shirt z nadrukiem,boss,266.0,Krótki rękaw,koszulka loose fit,3.33,100,0,0,0,0,0,0,0,0,0,0,0,0,0,100,0,0
t-shirt z nadrukiem,just rhyse,67.0,Krótki rękaw,koszulka regular fit,3.33,70,30,0,0,0,0,0,0,0,0,0,0,0,0,70,30,0
t-shirt z nadrukiem,yourturn unisex,40.0,Półrękawek,koszulka loose fit,3.33,100,0,0,0,0,0,0,0,0,0,0,0,0,0,100,0,0
t-shirt z nadrukiem,boss,287.0,Krótki rękaw,koszulka regular fit,3.33,100,0,0,0,0,0,0,0,0,0,0,0,0,0,100,0,0
t-shirt z nadrukiem,henry tiger,99.99,Krótki rękaw,koszulka regular fit,3.33,100,0,0,0,0,0,0,0,0,0,0,0,0,0,100,0,0
t-shirt z nadrukiem,henry tiger,99.99,Krótki rękaw,koszulka regular fit,3.33,100,0,0,0,0,0,0,0,0,0,0,0,0,0,100,0,0
t-shirt z nadrukiem,pica pica,127.0,Krótki rękaw,koszulka regular fit,3.33,100,0,0,0,0,0,0,0,0,0,0,0,0,0,100,0,0
t-shirt z nadrukiem,henry tiger,99.99,Krótki rękaw,koszulka regular fit,3.33,100,0,0,0,0,0,0,0,0,0,0,0,0,0,100,0,0
koszulka polo,polo ralph lauren,1099.0,Krótki rękaw,koszulka regular fit,3.33,100,0,0,0,0,0,0,0,0,0,0,0,0,0,100,0,0
t-shirt z nadrukiem,blend,60.0,Krótki rękaw,koszulka regular fit,3.33,100,0,0,0,0,0,0,0,0,0,0,0,0,0,100,0,0
t-shirt z nadrukiem,coach,254.0,Krótki rękaw,koszulka regular fit,3.33,100,0,0,0,0,0,0,0,0,0,0,0,0,0,100,0,0
koszulka sportowa,nike performance,109.0,Krótki rękaw,koszulka slim fit,32.2,0,100,0,0,0,0,0,0,0,0,0,0,0,0,0,100,0
t-shirt z nadrukiem,schott,165.0,Krótki rękaw,koszulka regular fit,3.33,100,0,0,0,0,0,0,0,0,0,0,0,0,0,100,0,0
t-shirt z nadrukiem,fila,95.57,Krótki rękaw,koszulka loose fit,3.33,100,0,0,0,0,0,0,0,0,0,0,0,0,0,100,0,0
t-shirt z nadrukiem,merchcode,82.0,Krótki rękaw,koszulka loose fit,3.33,100,0,0,0,0,0,0,0,0,0,0,0,0,0,100,0,0
t-shirt z nadrukiem,jack & jones,62.0,Krótki rękaw,koszulka regular fit,3.33,100,0,0,0,0,0,0,0,0,0,0,0,0,0,100,0,0
t-shirt z nadrukiem,henry tiger,99.99,Krótki rękaw,koszulka regular fit,3.33,100,0,0,0,0,0,0,0,0,0,0,0,0,0,100,0,0
t-shirt z nadrukiem,henry tiger,169.99,Krótki rękaw,koszulka regular fit,3.33,100,0,0,0,0,0,0,0,0,0,0,0,0,0,100,0,0
spodnie treningowe,lonsdale,151.0,Krótki rękaw,koszulka regular fit,3.33,100,0,0,0,0,0,0,0,0,0,0,0,0,0,100,0,0
t-shirt z nadrukiem,karl kani,97.0,Półrękawek,koszulka loose fit,3.33,100,0,0,0,0,0,0,0,0,0,0,0,0,0,100,0,0
koszulka reprezentacji,adidas performance,299.0,Krótki rękaw,koszulka regular fit,3.33,0,100,0,0,0,0,0,0,0,0,0,0,0,0,0,100,0
koszulka polo,terranova,59.99,Krótki rękaw,koszulka regular fit,3.33,100,0,0,0,0,0,0,0,0,0,0,0,0,0,100,0,0
t-shirt z nadrukiem,tom tailor,79.95,Krótki rękaw,koszulka regular fit,3.33,100,0,0,0,0,0,0,0,0,0,0,0,0,0,100,0,0
t-shirt z nadrukiem,mister tee,119.0,Krótki rękaw,koszulka regular fit,3.33,100,0,0,0,0,0,0,0,0,0,0,0,0,0,100,0,0
t-shirt z nadrukiem,mister tee,70.0,Krótki rękaw,koszulka regular fit,3.33,100,0,0,0,0,0,0,0,0,0,0,0,0,0,100,0,0
t-shirt z nadrukiem,fila,105.75,Krótki rękaw,koszulka regular fit,3.33,100,0,0,0,0,0,0,0,0,0,0,0,0,0,100,0,0
t-shirt z nadrukiem,venum,209.0,Krótki rękaw,koszulka skinny fit,0.0,0,0,25,0,0,0,0,75,0,0,0,0,0,0,0,100,0
t-shirt z nadrukiem,tommy hilfiger,289.0,Krótki rękaw,koszulka regular fit,3.33,100,0,0,0,0,0,0,0,0,0,0,0,0,0,100,0,0
koszulka polo,pier one,41.0,Krótki rękaw,koszulka regular fit,3.33,100,0,0,0,0,0,0,0,0,0,0,0,0,0,100,0,0
t-shirt basic,carhartt wip,129.0,Krótki rękaw,koszulka regular fit,3.33,100,0,0,0,0,0,0,0,0,0,0,0,0,0,100,0,0
t-shirt z nadrukiem,alpha industries,149.0,Krótki rękaw,koszulka regular fit,3.33,100,0,0,0,0,0,0,0,0,0,0,0,0,0,100,0,0
t-shirt z nadrukiem,mister tee,55.0,Krótki rękaw,koszulka regular fit,3.33,100,0,0,0,0,0,0,0,0,0,0,0,0,0,100,0,0
koszulka polo,blend,62.0,Krótki rękaw,koszulka regular fit,3.33,100,0,0,0,0,0,0,0,0,0,0,0,0,0,100,0,0
t-shirt z nadrukiem,calvin klein,97.0,Krótki rękaw,koszulka regular fit,3.33,100,0,0,0,0,0,0,0,0,0,0,0,0,0,100,0,0
t-shirt z nadrukiem,nike performance,149.99,Krótki rękaw,koszulka regular fit,3.33,13,75,0,12,0,0,0,0,0,0,0,0,0,0,13,75,0
t-shirt z nadrukiem,mister tee,76.0,Krótki rękaw,koszulka regular fit,3.33,100,0,0,0,0,0,0,0,0,0,0,0,0,0,100,0,0
t-shirt z nadrukiem,jack & jones,62.0,Krótki rękaw,koszulka regular fit,3.33,100,0,0,0,0,0,0,0,0,0,0,0,0,0,100,0,0
t-shirt z nadrukiem,the north face,139.99,Krótki rękaw,koszulka regular fit,3.33,60,40,0,0,0,0,0,0,0,0,0,0,0,0,60,40,0
t-shirt z nadrukiem,blend,70.0,Krótki rękaw,koszulka regular fit,3.33,100,0,0,0,0,0,0,0,0,0,0,0,0,0,100,0,0
bluzka z długim rękawem,pier one,50.0,Długi rękaw,koszulka skinny fit,0.0,95,0,5,0,0,0,0,0,0,0,0,0,0,0,95,5,0
t-shirt z nadrukiem,huf,206.0,Krótki rękaw,koszulka regular fit,3.33,100,0,0,0,0,0,0,0,0,0,0,0,0,0,100,0,0
t-shirt z nadrukiem,siksilk,142.0,Krótki rękaw,koszulka slim fit,32.2,95,0,5,0,0,0,0,0,0,0,0,0,0,0,95,5,0
t-shirt z nadrukiem,msgm,459.0,Krótki rękaw,koszulka regular fit,3.33,100,0,0,0,0,0,0,0,0,0,0,0,0,0,100,0,0
t-shirt basic,new balance,129.0,Krótki rękaw,koszulka loose fit,3.33,100,0,0,0,0,0,0,0,0,0,0,0,0,0,100,0,0
t-shirt z nadrukiem,the kooples,379.0,Krótki rękaw,koszulka regular fit,3.33,100,0,0,0,0,0,0,0,0,0,0,0,0,0,100,0,0
t-shirt z nadrukiem,samsøe samsøe,323.0,Krótki rękaw,koszulka regular fit,3.33,100,0,0,0,0,0,0,0,0,0,0,0,0,0,100,0,0
t-shirt z nadrukiem,element,134.0,Krótki rękaw,koszulka regular fit,3.33,100,0,0,0,0,0,0,0,0,0,0,0,0,0,100,0,0
koszulka polo,moschino milano,1039.0,Krótki rękaw,koszulka regular fit,3.33,100,0,0,0,0,0,0,0,0,0,0,0,0,0,100,0,0
t-shirt basic,next essential,52.0,Krótki rękaw,koszulka regular fit,3.33,100,0,0,0,0,0,0,0,0,0,0,0,0,0,100,0,0
t-shirt z nadrukiem,henry tiger,109.99,Krótki rękaw,koszulka regular fit,3.33,100,0,0,0,0,0,0,0,0,0,0,0,0,0,100,0,0
t-shirt z nadrukiem,blend,79.0,Krótki rękaw,koszulka regular fit,3.33,100,0,0,0,0,0,0,0,0,0,0,0,0,0,100,0,0
t-shirt z nadrukiem,nike performance,229.0,Krótki rękaw,koszulka regular fit,3.33,60,40,0,0,0,0,0,0,0,0,0,0,0,0,60,40,0
t-shirt z nadrukiem,blkvis unisex,92.0,Krótki rękaw,koszulka regular fit,3.33,100,0,0,0,0,0,0,0,0,0,0,0,0,0,100,0,0
t-shirt z nadrukiem,new balance,152.0,Krótki rękaw,koszulka regular fit,3.33,100,0,0,0,0,0,0,0,0,0,0,0,0,0,100,0,0
t-shirt z nadrukiem,penfield,90.0,Krótki rękaw,koszulka loose fit,3.33,100,0,0,0,0,0,0,0,0,0,0,0,0,0,100,0,0
koszulka polo,gant,358.0,Krótki rękaw,koszulka regular fit,3.33,100,0,0,0,0,0,0,0,0,0,0,0,0,0,100,0,0
t-shirt z nadrukiem,calvin klein,152.0,Krótki rękaw,koszulka regular fit,3.33,100,0,0,0,0,0,0,0,0,0,0,0,0,0,100,0,0
t-shirt z nadrukiem,calvin klein,152.0,Krótki rękaw,koszulka loose fit,3.33,100,0,0,0,0,0,0,0,0,0,0,0,0,0,100,0,0
t-shirt z nadrukiem,umbro unisex,108.0,Krótki rękaw,koszulka regular fit,3.33,0,100,0,0,0,0,0,0,0,0,0,0,0,0,0,100,0
t-shirt z nadrukiem,puma,99.0,Krótki rękaw,koszulka regular fit,3.33,35,65,0,0,0,0,0,0,0,0,0,0,0,0,35,65,0
t-shirt z nadrukiem,merchcode,82.0,Krótki rękaw,koszulka regular fit,3.33,100,0,0,0,0,0,0,0,0,0,0,0,0,0,100,0,0
artykuły klubowe,adidas originals,219.0,Krótki rękaw,koszulka regular fit,3.33,100,0,0,0,0,0,0,0,0,0,0,0,0,0,100,0,0
bluzka z długim rękawem,nike performance,126.0,Bardzo długi rękaw,koszulka regular fit,3.33,0,100,0,0,0,0,0,0,0,0,0,0,0,0,0,100,0
bluzka z długim rękawem,patagonia,289.0,Bardzo długi rękaw,koszulka regular fit,3.33,0,100,0,0,0,0,0,0,0,0,0,0,0,0,0,100,0
t-shirt z nadrukiem,jack & jones,67.45,Krótki rękaw,koszulka regular fit,3.33,100,0,0,0,0,0,0,0,0,0,0,0,0,0,100,0,0
t-shirt basic,pier one,98.0,Krótki rękaw,koszulka regular fit,3.33,0,100,0,0,0,0,0,0,0,0,0,0,0,0,0,100,0
koszulka polo,polo ralph lauren,609.0,Krótki rękaw,koszulka regular fit,3.33,100,0,0,0,0,0,0,0,0,0,0,0,0,0,100,0,0
t-shirt z nadrukiem,calvin klein,152.0,Krótki rękaw,koszulka regular fit,3.33,100,0,0,0,0,0,0,0,0,0,0,0,0,0,100,0,0
t-shirt z nadrukiem,mister tee,67.0,Krótki rękaw,koszulka regular fit,3.33,100,0,0,0,0,0,0,0,0,0,0,0,0,0,100,0,0
koszulka polo,lacoste,609.0,Krótki rękaw,koszulka regular fit,3.33,100,0,0,0,0,0,0,0,0,0,0,0,0,0,100,0,0
koszulka sportowa,ea7 emporio armani,318.75,Krótki rękaw,koszulka regular fit,3.33,100,0,0,0,0,0,0,0,0,0,0,0,0,0,100,0,0
t-shirt z nadrukiem,merchcode lord,118.0,Krótki rękaw,koszulka loose fit,3.33,100,0,0,0,0,0,0,0,0,0,0,0,0,0,100,0,0
t-shirt z nadrukiem,rockshirts britney,99.0,Krótki rękaw,koszulka regular fit,3.33,100,0,0,0,0,0,0,0,0,0,0,0,0,0,100,0,0
t-shirt z nadrukiem,adidas originals,108.0,Półrękawek,koszulka oversize,22.7,0,100,0,0,0,0,0,0,0,0,0,0,0,0,0,100,0
t-shirt z nadrukiem,just rhyse,67.0,Krótki rękaw,koszulka regular fit,3.33,100,0,0,0,0,0,0,0,0,0,0,0,0,0,100,0,0
t-shirt z nadrukiem,adidas originals,149.0,Krótki rękaw,koszulka loose fit,3.33,100,0,0,0,0,0,0,0,0,0,0,0,0,0,100,0,0
t-shirt z nadrukiem,blend,68.0,Krótki rękaw,koszulka regular fit,3.33,38,50,0,12,0,0,0,0,0,0,0,0,0,0,38,50,0
bluzka z długim rękawem,lacoste,287.0,Długi rękaw,koszulka regular fit,3.33,100,0,0,0,0,0,0,0,0,0,0,0,0,0,100,0,0
t-shirt basic,pangaia unisex,144.0,Krótki rękaw,koszulka regular fit,3.33,100,0,0,0,0,0,0,0,0,0,0,0,0,0,100,0,0
t-shirt z nadrukiem,asics relaxed,169.0,Półrękawek,koszulka oversize,22.7,60,40,0,0,0,0,0,0,0,0,0,0,0,0,60,40,0
t-shirt z nadrukiem,mister tee,67.0,Krótki rękaw,koszulka regular fit,3.33,100,0,0,0,0,0,0,0,0,0,0,0,0,0,100,0,0
t-shirt z nadrukiem,s.oliver,89.99,Krótki rękaw,koszulka regular fit,3.33,100,0,0,0,0,0,0,0,0,0,0,0,0,0,100,0,0
bluzka z długim rękawem,nike performance,170.0,Długi rękaw,koszulka skinny fit,0.0,0,90,10,0,0,0,0,0,0,0,0,0,0,0,0,100,0
t-shirt z nadrukiem,henry tiger,109.99,Krótki rękaw,koszulka regular fit,3.33,100,0,0,0,0,0,0,0,0,0,0,0,0,0,100,0,0
koszulka polo,peak performance,319.0,Krótki rękaw,koszulka regular fit,3.33,0,100,0,0,0,0,0,0,0,0,0,0,0,0,0,100,0
t-shirt z nadrukiem,marc o'polo,206.0,Krótki rękaw,koszulka regular fit,3.33,100,0,0,0,0,0,0,0,0,0,0,0,0,0,100,0,0
koszulka sportowa,ted baker,90.0,Krótki rękaw,koszulka regular fit,3.33,0,100,0,0,0,0,0,0,0,0,0,0,0,0,0,100,0
t-shirt z nadrukiem,rockshirts,99.0,Krótki rękaw,koszulka regular fit,3.33,100,0,0,0,0,0,0,0,0,0,0,0,0,0,100,0,0
t-shirt basic,guess,97.0,Krótki rękaw,koszulka regular fit,3.33,100,0,0,0,0,0,0,0,0,0,0,0,0,0,100,0,0
t-shirt z nadrukiem,two soon,94.99,Krótki rękaw,koszulka loose fit,3.33,100,0,0,0,0,0,0,0,0,0,0,0,0,0,100,0,0
koszulka polo,polo ralph lauren,599.0,Krótki rękaw,koszulka regular fit,3.33,100,0,0,0,0,0,0,0,0,0,0,0,0,0,100,0,0
t-shirt basic,petrol industries,125.0,Krótki rękaw,koszulka regular fit,3.33,100,0,0,0,0,0,0,0,0,0,0,0,0,0,100,0,0
bluzka z długim rękawem,polo ralph lauren,370.0,Długi rękaw,koszulka slim fit,32.2,100,0,0,0,0,0,0,0,0,0,0,0,0,0,100,0,0
koszulka sportowa,hummel,136.0,Krótki rękaw,koszulka regular fit,3.33,0,100,0,0,0,0,0,0,0,0,0,0,0,0,0,100,0
bluzka z długim rękawem,yourturn unisex,84.0,Długi rękaw,koszulka regular fit,3.33,60,40,0,0,0,0,0,0,0,0,0,0,0,0,60,40,0
koszulka polo,lacoste,589.0,Krótki rękaw,koszulka regular fit,3.33,100,0,0,0,0,0,0,0,0,0,0,0,0,0,100,0,0
t-shirt basic,bershka boxy,59.9,Półrękawek,koszulka loose fit,3.33,100,0,0,0,0,0,0,0,0,0,0,0,0,0,100,0,0
koszulka polo,jack & jones,104.0,Krótki rękaw,koszulka loose fit,3.33,100,0,0,0,0,0,0,0,0,0,0,0,0,0,100,0,0
t-shirt basic,quiksilver,107.0,Krótki rękaw,koszulka regular fit,3.33,100,0,0,0,0,0,0,0,0,0,0,0,0,0,100,0,0
koszulka polo,polo ralph lauren,819.0,Krótki rękaw,koszulka slim fit,32.2,100,0,0,0,0,0,0,0,0,0,0,0,0,0,100,0,0
koszulka sportowa,lacoste,249.0,Krótki rękaw,koszulka regular fit,3.33,65,35,0,0,0,0,0,0,0,0,0,0,0,0,65,35,0
t-shirt basic,yourturn unisex,69.0,Krótki rękaw,koszulka slim fit,32.2,58,37,5,0,0,0,0,0,0,0,0,0,0,0,58,42,0
artykuły klubowe,hummel,408.6,Krótki rękaw,koszulka regular fit,3.33,0,100,0,0,0,0,0,0,0,0,0,0,0,0,0,100,0
koszulka sportowa,asics padel,179.0,Krótki rękaw,koszulka regular fit,3.33,0,100,0,0,0,0,0,0,0,0,0,0,0,0,0,100,0
t-shirt z nadrukiem,hugo,165.0,Krótki rękaw,koszulka loose fit,3.33,100,0,0,0,0,0,0,0,0,0,0,0,0,0,100,0,0
koszulka polo,polo ralph lauren,737.0,Krótki rękaw,koszulka regular fit,3.33,100,0,0,0,0,0,0,0,0,0,0,0,0,0,100,0,0
koszulka polo,polo ralph lauren,609.0,Krótki rękaw,koszulka regular fit,3.33,100,0,0,0,0,0,0,0,0,0,0,0,0,0,100,0,0
t-shirt basic,nike performance,169.0,Krótki rękaw,koszulka regular fit,3.33,0,100,0,0,0,0,0,0,0,0,0,0,0,0,0,100,0
t-shirt basic,k,199.0,Krótki rękaw,koszulka regular fit,3.33,0,83,17,0,0,0,0,0,0,0,0,0,0,0,0,100,0
koszulka sportowa,adidas performance,143.0,Krótki rękaw,koszulka loose fit,3.33,35,65,0,0,0,0,0,0,0,0,0,0,0,0,35,65,0
t-shirt z nadrukiem,asics padel,159.0,Krótki rękaw,koszulka regular fit,3.33,60,40,0,0,0,0,0,0,0,0,0,0,0,0,60,40,0
t-shirt z nadrukiem,s.oliver,363.0,Krótki rękaw,koszulka regular fit,3.33,100,0,0,0,0,0,0,0,0,0,0,0,0,0,100,0,0
t-shirt z nadrukiem,weekend offender,179.0,Krótki rękaw,koszulka regular fit,3.33,100,0,0,0,0,0,0,0,0,0,0,0,0,0,100,0,0
t-shirt z nadrukiem,hugo,209.0,Krótki rękaw,koszulka regular fit,3.33,100,0,0,0,0,0,0,0,0,0,0,0,0,0,100,0,0
t-shirt z nadrukiem,merchcode,119.0,Krótki rękaw,koszulka regular fit,3.33,100,0,0,0,0,0,0,0,0,0,0,0,0,0,100,0,0
t-shirt z nadrukiem,gap,129.0,Krótki rękaw,koszulka regular fit,3.33,100,0,0,0,0,0,0,0,0,0,0,0,0,0,100,0,0
koszulka polo,lacoste,499.0,Krótki rękaw,koszulka regular fit,3.33,100,0,0,0,0,0,0,0,0,0,0,0,0,0,100,0,0
t-shirt basic,u.s. polo assn.,419.99,Krótki rękaw,koszulka regular fit,3.33,100,0,0,0,0,0,0,0,0,0,0,0,0,0,100,0,0
t-shirt z nadrukiem,gap,160.87,Krótki rękaw,koszulka regular fit,3.33,100,0,0,0,0,0,0,0,0,0,0,0,0,0,100,0,0
t-shirt z nadrukiem,superdry &,169.0,Krótki rękaw,koszulka regular fit,3.33,100,0,0,0,0,0,0,0,0,0,0,0,0,0,100,0,0
t-shirt z nadrukiem,mister tee,67.0,Krótki rękaw,koszulka regular fit,3.33,100,0,0,0,0,0,0,0,0,0,0,0,0,0,100,0,0
t-shirt z nadrukiem,nike sportswear,104.0,Krótki rękaw,koszulka regular fit,3.33,100,0,0,0,0,0,0,0,0,0,0,0,0,0,100,0,0
t-shirt z nadrukiem,blend,62.0,Krótki rękaw,koszulka regular fit,3.33,100,0,0,0,0,0,0,0,0,0,0,0,0,0,100,0,0
t-shirt z nadrukiem,yourturn unisex,36.0,Krótki rękaw,koszulka regular fit,3.33,100,0,0,0,0,0,0,0,0,0,0,0,0,0,100,0,0
bluzka z długim rękawem,armani exchange,429.0,Długi rękaw,koszulka regular fit,3.33,100,0,0,0,0,0,0,0,0,0,0,0,0,0,100,0,0
t-shirt z nadrukiem,the north face,149.0,Półrękawek,koszulka loose fit,3.33,100,0,0,0,0,0,0,0,0,0,0,0,0,0,100,0,0
t-shirt z nadrukiem,gap,183.0,Krótki rękaw,koszulka regular fit,3.33,100,0,0,0,0,0,0,0,0,0,0,0,0,0,100,0,0
t-shirt z nadrukiem,björn borg,98.0,Krótki rękaw,koszulka regular fit,3.33,100,0,0,0,0,0,0,0,0,0,0,0,0,0,100,0,0
top,pegador,98.0,Bez rękawów,koszulka skinny fit,0.0,95,0,5,0,0,0,0,0,0,0,0,0,0,0,95,5,0
t-shirt z nadrukiem,henry tiger,109.99,Krótki rękaw,koszulka regular fit,3.33,100,0,0,0,0,0,0,0,0,0,0,0,0,0,100,0,0
top,pier one,80.0,Bez rękawów,koszulka skinny fit,0.0,100,0,0,0,0,0,0,0,0,0,0,0,0,0,100,0,0
bluzka z długim rękawem,yourturn unisex,83.0,Długi rękaw,koszulka regular fit,3.33,100,0,0,0,0,0,0,0,0,0,0,0,0,0,100,0,0
t-shirt z nadrukiem,puma,124.0,Półrękawek,koszulka loose fit,3.33,100,0,0,0,0,0,0,0,0,0,0,0,0,0,100,0,0
t-shirt z nadrukiem,solid,66.0,Krótki rękaw,koszulka regular fit,3.33,100,0,0,0,0,0,0,0,0,0,0,0,0,0,100,0,0
t-shirt z nadrukiem,nike sportswear,159.0,Półrękawek,koszulka loose fit,3.33,100,0,0,0,0,0,0,0,0,0,0,0,0,0,100,0,0
t-shirt basic,ellesse,89.0,Krótki rękaw,koszulka regular fit,3.33,100,0,0,0,0,0,0,0,0,0,0,0,0,0,100,0,0
t-shirt basic,adidas sportswear,109.0,Krótki rękaw,koszulka loose fit,3.33,100,0,0,0,0,0,0,0,0,0,0,0,0,0,100,0,0
top,karl kani,99.0,Bardzo krótki rękawek,koszulka regular fit,3.33,100,0,0,0,0,0,0,0,0,0,0,0,0,0,100,0,0
t-shirt z nadrukiem,polo ralph lauren,339.0,Krótki rękaw,koszulka regular fit,3.33,100,0,0,0,0,0,0,0,0,0,0,0,0,0,100,0,0
t-shirt z nadrukiem,henry tiger,109.99,Krótki rękaw,koszulka regular fit,3.33,100,0,0,0,0,0,0,0,0,0,0,0,0,0,100,0,0
t-shirt z nadrukiem,s.oliver,89.99,Krótki rękaw,koszulka regular fit,3.33,95,0,5,0,0,0,0,0,0,0,0,0,0,0,95,5,0
koszulka sportowa,ted baker,188.0,Krótki rękaw,koszulka regular fit,3.33,0,85,15,0,0,0,0,0,0,0,0,0,0,0,0,100,0
t-shirt z nadrukiem,puma,197.0,Krótki rękaw,koszulka regular fit,3.33,100,0,0,0,0,0,0,0,0,0,0,0,0,0,100,0,0
top,pier one,80.0,Bez rękawów,koszulka slim fit,32.2,85,0,0,15,0,0,0,0,0,0,0,0,0,0,85,0,0
t-shirt basic,s.oliver,59.99,Krótki rękaw,koszulka regular fit,3.33,100,0,0,0,0,0,0,0,0,0,0,0,0,0,100,0,0
t-shirt basic,pier one,104.0,Krótki rękaw,koszulka regular fit,3.33,100,0,0,0,0,0,0,0,0,0,0,0,0,0,100,0,0
t-shirt z nadrukiem,mister tee,49.0,Krótki rękaw,koszulka regular fit,3.33,100,0,0,0,0,0,0,0,0,0,0,0,0,0,100,0,0
bluzka z długim rękawem,pier one,89.0,Długi rękaw,koszulka regular fit,3.33,100,0,0,0,0,0,0,0,0,0,0,0,0,0,100,0,0
top,bershka,89.9,Bez rękawów,koszulka slim fit,32.2,58,0,2,0,0,0,0,0,0,0,40,0,0,0,58,2,0
koszulka polo,façonnable,475.0,Krótki rękaw,koszulka regular fit,3.33,100,0,0,0,0,0,0,0,0,0,0,0,0,0,100,0,0
t-shirt z nadrukiem,yourturn unisex,79.0,Półrękawek,koszulka loose fit,3.33,100,0,0,0,0,0,0,0,0,0,0,0,0,0,100,0,0
koszulka polo,ps paul,469.0,Krótki rękaw,koszulka regular fit,3.33,100,0,0,0,0,0,0,0,0,0,0,0,0,0,100,0,0
t-shirt z nadrukiem,yourturn snake,69.0,Półrękawek,koszulka loose fit,3.33,100,0,0,0,0,0,0,0,0,0,0,0,0,0,100,0,0
t-shirt z nadrukiem,the north face,149.0,Krótki rękaw,koszulka loose fit,3.33,100,0,0,0,0,0,0,0,0,0,0,0,0,0,100,0,0
t-shirt z nadrukiem,mister tee,49.0,Krótki rękaw,koszulka regular fit,3.33,100,0,0,0,0,0,0,0,0,0,0,0,0,0,100,0,0
top,carne bollente,339.0,Bez rękawów,koszulka slim fit,32.2,98,0,0,0,0,0,0,0,0,0,0,0,0,2,98,2,0
t-shirt z nadrukiem,adidas performance,439.0,Krótki rękaw,koszulka regular fit,3.33,0,100,0,0,0,0,0,0,0,0,0,0,0,0,0,100,0
koszulka polo,pier one,59.0,Krótki rękaw,koszulka slim fit,32.2,100,0,0,0,0,0,0,0,0,0,0,0,0,0,100,0,0
top,pier one,59.0,Bez rękawów,koszulka regular fit,3.33,100,0,0,0,0,0,0,0,0,0,0,0,0,0,100,0,0
t-shirt basic,nike sportswear,161.0,Krótki rękaw,koszulka loose fit,3.33,100,0,0,0,0,0,0,0,0,0,0,0,0,0,100,0,0
koszulka polo,pier one,32.0,Krótki rękaw,koszulka regular fit,3.33,100,0,0,0,0,0,0,0,0,0,0,0,0,0,100,0,0
t-shirt z nadrukiem,henry tiger,109.99,Krótki rękaw,koszulka regular fit,3.33,100,0,0,0,0,0,0,0,0,0,0,0,0,0,100,0,0
t-shirt z nadrukiem,emporio armani,356.0,Krótki rękaw,koszulka regular fit,3.33,100,0,0,0,0,0,0,0,0,0,0,0,0,0,100,0,0
bluzka z długim rękawem,nike performance,169.99,Długi rękaw,koszulka regular fit,3.33,0,100,0,0,0,0,0,0,0,0,0,0,0,0,0,100,0
t-shirt z nadrukiem,weekend offender,115.0,Krótki rękaw,koszulka regular fit,3.33,100,0,0,0,0,0,0,0,0,0,0,0,0,0,100,0,0
t-shirt z nadrukiem,polo ralph lauren,469.0,Długi rękaw,koszulka regular fit,3.33,100,0,0,0,0,0,0,0,0,0,0,0,0,0,100,0,0
koszulka sportowa,hummel,136.0,Krótki rękaw,koszulka regular fit,3.33,0,100,0,0,0,0,0,0,0,0,0,0,0,0,0,100,0
koszulka polo,boggi milano,739.0,Krótki rękaw,koszulka regular fit,3.33,86,0,0,0,0,14,0,0,0,0,0,0,0,0,100,0,14
koszulka polo,lacoste,679.0,Krótki rękaw,koszulka regular fit,3.33,0,92,8,0,0,0,0,0,0,0,0,0,0,0,0,100,0
t-shirt basic,hugo,149.0,Krótki rękaw,koszulka regular fit,3.33,100,0,0,0,0,0,0,0,0,0,0,0,0,0,100,0,0
t-shirt z nadrukiem,gant,161.0,Krótki rękaw,koszulka regular fit,3.33,100,0,0,0,0,0,0,0,0,0,0,0,0,0,100,0,0
t-shirt basic,calvin klein,161.0,Krótki rękaw,koszulka regular fit,3.33,100,0,0,0,0,0,0,0,0,0,0,0,0,0,100,0,0
koszulka polo,fila,242.0,Krótki rękaw,koszulka regular fit,3.33,0,100,0,0,0,0,0,0,0,0,0,0,0,0,0,100,0
koszulka polo,boggi milano,739.0,Krótki rękaw,koszulka regular fit,3.33,86,0,0,0,0,14,0,0,0,0,0,0,0,0,100,0,14
t-shirt basic,pier one,89.0,Krótki rękaw,koszulka regular fit,3.33,100,0,0,0,0,0,0,0,0,0,0,0,0,0,100,0,0
t-shirt basic,polo ralph lauren,377.0,Krótki rękaw,koszulka regular fit,3.33,95,0,5,0,0,0,0,0,0,0,0,0,0,0,95,5,0
koszulka sportowa,nike performance,159.0,Krótki rękaw,koszulka regular fit,3.33,0,100,0,0,0,0,0,0,0,0,0,0,0,0,0,100,0
t-shirt basic,jordan,139.0,Krótki rękaw,koszulka regular fit,3.33,100,0,0,0,0,0,0,0,0,0,0,0,0,0,100,0,0
t-shirt basic,indicode jeans,89.99,Krótki rękaw,koszulka regular fit,3.33,100,0,0,0,0,0,0,0,0,0,0,0,0,0,100,0,0
t-shirt z nadrukiem,mister tee,99.0,Krótki rękaw,koszulka regular fit,3.33,100,0,0,0,0,0,0,0,0,0,0,0,0,0,100,0,0
t-shirt z nadrukiem,brandit,103.0,Krótki rękaw,koszulka regular fit,3.33,100,0,0,0,0,0,0,0,0,0,0,0,0,0,100,0,0
t-shirt z nadrukiem,merchcode,119.0,Krótki rękaw,koszulka loose fit,3.33,100,0,0,0,0,0,0,0,0,0,0,0,0,0,100,0,0
t-shirt basic,napapijri,103.0,Krótki rękaw,koszulka regular fit,3.33,100,0,0,0,0,0,0,0,0,0,0,0,0,0,100,0,0
t-shirt basic,mcs,275.0,Krótki rękaw,koszulka regular fit,3.33,100,0,0,0,0,0,0,0,0,0,0,0,0,0,100,0,0
t-shirt z nadrukiem,upscale by,64.0,Półrękawek,koszulka loose fit,3.33,100,0,0,0,0,0,0,0,0,0,0,0,0,0,100,0,0
t-shirt basic,tommy jeans,127.0,Krótki rękaw,koszulka regular fit,3.33,100,0,0,0,0,0,0,0,0,0,0,0,0,0,100,0,0
t-shirt basic,indicode jeans,89.99,Krótki rękaw,koszulka slim fit,32.2,100,0,0,0,0,0,0,0,0,0,0,0,0,0,100,0,0
t-shirt basic,pier one,89.0,Bez rękawów,koszulka other,,100,0,0,0,0,0,0,0,0,0,0,0,0,0,100,0,0
koszulka polo,boggi milano,419.0,Krótki rękaw,koszulka regular fit,3.33,100,0,0,0,0,0,0,0,0,0,0,0,0,0,100,0,0
koszulka polo,fila,232.66,Krótki rękaw,koszulka regular fit,3.33,100,0,0,0,0,0,0,0,0,0,0,0,0,0,100,0,0
t-shirt basic,calvin klein,242.0,Krótki rękaw,koszulka regular fit,3.33,100,0,0,0,0,0,0,0,0,0,0,0,0,0,100,0,0
t-shirt z nadrukiem,pull&bear,69.9,Półrękawek,koszulka loose fit,3.33,100,0,0,0,0,0,0,0,0,0,0,0,0,0,100,0,0
koszulka reprezentacji,adidas performance,249.0,Krótki rękaw,koszulka regular fit,3.33,0,100,0,0,0,0,0,0,0,0,0,0,0,0,0,100,0
t-shirt basic,yourturn,84.0,Półrękawek,koszulka loose fit,3.33,100,0,0,0,0,0,0,0,0,0,0,0,0,0,100,0,0
t-shirt basic,tommy jeans,230.0,Krótki rękaw,koszulka slim fit,32.2,100,0,0,0,0,0,0,0,0,0,0,0,0,0,100,0,0
t-shirt z nadrukiem,yourturn unisex,69.0,Krótki rękaw,koszulka loose fit,3.33,100,0,0,0,0,0,0,0,0,0,0,0,0,0,100,0,0
top,pier one,71.0,Bez rękawów,koszulka slim fit,32.2,100,0,0,0,0,0,0,0,0,0,0,0,0,0,100,0,0
t-shirt z nadrukiem,alpha industries,179.0,Krótki rękaw,koszulka slim fit,32.2,100,0,0,0,0,0,0,0,0,0,0,0,0,0,100,0,0
t-shirt z nadrukiem,joules regular,147.0,Krótki rękaw,koszulka regular fit,3.33,100,0,0,0,0,0,0,0,0,0,0,0,0,0,100,0,0
t-shirt z nadrukiem,the north face,199.0,Krótki rękaw,koszulka loose fit,3.33,100,0,0,0,0,0,0,0,0,0,0,0,0,0,100,0,0
t-shirt z nadrukiem,s.oliver,251.0,Krótki rękaw,koszulka regular fit,3.33,100,0,0,0,0,0,0,0,0,0,0,0,0,0,100,0,0
t-shirt z nadrukiem,carne bollente,429.0,Krótki rękaw,koszulka regular fit,3.33,100,0,0,0,0,0,0,0,0,0,0,0,0,0,100,0,0
t-shirt z nadrukiem,yourturn unisex,79.0,Krótki rękaw,koszulka loose fit,3.33,100,0,0,0,0,0,0,0,0,0,0,0,0,0,100,0,0
t-shirt z nadrukiem,guess,195.0,Krótki rękaw,koszulka regular fit,3.33,95,0,5,0,0,0,0,0,0,0,0,0,0,0,95,5,0
koszulka polo,polo ralph lauren,859.0,Krótki rękaw,koszulka regular fit,3.33,100,0,0,0,0,0,0,0,0,0,0,0,0,0,100,0,0
t-shirt basic,hollister co.,179.0,Krótki rękaw,koszulka regular fit,3.33,100,0,0,0,0,0,0,0,0,0,0,0,0,0,100,0,0
t-shirt basic,s.oliver,159.99,Krótki rękaw,koszulka regular fit,3.33,100,0,0,0,0,0,0,0,0,0,0,0,0,0,100,0,0
t-shirt z nadrukiem,men plus,177.99,Krótki rękaw,koszulka regular fit,3.33,100,0,0,0,0,0,0,0,0,0,0,0,0,0,100,0,0
t-shirt z nadrukiem,adidas originals,134.0,Krótki rękaw,koszulka regular fit,3.33,100,0,0,0,0,0,0,0,0,0,0,0,0,0,100,0,0
koszulka polo,ellesse muccia,233.75,Krótki rękaw,koszulka regular fit,3.33,100,0,0,0,0,0,0,0,0,0,0,0,0,0,100,0,0
koszulka polo,boggi milano,419.0,Krótki rękaw,koszulka regular fit,3.33,100,0,0,0,0,0,0,0,0,0,0,0,0,0,100,0,0
t-shirt z nadrukiem,ellesse caserio,125.0,Krótki rękaw,koszulka regular fit,3.33,100,0,0,0,0,0,0,0,0,0,0,0,0,0,100,0,0
t-shirt basic,weekday,89.0,Krótki rękaw,koszulka regular fit,3.33,100,0,0,0,0,0,0,0,0,0,0,0,0,0,100,0,0
t-shirt z nadrukiem,terranova coca,59.99,Krótki rękaw,koszulka regular fit,3.33,100,0,0,0,0,0,0,0,0,0,0,0,0,0,100,0,0
bluzka z długim rękawem,hummel,204.0,Długi rękaw,koszulka regular fit,3.33,0,88,12,0,0,0,0,0,0,0,0,0,0,0,0,100,0
t-shirt z nadrukiem,guess,195.0,Krótki rękaw,koszulka slim fit,32.2,95,0,5,0,0,0,0,0,0,0,0,0,0,0,95,5,0
t-shirt z nadrukiem,solid,68.0,Krótki rękaw,koszulka regular fit,3.33,100,0,0,0,0,0,0,0,0,0,0,0,0,0,100,0,0
t-shirt z nadrukiem,mister tee,55.0,Krótki rękaw,koszulka regular fit,3.33,100,0,0,0,0,0,0,0,0,0,0,0,0,0,100,0,0
t-shirt z nadrukiem,only & sons,74.0,Krótki rękaw,koszulka regular fit,3.33,100,0,0,0,0,0,0,0,0,0,0,0,0,0,100,0,0
t-shirt z nadrukiem,calvin klein,152.0,Krótki rękaw,koszulka regular fit,3.33,100,0,0,0,0,0,0,0,0,0,0,0,0,0,100,0,0
koszulka polo,pull&bear,109.0,Długi rękaw,koszulka loose fit,3.33,77,23,0,0,0,0,0,0,0,0,0,0,0,0,77,23,0
t-shirt z nadrukiem,disney lilo,169.99,Krótki rękaw,koszulka regular fit,3.33,100,0,0,0,0,0,0,0,0,0,0,0,0,0,100,0,0
koszulka polo,lacoste,499.0,Krótki rękaw,koszulka regular fit,3.33,57,32,11,0,0,0,0,0,0,0,0,0,0,0,57,43,0
t-shirt z nadrukiem,nike sportswear,116.0,Krótki rękaw,koszulka regular fit,3.33,100,0,0,0,0,0,0,0,0,0,0,0,0,0,100,0,0
t-shirt basic,pme legend,149.0,Krótki rękaw,koszulka regular fit,3.33,95,0,5,0,0,0,0,0,0,0,0,0,0,0,95,5,0
t-shirt basic,adidas originals,98.0,Krótki rękaw,koszulka regular fit,3.33,100,0,0,0,0,0,0,0,0,0,0,0,0,0,100,0,0
t-shirt basic,adidas performance,119.0,Krótki rękaw,koszulka slim fit,32.2,40,40,0,0,20,0,0,0,0,0,0,0,0,0,60,40,20
koszulka sportowa,patagonia,249.0,Krótki rękaw,koszulka regular fit,3.33,0,100,0,0,0,0,0,0,0,0,0,0,0,0,0,100,0
bluzka z długim rękawem,pier one,197.0,Długi rękaw,koszulka regular fit,3.33,100,0,0,0,0,0,0,0,0,0,0,0,0,0,100,0,0
top,levi's®,143.0,Bez rękawów,koszulka slim fit,32.2,100,0,0,0,0,0,0,0,0,0,0,0,0,0,100,0,0
bluzka z długim rękawem,yourturn unisex,42.0,Długi rękaw,koszulka regular fit,3.33,0,100,0,0,0,0,0,0,0,0,0,0,0,0,0,100,0
t-shirt z nadrukiem,adidas originals,143.0,Krótki rękaw,koszulka loose fit,3.33,100,0,0,0,0,0,0,0,0,0,0,0,0,0,100,0,0
t-shirt z nadrukiem,mister tee,64.0,Krótki rękaw,koszulka regular fit,3.33,100,0,0,0,0,0,0,0,0,0,0,0,0,0,100,0,0
t-shirt z nadrukiem,element mellow,169.99,Krótki rękaw,koszulka loose fit,3.33,100,0,0,0,0,0,0,0,0,0,0,0,0,0,100,0,0
koszulka polo,lacoste,659.0,Krótki rękaw,koszulka regular fit,3.33,100,0,0,0,0,0,0,0,0,0,0,0,0,0,100,0,0
t-shirt z nadrukiem,tommy hilfiger,152.0,Krótki rękaw,koszulka regular fit,3.33,100,0,0,0,0,0,0,0,0,0,0,0,0,0,100,0,0
t-shirt basic,dickies mapleton,89.0,Krótki rękaw,koszulka regular fit,3.33,100,0,0,0,0,0,0,0,0,0,0,0,0,0,100,0,0
t-shirt basic,pier one,29.0,Krótki rękaw,koszulka regular fit,3.33,100,0,0,0,0,0,0,0,0,0,0,0,0,0,100,0,0
top,santa cruz,149.0,Bez rękawów,koszulka regular fit,3.33,100,0,0,0,0,0,0,0,0,0,0,0,0,0,100,0,0
t-shirt z nadrukiem,karl lagerfeld,161.0,Krótki rękaw,koszulka slim fit,32.2,100,0,0,0,0,0,0,0,0,0,0,0,0,0,100,0,0
t-shirt z nadrukiem,mister tee,52.0,Krótki rękaw,koszulka regular fit,3.33,100,0,0,0,0,0,0,0,0,0,0,0,0,0,100,0,0
t-shirt z nadrukiem,jack & jones,175.0,Krótki rękaw,koszulka regular fit,3.33,100,0,0,0,0,0,0,0,0,0,0,0,0,0,100,0,0
t-shirt basic,selected,161.0,Krótki rękaw,koszulka regular fit,3.33,100,0,0,0,0,0,0,0,0,0,0,0,0,0,100,0,0
t-shirt z nadrukiem,redefined rebel,129.0,Krótki rękaw,koszulka regular fit,3.33,100,0,0,0,0,0,0,0,0,0,0,0,0,0,100,0,0
t-shirt basic,calvin klein,132.0,Krótki rękaw,koszulka regular fit,3.33,100,0,0,0,0,0,0,0,0,0,0,0,0,0,100,0,0
t-shirt z nadrukiem,indicode jeans,89.99,Krótki rękaw,koszulka regular fit,3.33,95,0,5,0,0,0,0,0,0,0,0,0,0,0,95,5,0
t-shirt z nadrukiem,redefined rebel,69.0,Krótki rękaw,koszulka regular fit,3.33,100,0,0,0,0,0,0,0,0,0,0,0,0,0,100,0,0
koszulka sportowa,nike performance,143.0,Krótki rękaw,koszulka regular fit,3.33,57,43,0,0,0,0,0,0,0,0,0,0,0,0,57,43,0
koszulka polo,polo ralph lauren,599.0,Krótki rękaw,koszulka slim fit,32.2,100,0,0,0,0,0,0,0,0,0,0,0,0,0,100,0,0
koszulka polo,lacoste,440.0,Krótki rękaw,koszulka regular fit,3.33,100,0,0,0,0,0,0,0,0,0,0,0,0,0,100,0,0
t-shirt z nadrukiem,mister tee,67.0,Krótki rękaw,koszulka regular fit,3.33,100,0,0,0,0,0,0,0,0,0,0,0,0,0,100,0,0
koszulka polo,pier one,41.0,Krótki rękaw,koszulka regular fit,3.33,100,0,0,0,0,0,0,0,0,0,0,0,0,0,100,0,0
koszulka sportowa,björn borg,139.0,Krótki rękaw,koszulka regular fit,3.33,0,90,10,0,0,0,0,0,0,0,0,0,0,0,0,100,0
t-shirt z nadrukiem,billabong,116.0,Krótki rękaw,koszulka regular fit,3.33,100,0,0,0,0,0,0,0,0,0,0,0,0,0,100,0,0
t-shirt z nadrukiem,gap,129.0,Krótki rękaw,koszulka regular fit,3.33,100,0,0,0,0,0,0,0,0,0,0,0,0,0,100,0,0
t-shirt basic,lyle &,143.0,Krótki rękaw,koszulka regular fit,3.33,100,0,0,0,0,0,0,0,0,0,0,0,0,0,100,0,0
t-shirt z nadrukiem,yourturn,79.0,Półrękawek,koszulka loose fit,3.33,100,0,0,0,0,0,0,0,0,0,0,0,0,0,100,0,0
t-shirt z nadrukiem,the north face,134.0,Krótki rękaw,koszulka regular fit,3.33,60,40,0,0,0,0,0,0,0,0,0,0,0,0,60,40,0
t-shirt basic,polo ralph lauren,379.0,Krótki rękaw,koszulka slim fit,32.2,100,0,0,0,0,0,0,0,0,0,0,0,0,0,100,0,0
t-shirt z nadrukiem,mister tee,67.0,Krótki rękaw,koszulka slim fit,32.2,100,0,0,0,0,0,0,0,0,0,0,0,0,0,100,0,0
t-shirt z nadrukiem,schott,210.0,Krótki rękaw,koszulka regular fit,3.33,100,0,0,0,0,0,0,0,0,0,0,0,0,0,100,0,0
t-shirt basic,levi's®,109.0,Krótki rękaw,koszulka regular fit,3.33,100,0,0,0,0,0,0,0,0,0,0,0,0,0,100,0,0
top,under armour,143.0,Bez rękawów,koszulka slim fit,32.2,0,84,16,0,0,0,0,0,0,0,0,0,0,0,0,100,0
t-shirt z nadrukiem,upscale by,76.0,Krótki rękaw,koszulka loose fit,3.33,100,0,0,0,0,0,0,0,0,0,0,0,0,0,100,0,0
koszulka polo,fred perry,449.0,Krótki rękaw,koszulka regular fit,3.33,100,0,0,0,0,0,0,0,0,0,0,0,0,0,100,0,0
t-shirt z nadrukiem,lacoste,260.0,Krótki rękaw,koszulka regular fit,3.33,100,0,0,0,0,0,0,0,0,0,0,0,0,0,100,0,0
t-shirt basic,adidas sportswear,98.0,Krótki rękaw,koszulka regular fit,3.33,100,0,0,0,0,0,0,0,0,0,0,0,0,0,100,0,0
koszulka polo,polo ralph lauren,609.0,Krótki rękaw,koszulka regular fit,3.33,100,0,0,0,0,0,0,0,0,0,0,0,0,0,100,0,0
koszulka sportowa,le col,269.0,Krótki rękaw,koszulka skinny fit,0.0,0,94,6,0,0,0,0,0,0,0,0,0,0,0,0,100,0
t-shirt z nadrukiem,adidas originals,149.0,Krótki rękaw,koszulka loose fit,3.33,100,0,0,0,0,0,0,0,0,0,0,0,0,0,100,0,0
spodnie treningowe,siksilk set,223.0,Krótki rękaw,koszulka regular fit,3.33,100,0,0,0,0,0,0,0,0,0,0,0,0,0,100,0,0
top,asics core,107.0,Bez rękawów,koszulka regular fit,3.33,0,100,0,0,0,0,0,0,0,0,0,0,0,0,0,100,0
t-shirt basic,pier one,179.0,Krótki rękaw,koszulka regular fit,3.33,100,0,0,0,0,0,0,0,0,0,0,0,0,0,100,0,0
t-shirt z nadrukiem,helly hansen,129.0,Krótki rękaw,koszulka regular fit,3.33,100,0,0,0,0,0,0,0,0,0,0,0,0,0,100,0,0
koszulka polo,the set,252.0,Krótki rękaw,koszulka regular fit,3.33,100,0,0,0,0,0,0,0,0,0,0,0,0,0,100,0,0
t-shirt basic,falke,299.0,Krótki rękaw,koszulka regular fit,3.33,100,0,0,0,0,0,0,0,0,0,0,0,0,0,100,0,0
bluzka z długim rękawem,hummel,162.9,Długi rękaw,koszulka slim fit,32.2,0,92,8,0,0,0,0,0,0,0,0,0,0,0,0,100,0
koszulka polo,fila,296.11,Krótki rękaw,koszulka regular fit,3.33,100,0,0,0,0,0,0,0,0,0,0,0,0,0,100,0,0
koszulka sportowa,adidas performance,161.0,Krótki rękaw,koszulka regular fit,3.33,0,81,5,0,0,0,0,0,0,14,0,0,0,0,0,86,0
t-shirt z nadrukiem,lacoste,287.0,Krótki rękaw,koszulka regular fit,3.33,100,0,0,0,0,0,0,0,0,0,0,0,0,0,100,0,0
t-shirt z nadrukiem,bershka,59.9,Bardzo krótki rękawek,koszulka loose fit,3.33,100,0,0,0,0,0,0,0,0,0,0,0,0,0,100,0,0
t-shirt z nadrukiem,lonsdale,79.0,Krótki rękaw,koszulka regular fit,3.33,100,0,0,0,0,0,0,0,0,0,0,0,0,0,100,0,0
t-shirt z nadrukiem,nike sportswear,104.0,Krótki rękaw,koszulka regular fit,3.33,100,0,0,0,0,0,0,0,0,0,0,0,0,0,100,0,0
t-shirt z nadrukiem,lonsdale,79.0,Krótki rękaw,koszulka regular fit,3.33,100,0,0,0,0,0,0,0,0,0,0,0,0,0,100,0,0
koszulka polo,boss,287.0,Długi rękaw,koszulka regular fit,3.33,95,0,5,0,0,0,0,0,0,0,0,0,0,0,95,5,0
t-shirt z nadrukiem,jack & jones,71.0,Krótki rękaw,koszulka regular fit,3.33,100,0,0,0,0,0,0,0,0,0,0,0,0,0,100,0,0
artykuły klubowe,nike performance,159.0,Krótki rękaw,koszulka regular fit,3.33,100,0,0,0,0,0,0,0,0,0,0,0,0,0,100,0,0
t-shirt basic,tommy jeans,118.0,Krótki rękaw,koszulka regular fit,3.33,100,0,0,0,0,0,0,0,0,0,0,0,0,0,100,0,0
t-shirt z nadrukiem,disney mickey,169.99,Krótki rękaw,koszulka regular fit,3.33,100,0,0,0,0,0,0,0,0,0,0,0,0,0,100,0,0
t-shirt basic,diesel,531.95,Krótki rękaw,koszulka slim fit,32.2,100,0,0,0,0,0,0,0,0,0,0,0,0,0,100,0,0
artykuły klubowe,nike performance,159.0,Krótki rękaw,koszulka regular fit,3.33,100,0,0,0,0,0,0,0,0,0,0,0,0,0,100,0,0
t-shirt z nadrukiem,rockshirts,99.0,Krótki rękaw,koszulka regular fit,3.33,100,0,0,0,0,0,0,0,0,0,0,0,0,0,100,0,0
t-shirt z nadrukiem,s.oliver,363.0,Krótki rękaw,koszulka regular fit,3.33,100,0,0,0,0,0,0,0,0,0,0,0,0,0,100,0,0
t-shirt z nadrukiem,s.oliver,69.99,Krótki rękaw,koszulka regular fit,3.33,100,0,0,0,0,0,0,0,0,0,0,0,0,0,100,0,0
t-shirt z nadrukiem,next one,156.0,Krótki rękaw,koszulka regular fit,3.33,100,0,0,0,0,0,0,0,0,0,0,0,0,0,100,0,0
t-shirt z nadrukiem,indicode jeans,89.99,Krótki rękaw,koszulka regular fit,3.33,95,0,5,0,0,0,0,0,0,0,0,0,0,0,95,5,0
t-shirt z nadrukiem,henry tiger,179.99,Krótki rękaw,koszulka regular fit,3.33,100,0,0,0,0,0,0,0,0,0,0,0,0,0,100,0,0
t-shirt z nadrukiem,ea7 emporio armani,319.0,Krótki rękaw,koszulka regular fit,3.33,100,0,0,0,0,0,0,0,0,0,0,0,0,0,100,0,0
t-shirt basic,polo ralph lauren,419.0,Krótki rękaw,koszulka regular fit,3.33,100,0,0,0,0,0,0,0,0,0,0,0,0,0,100,0,0
t-shirt z nadrukiem,karl kani,139.0,Półrękawek,koszulka loose fit,3.33,100,0,0,0,0,0,0,0,0,0,0,0,0,0,100,0,0
bluzka z długim rękawem,pier one,46.0,Długi rękaw,koszulka regular fit,3.33,80,20,0,0,0,0,0,0,0,0,0,0,0,0,80,20,0
artykuły klubowe,nike performance,339.0,Długi rękaw,koszulka regular fit,3.33,0,100,0,0,0,0,0,0,0,0,0,0,0,0,0,100,0
t-shirt z nadrukiem,patagonia,199.0,Krótki rękaw,koszulka regular fit,3.33,50,50,0,0,0,0,0,0,0,0,0,0,0,0,50,50,0
t-shirt z nadrukiem,blend,122.0,Krótki rękaw,koszulka regular fit,3.33,100,0,0,0,0,0,0,0,0,0,0,0,0,0,100,0,0
t-shirt z nadrukiem,mister tee,79.0,Krótki rękaw,koszulka regular fit,3.33,100,0,0,0,0,0,0,0,0,0,0,0,0,0,100,0,0
t-shirt z nadrukiem,venum naga,129.0,Krótki rękaw,koszulka regular fit,3.33,100,0,0,0,0,0,0,0,0,0,0,0,0,0,100,0,0
bluzka z długim rękawem,pier one,127.0,Długi rękaw,koszulka regular fit,3.33,100,0,0,0,0,0,0,0,0,0,0,0,0,0,100,0,0
t-shirt z nadrukiem,les benjamins,379.0,Półrękawek,koszulka loose fit,3.33,100,0,0,0,0,0,0,0,0,0,0,0,0,0,100,0,0
t-shirt z nadrukiem,adidas originals,97.0,Krótki rękaw,koszulka regular fit,3.33,100,0,0,0,0,0,0,0,0,0,0,0,0,0,100,0,0
koszulka polo,boss,359.0,Krótki rękaw,koszulka regular fit,3.33,95,0,5,0,0,0,0,0,0,0,0,0,0,0,95,5,0
t-shirt z nadrukiem,yourturn unisex,55.0,Półrękawek,koszulka loose fit,3.33,100,0,0,0,0,0,0,0,0,0,0,0,0,0,100,0,0
t-shirt z nadrukiem,adidas originals,112.0,Krótki rękaw,koszulka regular fit,3.33,100,0,0,0,0,0,0,0,0,0,0,0,0,0,100,0,0
t-shirt z nadrukiem,mister tee,82.0,Krótki rękaw,koszulka oversize,22.7,100,0,0,0,0,0,0,0,0,0,0,0,0,0,100,0,0
t-shirt z nadrukiem,yourturn,69.0,Krótki rękaw,koszulka loose fit,3.33,100,0,0,0,0,0,0,0,0,0,0,0,0,0,100,0,0
t-shirt z nadrukiem,nike sportswear,99.0,Krótki rękaw,koszulka regular fit,3.33,100,0,0,0,0,0,0,0,0,0,0,0,0,0,100,0,0
koszulka sportowa,adidas performance,109.0,Krótki rękaw,koszulka regular fit,3.33,0,100,0,0,0,0,0,0,0,0,0,0,0,0,0,100,0
t-shirt basic,the north face,119.0,Krótki rękaw,koszulka regular fit,3.33,100,0,0,0,0,0,0,0,0,0,0,0,0,0,100,0,0
t-shirt z nadrukiem,lacoste,359.0,Krótki rękaw,koszulka regular fit,3.33,100,0,0,0,0,0,0,0,0,0,0,0,0,0,100,0,0
t-shirt basic,pier one,55.0,Krótki rękaw,koszulka regular fit,3.33,0,100,0,0,0,0,0,0,0,0,0,0,0,0,0,100,0
t-shirt z nadrukiem,s.oliver,363.0,Krótki rękaw,koszulka regular fit,3.33,100,0,0,0,0,0,0,0,0,0,0,0,0,0,100,0,0
koszulka sportowa,adidas performance,89.0,Krótki rękaw,koszulka regular fit,3.33,0,100,0,0,0,0,0,0,0,0,0,0,0,0,0,100,0
koszulka polo,solid,149.0,Krótki rękaw,koszulka regular fit,3.33,100,0,0,0,0,0,0,0,0,0,0,0,0,0,100,0,0
t-shirt z nadrukiem,nike sportswear,161.0,Krótki rękaw,koszulka regular fit,3.33,0,100,0,0,0,0,0,0,0,0,0,0,0,0,0,100,0
t-shirt z nadrukiem,siksilk,163.0,Krótki rękaw,koszulka slim fit,32.2,95,0,5,0,0,0,0,0,0,0,0,0,0,0,95,5,0
t-shirt z nadrukiem,tommy jeans,112.0,Krótki rękaw,koszulka regular fit,3.33,100,0,0,0,0,0,0,0,0,0,0,0,0,0,100,0,0
t-shirt basic,u.s. polo assn.,81.99,Krótki rękaw,koszulka other,,100,0,0,0,0,0,0,0,0,0,0,0,0,0,100,0,0
t-shirt basic,levi's®,109.0,Krótki rękaw,koszulka regular fit,3.33,100,0,0,0,0,0,0,0,0,0,0,0,0,0,100,0,0
t-shirt basic,gant,179.0,Krótki rękaw,koszulka regular fit,3.33,100,0,0,0,0,0,0,0,0,0,0,0,0,0,100,0,0
t-shirt z nadrukiem,mister tee,55.0,Krótki rękaw,koszulka regular fit,3.33,100,0,0,0,0,0,0,0,0,0,0,0,0,0,100,0,0
t-shirt z nadrukiem,the kooples,429.0,Krótki rękaw,koszulka regular fit,3.33,100,0,0,0,0,0,0,0,0,0,0,0,0,0,100,0,0
t-shirt z nadrukiem,adidas originals,64.0,Krótki rękaw,koszulka regular fit,3.33,100,0,0,0,0,0,0,0,0,0,0,0,0,0,100,0,0
t-shirt z nadrukiem,henry tiger,169.99,Krótki rękaw,koszulka regular fit,3.33,100,0,0,0,0,0,0,0,0,0,0,0,0,0,100,0,0
t-shirt z nadrukiem,yourturn unisex,30.0,Półrękawek,koszulka loose fit,3.33,100,0,0,0,0,0,0,0,0,0,0,0,0,0,100,0,0
t-shirt basic,yourturn unisex,54.0,Półrękawek,koszulka loose fit,3.33,95,0,5,0,0,0,0,0,0,0,0,0,0,0,95,5,0
t-shirt basic,boss,149.0,Krótki rękaw,koszulka regular fit,3.33,100,0,0,0,0,0,0,0,0,0,0,0,0,0,100,0,0
koszulka sportowa,adidas performance,326.0,Krótki rękaw,koszulka regular fit,3.33,0,100,0,0,0,0,0,0,0,0,0,0,0,0,0,100,0
t-shirt z nadrukiem,solid,66.0,Krótki rękaw,koszulka regular fit,3.33,100,0,0,0,0,0,0,0,0,0,0,0,0,0,100,0,0
t-shirt z nadrukiem,merchcode,99.0,Krótki rękaw,koszulka regular fit,3.33,100,0,0,0,0,0,0,0,0,0,0,0,0,0,100,0,0
t-shirt basic,carhartt wip,179.0,Krótki rękaw,koszulka loose fit,3.33,100,0,0,0,0,0,0,0,0,0,0,0,0,0,100,0,0
bluzka z długim rękawem,pier one,80.0,Długi rękaw,koszulka regular fit,3.33,100,0,0,0,0,0,0,0,0,0,0,0,0,0,100,0,0
t-shirt basic,carhartt wip,179.0,Krótki rękaw,koszulka loose fit,3.33,100,0,0,0,0,0,0,0,0,0,0,0,0,0,100,0,0
bluzka z długim rękawem,pier one,101.0,Długi rękaw,koszulka regular fit,3.33,100,0,0,0,0,0,0,0,0,0,0,0,0,0,100,0,0
t-shirt z nadrukiem,blend,118.0,Krótki rękaw,koszulka regular fit,3.33,100,0,0,0,0,0,0,0,0,0,0,0,0,0,100,0,0
t-shirt z nadrukiem,ellesse vipera,109.0,Krótki rękaw,koszulka regular fit,3.33,100,0,0,0,0,0,0,0,0,0,0,0,0,0,100,0,0
t-shirt z nadrukiem,blend,60.0,Krótki rękaw,koszulka regular fit,3.33,100,0,0,0,0,0,0,0,0,0,0,0,0,0,100,0,0
koszulka polo,lyle &,188.0,Krótki rękaw,koszulka regular fit,3.33,98,0,2,0,0,0,0,0,0,0,0,0,0,0,98,2,0
t-shirt z nadrukiem,boss,404.0,Krótki rękaw,koszulka regular fit,3.33,96,0,4,0,0,0,0,0,0,0,0,0,0,0,96,4,0
t-shirt z nadrukiem,mister tee,49.0,Krótki rękaw,koszulka regular fit,3.33,100,0,0,0,0,0,0,0,0,0,0,0,0,0,100,0,0
t-shirt z nadrukiem,henry tiger,109.99,Krótki rękaw,koszulka regular fit,3.33,100,0,0,0,0,0,0,0,0,0,0,0,0,0,100,0,0
t-shirt basic,emporio armani,269.0,Krótki rękaw,koszulka regular fit,3.33,100,0,0,0,0,0,0,0,0,0,0,0,0,0,100,0,0
t-shirt z nadrukiem,the north face,134.0,Krótki rękaw,koszulka regular fit,3.33,60,40,0,0,0,0,0,0,0,0,0,0,0,0,60,40,0
t-shirt z nadrukiem,mister tee,70.0,Krótki rękaw,koszulka regular fit,3.33,100,0,0,0,0,0,0,0,0,0,0,0,0,0,100,0,0
t-shirt z nadrukiem,upscale by,79.0,Krótki rękaw,koszulka oversize,22.7,100,0,0,0,0,0,0,0,0,0,0,0,0,0,100,0,0
t-shirt z nadrukiem,polo ralph lauren,584.0,Krótki rękaw,koszulka regular fit,3.33,100,0,0,0,0,0,0,0,0,0,0,0,0,0,100,0,0
t-shirt z nadrukiem,diesel,160.0,Krótki rękaw,koszulka regular fit,3.33,100,0,0,0,0,0,0,0,0,0,0,0,0,0,100,0,0
top,lacoste,137.0,Bez rękawów,koszulka slim fit,32.2,95,0,5,0,0,0,0,0,0,0,0,0,0,0,95,5,0
t-shirt basic,polo ralph lauren,377.0,Krótki rękaw,koszulka regular fit,3.33,100,0,0,0,0,0,0,0,0,0,0,0,0,0,100,0,0
t-shirt basic,urban classics,49.0,Półrękawek,koszulka loose fit,3.33,100,0,0,0,0,0,0,0,0,0,0,0,0,0,100,0,0
top,urban classics,58.0,Bardzo krótki rękawek,koszulka regular fit,3.33,100,0,0,0,0,0,0,0,0,0,0,0,0,0,100,0,0
t-shirt basic,pier one,53.0,Krótki rękaw,koszulka regular fit,3.33,100,0,0,0,0,0,0,0,0,0,0,0,0,0,100,0,0
t-shirt z nadrukiem,merchcode,64.0,Krótki rękaw,koszulka loose fit,3.33,100,0,0,0,0,0,0,0,0,0,0,0,0,0,100,0,0
koszulka sportowa,puma,89.0,Krótki rękaw,koszulka slim fit,32.2,0,100,0,0,0,0,0,0,0,0,0,0,0,0,0,100,0
koszulka reprezentacji,puma,329.0,Krótki rękaw,koszulka regular fit,3.33,0,100,0,0,0,0,0,0,0,0,0,0,0,0,0,100,0
t-shirt basic,the north face,107.0,Krótki rękaw,koszulka regular fit,3.33,60,40,0,0,0,0,0,0,0,0,0,0,0,0,60,40,0
t-shirt basic,jack & jones,254.0,Krótki rękaw,koszulka regular fit,3.33,100,0,0,0,0,0,0,0,0,0,0,0,0,0,100,0,0
t-shirt basic,yourturn unisex,40.0,Półrękawek,koszulka oversize,22.7,100,0,0,0,0,0,0,0,0,0,0,0,0,0,100,0,0
koszulka sportowa,nike performance,127.0,Krótki rękaw,koszulka slim fit,32.2,0,90,10,0,0,0,0,0,0,0,0,0,0,0,0,100,0
t-shirt z nadrukiem,armani exchange,199.0,Krótki rękaw,koszulka slim fit,32.2,100,0,0,0,0,0,0,0,0,0,0,0,0,0,100,0,0
koszulka polo,polo ralph lauren,609.0,Krótki rękaw,koszulka slim fit,32.2,100,0,0,0,0,0,0,0,0,0,0,0,0,0,100,0,0
t-shirt basic,adidas originals,125.0,Krótki rękaw,koszulka regular fit,3.33,100,0,0,0,0,0,0,0,0,0,0,0,0,0,100,0,0
t-shirt basic,pier one,32.0,Krótki rękaw,koszulka regular fit,3.33,100,0,0,0,0,0,0,0,0,0,0,0,0,0,100,0,0
koszulka polo,pier one,40.0,Krótki rękaw,koszulka slim fit,32.2,100,0,0,0,0,0,0,0,0,0,0,0,0,0,100,0,0
t-shirt z nadrukiem,closure london,79.0,Krótki rękaw,koszulka regular fit,3.33,100,0,0,0,0,0,0,0,0,0,0,0,0,0,100,0,0
bluzka z długim rękawem,nike performance,139.99,Długi rękaw,koszulka slim fit,32.2,0,100,0,0,0,0,0,0,0,0,0,0,0,0,0,100,0
t-shirt z nadrukiem,venum venum,189.0,Krótki rękaw,koszulka regular fit,3.33,100,0,0,0,0,0,0,0,0,0,0,0,0,0,100,0,0
bluzka z długim rękawem,nike performance,255.0,Bardzo długi rękaw,koszulka regular fit,3.33,0,88,12,0,0,0,0,0,0,0,0,0,0,0,0,100,0
t-shirt z nadrukiem,indicode jeans,89.99,Krótki rękaw,koszulka regular fit,3.33,95,0,5,0,0,0,0,0,0,0,0,0,0,0,95,5,0
t-shirt basic,polo ralph lauren,341.0,Krótki rękaw,koszulka regular fit,3.33,100,0,0,0,0,0,0,0,0,0,0,0,0,0,100,0,0
koszulka sportowa,under armour,143.0,Krótki rękaw,koszulka skinny fit,0.0,0,84,16,0,0,0,0,0,0,0,0,0,0,0,0,100,0
bluzka z długim rękawem,nike performance,161.0,Długi rękaw,koszulka skinny fit,0.0,0,90,10,0,0,0,0,0,0,0,0,0,0,0,0,100,0
t-shirt basic,guess,116.0,Krótki rękaw,koszulka loose fit,3.33,100,0,0,0,0,0,0,0,0,0,0,0,0,0,100,0,0
t-shirt z nadrukiem,yourturn unisex,84.0,Półrękawek,koszulka loose fit,3.33,100,0,0,0,0,0,0,0,0,0,0,0,0,0,100,0,0
t-shirt basic,hollister co.,409.0,Krótki rękaw,koszulka regular fit,3.33,100,0,0,0,0,0,0,0,0,0,0,0,0,0,100,0,0
koszulka polo,lacoste,269.0,Krótki rękaw,koszulka loose fit,3.33,100,0,0,0,0,0,0,0,0,0,0,0,0,0,100,0,0
bluzka z długim rękawem,pier one,71.0,Długi rękaw,koszulka regular fit,3.33,100,0,0,0,0,0,0,0,0,0,0,0,0,0,100,0,0
t-shirt z nadrukiem,puma,174.0,Krótki rękaw,koszulka regular fit,3.33,100,0,0,0,0,0,0,0,0,0,0,0,0,0,100,0,0
koszulka sportowa,new balance,134.0,Krótki rękaw,koszulka regular fit,3.33,0,100,0,0,0,0,0,0,0,0,0,0,0,0,0,100,0
t-shirt z nadrukiem,calvin klein,161.0,Krótki rękaw,koszulka slim fit,32.2,100,0,0,0,0,0,0,0,0,0,0,0,0,0,100,0,0
koszulka polo,polo ralph lauren,599.0,Krótki rękaw,koszulka slim fit,32.2,100,0,0,0,0,0,0,0,0,0,0,0,0,0,100,0,0
t-shirt basic,mey hybrid,235.0,Krótki rękaw,koszulka slim fit,32.2,57,38,5,0,0,0,0,0,0,0,0,0,0,0,57,43,0
koszulka polo,pier one,53.0,Krótki rękaw,koszulka regular fit,3.33,100,0,0,0,0,0,0,0,0,0,0,0,0,0,100,0,0
koszulka polo,polo ralph lauren,529.0,Krótki rękaw,koszulka slim fit,32.2,100,0,0,0,0,0,0,0,0,0,0,0,0,0,100,0,0
t-shirt z nadrukiem,lacoste,199.0,Krótki rękaw,koszulka regular fit,3.33,100,0,0,0,0,0,0,0,0,0,0,0,0,0,100,0,0
t-shirt basic,pier one,45.0,Krótki rękaw,koszulka slim fit,32.2,100,0,0,0,0,0,0,0,0,0,0,0,0,0,100,0,0
koszulka polo,polo ralph lauren,819.0,Krótki rękaw,koszulka regular fit,3.33,100,0,0,0,0,0,0,0,0,0,0,0,0,0,100,0,0
t-shirt basic,pier one,32.0,Krótki rękaw,koszulka regular fit,3.33,100,0,0,0,0,0,0,0,0,0,0,0,0,0,100,0,0
t-shirt z nadrukiem,pier one,59.0,Krótki rękaw,koszulka regular fit,3.33,100,0,0,0,0,0,0,0,0,0,0,0,0,0,100,0,0
t-shirt z nadrukiem,adidas originals,108.0,Krótki rękaw,koszulka regular fit,3.33,0,100,0,0,0,0,0,0,0,0,0,0,0,0,0,100,0
bluzka z długim rękawem,lacoste,207.0,Długi rękaw,koszulka regular fit,3.33,65,35,0,0,0,0,0,0,0,0,0,0,0,0,65,35,0
t-shirt basic,levi's®,125.0,Krótki rękaw,koszulka regular fit,3.33,100,0,0,0,0,0,0,0,0,0,0,0,0,0,100,0,0
t-shirt basic,levi's®,340.45,Krótki rękaw,koszulka regular fit,3.33,100,0,0,0,0,0,0,0,0,0,0,0,0,0,100,0,0
koszulka sportowa,venum venum,209.0,Krótki rękaw,koszulka regular fit,3.33,0,90,10,0,0,0,0,0,0,0,0,0,0,0,0,100,0
t-shirt z nadrukiem,allsaints,278.0,Półrękawek,koszulka loose fit,3.33,100,0,0,0,0,0,0,0,0,0,0,0,0,0,100,0,0
bluzka z długim rękawem,yourturn unisex,134.0,Długi rękaw,koszulka regular fit,3.33,100,0,0,0,0,0,0,0,0,0,0,0,0,0,100,0,0
t-shirt basic,denim project,364.99,Krótki rękaw,koszulka regular fit,3.33,100,0,0,0,0,0,0,0,0,0,0,0,0,0,100,0,0
koszulka polo,u.s. polo assn.,149.99,Długi rękaw,koszulka regular fit,3.33,100,0,0,0,0,0,0,0,0,0,0,0,0,0,100,0,0
t-shirt basic,lyle &,97.0,Krótki rękaw,koszulka regular fit,3.33,100,0,0,0,0,0,0,0,0,0,0,0,0,0,100,0,0
t-shirt z nadrukiem,nike performance,143.0,Krótki rękaw,koszulka regular fit,3.33,100,0,0,0,0,0,0,0,0,0,0,0,0,0,100,0,0
bluzka z długim rękawem,under armour,179.0,Długi rękaw,koszulka regular fit,3.33,0,100,0,0,0,0,0,0,0,0,0,0,0,0,0,100,0
koszulka polo,nike performance,449.0,Krótki rękaw,koszulka regular fit,3.33,0,100,0,0,0,0,0,0,0,0,0,0,0,0,0,100,0
t-shirt z nadrukiem,mister tee,58.0,Krótki rękaw,koszulka regular fit,3.33,100,0,0,0,0,0,0,0,0,0,0,0,0,0,100,0,0
top,jordan,143.0,Bez rękawów,koszulka regular fit,3.33,0,84,16,0,0,0,0,0,0,0,0,0,0,0,0,100,0
bluzka z długim rękawem,calvin klein,156.0,Długi rękaw,koszulka regular fit,3.33,100,0,0,0,0,0,0,0,0,0,0,0,0,0,100,0,0
t-shirt z nadrukiem,jack & jones,104.0,Krótki rękaw,koszulka regular fit,3.33,100,0,0,0,0,0,0,0,0,0,0,0,0,0,100,0,0
t-shirt z nadrukiem,hollister co.,111.0,Krótki rękaw,koszulka loose fit,3.33,100,0,0,0,0,0,0,0,0,0,0,0,0,0,100,0,0
t-shirt z nadrukiem,another cotton,179.0,Półrękawek,koszulka loose fit,3.33,100,0,0,0,0,0,0,0,0,0,0,0,0,0,100,0,0
t-shirt z nadrukiem,hugo,161.0,Półrękawek,koszulka regular fit,3.33,100,0,0,0,0,0,0,0,0,0,0,0,0,0,100,0,0
koszulka sportowa,under armour,139.0,Krótki rękaw,koszulka loose fit,3.33,0,100,0,0,0,0,0,0,0,0,0,0,0,0,0,100,0
t-shirt z nadrukiem,men plus,177.99,Krótki rękaw,koszulka regular fit,3.33,100,0,0,0,0,0,0,0,0,0,0,0,0,0,100,0,0
t-shirt basic,pier one,30.0,Krótki rękaw,koszulka slim fit,32.2,100,0,0,0,0,0,0,0,0,0,0,0,0,0,100,0,0
t-shirt z nadrukiem,yourturn unisex,69.0,Półrękawek,koszulka loose fit,3.33,100,0,0,0,0,0,0,0,0,0,0,0,0,0,100,0,0
t-shirt basic,vans,103.0,Krótki rękaw,koszulka regular fit,3.33,100,0,0,0,0,0,0,0,0,0,0,0,0,0,100,0,0
t-shirt basic,nike sportswear,179.0,Krótki rękaw,koszulka loose fit,3.33,100,0,0,0,0,0,0,0,0,0,0,0,0,0,100,0,0
t-shirt basic,adidas sportswear,98.0,Krótki rękaw,koszulka regular fit,3.33,100,0,0,0,0,0,0,0,0,0,0,0,0,0,100,0,0
t-shirt z nadrukiem,weekend offender,199.0,Krótki rękaw,koszulka regular fit,3.33,100,0,0,0,0,0,0,0,0,0,0,0,0,0,100,0,0
t-shirt z nadrukiem,rocawear t,70.0,Półrękawek,koszulka loose fit,3.33,100,0,0,0,0,0,0,0,0,0,0,0,0,0,100,0,0
t-shirt z nadrukiem,calvin klein,125.0,Krótki rękaw,koszulka regular fit,3.33,100,0,0,0,0,0,0,0,0,0,0,0,0,0,100,0,0
t-shirt z nadrukiem,the north face,179.0,Krótki rękaw,koszulka loose fit,3.33,100,0,0,0,0,0,0,0,0,0,0,0,0,0,100,0,0
t-shirt z nadrukiem,solid,80.0,Krótki rękaw,koszulka regular fit,3.33,95,0,0,5,0,0,0,0,0,0,0,0,0,0,95,0,0
t-shirt z nadrukiem,under armour,143.0,Krótki rękaw,koszulka regular fit,3.33,60,40,0,0,0,0,0,0,0,0,0,0,0,0,60,40,0
t-shirt z nadrukiem,hugo,160.0,Krótki rękaw,koszulka regular fit,3.33,100,0,0,0,0,0,0,0,0,0,0,0,0,0,100,0,0
t-shirt z nadrukiem,ea7 emporio armani,171.0,Krótki rękaw,koszulka regular fit,3.33,60,40,0,0,0,0,0,0,0,0,0,0,0,0,60,40,0
koszulka polo,fred perry,404.0,Krótki rękaw,koszulka regular fit,3.33,100,0,0,0,0,0,0,0,0,0,0,0,0,0,100,0,0
t-shirt z nadrukiem,polo ralph lauren,584.0,Krótki rękaw,koszulka regular fit,3.33,100,0,0,0,0,0,0,0,0,0,0,0,0,0,100,0,0
t-shirt basic,pier one,89.0,Krótki rękaw,koszulka regular fit,3.33,100,0,0,0,0,0,0,0,0,0,0,0,0,0,100,0,0
t-shirt z nadrukiem,jack & jones,71.0,Półrękawek,koszulka loose fit,3.33,100,0,0,0,0,0,0,0,0,0,0,0,0,0,100,0,0
bluzka z długim rękawem,pier one,53.0,Długi rękaw,koszulka regular fit,3.33,100,0,0,0,0,0,0,0,0,0,0,0,0,0,100,0,0
t-shirt z nadrukiem,alpha industries,89.0,Krótki rękaw,koszulka regular fit,3.33,100,0,0,0,0,0,0,0,0,0,0,0,0,0,100,0,0
top,santa cruz,149.0,Bardzo krótki rękawek,koszulka regular fit,3.33,100,0,0,0,0,0,0,0,0,0,0,0,0,0,100,0,0
t-shirt basic,jack & jones,145.0,Krótki rękaw,koszulka regular fit,3.33,100,0,0,0,0,0,0,0,0,0,0,0,0,0,100,0,0
koszulka polo,boss,292.0,Krótki rękaw,koszulka regular fit,3.33,100,0,0,0,0,0,0,0,0,0,0,0,0,0,100,0,0
t-shirt z nadrukiem,jack & jones,71.0,Krótki rękaw,koszulka regular fit,3.33,100,0,0,0,0,0,0,0,0,0,0,0,0,0,100,0,0
t-shirt z nadrukiem,adidas originals,95.0,Krótki rękaw,koszulka loose fit,3.33,100,0,0,0,0,0,0,0,0,0,0,0,0,0,100,0,0
t-shirt basic,pier one,30.0,Krótki rękaw,koszulka regular fit,3.33,100,0,0,0,0,0,0,0,0,0,0,0,0,0,100,0,0
t-shirt z nadrukiem,henry tiger,159.99,Krótki rękaw,koszulka regular fit,3.33,100,0,0,0,0,0,0,0,0,0,0,0,0,0,100,0,0
t-shirt z nadrukiem,merchcode acdc,67.0,Krótki rękaw,koszulka regular fit,3.33,100,0,0,0,0,0,0,0,0,0,0,0,0,0,100,0,0
t-shirt basic,levi's®,109.0,Krótki rękaw,koszulka regular fit,3.33,100,0,0,0,0,0,0,0,0,0,0,0,0,0,100,0,0
koszulka polo,lacoste,269.0,Krótki rękaw,koszulka loose fit,3.33,100,0,0,0,0,0,0,0,0,0,0,0,0,0,100,0,0
t-shirt z nadrukiem,hugo,251.0,Krótki rękaw,koszulka regular fit,3.33,100,0,0,0,0,0,0,0,0,0,0,0,0,0,100,0,0
t-shirt basic,pier one,38.0,Krótki rękaw,koszulka skinny fit,0.0,0,87,13,0,0,0,0,0,0,0,0,0,0,0,0,100,0
bluzka z długim rękawem,taion unisex,249.0,Długi rękaw,koszulka regular fit,3.33,0,0,0,0,0,0,0,76,0,0,0,0,0,24,0,100,0
t-shirt z nadrukiem,the north face,143.0,Krótki rękaw,koszulka regular fit,3.33,100,0,0,0,0,0,0,0,0,0,0,0,0,0,100,0,0
bluzka z długim rękawem,adidas originals,161.0,Długi rękaw,koszulka regular fit,3.33,100,0,0,0,0,0,0,0,0,0,0,0,0,0,100,0,0
t-shirt z nadrukiem,mister tee,61.0,Krótki rękaw,koszulka regular fit,3.33,100,0,0,0,0,0,0,0,0,0,0,0,0,0,100,0,0
t-shirt z nadrukiem,henry tiger,109.99,Krótki rękaw,koszulka regular fit,3.33,100,0,0,0,0,0,0,0,0,0,0,0,0,0,100,0,0
t-shirt basic,under armour,129.0,Krótki rękaw,koszulka regular fit,3.33,60,40,0,0,0,0,0,0,0,0,0,0,0,0,60,40,0
koszulka polo,polo ralph lauren,317.0,Krótki rękaw,koszulka slim fit,32.2,100,0,0,0,0,0,0,0,0,0,0,0,0,0,100,0,0
t-shirt basic,the north face,143.0,Krótki rękaw,koszulka loose fit,3.33,100,0,0,0,0,0,0,0,0,0,0,0,0,0,100,0,0
t-shirt z nadrukiem,puma,114.0,Krótki rękaw,koszulka regular fit,3.33,100,0,0,0,0,0,0,0,0,0,0,0,0,0,100,0,0
koszulka polo,pier one,167.0,Krótki rękaw,koszulka slim fit,32.2,100,0,0,0,0,0,0,0,0,0,0,0,0,0,100,0,0
t-shirt z nadrukiem,kaotiko unisex,209.0,Krótki rękaw,koszulka regular fit,3.33,100,0,0,0,0,0,0,0,0,0,0,0,0,0,100,0,0
t-shirt z nadrukiem,new era,251.0,Krótki rękaw,koszulka regular fit,3.33,0,100,0,0,0,0,0,0,0,0,0,0,0,0,0,100,0
top,pier one,35.0,Bez rękawów,koszulka loose fit,3.33,0,87,13,0,0,0,0,0,0,0,0,0,0,0,0,100,0
t-shirt basic,calvin klein,125.0,Krótki rękaw,koszulka slim fit,32.2,100,0,0,0,0,0,0,0,0,0,0,0,0,0,100,0,0
t-shirt basic,boss,149.0,Krótki rękaw,koszulka regular fit,3.33,100,0,0,0,0,0,0,0,0,0,0,0,0,0,100,0,0
t-shirt z nadrukiem,mister tee,58.0,Krótki rękaw,koszulka regular fit,3.33,100,0,0,0,0,0,0,0,0,0,0,0,0,0,100,0,0
t-shirt z nadrukiem,adidas originals,143.0,Krótki rękaw,koszulka loose fit,3.33,100,0,0,0,0,0,0,0,0,0,0,0,0,0,100,0,0
t-shirt basic,calvin klein,233.0,Krótki rękaw,koszulka regular fit,3.33,100,0,0,0,0,0,0,0,0,0,0,0,0,0,100,0,0
t-shirt basic,yourturn unisex,76.0,Krótki rękaw,koszulka loose fit,3.33,100,0,0,0,0,0,0,0,0,0,0,0,0,0,100,0,0
t-shirt basic,pier one,41.0,Krótki rękaw,koszulka regular fit,3.33,100,0,0,0,0,0,0,0,0,0,0,0,0,0,100,0,0
t-shirt basic,the north face,119.0,Krótki rękaw,koszulka regular fit,3.33,60,40,0,0,0,0,0,0,0,0,0,0,0,0,60,40,0
t-shirt z nadrukiem,adidas originals,127.0,Półrękawek,koszulka loose fit,3.33,100,0,0,0,0,0,0,0,0,0,0,0,0,0,100,0,0
t-shirt basic,pier one,64.0,Krótki rękaw,koszulka regular fit,3.33,100,0,0,0,0,0,0,0,0,0,0,0,0,0,100,0,0
t-shirt z nadrukiem,ea7 emporio armani,260.0,Krótki rękaw,koszulka regular fit,3.33,100,0,0,0,0,0,0,0,0,0,0,0,0,0,100,0,0
t-shirt z nadrukiem,guess,175.0,Krótki rękaw,koszulka regular fit,3.33,100,0,0,0,0,0,0,0,0,0,0,0,0,0,100,0,0
t-shirt basic,u.s. polo assn.,126.0,Krótki rękaw,koszulka regular fit,3.33,100,0,0,0,0,0,0,0,0,0,0,0,0,0,100,0,0
t-shirt basic,bershka,55.9,Krótki rękaw,koszulka regular fit,3.33,100,0,0,0,0,0,0,0,0,0,0,0,0,0,100,0,0
t-shirt z nadrukiem,jack & jones,71.0,Krótki rękaw,koszulka loose fit,3.33,100,0,0,0,0,0,0,0,0,0,0,0,0,0,100,0,0
t-shirt basic,pier one,101.0,Krótki rękaw,koszulka regular fit,3.33,100,0,0,0,0,0,0,0,0,0,0,0,0,0,100,0,0
koszulka polo,u.s. polo assn.,169.99,Krótki rękaw,koszulka regular fit,3.33,100,0,0,0,0,0,0,0,0,0,0,0,0,0,100,0,0
t-shirt z nadrukiem,pier one,69.0,Półrękawek,koszulka loose fit,3.33,100,0,0,0,0,0,0,0,0,0,0,0,0,0,100,0,0
t-shirt z nadrukiem,mister tee,82.0,Krótki rękaw,koszulka regular fit,3.33,100,0,0,0,0,0,0,0,0,0,0,0,0,0,100,0,0
t-shirt basic,yourturn unisex,80.0,Półrękawek,koszulka loose fit,3.33,95,0,5,0,0,0,0,0,0,0,0,0,0,0,95,5,0
koszulka sportowa,nike acg,159.0,Krótki rękaw,koszulka regular fit,3.33,57,43,0,0,0,0,0,0,0,0,0,0,0,0,57,43,0
t-shirt z nadrukiem,adidas originals,143.0,Krótki rękaw,koszulka regular fit,3.33,100,0,0,0,0,0,0,0,0,0,0,0,0,0,100,0,0
t-shirt basic,hollister co.,299.0,Krótki rękaw,koszulka regular fit,3.33,100,0,0,0,0,0,0,0,0,0,0,0,0,0,100,0,0
t-shirt z nadrukiem,oakley,143.0,Półrękawek,koszulka loose fit,3.33,100,0,0,0,0,0,0,0,0,0,0,0,0,0,100,0,0
koszulka polo,pull&bear,109.0,Krótki rękaw,koszulka loose fit,3.33,0,100,0,0,0,0,0,0,0,0,0,0,0,0,0,100,0
t-shirt z nadrukiem,allsaints,247.0,Półrękawek,koszulka loose fit,3.33,100,0,0,0,0,0,0,0,0,0,0,0,0,0,100,0,0
t-shirt z nadrukiem,alpha industries,89.0,Krótki rękaw,koszulka regular fit,3.33,100,0,0,0,0,0,0,0,0,0,0,0,0,0,100,0,0
t-shirt basic,adidas originals,143.0,Krótki rękaw,koszulka regular fit,3.33,100,0,0,0,0,0,0,0,0,0,0,0,0,0,100,0,0
bluzka z długim rękawem,nike performance,199.0,Bardzo długi rękaw,koszulka regular fit,3.33,0,100,0,0,0,0,0,0,0,0,0,0,0,0,0,100,0
koszulka polo,levi's®,119.0,Krótki rękaw,koszulka regular fit,3.33,100,0,0,0,0,0,0,0,0,0,0,0,0,0,100,0,0
t-shirt basic,adidas originals,98.0,Krótki rękaw,koszulka regular fit,3.33,100,0,0,0,0,0,0,0,0,0,0,0,0,0,100,0,0
koszulka reprezentacji,puma,339.0,Długi rękaw,koszulka regular fit,3.33,0,100,0,0,0,0,0,0,0,0,0,0,0,0,0,100,0
t-shirt z nadrukiem,upscale by,58.0,Krótki rękaw,koszulka oversize,22.7,100,0,0,0,0,0,0,0,0,0,0,0,0,0,100,0,0
t-shirt z nadrukiem,nike performance,159.0,Krótki rękaw,koszulka regular fit,3.33,100,0,0,0,0,0,0,0,0,0,0,0,0,0,100,0,0
t-shirt z nadrukiem,pier one,45.0,Krótki rękaw,koszulka regular fit,3.33,100,0,0,0,0,0,0,0,0,0,0,0,0,0,100,0,0
t-shirt basic,carhartt wip,179.0,Krótki rękaw,koszulka regular fit,3.33,100,0,0,0,0,0,0,0,0,0,0,0,0,0,100,0,0
t-shirt z nadrukiem,mister tee,79.0,Krótki rękaw,koszulka regular fit,3.33,100,0,0,0,0,0,0,0,0,0,0,0,0,0,100,0,0
t-shirt z nadrukiem,allsaints valen,339.0,Półrękawek,koszulka loose fit,3.33,100,0,0,0,0,0,0,0,0,0,0,0,0,0,100,0,0
koszulka sportowa,asics core,129.0,Krótki rękaw,koszulka regular fit,3.33,0,100,0,0,0,0,0,0,0,0,0,0,0,0,0,100,0
t-shirt z nadrukiem,ellesse,89.0,Krótki rękaw,koszulka regular fit,3.33,100,0,0,0,0,0,0,0,0,0,0,0,0,0,100,0,0
t-shirt z nadrukiem,adidas originals,139.0,Krótki rękaw,koszulka regular fit,3.33,100,0,0,0,0,0,0,0,0,0,0,0,0,0,100,0,0
t-shirt basic,polo ralph lauren,395.0,Krótki rękaw,koszulka slim fit,32.2,100,0,0,0,0,0,0,0,0,0,0,0,0,0,100,0,0
koszulka sportowa,nike performance,449.0,Krótki rękaw,koszulka regular fit,3.33,0,100,0,0,0,0,0,0,0,0,0,0,0,0,0,100,0
t-shirt z nadrukiem,carne bollente,359.0,Krótki rękaw,koszulka regular fit,3.33,100,0,0,0,0,0,0,0,0,0,0,0,0,0,100,0,0
t-shirt basic,indicode jeans,89.99,Krótki rękaw,koszulka slim fit,32.2,100,0,0,0,0,0,0,0,0,0,0,0,0,0,100,0,0
t-shirt z nadrukiem,nike sportswear,125.0,Krótki rękaw,koszulka regular fit,3.33,100,0,0,0,0,0,0,0,0,0,0,0,0,0,100,0,0
t-shirt z nadrukiem,dc shoes,129.0,Krótki rękaw,koszulka regular fit,3.33,100,0,0,0,0,0,0,0,0,0,0,0,0,0,100,0,0
t-shirt basic,pier one,64.0,Krótki rękaw,koszulka slim fit,32.2,100,0,0,0,0,0,0,0,0,0,0,0,0,0,100,0,0
t-shirt basic,off,879.0,Krótki rękaw,koszulka regular fit,3.33,100,0,0,0,0,0,0,0,0,0,0,0,0,0,100,0,0
koszulka sportowa,puma,429.0,Krótki rękaw,koszulka regular fit,3.33,0,100,0,0,0,0,0,0,0,0,0,0,0,0,0,100,0
top,pier one,48.0,Bez rękawów,koszulka regular fit,3.33,100,0,0,0,0,0,0,0,0,0,0,0,0,0,100,0,0
t-shirt basic,alpha industries,179.0,Krótki rękaw,koszulka regular fit,3.33,100,0,0,0,0,0,0,0,0,0,0,0,0,0,100,0,0
t-shirt z nadrukiem,the north face,306.0,Krótki rękaw,koszulka regular fit,3.33,60,40,0,0,0,0,0,0,0,0,0,0,0,0,60,40,0
koszulka polo,u.s. polo assn.,254.99,Krótki rękaw,koszulka regular fit,3.33,100,0,0,0,0,0,0,0,0,0,0,0,0,0,100,0,0
bluzka z długim rękawem,yourturn unisex,89.0,Długi rękaw,koszulka loose fit,3.33,100,0,0,0,0,0,0,0,0,0,0,0,0,0,100,0,0
koszulka polo,redefined rebel,143.0,Krótki rękaw,koszulka regular fit,3.33,100,0,0,0,0,0,0,0,0,0,0,0,0,0,100,0,0
t-shirt z nadrukiem,puma,116.0,Krótki rękaw,koszulka regular fit,3.33,100,0,0,0,0,0,0,0,0,0,0,0,0,0,100,0,0
koszulka reprezentacji,adidas originals,449.0,Krótki rękaw,koszulka regular fit,3.33,0,0,0,0,60,0,0,0,0,40,0,0,0,0,60,0,60
top,nike performance,99.0,Bez rękawów,koszulka regular fit,3.33,0,100,0,0,0,0,0,0,0,0,0,0,0,0,0,100,0
t-shirt basic,adidas originals,111.0,Półrękawek,koszulka loose fit,3.33,100,0,0,0,0,0,0,0,0,0,0,0,0,0,100,0,0
koszulka sportowa,nike performance,449.0,Krótki rękaw,koszulka regular fit,3.33,0,100,0,0,0,0,0,0,0,0,0,0,0,0,0,100,0
koszulka polo,boss,269.0,Krótki rękaw,koszulka regular fit,3.33,100,0,0,0,0,0,0,0,0,0,0,0,0,0,100,0,0
t-shirt z nadrukiem,calvin klein,116.0,Krótki rękaw,koszulka regular fit,3.33,100,0,0,0,0,0,0,0,0,0,0,0,0,0,100,0,0
t-shirt z nadrukiem,diesel,206.0,Krótki rękaw,koszulka regular fit,3.33,100,0,0,0,0,0,0,0,0,0,0,0,0,0,100,0,0
t-shirt basic,calvin klein,260.0,Krótki rękaw,koszulka slim fit,32.2,95,0,5,0,0,0,0,0,0,0,0,0,0,0,95,5,0
t-shirt z nadrukiem,yourturn unisex,79.0,Półrękawek,koszulka loose fit,3.33,100,0,0,0,0,0,0,0,0,0,0,0,0,0,100,0,0
t-shirt z nadrukiem,adidas originals,143.0,Krótki rękaw,koszulka loose fit,3.33,100,0,0,0,0,0,0,0,0,0,0,0,0,0,100,0,0
t-shirt basic,oakley,161.0,Krótki rękaw,koszulka loose fit,3.33,100,0,0,0,0,0,0,0,0,0,0,0,0,0,100,0,0
koszulka sportowa,adidas originals,229.0,Krótki rękaw,koszulka regular fit,3.33,52,48,0,0,0,0,0,0,0,0,0,0,0,0,52,48,0
t-shirt basic,yourturn unisex,53.0,Półrękawek,koszulka loose fit,3.33,95,0,5,0,0,0,0,0,0,0,0,0,0,0,95,5,0
top,yourturn unisex,63.0,Bez rękawów,koszulka skinny fit,0.0,95,0,5,0,0,0,0,0,0,0,0,0,0,0,95,5,0
t-shirt basic,pier one,33.0,Krótki rękaw,koszulka regular fit,3.33,100,0,0,0,0,0,0,0,0,0,0,0,0,0,100,0,0
t-shirt basic,ea7 emporio armani,224.0,Krótki rękaw,koszulka regular fit,3.33,100,0,0,0,0,0,0,0,0,0,0,0,0,0,100,0,0
koszulka polo,polo ralph lauren,363.0,Krótki rękaw,koszulka slim fit,32.2,100,0,0,0,0,0,0,0,0,0,0,0,0,0,100,0,0
koszulka sportowa,puma,259.0,Krótki rękaw,koszulka regular fit,3.33,0,100,0,0,0,0,0,0,0,0,0,0,0,0,0,100,0
t-shirt z nadrukiem,carne bollente,359.0,Krótki rękaw,koszulka regular fit,3.33,100,0,0,0,0,0,0,0,0,0,0,0,0,0,100,0,0
t-shirt z nadrukiem,venum,129.0,Krótki rękaw,koszulka regular fit,3.33,100,0,0,0,0,0,0,0,0,0,0,0,0,0,100,0,0
koszulka polo,lacoste,269.0,Krótki rękaw,koszulka regular fit,3.33,100,0,0,0,0,0,0,0,0,0,0,0,0,0,100,0,0
koszulka sportowa,nike performance,449.0,Krótki rękaw,koszulka regular fit,3.33,0,100,0,0,0,0,0,0,0,0,0,0,0,0,0,100,0
t-shirt basic,pier one,170.0,Krótki rękaw,koszulka slim fit,32.2,100,0,0,0,0,0,0,0,0,0,0,0,0,0,100,0,0
t-shirt basic,yourturn unisex,82.0,Krótki rękaw,koszulka regular fit,3.33,100,0,0,0,0,0,0,0,0,0,0,0,0,0,100,0,0
t-shirt basic,the north face,119.0,Krótki rękaw,koszulka regular fit,3.33,60,40,0,0,0,0,0,0,0,0,0,0,0,0,60,40,0
t-shirt basic,urban classics,70.0,Krótki rękaw,koszulka oversize,22.7,100,0,0,0,0,0,0,0,0,0,0,0,0,0,100,0,0
t-shirt basic,pier one,97.0,Krótki rękaw,koszulka slim fit,32.2,100,0,0,0,0,0,0,0,0,0,0,0,0,0,100,0,0
t-shirt z nadrukiem,ea7 emporio armani,323.0,Krótki rękaw,koszulka regular fit,3.33,100,0,0,0,0,0,0,0,0,0,0,0,0,0,100,0,0
t-shirt basic,jordan,139.0,Krótki rękaw,koszulka regular fit,3.33,100,0,0,0,0,0,0,0,0,0,0,0,0,0,100,0,0
t-shirt basic,u.s. polo assn.,82.99,Krótki rękaw,koszulka other,,100,0,0,0,0,0,0,0,0,0,0,0,0,0,100,0,0
t-shirt z nadrukiem,carne bollente,359.0,Krótki rękaw,koszulka regular fit,3.33,100,0,0,0,0,0,0,0,0,0,0,0,0,0,100,0,0
t-shirt z nadrukiem,nike sportswear,143.0,Krótki rękaw,koszulka regular fit,3.33,100,0,0,0,0,0,0,0,0,0,0,0,0,0,100,0,0
t-shirt z nadrukiem,jack & jones,116.0,Krótki rękaw,koszulka slim fit,32.2,100,0,0,0,0,0,0,0,0,0,0,0,0,0,100,0,0
koszulka reprezentacji,adidas performance,269.0,Krótki rękaw,koszulka regular fit,3.33,0,100,0,0,0,0,0,0,0,0,0,0,0,0,0,100,0
t-shirt basic,adidas originals,76.0,Krótki rękaw,koszulka loose fit,3.33,100,0,0,0,0,0,0,0,0,0,0,0,0,0,100,0,0
t-shirt basic,próchnik,69.9,Krótki rękaw,koszulka slim fit,32.2,100,0,0,0,0,0,0,0,0,0,0,0,0,0,100,0,0
bluzka z długim rękawem,pier one,93.0,Długi rękaw,koszulka regular fit,3.33,100,0,0,0,0,0,0,0,0,0,0,0,0,0,100,0,0
top,new era,116.0,Bez rękawów,koszulka regular fit,3.33,100,0,0,0,0,0,0,0,0,0,0,0,0,0,100,0,0
t-shirt z nadrukiem,nike performance,159.0,Krótki rękaw,koszulka regular fit,3.33,100,0,0,0,0,0,0,0,0,0,0,0,0,0,100,0,0
t-shirt z nadrukiem,adidas originals,149.0,Krótki rękaw,koszulka regular fit,3.33,100,0,0,0,0,0,0,0,0,0,0,0,0,0,100,0,0
bluzka z długim rękawem,yourturn unisex,89.0,Długi rękaw,koszulka skinny fit,0.0,0,100,0,0,0,0,0,0,0,0,0,0,0,0,0,100,0
t-shirt z nadrukiem,calvin klein,146.0,Krótki rękaw,koszulka regular fit,3.33,100,0,0,0,0,0,0,0,0,0,0,0,0,0,100,0,0
koszulka sportowa,adidas performance,439.0,Krótki rękaw,koszulka slim fit,32.2,0,100,0,0,0,0,0,0,0,0,0,0,0,0,0,100,0
t-shirt basic,jordan,127.0,Krótki rękaw,koszulka regular fit,3.33,95,0,5,0,0,0,0,0,0,0,0,0,0,0,95,5,0
t-shirt z nadrukiem,armani exchange,199.0,Krótki rękaw,koszulka slim fit,32.2,100,0,0,0,0,0,0,0,0,0,0,0,0,0,100,0,0
t-shirt basic,pier one,119.0,Krótki rękaw,koszulka regular fit,3.33,100,0,0,0,0,0,0,0,0,0,0,0,0,0,100,0,0
t-shirt basic,pier one,59.0,Krótki rękaw,koszulka slim fit,32.2,100,0,0,0,0,0,0,0,0,0,0,0,0,0,100,0,0
t-shirt z nadrukiem,yourturn unisex,24.0,Krótki rękaw,koszulka regular fit,3.33,100,0,0,0,0,0,0,0,0,0,0,0,0,0,100,0,0
t-shirt z nadrukiem,polo ralph lauren,639.0,Krótki rękaw,koszulka regular fit,3.33,100,0,0,0,0,0,0,0,0,0,0,0,0,0,100,0,0
t-shirt basic,urban classics,70.0,Krótki rękaw,koszulka oversize,22.7,100,0,0,0,0,0,0,0,0,0,0,0,0,0,100,0,0
t-shirt z nadrukiem,lacoste,175.0,Krótki rękaw,koszulka regular fit,3.33,65,35,0,0,0,0,0,0,0,0,0,0,0,0,65,35,0
koszulka sportowa,under armour,129.0,Krótki rękaw,koszulka regular fit,3.33,60,40,0,0,0,0,0,0,0,0,0,0,0,0,60,40,0
bluzka z długim rękawem,pier one,39.0,Długi rękaw,koszulka slim fit,32.2,100,0,0,0,0,0,0,0,0,0,0,0,0,0,100,0,0
koszulka sportowa,asics core,116.0,Krótki rękaw,koszulka regular fit,3.33,0,100,0,0,0,0,0,0,0,0,0,0,0,0,0,100,0
bluzka z długim rękawem,yourturn unisex,89.0,Długi rękaw,koszulka loose fit,3.33,100,0,0,0,0,0,0,0,0,0,0,0,0,0,100,0,0
t-shirt z nadrukiem,new balance,129.0,Krótki rękaw,koszulka regular fit,3.33,100,0,0,0,0,0,0,0,0,0,0,0,0,0,100,0,0
t-shirt z nadrukiem,mister tee,82.0,Krótki rękaw,koszulka regular fit,3.33,100,0,0,0,0,0,0,0,0,0,0,0,0,0,100,0,0
koszulka sportowa,adidas originals,219.0,Krótki rękaw,koszulka regular fit,3.33,52,48,0,0,0,0,0,0,0,0,0,0,0,0,52,48,0
t-shirt basic,pier one,59.0,Krótki rękaw,koszulka fit,45.1,100,0,0,0,0,0,0,0,0,0,0,0,0,0,100,0,0
t-shirt z nadrukiem,adidas originals,143.0,Półrękawek,koszulka loose fit,3.33,100,0,0,0,0,0,0,0,0,0,0,0,0,0,100,0,0
t-shirt z nadrukiem,adidas originals,161.0,Krótki rękaw,koszulka regular fit,3.33,100,0,0,0,0,0,0,0,0,0,0,0,0,0,100,0,0
t-shirt basic,yourturn,71.0,Półrękawek,koszulka loose fit,3.33,100,0,0,0,0,0,0,0,0,0,0,0,0,0,100,0,0
t-shirt basic,pier one,29.0,Krótki rękaw,koszulka fit,45.1,100,0,0,0,0,0,0,0,0,0,0,0,0,0,100,0,0
koszulka reprezentacji,adidas performance,439.0,Krótki rękaw,koszulka regular fit,3.33,0,100,0,0,0,0,0,0,0,0,0,0,0,0,0,100,0
koszulka polo,pier one,68.0,Krótki rękaw,koszulka slim fit,32.2,100,0,0,0,0,0,0,0,0,0,0,0,0,0,100,0,0
t-shirt basic,yourturn unisex,71.0,Krótki rękaw,koszulka oversize,22.7,100,0,0,0,0,0,0,0,0,0,0,0,0,0,100,0,0
t-shirt z nadrukiem,boss,174.0,Krótki rękaw,koszulka regular fit,3.33,100,0,0,0,0,0,0,0,0,0,0,0,0,0,100,0,0
bluzka z długim rękawem,polo ralph lauren,289.0,Długi rękaw,koszulka regular fit,3.33,100,0,0,0,0,0,0,0,0,0,0,0,0,0,100,0,0
koszulka sportowa,adidas originals,219.0,Krótki rękaw,koszulka regular fit,3.33,52,48,0,0,0,0,0,0,0,0,0,0,0,0,52,48,0
koszulka sportowa,nike performance,80.0,Krótki rękaw,koszulka regular fit,3.33,59,41,0,0,0,0,0,0,0,0,0,0,0,0,59,41,0
t-shirt z nadrukiem,adidas originals,127.0,Krótki rękaw,koszulka regular fit,3.33,100,0,0,0,0,0,0,0,0,0,0,0,0,0,100,0,0
koszulka polo,boss,404.0,Krótki rękaw,koszulka regular fit,3.33,92,0,8,0,0,0,0,0,0,0,0,0,0,0,92,8,0
t-shirt z nadrukiem,ripndip,124.0,Krótki rękaw,koszulka regular fit,3.33,100,0,0,0,0,0,0,0,0,0,0,0,0,0,100,0,0
t-shirt basic,yourturn unisex,87.0,Krótki rękaw,koszulka loose fit,3.33,100,0,0,0,0,0,0,0,0,0,0,0,0,0,100,0,0
t-shirt z nadrukiem,lacoste,175.0,Krótki rękaw,koszulka regular fit,3.33,65,35,0,0,0,0,0,0,0,0,0,0,0,0,65,35,0
t-shirt z nadrukiem,yourturn unisex,71.0,Krótki rękaw,koszulka regular fit,3.33,100,0,0,0,0,0,0,0,0,0,0,0,0,0,100,0,0
t-shirt basic,hugo,125.0,Krótki rękaw,koszulka regular fit,3.33,100,0,0,0,0,0,0,0,0,0,0,0,0,0,100,0,0
koszulka reprezentacji,adidas performance,439.0,Krótki rękaw,koszulka regular fit,3.33,0,100,0,0,0,0,0,0,0,0,0,0,0,0,0,100,0
t-shirt z nadrukiem,adidas originals,118.0,Krótki rękaw,koszulka regular fit,3.33,100,0,0,0,0,0,0,0,0,0,0,0,0,0,100,0,0
t-shirt z nadrukiem,yourturn unisex,89.0,Półrękawek,koszulka loose fit,3.33,100,0,0,0,0,0,0,0,0,0,0,0,0,0,100,0,0
koszulka sportowa,adidas originals,229.0,Krótki rękaw,koszulka regular fit,3.33,100,0,0,0,0,0,0,0,0,0,0,0,0,0,100,0,0
t-shirt basic,yourturn unisex,76.0,Krótki rękaw,koszulka loose fit,3.33,100,0,0,0,0,0,0,0,0,0,0,0,0,0,100,0,0
t-shirt basic,yourturn unisex,87.0,Półrękawek,koszulka oversize,22.7,100,0,0,0,0,0,0,0,0,0,0,0,0,0,100,0,0
bluzka z długim rękawem,pier one,30.0,Długi rękaw,koszulka slim fit,32.2,100,0,0,0,0,0,0,0,0,0,0,0,0,0,100,0,0
t-shirt basic,pier one,135.0,Krótki rękaw,koszulka regular fit,3.33,100,0,0,0,0,0,0,0,0,0,0,0,0,0,100,0,0
t-shirt basic,nike sportswear,109.0,Krótki rękaw,koszulka regular fit,3.33,100,0,0,0,0,0,0,0,0,0,0,0,0,0,100,0,0
spodnie treningowe,pull&bear bermuda,87.9,Krótki rękaw,koszulka regular fit,3.33,100,0,0,0,0,0,0,0,0,0,0,0,0,0,100,0,0
t-shirt z nadrukiem,adidas originals,143.0,Półrękawek,koszulka loose fit,3.33,100,0,0,0,0,0,0,0,0,0,0,0,0,0,100,0,0
t-shirt basic,urban classics,49.0,Półrękawek,koszulka oversize,22.7,100,0,0,0,0,0,0,0,0,0,0,0,0,0,100,0,0
t-shirt basic,lacoste,179.0,Krótki rękaw,koszulka regular fit,3.33,100,0,0,0,0,0,0,0,0,0,0,0,0,0,100,0,0
t-shirt z nadrukiem,ea7 emporio armani,152.0,Krótki rękaw,koszulka regular fit,3.33,60,40,0,0,0,0,0,0,0,0,0,0,0,0,60,40,0
koszulka polo,polo ralph lauren,539.0,Krótki rękaw,koszulka slim fit,32.2,95,0,5,0,0,0,0,0,0,0,0,0,0,0,95,5,0
t-shirt basic,u.s. polo assn.,299.99,Krótki rękaw,koszulka regular fit,3.33,100,0,0,0,0,0,0,0,0,0,0,0,0,0,100,0,0
t-shirt z nadrukiem,adidas originals,127.0,Półrękawek,koszulka loose fit,3.33,100,0,0,0,0,0,0,0,0,0,0,0,0,0,100,0,0
t-shirt basic,u.s. polo assn.,209.99,Krótki rękaw,koszulka regular fit,3.33,100,0,0,0,0,0,0,0,0,0,0,0,0,0,100,0,0
t-shirt z nadrukiem,yourturn unisex,79.0,Półrękawek,koszulka regular fit,3.33,100,0,0,0,0,0,0,0,0,0,0,0,0,0,100,0,0
koszulka sportowa,under armour,143.0,Krótki rękaw,koszulka skinny fit,0.0,0,84,16,0,0,0,0,0,0,0,0,0,0,0,0,100,0
top,pier one,45.0,Bez rękawów,koszulka regular fit,3.33,100,0,0,0,0,0,0,0,0,0,0,0,0,0,100,0,0
t-shirt z nadrukiem,jack & jones,148.0,Półrękawek,koszulka loose fit,3.33,100,0,0,0,0,0,0,0,0,0,0,0,0,0,100,0,0
t-shirt basic,nike sportswear,79.0,Krótki rękaw,koszulka loose fit,3.33,100,0,0,0,0,0,0,0,0,0,0,0,0,0,100,0,0
t-shirt basic,levi's®,60.0,Krótki rękaw,koszulka regular fit,3.33,100,0,0,0,0,0,0,0,0,0,0,0,0,0,100,0,0
t-shirt basic,lacoste,174.0,Krótki rękaw,koszulka regular fit,3.33,65,35,0,0,0,0,0,0,0,0,0,0,0,0,65,35,0
t-shirt basic,lacoste,174.0,Krótki rękaw,koszulka regular fit,3.33,65,35,0,0,0,0,0,0,0,0,0,0,0,0,65,35,0
t-shirt z nadrukiem,jack & jones,71.0,Krótki rękaw,koszulka regular fit,3.33,100,0,0,0,0,0,0,0,0,0,0,0,0,0,100,0,0
t-shirt z nadrukiem,pier one,35.0,Krótki rękaw,koszulka regular fit,3.33,100,0,0,0,0,0,0,0,0,0,0,0,0,0,100,0,0
t-shirt z nadrukiem,jack & jones,62.0,Krótki rękaw,koszulka regular fit,3.33,100,0,0,0,0,0,0,0,0,0,0,0,0,0,100,0,0
t-shirt basic,levi's®,87.0,Krótki rękaw,koszulka regular fit,3.33,100,0,0,0,0,0,0,0,0,0,0,0,0,0,100,0,0
t-shirt z nadrukiem,ellesse,89.0,Krótki rękaw,koszulka regular fit,3.33,100,0,0,0,0,0,0,0,0,0,0,0,0,0,100,0,0
t-shirt z nadrukiem,pier one,41.0,Półrękawek,koszulka loose fit,3.33,100,0,0,0,0,0,0,0,0,0,0,0,0,0,100,0,0
t-shirt z nadrukiem,tommy jeans,104.0,Krótki rękaw,koszulka regular fit,3.33,100,0,0,0,0,0,0,0,0,0,0,0,0,0,100,0,0
t-shirt basic,u.s. polo assn.,212.99,Krótki rękaw,koszulka regular fit,3.33,100,0,0,0,0,0,0,0,0,0,0,0,0,0,100,0,0
t-shirt z nadrukiem,jack & jones,63.0,Krótki rękaw,koszulka loose fit,3.33,100,0,0,0,0,0,0,0,0,0,0,0,0,0,100,0,0
t-shirt basic,siksilk,87.0,Krótki rękaw,koszulka slim fit,32.2,95,0,5,0,0,0,0,0,0,0,0,0,0,0,95,5,0
t-shirt basic,u.s. polo assn.,212.99,Krótki rękaw,koszulka regular fit,3.33,100,0,0,0,0,0,0,0,0,0,0,0,0,0,100,0,0
koszulka polo,kappa,64.99,Krótki rękaw,koszulka regular fit,3.33,100,0,0,0,0,0,0,0,0,0,0,0,0,0,100,0,0
t-shirt z nadrukiem,jack & jones,176.95,Krótki rękaw,koszulka regular fit,3.33,100,0,0,0,0,0,0,0,0,0,0,0,0,0,100,0,0
t-shirt basic,pier one,50.0,Krótki rękaw,koszulka regular fit,3.33,100,0,0,0,0,0,0,0,0,0,0,0,0,0,100,0,0
t-shirt z nadrukiem,pier one,30.0,Krótki rękaw,koszulka regular fit,3.33,100,0,0,0,0,0,0,0,0,0,0,0,0,0,100,0,0
t-shirt z nadrukiem,calvin klein,103.0,Krótki rękaw,koszulka regular fit,3.33,100,0,0,0,0,0,0,0,0,0,0,0,0,0,100,0,0
koszulka polo,ochnik,79.9,Krótki rękaw,koszulka regular fit,3.33,100,0,0,0,0,0,0,0,0,0,0,0,0,0,100,0,0
t-shirt basic,u.s. polo assn.,299.99,Krótki rękaw,koszulka regular fit,3.33,100,0,0,0,0,0,0,0,0,0,0,0,0,0,100,0,0
t-shirt z nadrukiem,mister tee,67.0,Krótki rękaw,koszulka regular fit,3.33,100,0,0,0,0,0,0,0,0,0,0,0,0,0,100,0,0
t-shirt z nadrukiem,diverse,44.99,Krótki rękaw,koszulka regular fit,3.33,100,0,0,0,0,0,0,0,0,0,0,0,0,0,100,0,0
t-shirt z nadrukiem,jack & jones,161.0,Krótki rękaw,koszulka regular fit,3.33,100,0,0,0,0,0,0,0,0,0,0,0,0,0,100,0,0
t-shirt z nadrukiem,redefined rebel,79.0,Krótki rękaw,koszulka loose fit,3.33,100,0,0,0,0,0,0,0,0,0,0,0,0,0,100,0,0
t-shirt z nadrukiem,jack & jones,89.0,Krótki rękaw,koszulka loose fit,3.33,100,0,0,0,0,0,0,0,0,0,0,0,0,0,100,0,0
t-shirt z nadrukiem,jack & jones,55.0,Krótki rękaw,koszulka regular fit,3.33,100,0,0,0,0,0,0,0,0,0,0,0,0,0,100,0,0
