id;kategoria_produktu;nazwa;marka;cena_aktualna;waluta;cena_sprzed_30_dni;cena_regularna;material;podszewka;struktura;fason;ksztalt;rodzaj_dekoltu;numer_produktu;dlugosc;dlugosc_rekawa;opinia;url;listing_page;source;scraped_at;created_at
2572;"Koszulki z krótkim rękawem (męskie)";"- T-shirt z nadrukiem";"Nike Sportswear - T-shirt z nadrukiem";199.00;PLN;30.00;179.00;"100% bawełna";;"W kwiatki";Regular;Prosty;Okrągły;NI122O19W-P11;Standardowa;"Krótki rękaw";;https://www.zalando.pl/nike-sportswear-tee-floral-t-shirt-z-nadrukiem-mineral-slatesteam-ni122o19w-p11.html;105;zalando.pl;"2026-04-18 08:02:44.364+00";"2026-04-18 08:02:44.56421+00"
2571;"Koszulki z krótkim rękawem (męskie)";"- T-shirt z nadrukiem";"KARL LAGERFELD - T-shirt z nadrukiem";265.28;PLN;295.08;;"95% bawełna, 5% elastan";;Nadruk;Regular;Prosty;Okrągły;K4822O0M0-A11;Standardowa;"Krótki rękaw";;https://www.zalando.pl/karl-lagerfeld-crew-neck-t-shirt-basic-white-k4822o0m0-a11.html;105;zalando.pl;"2026-04-18 08:01:48.476+00";"2026-04-18 08:01:49.077861+00"
2570;"Koszulki z krótkim rękawem (męskie)";"- T-shirt z nadrukiem";"Iceberg - T-shirt z nadrukiem";899.00;PLN;30.00;779.00;"100% bawełna";;Nadruk;Regular;Prosty;Okrągły;IC322O08T-A11;Standardowa;"Krótki rękaw";;https://www.zalando.pl/iceberg-t-shirt-z-nadrukiem-bianco-ottico-ic322o08t-a11.html;105;zalando.pl;"2026-04-18 08:01:04.952+00";"2026-04-18 08:01:05.26719+00"
2569;"Koszulki z krótkim rękawem (męskie)";"- T-shirt z nadrukiem";"DC Shoes - T-shirt z nadrukiem";101.99;PLN;110.49;169.99;"100% bawełna";"100% poliester";Nadruk;"Loose fit";Prosty;Okrągły;DC121000M-Q11;Długa;"Krótki rękaw";;https://www.zalando.pl/dc-shoes-dc-star-pigment-dye-hss-t-shirt-z-nadrukiem-black-enzyme-wash-dc121000m-q11.html;105;zalando.pl;"2026-04-18 08:00:41.357+00";"2026-04-18 08:00:41.462816+00"
2568;"Koszulki z krótkim rękawem (męskie)";"- Bluzka z długim rękawem";"adidas Originals - Bluzka z długim rękawem";197.00;PLN;233.00;359.00;"100% poliester";;Kolorowy;Regular;Prosty;;AD122O1AW-Q11;Standardowa;"Długi rękaw";;https://www.zalando.pl/adidas-originals-goalie-bluzka-z-dlugim-rekawem-black-ad122o1aw-q11.html;105;zalando.pl;"2026-04-18 08:00:08.954+00";"2026-04-18 08:00:09.258605+00"
2567;"Koszulki z krótkim rękawem (męskie)";"WILBUR - T-shirt basic";"INDICODE JEANS WILBUR - T-shirt basic";89.99;PLN;164.99;;"100% bawełna";;"Kolor jednolity";Slim;Dopasowany;Okrągły;IJ022O013-G11;Standardowa;"Krótki rękaw";;https://www.zalando.pl/indicode-jeans-wilbur-t-shirt-basic-ij022o013-g11.html;105;zalando.pl;"2026-04-18 07:59:27.832+00";"2026-04-18 07:59:27.935605+00"
2566;"Koszulki z krótkim rękawem (męskie)";"- Koszulka polo";"Lyle &amp; Scott - Koszulka polo";287.00;PLN;255.00;319.00;"100% bawełna";;"Kolor jednolity";Regular;Prosty;;LY222P04W-K11;Standardowa;"Krótki rękaw";;https://www.zalando.pl/lyle-and-scott-koszulka-polo-dunkelblau-ly222p04w-k11.html;105;zalando.pl;"2026-04-18 07:58:50.055+00";"2026-04-18 07:58:50.302661+00"
2565;"Koszulki z krótkim rękawem (męskie)";"PORTISOL - T-shirt z nadrukiem";"Vilebrequin PORTISOL - T-shirt z nadrukiem";499.00;PLN;30.00;;"100% bawełna";;Nadruk;Regular;Prosty;Okrągły;V1122O00Z-K11;Standardowa;"Krótki rękaw";;https://www.zalando.pl/vilebrequin-portisol-t-shirt-z-nadrukiem-topaze-bleue-v1122o00z-k11.html;105;zalando.pl;"2026-04-18 07:58:08.252+00";"2026-04-18 07:58:08.3561+00"
2564;"Koszulki z krótkim rękawem (męskie)";"UNISEX - Bluzka z długim rękawem";"Edwin UNISEX - Bluzka z długim rękawem";319.00;PLN;30.00;129.00;"100% bawełna";;Nadruk;"Loose fit";Prosty;Okrągły;ED321009C-K11;Standardowa;"Długi rękaw";;https://www.zalando.pl/edwin-laid-back-league-unisex-bluzka-z-dlugim-rekawem-maritime-blue-ed321009c-k11.html;105;zalando.pl;"2026-04-18 07:57:32.827+00";"2026-04-18 07:57:33.070053+00"
2563;"Koszulki z krótkim rękawem (męskie)";"- T-shirt basic";"Lyle &amp; Scott - T-shirt basic";143.00;PLN;127.00;159.00;"100% bawełna";;"Kolor jednolity";Regular;Prosty;Okrągły;LY222O041-I14;Standardowa;"Krótki rękaw";;https://www.zalando.pl/lyle-and-scott-t-shirt-basic-acai-ly222o041-i14.html;105;zalando.pl;"2026-04-18 07:56:55.224+00";"2026-04-18 07:56:55.551934+00"
2562;"Koszulki z krótkim rękawem (męskie)";"- Bluzka z długim rękawem";"Tommy Jeans - Bluzka z długim rękawem";209.00;PLN;;;"100% bawełna";;"W paski";Regular;Prosty;Okrągły;TOB22O0XG-K11;Standardowa;"Długi rękaw";;https://www.zalando.pl/tommy-jeans-bluzka-z-dlugim-rekawem-providence-blue-stripe-tob22o0xg-k11.html;105;zalando.pl;"2026-04-18 07:56:17.54+00";"2026-04-18 07:56:17.640075+00"
2561;"Koszulki z krótkim rękawem (męskie)";"- T-shirt basic";"LIU JO - T-shirt basic";469.00;PLN;30.00;229.00;"100% bawełna";"100% bawełna";;Regular;Prosty;Okrągły;LI622O040-A11;Standardowa;"Krótki rękaw";;https://www.zalando.pl/liu-jo-t-shirt-basic-white-li622o040-a11.html;105;zalando.pl;"2026-04-18 07:55:52.371+00";"2026-04-18 07:55:52.521977+00"
2560;"Koszulki z krótkim rękawem (męskie)";"- Koszulka polo";"Massimo Dutti - Koszulka polo";249.00;PLN;30.00;;"100% bawełna";;Melanż;Regular;Prosty;;M3I22Q0RT-O11;Standardowa;"Krótki rękaw";;https://www.zalando.pl/massimo-dutti-koszulka-polo-ochre-m3i22q0rt-o11.html;105;zalando.pl;"2026-04-18 07:55:22.851+00";"2026-04-18 07:55:22.991573+00"
2559;"Koszulki z krótkim rękawem (męskie)";"NEWPORT - T-shirt basic";"Calvin Klein Golf NEWPORT - T-shirt basic";199.00;PLN;30.00;109.00;"88% poliester, 12% elastan";;"Kolor jednolity";Slim;Prosty;Okrągły;CK442D01O-K13;Standardowa;"Krótki rękaw";;https://www.zalando.pl/calvin-klein-golf-newport-tee-koszulka-sportowa-blue-ck442d01o-k13.html;105;zalando.pl;"2026-04-18 07:54:30.637+00";"2026-04-18 07:54:30.761957+00"
2558;"Koszulki z krótkim rękawem (męskie)";"- Koszulka polo";"Boggi Milano - Koszulka polo";529.00;PLN;30.00;164.99;"56% bawełna, 39% poliester, 5% elastan";;"Kolor jednolity";Regular;Prosty;;BQ122O049-B11;Standardowa;"Krótki rękaw";;https://www.zalando.pl/boggi-milano-koszulka-polo-mud-bq122o049-b11.html;105;zalando.pl;"2026-04-18 07:53:39.526+00";"2026-04-18 07:53:39.66257+00"
2557;"Koszulki z krótkim rękawem (męskie)";"AARON - T-shirt z nadrukiem";"Thinking Mu AARON - T-shirt z nadrukiem";256.00;PLN;30.00;234.62;"100% bawełna";;Nadruk;"Loose fit";Rozkloszowany;Okrągły;T1V22O02X-A11;Standardowa;"Krótki rękaw";;https://www.zalando.pl/thinking-mu-t-shirt-z-nadrukiem-white-t1v22o02x-a11.html;105;zalando.pl;"2026-04-18 07:53:10.532+00";"2026-04-18 07:53:10.690127+00"
2556;"Koszulki z krótkim rękawem (męskie)";"PIKE OVERSIZED - T-shirt z nadrukiem";"Pegador PIKE OVERSIZED - T-shirt z nadrukiem";161.00;PLN;179.00;;"100% bawełna";;Nadruk;"Loose fit";Prosty;;PEP2100Q4-C12;Standardowa;Półrękawek;;https://www.zalando.pl/pegador-pike-tee-t-shirt-z-nadrukiem-washed-cozy-beigeflint-grey-pep2100q4-c12.html;105;zalando.pl;"2026-04-18 07:52:19.159+00";"2026-04-18 07:52:19.560243+00"
2555;"Koszulki z krótkim rękawem (męskie)";"- T-shirt basic";"Next - T-shirt basic";292.00;PLN;30.00;169.00;"100% bawełna";;"Kolor jednolity";Regular;Prosty;Okrągły;NX322O13G-K26;Standardowa;"Krótki rękaw";;https://www.zalando.pl/next-t-shirt-6-pack-standard-t-shirt-basic-ecru-blue-red-pink-green-teal-green-nx322o13g-k26.html;105;zalando.pl;"2026-04-18 07:51:49.625+00";"2026-04-18 07:51:49.725763+00"
2554;"Koszulki z krótkim rękawem (męskie)";"STRIDE - Bluzka z długim rękawem";"Nike Performance STRIDE - Bluzka z długim rękawem";289.00;PLN;30.00;249.00;"88% poliester, 12% elastan";;Melanż;Regular;Prosty;;N1242D6YU-C11;Standardowa;"Długi rękaw";;https://www.zalando.pl/nike-performance-stride-midlayer-bluzka-z-dlugim-rekawem-smoke-grey-heather-n1242d6yu-c11.html;105;zalando.pl;"2026-04-18 07:51:14.974+00";"2026-04-18 07:51:15.289348+00"
2553;"Koszulki z krótkim rękawem (męskie)";"UNISEX - Koszulka polo";"Umbro UNISEX - Koszulka polo";108.00;PLN;124.00;309.00;"100% poliester";;Nadruk;Regular;Prosty;;UM1210002-Q11;Standardowa;"Krótki rękaw";;https://www.zalando.pl/umbro-boxy-football-unisex-koszulka-polo-black-um1210002-q11.html;105;zalando.pl;"2026-04-18 07:50:51.243+00";"2026-04-18 07:50:51.346247+00"
2552;"Koszulki z krótkim rękawem (męskie)";"- T-shirt basic";"Polo Ralph Lauren - T-shirt basic";419.00;PLN;30.00;419.00;"100% bawełna";;"Kolor jednolity";Regular;Prosty;Okrągły;PO222O09Z-K11;Standardowa;"Krótki rękaw";;https://www.zalando.pl/polo-ralph-lauren-short-sleeve-t-shirt-basic-newport-navy-po222o09z-k11.html;104;zalando.pl;"2026-04-18 07:50:05.751+00";"2026-04-18 07:50:06.081094+00"
2551;"Koszulki z krótkim rękawem (męskie)";"- Koszulka polo";"Boggi Milano - Koszulka polo";529.00;PLN;30.00;140.99;"94% len, 6% elastan";;Melanż;Regular;Prosty;"Wycięcie typu V";BQ122O04U-B11;Standardowa;"Krótki rękaw";;https://www.zalando.pl/boggi-milano-koszulka-polo-sand-bq122o04u-b11.html;104;zalando.pl;"2026-04-18 07:49:34.932+00";"2026-04-18 07:49:35.263506+00"
2550;"Koszulki z krótkim rękawem (męskie)";"DO NOT USE - T-shirt basic";"Urban Classics DO NOT USE - T-shirt basic";49.00;PLN;69.00;;"100% bawełna";;Melanż;Regular;Prosty;Okrągły;UR622O01R-G14;"Bardzo długa";"Krótki rękaw";;https://www.zalando.pl/urban-classics-shaped-long-do-not-use-t-shirt-basic-fire-red-ur622o01r-g14.html;104;zalando.pl;"2026-04-18 07:49:03.134+00";"2026-04-18 07:49:03.239553+00"
2549;"Koszulki z krótkim rękawem (męskie)";"- T-shirt z nadrukiem";"Quiksilver - T-shirt z nadrukiem";76.99;PLN;82.49;109.99;"100% bawełna";;Nadruk;Regular;Prosty;Okrągły;QU142D047-I11;Standardowa;"Krótki rękaw";;https://www.zalando.pl/quiksilver-t-shirt-z-nadrukiem-pfj0-qu142d047-i11.html;104;zalando.pl;"2026-04-18 07:48:42.861+00";"2026-04-18 07:48:43.075786+00"
2548;"Koszulki z krótkim rękawem (męskie)";"T-shirt z nadrukiem";"s.Oliver T-shirt z nadrukiem";89.99;PLN;30.00;99.00;"60% bawełna, 40% poliester";;Nadruk;Regular;Prosty;Okrągły;SO222O2D1-K11;Standardowa;"Krótki rękaw";;https://www.zalando.pl/soliver-t-shirt-z-nadrukiem-pastelltuerkis-so222o2d1-k11.html;104;zalando.pl;"2026-04-18 07:48:21.064+00";"2026-04-18 07:48:21.305256+00"
2547;"Koszulki z krótkim rękawem (męskie)";"3 PACK - T-shirt basic";"U.S. Polo Assn. 3 PACK - T-shirt basic";191.00;PLN;332.00;;"100% bawełna";;"Kolor jednolity";Regular;Prosty;Okrągły;US222O06Y-A11;Długa;"Krótki rękaw";;https://www.zalando.pl/us-polo-assn-t-shirt-basic-weiss-us222o06y-a11.html;104;zalando.pl;"2026-04-18 07:47:34.521+00";"2026-04-18 07:47:34.622324+00"
2546;"Koszulki z krótkim rękawem (męskie)";"JORMONTAUK - T-shirt z nadrukiem";"Jack &amp; Jones JORMONTAUK - T-shirt z nadrukiem";71.00;PLN;79.00;;"100% bawełna";;"W kwiatki";"Loose fit";Prosty;Okrągły;JA222O6K0-M11;Standardowa;"Krótki rękaw";;https://www.zalando.pl/jack-and-jones-jormontauk-back-graphic-tee-t-shirt-z-nadrukiem-seagrass-ja222o6k0-m11.html;104;zalando.pl;"2026-04-18 07:46:44.062+00";"2026-04-18 07:46:44.171484+00"
2545;"Koszulki z krótkim rękawem (męskie)";"ST. ERNEY - T-shirt z nadrukiem";"Lonsdale ST. ERNEY - T-shirt z nadrukiem";70.00;PLN;79.00;;"100% bawełna";;Nadruk;Regular;Prosty;Okrągły;L2G22O005-K11;Standardowa;"Krótki rękaw";;https://www.zalando.pl/lonsdale-normale-passform-st-erney-t-shirt-z-nadrukiem-navy-l2g22o005-k11.html;104;zalando.pl;"2026-04-18 07:46:07.924+00";"2026-04-18 07:46:08.027925+00"
2544;"Koszulki z krótkim rękawem (męskie)";"- Koszulka polo";"adidas Performance - Koszulka polo";329.00;PLN;30.00;179.99;"83% poliester, 17% elastan";;Nadruk;Regular;Prosty;;AD542D6K5-K11;Standardowa;"Krótki rękaw";;https://www.zalando.pl/adidas-performance-koszulka-polo-crystal-sky-dusky-petrol-ad542d6k5-k11.html;104;zalando.pl;"2026-04-18 07:45:26.172+00";"2026-04-18 07:45:26.352964+00"
2543;"Koszulki z krótkim rękawem (męskie)";"TIMMI - T-shirt z nadrukiem";"Kronstadt TIMMI - T-shirt z nadrukiem";129.99;PLN;114.99;184.00;"100% bawełna";"100% bawełna";"W paski";Regular;Prosty;Okrągły;KR122O016-K14;Standardowa;"Krótki rękaw";;https://www.zalando.pl/kronstadt-timmi-t-shirt-z-nadrukiem-sky-captain-striped-kr122o016-k14.html;104;zalando.pl;"2026-04-18 07:44:53.428+00";"2026-04-18 07:44:53.698727+00"
2542;"Koszulki z krótkim rękawem (męskie)";"- Artykuły klubowe";"Puma - Artykuły klubowe";169.00;PLN;30.00;129.00;"100% bawełna";;Nadruk;Regular;Prosty;Okrągły;PU142D2YL-A11;Standardowa;"Krótki rękaw";;https://www.zalando.pl/puma-acm-king-tee-koszulka-sportowa-puma-white-vine-pu142d2yl-a11.html;104;zalando.pl;"2026-04-18 07:44:35.957+00";"2026-04-18 07:44:36.060955+00"
2541;"Koszulki z krótkim rękawem (męskie)";"- T-shirt basic";"Jack &amp; Jones - T-shirt basic";286.00;PLN;30.00;79.00;"52% bawełna, 48% poliester";;"Kolor jednolity";"Loose fit";Prosty;Okrągły;JA222O6Q8-T11;Długa;Półrękawek;;https://www.zalando.pl/jack-and-jones-t-shirt-basic-schwarz-beige-weiss-ja222o6q8-t11.html;104;zalando.pl;"2026-04-18 07:43:53.165+00";"2026-04-18 07:43:53.266342+00"
2540;"Koszulki z krótkim rękawem (męskie)";"- T-shirt z nadrukiem";"Karl Kani - T-shirt z nadrukiem";97.00;PLN;103.00;139.00;"100% bawełna";"100% bawełna";"Kolor jednolity";"Loose fit";Prosty;Okrągły;KK122O0DF-H11;Długa;Półrękawek;;https://www.zalando.pl/karl-kani-t-shirt-z-nadrukiem-orange-kk122o0df-h11.html;104;zalando.pl;"2026-04-18 07:43:08.264+00";"2026-04-18 07:43:08.418593+00"
2539;"Koszulki z krótkim rękawem (męskie)";"- T-shirt z nadrukiem";"Pier One - T-shirt z nadrukiem";100.00;PLN;199.00;;"100% bawełna";;Nadruk;Regular;Prosty;Okrągły;PI922O17P-A11;Standardowa;"Krótki rękaw";;https://www.zalando.pl/pier-one-4-pack-t-shirt-z-nadrukiem-whiteblackbrownsage-pi922o17p-a11.html;104;zalando.pl;"2026-04-18 07:42:20.736+00";"2026-04-18 07:42:20.837165+00"
2538;"Koszulki z krótkim rękawem (męskie)";"- T-shirt z nadrukiem";"Lacoste - T-shirt z nadrukiem";305.00;PLN;254.00;339.00;"100% bawełna";;"W paski";Regular;Prosty;Okrągły;LA222O0I6-A11;Standardowa;"Krótki rękaw";;https://www.zalando.pl/lacoste-t-shirt-z-nadrukiem-milletflour-la222o0i6-a11.html;104;zalando.pl;"2026-04-18 07:41:31.561+00";"2026-04-18 07:41:31.675675+00"
2537;"Koszulki z krótkim rękawem (męskie)";"- T-shirt z nadrukiem";"Nike Golf - T-shirt z nadrukiem";111.00;PLN;119.00;159.00;"100% bawełna";;Nadruk;Regular;Prosty;Okrągły;NI442D08T-Q11;Długa;"Krótki rękaw";;https://www.zalando.pl/nike-golf-tee-t-shirt-z-nadrukiem-off-noir-ni442d08t-q11.html;104;zalando.pl;"2026-04-18 07:40:42.056+00";"2026-04-18 07:40:42.157475+00"
2536;"Koszulki z krótkim rękawem (męskie)";"- T-shirt basic";"Hollister Co. - T-shirt basic";79.00;PLN;30.00;129.00;"54% bawełna, 46% poliester";;"Kolor jednolity";Regular;Prosty;Okrągły;H0422O0KR-O11;Standardowa;"Krótki rękaw";;https://www.zalando.pl/hollister-co-cooling-boxy-t-shirt-basic-dark-brown-h0422o0kr-o11.html;104;zalando.pl;"2026-04-18 07:40:03.923+00";"2026-04-18 07:40:04.068351+00"
2535;"Koszulki z krótkim rękawem (męskie)";"FEEL THE HEAT ROUND NECK - T-shirt z nadrukiem";"Mister Tee FEEL THE HEAT ROUND NECK - T-shirt z nadrukiem";67.00;PLN;65.00;79.00;"100% bawełna";;"Nadrukowane zdjęcie";Regular;Prosty;Okrągły;M0M22O13L-B11;Standardowa;"Krótki rękaw";;https://www.zalando.pl/mister-tee-feel-the-heat-round-neck-t-shirt-z-nadrukiem-sand-m0m22o13l-b11.html;104;zalando.pl;"2026-04-18 07:39:17.746+00";"2026-04-18 07:39:17.89274+00"
2534;"Koszulki z krótkim rękawem (męskie)";"- Koszulka sportowa";"Under Armour - Koszulka sportowa";145.00;PLN;30.00;139.00;"100% poliester";"100% poliester";Melanż;Regular;Prosty;Okrągły;UN242D18G-C12;Standardowa;"Krótki rękaw";;https://www.zalando.pl/under-armour-short-sleeves-ua-tech-textured-ss-koszulka-sportowa-castlerock-un242d18g-c12.html;104;zalando.pl;"2026-04-18 07:38:57.862+00";"2026-04-18 07:38:58.184477+00"
2533;"Koszulki z krótkim rękawem (męskie)";"- T-shirt z nadrukiem";"Lost Youth - T-shirt z nadrukiem";103.00;PLN;85.00;159.00;"100% bawełna";"100% bawełna";Nadruk;"Loose fit";Prosty;Okrągły;LNI22O030-Q11;Długa;"Krótki rękaw";;https://www.zalando.pl/lost-youth-t-shirt-z-nadrukiem-black-lni22o030-q11.html;104;zalando.pl;"2026-04-18 07:38:11.131+00";"2026-04-18 07:38:11.259324+00"
2532;"Koszulki z krótkim rękawem (męskie)";"COPENHAGEN - T-shirt z nadrukiem";"Clean Cut Copenhagen COPENHAGEN - T-shirt z nadrukiem";118.00;PLN;109.00;159.00;"95% bawełna, 5% elastan";"95% bawełna, 5% elastan";"Nadrukowane zdjęcie";"Loose fit";Prosty;Okrągły;C6V22O01P-Q11;Standardowa;"Krótki rękaw";;https://www.zalando.pl/clean-cut-copenhagen-t-shirt-z-nadrukiem-black-c6v22o01p-q11.html;104;zalando.pl;"2026-04-18 07:37:53.626+00";"2026-04-18 07:37:53.75945+00"
2531;"Koszulki z krótkim rękawem (męskie)";"BLAIRMORE - T-shirt z nadrukiem";"Lonsdale BLAIRMORE - T-shirt z nadrukiem";159.00;PLN;30.00;99.00;"100% bawełna";;Nadruk;Regular;Prosty;Okrągły;L2G22O02X-Q12;Standardowa;"Krótki rękaw";;https://www.zalando.pl/lonsdale-normale-passform-doppelpack-blairmore-t-shirt-basic-black-white-l2g22o02x-q12.html;104;zalando.pl;"2026-04-18 07:37:11.047+00";"2026-04-18 07:37:11.147965+00"
2530;"Koszulki z krótkim rękawem (męskie)";"EMERGE - Bluzka z długim rękawem";"Carhartt WIP EMERGE - Bluzka z długim rękawem";289.00;PLN;30.00;239.00;"100% bawełna";;Nadruk;Regular;Prosty;Okrągły;C1422O11K-I11;Standardowa;"Długi rękaw";;https://www.zalando.pl/carhartt-wip-emerge-bluzka-z-dlugim-rekawem-lilac-c1422o11k-i11.html;104;zalando.pl;"2026-04-18 07:36:46.231+00";"2026-04-18 07:36:46.334879+00"
2529;"Koszulki z krótkim rękawem (męskie)";"- Top";"Mango - Top";159.99;PLN;30.00;319.00;"100% bawełna";"100% bawełna";"Kolor jednolity";Regular;Prosty;"Okrągły, głęboko wycięty";M9122O10N-Q11;Standardowa;"Bez rękawów";;https://www.zalando.pl/mango-top-black-m9122o10n-q11.html;104;zalando.pl;"2026-04-18 07:36:29.657+00";"2026-04-18 07:36:29.87501+00"
2528;"Koszulki z krótkim rękawem (męskie)";"- Koszulka polo";"s.Oliver - Koszulka polo";357.00;PLN;30.00;119.99;"100% bawełna";;"Kolor jednolity";Regular;Prosty;"Wycięcie typu V";SO222O2DU-M12;Standardowa;"Krótki rękaw";;https://www.zalando.pl/soliver-koszulka-polo-weiss-gruen-so222o2du-m12.html;103;zalando.pl;"2026-04-17 22:46:22.445+00";"2026-04-17 22:46:22.54729+00"
2527;"Koszulki z krótkim rękawem (męskie)";"- T-shirt z nadrukiem";"s.Oliver - T-shirt z nadrukiem";89.99;PLN;30.00;109.00;"100% bawełna";;Nadruk;Regular;Prosty;Okrągły;SO222O2EU-N11;Standardowa;"Krótki rękaw";;https://www.zalando.pl/soliver-t-shirt-z-nadrukiem-olivgruen-so222o2eu-n11.html;103;zalando.pl;"2026-04-17 22:45:39.145+00";"2026-04-17 22:45:39.248383+00"
2526;"Koszulki z krótkim rękawem (męskie)";"- Koszulka polo";"s.Oliver - Koszulka polo";263.00;PLN;30.00;329.00;"100% bawełna";;"Kolor jednolity";Regular;Prosty;"Wycięcie typu V";SO222O2DR-M11;Standardowa;"Krótki rękaw";;https://www.zalando.pl/soliver-koszulka-polo-gruen-so222o2dr-m11.html;103;zalando.pl;"2026-04-17 22:44:46.858+00";"2026-04-17 22:44:46.9645+00"
2525;"Koszulki z krótkim rękawem (męskie)";"JPRBLAMASON - Koszulka polo";"Jack &amp; Jones PREMIUM JPRBLAMASON - Koszulka polo";219.99;PLN;30.00;179.00;"100% bawełna";;"Kolor jednolity";"Loose fit";Prosty;"Typu Henley";JAM22Q090-K11;Standardowa;Półrękawek;;https://www.zalando.pl/jack-and-jones-premium-jprblamason-koszulka-polo-night-sky-jam22q090-k11.html;103;zalando.pl;"2026-04-17 22:44:15.468+00";"2026-04-17 22:44:15.628679+00"
2524;"Koszulki z krótkim rękawem (męskie)";"UNISEX - Bluzka z długim rękawem";"Wasted Paris UNISEX - Bluzka z długim rękawem";242.00;PLN;148.00;269.00;"100% bawełna";;Nadruk;"Loose fit";Prosty;Okrągły;WAT2100KB-Q11;Standardowa;"Długi rękaw";;https://www.zalando.pl/wasted-paris-scaled-age-unisex-bluzka-z-dlugim-rekawem-blackwhite-wat2100kb-q11.html;103;zalando.pl;"2026-04-17 22:43:37.859+00";"2026-04-17 22:43:38.261974+00"
2523;"Koszulki z krótkim rękawem (męskie)";"UNISEX - Bluzka z długim rękawem";"YOURTURN UNISEX - Bluzka z długim rękawem";47.00;PLN;85.00;94.00;"100% bawełna";;"Kolor jednolity";Regular;Prosty;Okrągły;YO121025B-Q11;Standardowa;"Długi rękaw";;https://www.zalando.pl/yourturn-unisex-2-pack-bluzka-z-dlugim-rekawem-blackwhite-yo121025b-q11.html;103;zalando.pl;"2026-04-17 22:42:47.552+00";"2026-04-17 22:42:47.690863+00"
2522;"Koszulki z krótkim rękawem (męskie)";"- Koszulka polo";"Boggi Milano - Koszulka polo";419.00;PLN;30.00;164.99;"100% bawełna";;"Kolor jednolity";Regular;Prosty;;BQ122O04N-O11;Długa;"Krótki rękaw";;https://www.zalando.pl/boggi-milano-koszulka-polo-dark-brown-bq122o04n-o11.html;103;zalando.pl;"2026-04-17 22:42:12.465+00";"2026-04-17 22:42:12.623909+00"
2521;"Koszulki z krótkim rękawem (męskie)";"JACKO - T-shirt basic";"Pepe Jeans JACKO - T-shirt basic";139.00;PLN;30.00;159.00;"100% bawełna";;"Kolor jednolity";Regular;Prosty;Okrągły;PE122O0I2-Q11;Standardowa;"Krótki rękaw";;https://www.zalando.pl/pepe-jeans-t-shirt-basic-black-pe122o0i2-q11.html;103;zalando.pl;"2026-04-17 22:41:38.63+00";"2026-04-17 22:41:38.760131+00"
2520;"Koszulki z krótkim rękawem (męskie)";"- T-shirt basic";"TOM TAILOR DENIM - T-shirt basic";99.00;PLN;30.00;319.00;"100% bawełna";;"Kolor jednolity";"Loose fit";Prosty;Okrągły;TO722O1K2-K11;Standardowa;"Krótki rękaw";;https://www.zalando.pl/tom-tailor-denim-relaxed-t-shirt-basic-nighttime-blue-to722o1k2-k11.html;103;zalando.pl;"2026-04-17 22:41:09.345+00";"2026-04-17 22:41:09.496443+00"
2519;"Koszulki z krótkim rękawem (męskie)";"T-shirt z nadrukiem";"Upscale by Mister Tee T-shirt z nadrukiem";58.00;PLN;119.00;;"100% bawełna";;Nadruk;Nadwymiarowy;Prosty;Okrągły;UP722O00E-Q11;Standardowa;"Krótki rękaw";;https://www.zalando.pl/upscale-by-mister-tee-t-shirt-z-nadrukiem-black-up722o00e-q11.html;103;zalando.pl;"2026-04-17 22:40:48.338+00";"2026-04-17 22:40:48.437948+00"
2518;"Koszulki z krótkim rękawem (męskie)";"- T-shirt z nadrukiem";"DC Shoes - T-shirt z nadrukiem";149.99;PLN;30.00;179.00;"100% bawełna";"100% poliester";Nadruk;"Loose fit";Prosty;Okrągły;DC122O0MU-K11;Standardowa;"Krótki rękaw";;https://www.zalando.pl/dc-shoes-dc-star-oxidized-hss-t-shirt-z-nadrukiem-brq-dark-denim-dc122o0mu-k11.html;103;zalando.pl;"2026-04-17 22:40:06.024+00";"2026-04-17 22:40:06.162449+00"
2517;"Koszulki z krótkim rękawem (męskie)";"- T-shirt z nadrukiem";"adidas Originals - T-shirt z nadrukiem";72.00;PLN;72.00;179.00;"100% bawełna";;"Nadrukowane zdjęcie";Regular;Prosty;Okrągły;AD122O179-Q11;Długa;"Krótki rękaw";;https://www.zalando.pl/adidas-originals-graphic-tee-t-shirt-z-nadrukiem-black-ad122o179-q11.html;103;zalando.pl;"2026-04-17 22:39:44.327+00";"2026-04-17 22:39:44.458869+00"
2516;"Koszulki z krótkim rękawem (męskie)";"- T-shirt z nadrukiem";"rockshirts - T-shirt z nadrukiem";99.00;PLN;30.00;879.00;"100% bawełna";;Nadruk;Regular;Prosty;Okrągły;R8N22O0N6-Q11;Standardowa;"Krótki rękaw";;https://www.zalando.pl/rockshirts-david-bowie-spaceman-t-shirt-z-nadrukiem-black-r8n22o0n6-q11.html;103;zalando.pl;"2026-04-17 22:39:11.645+00";"2026-04-17 22:39:12.020241+00"
2515;"Koszulki z krótkim rękawem (męskie)";"ASHTON - T-shirt basic";"Blend ASHTON - T-shirt basic";72.00;PLN;89.00;;"100% bawełna";;Melanż;Regular;Prosty;"Typu Henley";BL522O0GW-K12;Standardowa;"Krótki rękaw";;https://www.zalando.pl/blend-bhashton-split-neck-t-shirt-basic-dress-blues-bl522o0gw-k12.html;103;zalando.pl;"2026-04-17 22:38:38.366+00";"2026-04-17 22:38:38.490815+00"
2514;"Koszulki z krótkim rękawem (męskie)";"UNISEX - T-shirt z nadrukiem";"Santa Cruz UNISEX - T-shirt z nadrukiem";87.00;PLN;103.00;159.00;"100% bawełna";;Nadruk;Regular;Prosty;Okrągły;7SA2100NJ-Q11;Standardowa;"Krótki rękaw";;https://www.zalando.pl/santa-cruz-paradise-strip-unisex-t-shirt-z-nadrukiem-black-7sa2100nj-q11.html;103;zalando.pl;"2026-04-17 22:38:07.33+00";"2026-04-17 22:38:07.48996+00"
2513;"Koszulki z krótkim rękawem (męskie)";"- Koszulka polo";"Tommy Hilfiger - Koszulka polo";449.00;PLN;30.00;409.00;"65% bawełna, 35% poliester";;Nadruk;Regular;Prosty;;TO122O14R-K11;Standardowa;"Krótki rękaw";;https://www.zalando.pl/tommy-hilfiger-performance-koszulka-polo-yale-navy-to122o14r-k11.html;103;zalando.pl;"2026-04-17 22:37:37.346+00";"2026-04-17 22:37:37.49487+00"
2512;"Koszulki z krótkim rękawem (męskie)";"- T-shirt basic";"Billabong - T-shirt basic";149.99;PLN;30.00;79.00;"85% poliester, 15% elastan";;"Kolor jednolity";Regular;Prosty;Okrągły;BI782R014-B11;Standardowa;"Krótki rękaw";;https://www.zalando.pl/billabong-t-shirt-z-nadrukiem-chi-bi782r014-b11.html;103;zalando.pl;"2026-04-17 22:36:56.862+00";"2026-04-17 22:36:57.058923+00"
2511;"Koszulki z krótkim rękawem (męskie)";"- T-shirt z nadrukiem";"JP1880 - T-shirt z nadrukiem";139.99;PLN;30.00;;"100% bawełna";;Nadruk;Regular;Prosty;Okrągły;JP322O0ZX-G11;Standardowa;"Krótki rękaw";;https://www.zalando.pl/jp1880-short-sleeve-slub-chest-t-shirt-z-nadrukiem-grape-red-jp322o0zx-g11.html;103;zalando.pl;"2026-04-17 22:36:12.729+00";"2026-04-17 22:36:12.828733+00"
2510;"Koszulki z krótkim rękawem (męskie)";"- T-shirt z nadrukiem";"EA7 Emporio Armani - T-shirt z nadrukiem";375.00;PLN;235.00;469.00;"52% lyocell, 48% poliester";;Melanż;"Regular Fit";Prosty;Okrągły;EA722O0CA-T11;Standardowa;"Krótki rękaw";;https://www.zalando.pl/ea7-emporio-armani-train-tee-big-logo-t-shirt-z-nadrukiem-rainy-day-ea722o0ca-t11.html;103;zalando.pl;"2026-04-17 22:35:50.148+00";"2026-04-17 22:35:50.250104+00"
2509;"Koszulki z krótkim rękawem (męskie)";"- T-shirt z nadrukiem";"Pepe Jeans - T-shirt z nadrukiem";159.00;PLN;135.00;139.00;"100% bawełna";"100% bawełna";Nadruk;Regular;Prosty;Okrągły;PE122O0RF-O11;Standardowa;"Krótki rękaw";;https://www.zalando.pl/pepe-jeans-t-shirt-z-nadrukiem-dark-brown-pe122o0rf-o11.html;103;zalando.pl;"2026-04-17 22:35:26.327+00";"2026-04-17 22:35:26.428745+00"
2508;"Koszulki z krótkim rękawem (męskie)";"- T-shirt z nadrukiem";"Michael Kors - T-shirt z nadrukiem";309.00;PLN;30.00;399.00;"100% bawełna";;Nadruk;Regular;Prosty;Okrągły;1MI22O08L-K11;Standardowa;"Krótki rękaw";;https://www.zalando.pl/michael-kors-radar-tee-t-shirt-z-nadrukiem-river-blue-1mi22o08l-k11.html;103;zalando.pl;"2026-04-17 22:34:58.071+00";"2026-04-17 22:34:58.221315+00"
2507;"Koszulki z krótkim rękawem (męskie)";"SLHROLAND - T-shirt basic";"Selected SLHROLAND - T-shirt basic";161.00;PLN;134.00;179.00;"95% bawełna, 5% elastan";;"Kolor jednolity";Regular;Prosty;Okrągły;SE622O0UE-Q12;Standardowa;"Krótki rękaw";;https://www.zalando.pl/selected-homme-slhroland-o-neck-tee-3-pack-t-shirt-basic-blacknavy-blazerbright-white-se622o0ue-q12.html;103;zalando.pl;"2026-04-17 22:34:09.266+00";"2026-04-17 22:34:09.418766+00"
2506;"Koszulki z krótkim rękawem (męskie)";"- T-shirt z nadrukiem";"Henry Tiger - T-shirt z nadrukiem";99.99;PLN;30.00;;"100% bawełna";;Nadruk;Regular;Prosty;Okrągły;H3A2103AZ-A11;Standardowa;"Krótki rękaw";;https://www.zalando.pl/henry-tiger-music-listen-to-rock-roll-t-shirt-z-nadrukiem-white-h3a2103az-a11.html;102;zalando.pl;"2026-04-17 22:33:07.826+00";"2026-04-17 22:33:07.928661+00"
2505;"Koszulki z krótkim rękawem (męskie)";"BEYOND - Koszulka polo";"adidas Golf BEYOND - Koszulka polo";369.00;PLN;30.00;169.00;"100% poliester";;"Kolor jednolity";Regular;Prosty;;TA442D06W-A12;Standardowa;"Krótki rękaw";;https://www.zalando.pl/adidas-golf-beyond-vent-t-shirt-z-nadrukiem-white-white-ta442d06w-a12.html;102;zalando.pl;"2026-04-17 22:32:16.733+00";"2026-04-17 22:32:16.836081+00"
2504;"Koszulki z krótkim rękawem (męskie)";"HEALTHY BODY - T-shirt z nadrukiem";"Henry Tiger HEALTHY BODY - T-shirt z nadrukiem";99.99;PLN;30.00;;"100% bawełna";;Nadruk;Regular;Prosty;Okrągły;H3A22O73V-K11;Standardowa;"Krótki rękaw";;https://www.zalando.pl/henry-tiger-healthy-body-t-shirt-z-nadrukiem-royal-blue-h3a22o73v-k11.html;102;zalando.pl;"2026-04-17 22:31:53.164+00";"2026-04-17 22:31:53.268946+00"
2503;"Koszulki z krótkim rękawem (męskie)";"- T-shirt z nadrukiem";"Quiksilver - T-shirt z nadrukiem";76.99;PLN;82.49;109.99;"100% bawełna";;Nadruk;"Loose fit";Prosty;Okrągły;QU122O165-E11;Długa;"Krótki rękaw";;https://www.zalando.pl/quiksilver-t-shirt-z-nadrukiem-ykm-qu122o165-e11.html;102;zalando.pl;"2026-04-17 22:31:01.968+00";"2026-04-17 22:31:02.266192+00"
2502;"Koszulki z krótkim rękawem (męskie)";"- Koszulka polo";"Bogner - Koszulka polo";900.00;PLN;30.00;379.99;"100% bawełna";;"Kolor jednolity";"Loose fit";Prosty;;BO722O03T-B11;Standardowa;"Krótki rękaw";;https://www.zalando.pl/bogner-koszulka-polo-creme-bo722o03t-b11.html;102;zalando.pl;"2026-04-17 22:30:34.443+00";"2026-04-17 22:30:34.54639+00"
2501;"Koszulki z krótkim rękawem (męskie)";"- T-shirt z nadrukiem";"Tommy Jeans - T-shirt z nadrukiem";90.00;PLN;80.00;199.00;"100% bawełna";;;Regular;Prosty;Okrągły;TOB22O0UF-A11;Standardowa;"Krótki rękaw";;https://www.zalando.pl/tommy-jeans-small-motif-tee-t-shirt-z-nadrukiem-ecru-tob22o0uf-a11.html;102;zalando.pl;"2026-04-17 22:30:09.622+00";"2026-04-17 22:30:09.727407+00"
2500;"Koszulki z krótkim rękawem (męskie)";"- T-shirt basic";"Next - T-shirt basic";104.00;PLN;30.00;182.00;"100% bawełna";;"Kolor jednolity";Regular;Prosty;Okrągły;NX322O1PC-Q11;Standardowa;"Krótki rękaw";;https://www.zalando.pl/next-t-shirt-basic-black-nx322o1pc-q11.html;102;zalando.pl;"2026-04-17 22:29:33.332+00";"2026-04-17 22:29:33.433295+00"
2499;"Koszulki z krótkim rękawem (męskie)";"- T-shirt z nadrukiem";"Champion - T-shirt z nadrukiem";134.00;PLN;149.00;;"100% bawełna";;Nadruk;Regular;Prosty;Okrągły;C7622O0AY-A11;Standardowa;"Krótki rękaw";;https://www.zalando.pl/champion-t-shirt-z-nadrukiem-white-c7622o0ay-a11.html;102;zalando.pl;"2026-04-17 22:28:41.255+00";"2026-04-17 22:28:41.356904+00"
2498;"Koszulki z krótkim rękawem (męskie)";"PS SPIRIT70 - T-shirt basic";"BOSS PS SPIRIT70 - T-shirt basic";584.00;PLN;809.00;899.00;"60% modal, 23% poliamid, 17% jedwab";;"Kolor jednolity";Regular;Prosty;Okrągły;BB122Q0UQ-M12;Standardowa;"Krótki rękaw";;https://www.zalando.pl/boss-ps-spirit70-t-shirt-basic-open-green-bb122q0uq-m12.html;102;zalando.pl;"2026-04-17 22:27:53.538+00";"2026-04-17 22:27:53.644019+00"
2497;"Koszulki z krótkim rękawem (męskie)";"- Koszulka polo";"Redefined Rebel - Koszulka polo";125.00;PLN;139.00;;"60% bawełna, 40% poliester";;"W paski";Regular;Prosty;;R0622S061-K11;Standardowa;"Długi rękaw";;https://www.zalando.pl/redefined-rebel-rrocean-koszulka-polo-navy-blazer-r0622s061-k11.html;102;zalando.pl;"2026-04-17 22:27:18.149+00";"2026-04-17 22:27:18.251616+00"
2496;"Koszulki z krótkim rękawem (męskie)";"- T-shirt z nadrukiem";"Polo Ralph Lauren - T-shirt z nadrukiem";339.00;PLN;30.00;639.00;"100% bawełna";;Nadruk;Regular;Prosty;Okrągły;PO222O0OO-M11;Standardowa;"Krótki rękaw";;https://www.zalando.pl/polo-ralph-lauren-classic-fit-polo-sport-jersey-t-shirt-t-shirt-z-nadrukiem-erin-green-po222o0oo-m11.html;102;zalando.pl;"2026-04-17 22:26:49.942+00";"2026-04-17 22:26:50.192265+00"
2495;"Koszulki z krótkim rękawem (męskie)";"- T-shirt z nadrukiem";"Mister Tee - T-shirt z nadrukiem";61.00;PLN;58.00;79.00;"100% bawełna";"100% bawełna";Nadruk;Regular;Prosty;Okrągły;M0M22O1C8-K11;Standardowa;"Krótki rękaw";;https://www.zalando.pl/mister-tee-roller-skater-t-shirt-z-nadrukiem-navy-m0m22o1c8-k11.html;102;zalando.pl;"2026-04-17 22:26:22.033+00";"2026-04-17 22:26:22.135005+00"
2494;"Koszulki z krótkim rękawem (męskie)";"UNISEX DAYS BEFORE SUMMER - T-shirt z nadrukiem";"Upscale by Mister Tee UNISEX DAYS BEFORE SUMMER - T-shirt z nadrukiem";52.00;PLN;119.00;;"100% bawełna";;Nadruk;Nadwymiarowy;Prosty;Okrągły;M0M22O0QB-I11;Długa;"Krótki rękaw";;https://www.zalando.pl/mister-tee-t-shirt-z-nadrukiem-lilac-m0m22o0qb-i11.html;102;zalando.pl;"2026-04-17 22:25:35.155+00";"2026-04-17 22:25:35.267445+00"
2493;"Koszulki z krótkim rękawem (męskie)";"- T-shirt z nadrukiem";"WOOD WOOD - T-shirt z nadrukiem";405.00;PLN;450.00;;"100% bawełna";;Nadruk;"Loose fit";Prosty;Okrągły;WO422O096-A11;Standardowa;Półrękawek;;https://www.zalando.pl/wood-wood-t-shirt-z-nadrukiem-bright-white-wo422o096-a11.html;102;zalando.pl;"2026-04-17 22:25:17.832+00";"2026-04-17 22:25:17.998539+00"
2492;"Koszulki z krótkim rękawem (męskie)";"TAUL - T-shirt basic";"BOSS TAUL - T-shirt basic";207.00;PLN;191.00;319.00;"92% bawełna, 8% elastan";;"Kolor jednolity";Regular;Prosty;Okrągły;BB122O12L-K14;Standardowa;"Krótki rękaw";;https://www.zalando.pl/boss-taul-t-shirt-basic-dark-blue-bb122o12l-k14.html;102;zalando.pl;"2026-04-17 22:24:50.93+00";"2026-04-17 22:24:51.031994+00"
2491;"Koszulki z krótkim rękawem (męskie)";"BASKETBALL CLOUDS - T-shirt z nadrukiem";"Mister Tee BASKETBALL CLOUDS - T-shirt z nadrukiem";64.00;PLN;61.00;89.00;"100% bawełna";;Nadruk;Regular;Prosty;Okrągły;M0M22O0S8-A11;Standardowa;"Krótki rękaw";;https://www.zalando.pl/mister-tee-t-shirt-z-nadrukiem-white-m0m22o0s8-a11.html;102;zalando.pl;"2026-04-17 22:24:26.758+00";"2026-04-17 22:24:27.085505+00"
2490;"Koszulki z krótkim rękawem (męskie)";"- Koszulka polo";"Bogner - Koszulka polo";600.00;PLN;30.00;519.00;"51% bawełna, 45% poliester, 4% elastan";;"Kolor jednolity";Regular;Prosty;;ZZO3U0V24-E11;Standardowa;"Krótki rękaw";;https://www.zalando.pl/bogner-timo-5f-koszulka-polo-gelb-zzo3u0v24-e11.html;102;zalando.pl;"2026-04-17 22:23:50.84+00";"2026-04-17 22:23:50.940781+00"
2489;"Koszulki z krótkim rękawem (męskie)";"- T-shirt z nadrukiem";"Henry Tiger - T-shirt z nadrukiem";109.99;PLN;30.00;;"100% bawełna";"100% bawełna";Nadruk;Regular;Prosty;Okrągły;H3A22O8A9-K11;Standardowa;"Krótki rękaw";;https://www.zalando.pl/henry-tiger-t-shirt-z-nadrukiem-light-royal-blue-h3a22o8a9-k11.html;102;zalando.pl;"2026-04-17 22:23:11.465+00";"2026-04-17 22:23:11.568294+00"
2488;"Koszulki z krótkim rękawem (męskie)";"- T-shirt basic";"Pier One Sport - T-shirt basic";40.00;PLN;79.00;;"88% poliester, 12% elastan";;"Kolor jednolity";Slim;Prosty;Okrągły;PHZ42D002-C13;Standardowa;"Krótki rękaw";;https://www.zalando.pl/pier-one-sport-t-shirt-basic-stone-phz42d002-c13.html;102;zalando.pl;"2026-04-17 22:22:24.844+00";"2026-04-17 22:22:24.945062+00"
2487;"Koszulki z krótkim rękawem (męskie)";"- T-shirt z nadrukiem";"adidas Performance - T-shirt z nadrukiem";159.00;PLN;30.00;159.00;"65% poliester, 35% bawełna";;Nadruk;Nadwymiarowy;Prosty;Okrągły;AD542D68L-M11;Standardowa;Półrękawek;;https://www.zalando.pl/adidas-performance-t-shirt-z-nadrukiem-sage-ad542d68l-m11.html;102;zalando.pl;"2026-04-17 22:21:39.051+00";"2026-04-17 22:21:39.152641+00"
2486;"Koszulki z krótkim rękawem (męskie)";"- Koszulka sportowa";"Puma - Koszulka sportowa";174.00;PLN;194.00;229.00;"94% poliester, 6% elastan";;"Kolor jednolity";Regular;Prosty;Okrągły;PU142D2Q3-M11;Standardowa;"Krótki rękaw";;https://www.zalando.pl/puma-cloudspun-koszulka-sportowa-apple-spritz-pu142d2q3-m11.html;102;zalando.pl;"2026-04-17 22:20:53.271+00";"2026-04-17 22:20:53.566825+00"
2485;"Koszulki z krótkim rękawem (męskie)";"- T-shirt z nadrukiem";"FORSBERG - T-shirt z nadrukiem";119.99;PLN;30.00;109.99;"60% bawełna, 40% poliester";"60% bawełna, 40% poliester";Nadruk;Regular;Prosty;Okrągły;FOU22O00S-N11;Standardowa;"Krótki rękaw";;https://www.zalando.pl/forsberg-lokison-t-shirt-z-nadrukiem-oliv-fou22o00s-n11.html;101;zalando.pl;"2026-04-17 22:08:15.362+00";"2026-04-17 22:08:15.465408+00"
2484;"Koszulki z krótkim rękawem (męskie)";"- Koszulka polo";"Red Bull Racing x Pepe Jeans - Koszulka polo";260.00;PLN;162.50;325.00;"100% bawełna";"100% bawełna";Nadruk;Regular;Prosty;"Wycięcie typu V";RBU22O00U-K11;Standardowa;"Krótki rękaw";;https://www.zalando.pl/red-bull-racing-x-pepe-jeans-contrast-collar-koszulka-polo-eton-blue-rbu22o00u-k11.html;101;zalando.pl;"2026-04-17 22:07:27.648+00";"2026-04-17 22:07:27.755179+00"
2483;"Koszulki z krótkim rękawem (męskie)";"BHEVO - Koszulka polo";"Blend BHEVO - Koszulka polo";109.00;PLN;30.00;179.00;"100% bawełna";;"Kolor jednolity";Regular;Prosty;"Wycięcie typu V";BL522O0KR-B11;Standardowa;"Krótki rękaw";;https://www.zalando.pl/blend-bhevo-koszulka-polo-bleached-sand-bl522o0kr-b11.html;101;zalando.pl;"2026-04-17 22:06:41.957+00";"2026-04-17 22:06:42.271229+00"
2482;"Koszulki z krótkim rękawem (męskie)";"LOS ANGELES - T-shirt z nadrukiem";"Mister Tee LOS ANGELES - T-shirt z nadrukiem";58.00;PLN;55.00;79.00;"100% bawełna";"100% bawełna";Nadruk;Regular;Prosty;Okrągły;M0M22O0SB-M12;Standardowa;"Krótki rękaw";;https://www.zalando.pl/mister-tee-los-angeles-wording-t-shirt-z-nadrukiem-bottlegreen-m0m22o0sb-m12.html;101;zalando.pl;"2026-04-17 22:05:55.943+00";"2026-04-17 22:05:56.274746+00"
2481;"Koszulki z krótkim rękawem (męskie)";"- Bluzka z długim rękawem";"adidas Originals - Bluzka z długim rękawem";180.00;PLN;144.00;359.00;"100% poliester";;;"Loose fit";Prosty;"Wycięcie typu V";AD122O180-M11;Długa;"Bardzo długi rękaw";;https://www.zalando.pl/adidas-originals-bluzka-z-dlugim-rekawem-aurora-ivy-ad122o180-m11.html;101;zalando.pl;"2026-04-17 22:05:24.244+00";"2026-04-17 22:05:24.344921+00"
2480;"Koszulki z krótkim rękawem (męskie)";"- T-shirt basic";"Seidensticker - T-shirt basic";229.00;PLN;30.00;399.00;"100% bawełna";;"Kolor jednolity";Regular;Prosty;Okrągły;3SE22O00V-K12;Długa;"Krótki rękaw";;https://www.zalando.pl/seidensticker-t-shirt-t-shirt-basic-green-3se22o00v-k12.html;101;zalando.pl;"2026-04-17 22:04:53.37+00";"2026-04-17 22:04:53.590961+00"
2479;"Koszulki z krótkim rękawem (męskie)";"- T-shirt z nadrukiem";"Carlo Colucci - T-shirt z nadrukiem";449.00;PLN;30.00;199.00;"100% bawełna";;Nadruk;"Loose fit";Prosty;Okrągły;CAP22O04U-K11;Standardowa;Półrękawek;;https://www.zalando.pl/carlo-colucci-t-shirt-z-nadrukiem-bluemulti-coloured-cap22o04u-k11.html;101;zalando.pl;"2026-04-17 22:04:26.77+00";"2026-04-17 22:04:26.921718+00"
2478;"Koszulki z krótkim rękawem (męskie)";"TIERRA - T-shirt z nadrukiem";"AllSaints TIERRA - T-shirt z nadrukiem";278.00;PLN;247.00;309.00;"100% bawełna";;Nadruk;"Loose fit";Prosty;Okrągły;A0Q22O0QO-Q11;Standardowa;"Krótki rękaw";;https://www.zalando.pl/allsaints-tierra-crew-t-shirt-z-nadrukiem-black-a0q22o0qo-q11.html;101;zalando.pl;"2026-04-17 22:03:53.168+00";"2026-04-17 22:03:53.318155+00"
2477;"Koszulki z krótkim rękawem (męskie)";"- Koszulka sportowa";"Mammut - Koszulka sportowa";229.00;PLN;30.00;229.00;"100% poliester";;"Kolor jednolity";Slim;Prosty;Okrągły;M7342D06D-E11;Standardowa;"Krótki rękaw";;https://www.zalando.pl/mammut-koszulka-sportowa-acacia-m7342d06d-e11.html;101;zalando.pl;"2026-04-17 22:03:26.424+00";"2026-04-17 22:03:26.525371+00"
2476;"Koszulki z krótkim rękawem (męskie)";"- T-shirt z nadrukiem";"Henry Tiger - T-shirt z nadrukiem";99.99;PLN;30.00;;"100% bawełna";;Nadruk;Regular;Prosty;Okrągły;H3A2103AI-A11;Standardowa;"Krótki rękaw";;https://www.zalando.pl/henry-tiger-t-shirt-z-nadrukiem-white-h3a2103ai-a11.html;101;zalando.pl;"2026-04-17 22:03:03.227+00";"2026-04-17 22:03:03.328663+00"
2475;"Koszulki z krótkim rękawem (męskie)";"- T-shirt basic";"Napapijri - T-shirt basic";90.00;PLN;125.00;139.00;"100% bawełna";;"Kolor jednolity";Regular;Prosty;Okrągły;NA622O080-M13;Standardowa;"Krótki rękaw";;https://www.zalando.pl/napapijri-salis-t-shirt-basic-green-urban-na622o080-m13.html;101;zalando.pl;"2026-04-17 22:02:33.851+00";"2026-04-17 22:02:34.26434+00"
2474;"Koszulki z krótkim rękawem (męskie)";"- T-shirt z nadrukiem";"Karma8a - T-shirt z nadrukiem";279.00;PLN;30.00;139.00;"100% bawełna";;Nadruk;"Loose fit";Prosty;Okrągły;K5Q42D003-O11;Standardowa;"Krótki rękaw";;https://www.zalando.pl/karma8a-grade-changed-tee-t-shirt-z-nadrukiem-brown-k5q42d003-o11.html;101;zalando.pl;"2026-04-17 22:01:41.549+00";"2026-04-17 22:01:41.692092+00"
2473;"Koszulki z krótkim rękawem (męskie)";"- Koszulka polo";"s.Oliver - Koszulka polo";263.00;PLN;30.00;;"100% bawełna";;"Kolor jednolity";Regular;Prosty;"Wycięcie typu V";SO222O2DR-M12;Standardowa;"Krótki rękaw";;https://www.zalando.pl/soliver-koszulka-polo-weiss-gruen-so222o2dr-m12.html;101;zalando.pl;"2026-04-17 22:01:11.064+00";"2026-04-17 22:01:11.563342+00"
2472;"Koszulki z krótkim rękawem (męskie)";"TEXAS CITY - T-shirt basic";"MCS TEXAS CITY - T-shirt basic";74.99;PLN;150.00;;"100% bawełna";;"Kolor jednolity";Regular;Prosty;Okrągły;M2622O00I-C13;Standardowa;"Krótki rękaw";;https://www.zalando.pl/mcs-texas-city-tee-t-shirt-basic-tap-shoe-m2622o00i-c13.html;101;zalando.pl;"2026-04-17 22:00:46.06+00";"2026-04-17 22:00:46.366119+00"
2471;"Koszulki z krótkim rękawem (męskie)";"JOIN LIFE - T-shirt basic";"PULL&amp;BEAR JOIN LIFE - T-shirt basic";45.90;PLN;30.00;79.00;"100% bawełna";;"Kolor jednolity";"Loose fit";Prosty;Okrągły;PUC22O1DL-Q11;Długa;Półrękawek;;https://www.zalando.pl/pullandbear-join-life-t-shirt-basic-black-puc22o1dl-q11.html;101;zalando.pl;"2026-04-17 21:59:55.125+00";"2026-04-17 21:59:55.258848+00"
2470;"Koszulki z krótkim rękawem (męskie)";"FRANCE 2026/27 HOME - T-shirt z nadrukiem";"Nike Performance FRANCE 2026/27 HOME - T-shirt z nadrukiem";679.00;PLN;30.00;449.00;"100% poliester";;Nadruk;Regular;Dopasowany;;N1242D7QO-K11;Standardowa;"Krótki rękaw";;https://www.zalando.pl/nike-performance-france-202627-match-home-koszulka-reprezentacji-game-royalblackened-bluewhitemetallic-copper-no-spon-2-stars-n1242d7qo-k11.html;101;zalando.pl;"2026-04-17 21:59:26.642+00";"2026-04-17 21:59:26.741679+00"
2469;"Koszulki z krótkim rękawem (męskie)";"- T-shirt z nadrukiem";"Carhartt WIP - T-shirt z nadrukiem";175.00;PLN;175.00;269.00;"100% bawełna";;"W paski";Regular;Prosty;Okrągły;C1422O0XC-K11;Standardowa;"Krótki rękaw";;https://www.zalando.pl/carhartt-wip-brodine-t-shirt-z-nadrukiem-blue-c1422o0xc-k11.html;101;zalando.pl;"2026-04-17 21:59:05.633+00";"2026-04-17 21:59:05.734145+00"
2468;"Koszulki z krótkim rękawem (męskie)";"- T-shirt z nadrukiem";"JOOP! - T-shirt z nadrukiem";629.00;PLN;30.00;187.99;"53% bawełna, 47% wiskoza";;Nadruk;Regular;Prosty;Okrągły;JO922O03R-A11;Standardowa;"Krótki rękaw";;https://www.zalando.pl/joop-ravao-t-shirt-z-nadrukiem-natural-jo922o03r-a11.html;101;zalando.pl;"2026-04-17 21:58:43.732+00";"2026-04-17 21:58:43.832324+00"
2467;"Koszulki z krótkim rękawem (męskie)";"- Koszulka polo";"Fynch-Hatton - Koszulka polo";249.95;PLN;30.00;239.00;"100% bawełna";;"Kolor jednolity";Regular;Prosty;;FY422O027-M11;Standardowa;"Krótki rękaw";;https://www.zalando.pl/fynch-hatton-koszulka-polo-schilf-fy422o027-m11.html;101;zalando.pl;"2026-04-17 21:58:01.025+00";"2026-04-17 21:58:01.126007+00"
2466;"Koszulki z krótkim rękawem (męskie)";"MEAN GIRLS - T-shirt z nadrukiem";"Henry Tiger MEAN GIRLS - T-shirt z nadrukiem";169.99;PLN;30.00;;"100% bawełna";;"Nadrukowane zdjęcie";Regular;Prosty;Okrągły;H3A22O8FJ-Q11;Standardowa;"Krótki rękaw";;https://www.zalando.pl/henry-tiger-t-shirt-z-nadrukiem-black-h3a22o8fj-q11.html;101;zalando.pl;"2026-04-17 21:57:20.355+00";"2026-04-17 21:57:20.456296+00"
2465;"Koszulki z krótkim rękawem (męskie)";"- Koszulka polo";"Street One MEN - Koszulka polo";189.00;PLN;30.00;269.99;"100% bawełna";;Melanż;Regular;Prosty;"Wycięcie typu V";SFZ22Q03V-M11;Standardowa;"Krótki rękaw";;https://www.zalando.pl/street-one-men-koszulka-polo-gruen-sfz22q03v-m11.html;101;zalando.pl;"2026-04-17 21:56:46.654+00";"2026-04-17 21:56:46.755778+00"
2464;"Koszulki z krótkim rękawem (męskie)";"T-shirt basic";"Nike Performance T-shirt basic";82.99;PLN;30.00;79.00;"100% poliester";;"Kolor jednolity";Slim;Prosty;Okrągły;N1242D3LO-M11;Standardowa;"Krótki rękaw";;https://www.zalando.pl/nike-performance-park-20-dry-t-shirt-basic-pine-green-white-n1242d3lo-m11.html;100;zalando.pl;"2026-04-17 21:55:58.47+00";"2026-04-17 21:55:58.617693+00"
2463;"Koszulki z krótkim rękawem (męskie)";"ITALY - T-shirt z nadrukiem";"Merchcode ITALY - T-shirt z nadrukiem";76.00;PLN;70.00;119.00;"100% bawełna";"100% bawełna";Nadruk;Regular;Prosty;Okrągły;MEJ22O1EV-Q11;Standardowa;"Krótki rękaw";;https://www.zalando.pl/merchcode-t-shirt-z-nadrukiem-black-mej22o1ev-q11.html;100;zalando.pl;"2026-04-17 21:55:40.223+00";"2026-04-17 21:55:40.322568+00"
2462;"Koszulki z krótkim rękawem (męskie)";"- T-shirt z nadrukiem";"Jack &amp; Jones - T-shirt z nadrukiem";80.95;PLN;89.99;;"100% bawełna";;"Nadrukowane zdjęcie";"Loose fit";Prosty;Okrągły;JA222O6LM-Q11;Standardowa;"Krótki rękaw";;https://www.zalando.pl/jack-and-jones-t-shirt-z-nadrukiem-black-ja222o6lm-q11.html;100;zalando.pl;"2026-04-17 21:55:08.031+00";"2026-04-17 21:55:08.286044+00"
2461;"Koszulki z krótkim rękawem (męskie)";"ONSMASS - T-shirt z nadrukiem";"Only &amp; Sons ONSMASS - T-shirt z nadrukiem";79.00;PLN;30.00;179.00;"100% bawełna";;Nadruk;Regular;Prosty;Okrągły;OS322O1KY-A11;Standardowa;"Krótki rękaw";;https://www.zalando.pl/only-and-sons-onsmass-parisien-tee-vd-t-shirt-z-nadrukiem-bright-white-os322o1ky-a11.html;100;zalando.pl;"2026-04-17 21:54:19.459+00";"2026-04-17 21:54:19.756806+00"
2460;"Koszulki z krótkim rękawem (męskie)";"- Bluzka z długim rękawem";"Aries - Bluzka z długim rękawem";609.00;PLN;;;"100% bawełna";;Nadruk;"Loose fit";Prosty;Okrągły;A5G22O00Q-K11;Standardowa;"Długi rękaw";;https://www.zalando.pl/aries-temple-bluzka-z-dlugim-rekawem-blue-a5g22o00q-k11.html;100;zalando.pl;"2026-04-17 21:53:56.057+00";"2026-04-17 21:53:56.399816+00"
2459;"Koszulki z krótkim rękawem (męskie)";"- Koszulka polo";"Boggi Milano - Koszulka polo";419.00;PLN;30.00;399.00;"100% bawełna";;"Kolor jednolity";Regular;Prosty;;BQ122O04N-B11;Standardowa;"Krótki rękaw";;https://www.zalando.pl/boggi-milano-koszulka-polo-natural-bq122o04n-b11.html;100;zalando.pl;"2026-04-17 21:53:04.254+00";"2026-04-17 21:53:04.355702+00"
2458;"Koszulki z krótkim rękawem (męskie)";"- Koszulka polo";"s.Oliver - Koszulka polo";126.99;PLN;126.99;199.99;"100% bawełna";;Melanż;Regular;Prosty;;SO222O279-E11;Długa;"Krótki rękaw";;https://www.zalando.pl/soliver-koszulka-polo-hellgelb-so222o279-e11.html;100;zalando.pl;"2026-04-17 21:52:35.8+00";"2026-04-17 21:52:35.916776+00"
2457;"Koszulki z krótkim rękawem (męskie)";"- Koszulka polo";"Farah - Koszulka polo";360.00;PLN;30.00;149.99;"100% bawełna";;"Kolor jednolity";"Loose fit";Prosty;;FA522O05D-K12;Standardowa;Półrękawek;;https://www.zalando.pl/farah-koszulka-polo-blue-tide-fa522o05d-k12.html;100;zalando.pl;"2026-04-17 21:52:07.043+00";"2026-04-17 21:52:07.146832+00"
2456;"Koszulki z krótkim rękawem (męskie)";"- T-shirt z nadrukiem";"PULL&amp;BEAR - T-shirt z nadrukiem";69.90;PLN;30.00;129.00;"100% bawełna";;Nadruk;"Loose fit";Prosty;Okrągły;PUC22O2GO-G11;Standardowa;"Krótki rękaw";;https://www.zalando.pl/pullandbear-short-sleeved-t-shirt-z-nadrukiem-red-puc22o2go-g11.html;100;zalando.pl;"2026-04-17 21:51:14.651+00";"2026-04-17 21:51:14.765261+00"
2455;"Koszulki z krótkim rękawem (męskie)";"- T-shirt z nadrukiem";"Merchcode - T-shirt z nadrukiem";106.00;PLN;76.00;119.00;"100% bawełna";;Nadruk;Regular;Prosty;Okrągły;MEJ22O1YM-Q11;Standardowa;"Krótki rękaw";;https://www.zalando.pl/merchcode-stranger-things-eleven-bitap-tee-t-shirt-z-nadrukiem-black-mej22o1ym-q11.html;100;zalando.pl;"2026-04-17 21:50:40.344+00";"2026-04-17 21:50:40.654373+00"
2454;"Koszulki z krótkim rękawem (męskie)";"KENDRICK - T-shirt basic";"DRYKORN KENDRICK - T-shirt basic";233.00;PLN;259.00;;"100% bawełna";;"Kolor jednolity";Regular;Prosty;Okrągły;DR222O09G-K11;Standardowa;"Krótki rękaw";;https://www.zalando.pl/drykorn-kendrick-t-shirt-basic-blue-dr222o09g-k11.html;100;zalando.pl;"2026-04-17 21:49:58.323+00";"2026-04-17 21:49:58.425796+00"
2453;"Koszulki z krótkim rękawem (męskie)";"FOUNDATION - Koszulka sportowa";"Under Armour FOUNDATION - Koszulka sportowa";116.00;PLN;116.00;129.00;"60% bawełna, 40% poliester";;Nadruk;Regular;Prosty;Okrągły;UN242D145-K12;Standardowa;"Krótki rękaw";;https://www.zalando.pl/under-armour-foundation-update-t-shirt-z-nadrukiem-midnight-navyroyalsteel-un242d145-k12.html;100;zalando.pl;"2026-04-17 21:49:14.853+00";"2026-04-17 21:49:14.95821+00"
2452;"Koszulki z krótkim rękawem (męskie)";"- T-shirt basic";"Harper &amp; Neyer - T-shirt basic";122.00;PLN;30.00;159.00;"100% bawełna";;"Kolor jednolity";Regular;Prosty;Okrągły;H2Z22O01Q-C11;Standardowa;"Krótki rękaw";;https://www.zalando.pl/harper-and-neyer-biscuit-retro-logo-t-shirt-basic-vintage-black-h2z22o01q-c11.html;100;zalando.pl;"2026-04-17 21:48:25.951+00";"2026-04-17 21:48:26.055769+00"
2451;"Koszulki z krótkim rękawem (męskie)";"WILD WORLDS - Koszulka sportowa";"Quiksilver WILD WORLDS - Koszulka sportowa";129.99;PLN;30.00;179.00;"100% bawełna";;Nadruk;Regular;Prosty;Okrągły;QU142D049-Q11;Standardowa;"Krótki rękaw";;https://www.zalando.pl/quiksilver-wild-worlds-fuer-t-shirt-z-nadrukiem-kvj-qu142d049-q11.html;100;zalando.pl;"2026-04-17 21:47:51.07+00";"2026-04-17 21:47:51.248198+00"
2450;"Koszulki z krótkim rękawem (męskie)";"- T-shirt basic";"s.Oliver - T-shirt basic";69.99;PLN;30.00;129.99;"100% bawełna";;"Kolor jednolity";Regular;Prosty;Okrągły;SO222O2F0-L11;Standardowa;"Krótki rękaw";;https://www.zalando.pl/soliver-t-shirt-basic-tuerkis-so222o2f0-l11.html;100;zalando.pl;"2026-04-17 21:47:08.542+00";"2026-04-17 21:47:08.681769+00"
2449;"Koszulki z krótkim rękawem (męskie)";"STUDIO - T-shirt z nadrukiem";"WRSTBHVR STUDIO - T-shirt z nadrukiem";238.00;PLN;272.00;340.00;"100% bawełna";;Nadruk;Nadwymiarowy;Prosty;Okrągły;WR822O00F-A11;Standardowa;Półrękawek;;https://www.zalando.pl/wrstbhvr-studio-t-shirt-z-nadrukiem-gardenia-wr822o00f-a11.html;100;zalando.pl;"2026-04-17 21:46:43.733+00";"2026-04-17 21:46:43.969809+00"
2448;"Koszulki z krótkim rękawem (męskie)";"- T-shirt basic";"BOSS - T-shirt basic";287.00;PLN;160.00;319.00;"95% bawełna, 5% elastan";;"Kolor jednolity";"Loose fit";Prosty;;BB122O1D1-L11;Standardowa;"Krótki rękaw";;https://www.zalando.pl/boss-tee-collar-t-shirt-basic-turquoise-aqua-bb122o1d1-l11.html;100;zalando.pl;"2026-04-17 21:46:18.627+00";"2026-04-17 21:46:18.868675+00"
2447;"Koszulki z krótkim rękawem (męskie)";"UNISEX - Koszulka polo";"adidas Originals UNISEX - Koszulka polo";175.00;PLN;128.00;319.00;"100% poliester";;Nadruk;"Loose fit";Prosty;;AD12100H3-K12;Standardowa;"Krótki rękaw";;https://www.zalando.pl/adidas-originals-unisex-koszulka-polo-bright-cyan-ad12100h3-k12.html;100;zalando.pl;"2026-04-17 21:45:55.033+00";"2026-04-17 21:45:55.205159+00"
2446;"Koszulki z krótkim rękawem (męskie)";"- T-shirt z nadrukiem";"QS - T-shirt z nadrukiem";79.99;PLN;30.00;129.00;"100% bawełna";;Nadruk;Regular;Prosty;Okrągły;QS122O0V9-C11;Standardowa;"Krótki rękaw";;https://www.zalando.pl/qs-t-shirt-t-shirt-z-nadrukiem-steingrau-qs122o0v9-c11.html;100;zalando.pl;"2026-04-17 21:45:09.373+00";"2026-04-17 21:45:09.510871+00"
2445;"Koszulki z krótkim rękawem (męskie)";"- T-shirt z nadrukiem";"Lindbergh - T-shirt z nadrukiem";139.96;PLN;99.98;199.95;"100% bawełna";;"Kolor jednolity";Nadwymiarowy;Prosty;Okrągły;LG522O03F-B11;Standardowa;Półrękawek;;https://www.zalando.pl/lindbergh-t-shirt-z-nadrukiem-beach-sand-lg522o03f-b11.html;100;zalando.pl;"2026-04-17 21:44:34.244+00";"2026-04-17 21:44:34.347869+00"
2444;"Koszulki z krótkim rękawem (męskie)";"- Koszulka polo";"Polo Ralph Lauren Big &amp; Tall - Koszulka polo";549.00;PLN;30.00;719.00;"100% bawełna";;"Kolor jednolity";Regular;Prosty;;P6222P00A-B12;Długa;"Krótki rękaw";;https://www.zalando.pl/polo-ralph-lauren-big-and-tall-koszulka-polo-cafe-tan-p6222p00a-b12.html;100;zalando.pl;"2026-04-17 21:44:08.621+00";"2026-04-17 21:44:08.788704+00"
2443;"Koszulki z krótkim rękawem (męskie)";"- Koszulka polo";"Tommy Hilfiger - Koszulka polo";409.00;PLN;30.00;249.00;"100% bawełna";;"Kolor jednolity";Regular;Prosty;;TO122O13X-E11;Standardowa;"Krótki rękaw";;https://www.zalando.pl/tommy-hilfiger-script-koszulka-polo-citronella-to122o13x-e11.html;99;zalando.pl;"2026-04-17 15:45:43.272+00";"2026-04-17 15:45:43.424309+00"
2442;"Koszulki z krótkim rękawem (męskie)";"- Koszulka polo";"s.Oliver - Koszulka polo";357.00;PLN;30.00;199.00;"100% bawełna";;"Kolor jednolity";Regular;Prosty;;SO222O2DU-K11;Standardowa;"Krótki rękaw";;https://www.zalando.pl/soliver-koszulka-polo-weiss-blau-so222o2du-k11.html;99;zalando.pl;"2026-04-17 15:44:50.651+00";"2026-04-17 15:44:50.753697+00"
2441;"Koszulki z krótkim rękawem (męskie)";"- Krótkie spodenki sportowe";"Puma - Krótkie spodenki sportowe";281.95;PLN;;;"100% poliester";;"Kolor jednolity";Regular;Prosty;Okrągły;PU122O163-K12;Standardowa;"Krótki rękaw";;https://www.zalando.pl/puma-t-shirt-basic-schwarz-blau-pu122o163-k12.html;99;zalando.pl;"2026-04-17 15:44:15.845+00";"2026-04-17 15:44:15.949329+00"
2440;"Koszulki z krótkim rękawem (męskie)";"- Koszulka polo";"Jack &amp; Jones - Koszulka polo";286.00;PLN;30.00;149.00;"85% bawełna, 15% poliester";;Melanż;Regular;Prosty;"Wycięcie typu V";JA222Q1QA-Q11;Standardowa;"Krótki rękaw";;https://www.zalando.pl/jack-and-jones-koszulka-polo-hellblau-schwarz-ja222q1qa-q11.html;99;zalando.pl;"2026-04-17 15:43:37.45+00";"2026-04-17 15:43:37.554633+00"
2439;"Koszulki z krótkim rękawem (męskie)";"- T-shirt z nadrukiem";"JP1880 - T-shirt z nadrukiem";179.99;PLN;30.00;319.00;"100% bawełna";;Nadruk;Regular;Prosty;Okrągły;JP322O15V-O11;Standardowa;"Krótki rękaw";;https://www.zalando.pl/jp1880-t-shirt-z-nadrukiem-dark-brown-jp322o15v-o11.html;99;zalando.pl;"2026-04-17 15:43:02.765+00";"2026-04-17 15:43:03.523508+00"
2438;"Koszulki z krótkim rękawem (męskie)";"- T-shirt basic";"HUGO - T-shirt basic";160.00;PLN;149.00;229.00;"100% bawełna";;"Kolor jednolity";"Loose fit";Prosty;Okrągły;HU722O0IH-K16;Standardowa;"Krótki rękaw";;https://www.zalando.pl/hugo-nieros-t-shirt-basic-dark-blue-hu722o0ih-k16.html;99;zalando.pl;"2026-04-17 15:42:30.06+00";"2026-04-17 15:42:30.166012+00"
2437;"Koszulki z krótkim rękawem (męskie)";"GIO - T-shirt z nadrukiem";"Pepe Jeans GIO - T-shirt z nadrukiem";159.00;PLN;30.00;139.00;"100% bawełna";"100% bawełna";Nadruk;Regular;Prosty;Okrągły;PE122O0R5-A11;Standardowa;"Krótki rękaw";;https://www.zalando.pl/pepe-jeans-gio-tee-t-shirt-z-nadrukiem-white-pe122o0r5-a11.html;99;zalando.pl;"2026-04-17 15:41:45.049+00";"2026-04-17 15:41:45.305078+00"
2436;"Koszulki z krótkim rękawem (męskie)";"- Koszulka polo";"Street One MEN - Koszulka polo";169.00;PLN;30.00;129.99;"50% bawełna, 48% poliester, 2% elastan";;"Kolor jednolity";Regular;Prosty;;SFZ22O07A-K11;Standardowa;"Krótki rękaw";;https://www.zalando.pl/street-one-men-struktur-koszulka-polo-blau-sfz22o07a-k11.html;99;zalando.pl;"2026-04-17 15:40:57.628+00";"2026-04-17 15:40:57.732853+00"
2435;"Koszulki z krótkim rękawem (męskie)";"- T-shirt basic";"Jack &amp; Jones - T-shirt basic";97.45;PLN;97.45;129.99;"60% bawełna, 20% wiskoza, 20% nylon";;"W paski";Regular;Prosty;Okrągły;JA222O665-B11;Standardowa;"Krótki rękaw";;https://www.zalando.pl/jack-and-jones-t-shirt-z-nadrukiem-coriander-ja222o665-b11.html;99;zalando.pl;"2026-04-17 15:40:30.13+00";"2026-04-17 15:40:30.395452+00"
2434;"Koszulki z krótkim rękawem (męskie)";"JORHARVARD - T-shirt z nadrukiem";"Jack &amp; Jones JORHARVARD - T-shirt z nadrukiem";76.00;PLN;76.00;109.00;"100% bawełna";;Nadruk;"Regular Fit";Prosty;Okrągły;JA222O6A8-A11;Standardowa;"Krótki rękaw";;https://www.zalando.pl/jack-and-jones-jorharvard-tee-t-shirt-z-nadrukiem-egret-ja222o6a8-a11.html;99;zalando.pl;"2026-04-17 15:39:58.551+00";"2026-04-17 15:39:58.69115+00"
2433;"Koszulki z krótkim rękawem (męskie)";"- T-shirt z nadrukiem";"Henry Tiger - T-shirt z nadrukiem";179.99;PLN;30.00;129.00;"100% bawełna";;Nadruk;Regular;Prosty;Okrągły;H3A22O8CB-J11;Standardowa;"Krótki rękaw";;https://www.zalando.pl/henry-tiger-t-shirt-z-nadrukiem-cotton-pink-h3a22o8cb-j11.html;99;zalando.pl;"2026-04-17 15:39:07.059+00";"2026-04-17 15:39:07.295706+00"
2432;"Koszulki z krótkim rękawem (męskie)";"- T-shirt basic";"Tommy Jeans - T-shirt basic";170.00;PLN;104.00;189.00;"100% bawełna";;;"Loose fit";Prosty;Okrągły;TOB2100KT-M11;Standardowa;"Krótki rękaw";;https://www.zalando.pl/tommy-jeans-90s-new-classics-tee-unisex-t-shirt-z-nadrukiem-bahama-green-tob2100kt-m11.html;99;zalando.pl;"2026-04-17 15:38:19.863+00";"2026-04-17 15:38:19.967302+00"
2431;"Koszulki z krótkim rękawem (męskie)";"- T-shirt basic";"Casual Friday - T-shirt basic";129.00;PLN;30.00;109.00;"100% bawełna";;"Kolor jednolity";Regular;Prosty;Okrągły;C1A22O04L-A11;Standardowa;"Krótki rękaw";;https://www.zalando.pl/casual-friday-cfelian-t-shirt-basic-snow-white-c1a22o04l-a11.html;99;zalando.pl;"2026-04-17 15:37:45.532+00";"2026-04-17 15:37:45.663693+00"
2430;"Koszulki z krótkim rękawem (męskie)";"- T-shirt basic";"ADOLFO DOMINGUEZ - T-shirt basic";439.00;PLN;30.00;219.00;"58% len, 42% wiskoza";"58% len, 42% wiskoza";Melanż;"Loose fit";Prosty;Okrągły;ADL21D02V-M11;Standardowa;"Krótki rękaw";;https://www.zalando.pl/adolfo-dominguez-adolfo-dominguez-relaxed-fit-knit-t-shirt-relaxed-fit-knit-t-shirt-t-shirt-basic-green-grey-adl21d02v-m11.html;99;zalando.pl;"2026-04-17 15:37:20.658+00";"2026-04-17 15:37:21.090684+00"
2429;"Koszulki z krótkim rękawem (męskie)";"- Koszulka polo";"JP1880 - Koszulka polo";199.99;PLN;30.00;219.00;"100% bawełna";;"Kolor jednolity";Regular;Prosty;;JP322O18V-E11;Standardowa;"Krótki rękaw";;https://www.zalando.pl/jp1880-jp1880-polo-shirt-stomach-fit-short-sleeve-xxl-to-8xl-koszulka-polo-pale-yellow-jp322o18v-e11.html;99;zalando.pl;"2026-04-17 15:36:53.841+00";"2026-04-17 15:36:53.99441+00"
2428;"Koszulki z krótkim rękawem (męskie)";"- Koszulka polo";"Red Bull Racing x Pepe Jeans - Koszulka polo";223.20;PLN;139.50;279.00;"100% bawełna";"100% bawełna";Nadruk;Regular;Prosty;"Wycięcie typu V";RBU22O00T-K12;Standardowa;"Krótki rękaw";;https://www.zalando.pl/red-bull-racing-x-pepe-jeans-tipped-logo-koszulka-polo-soho-blue-rbu22o00t-k12.html;99;zalando.pl;"2026-04-17 15:36:25.244+00";"2026-04-17 15:36:25.399433+00"
2427;"Koszulki z krótkim rękawem (męskie)";"T-shirt basic";"Michael Kors T-shirt basic";309.00;PLN;30.00;259.00;"100% bawełna";;"Kolor jednolity";Prosty;;Okrągły;1MI22O00P-A11;Standardowa;"Krótki rękaw";;https://www.zalando.pl/michael-kors-t-shirt-basic-white-1mi22o00p-a11.html;99;zalando.pl;"2026-04-17 15:35:45.927+00";"2026-04-17 15:35:46.266409+00"
2426;"Koszulki z krótkim rękawem (męskie)";"UNISEX - T-shirt z nadrukiem";"YOURTURN UNISEX - T-shirt z nadrukiem";32.00;PLN;28.00;79.00;"100% bawełna";;Nadruk;"Loose fit";Prosty;Okrągły;YO121020J-A11;Długa;Półrękawek;;https://www.zalando.pl/yourturn-unisex-t-shirt-z-nadrukiem-black-yo121020j-a11.html;99;zalando.pl;"2026-04-17 15:35:11.31+00";"2026-04-17 15:35:11.41173+00"
2425;"Koszulki z krótkim rękawem (męskie)";"- T-shirt z nadrukiem";"MSGM - T-shirt z nadrukiem";799.00;PLN;30.00;749.00;"100% bawełna";;Nadruk;"Loose fit";Prosty;Okrągły;MG622O02D-M11;Standardowa;"Bardzo długi rękaw";;https://www.zalando.pl/msgm-t-shirt-z-nadrukiem-green-mg622o02d-m11.html;99;zalando.pl;"2026-04-17 15:34:42.939+00";"2026-04-17 15:34:43.051735+00"
2424;"Koszulki z krótkim rękawem (męskie)";"UNISEX - T-shirt z nadrukiem";"Timberland UNISEX - T-shirt z nadrukiem";98.00;PLN;82.00;109.00;"100% bawełna";;Nadruk;Regular;Prosty;Okrągły;TI122O08Y-J11;Standardowa;"Krótki rękaw";;https://www.zalando.pl/timberland-stack-logo-short-sleeve-tee-t-shirt-z-nadrukiem-ash-rose-ti122o08y-j11.html;99;zalando.pl;"2026-04-17 15:33:54.326+00";"2026-04-17 15:33:54.428287+00"
2423;"Koszulki z krótkim rękawem (męskie)";"- T-shirt z nadrukiem";"Selected - T-shirt z nadrukiem";164.99;PLN;30.00;84.00;"78% bawełna, 15% poliester, 7% wiskoza";;"W paski";Regular;Prosty;Okrągły;0BN22O00E-A11;Długa;"Krótki rękaw";;https://www.zalando.pl/selected-t-shirt-gestreiftes-t-shirt-z-nadrukiem-egret-0bn22o00e-a11.html;99;zalando.pl;"2026-04-17 15:33:20.442+00";"2026-04-17 15:33:20.549522+00"
2422;"Koszulki z krótkim rękawem (męskie)";"- T-shirt z nadrukiem";"s.Oliver - T-shirt z nadrukiem";364.95;PLN;30.00;269.00;"100% bawełna";;Nadruk;Regular;Prosty;Okrągły;SO222O24Q-M11;Standardowa;"Krótki rękaw";;https://www.zalando.pl/soliver-4er-pack-logo-rundhals-t-shirt-z-nadrukiem-hellgruenweisshellgrauschwarz-so222o24q-m11.html;99;zalando.pl;"2026-04-17 15:32:49.646+00";"2026-04-17 15:32:49.750666+00"
2421;"Koszulki z krótkim rękawem (męskie)";"- T-shirt basic";"Casual Friday - T-shirt basic";109.00;PLN;30.00;346.00;"100% bawełna";;Melanż;Regular;Prosty;Okrągły;C1A22O03P-C11;Standardowa;"Krótki rękaw";;https://www.zalando.pl/casual-friday-cfthor-micro-striped-tee-t-shirt-basic-grau-c1a22o03p-c11.html;98;zalando.pl;"2026-04-17 15:31:17.265+00";"2026-04-17 15:31:17.368745+00"
2420;"Koszulki z krótkim rękawem (męskie)";"- T-shirt basic";"QS - T-shirt basic";79.99;PLN;30.00;179.00;"50% poliester, 50% bawełna";;Melanż;"Loose fit";Prosty;Okrągły;QS122O0VH-K11;Długa;Półrękawek;;https://www.zalando.pl/qs-t-shirt-basic-hellblau-qs122o0vh-k11.html;98;zalando.pl;"2026-04-17 15:30:28.568+00";"2026-04-17 15:30:28.799623+00"
2419;"Koszulki z krótkim rękawem (męskie)";"- Koszulka polo";"BOSS - Koszulka polo";629.00;PLN;30.00;84.00;"100% bawełna";;"Kolor jednolity";Regular;Prosty;"Wycięcie typu V";BB122O1ET-K11;Standardowa;"Krótki rękaw";;https://www.zalando.pl/boss-koszulka-polo-dark-blue-bb122o1et-k11.html;98;zalando.pl;"2026-04-17 15:29:47.764+00";"2026-04-17 15:29:48.018786+00"
2418;"Koszulki z krótkim rękawem (męskie)";"- T-shirt basic";"Superdry &amp; Co - T-shirt basic";109.00;PLN;30.00;129.00;"100% bawełna";;"Kolor jednolity";Regular;Prosty;Okrągły;SU222O2I2-K14;Standardowa;"Krótki rękaw";;https://www.zalando.pl/superdry-vintage-logo-embroidered-t-shirt-z-nadrukiem-monaco-blue-su222o2i2-k14.html;98;zalando.pl;"2026-04-17 15:29:26.866+00";"2026-04-17 15:29:27.35906+00"
2417;"Koszulki z krótkim rękawem (męskie)";"- Koszulka polo";"ARKET - Koszulka polo";250.00;PLN;30.00;139.00;"100% bawełna";;"Kolor jednolity";Regular;Prosty;"Wycięcie typu V";ARU22O010-M11;Standardowa;"Krótki rękaw";;https://www.zalando.pl/arket-koszulka-polo-dusty-mint-aru22o010-m11.html;98;zalando.pl;"2026-04-17 15:28:40.966+00";"2026-04-17 15:28:41.123746+00"
2416;"Koszulki z krótkim rękawem (męskie)";"FREE WHEEL - T-shirt z nadrukiem";"Volcom FREE WHEEL - T-shirt z nadrukiem";149.00;PLN;30.00;129.00;"50% bawełna, 50% poliester";;Nadruk;Regular;Prosty;Okrągły;V1922O0Z7-C11;Standardowa;"Krótki rękaw";;https://www.zalando.pl/volcom-t-shirt-z-nadrukiem-heather-black-v1922o0z7-c11.html;98;zalando.pl;"2026-04-17 15:28:06.649+00";"2026-04-17 15:28:06.753442+00"
2415;"Koszulki z krótkim rękawem (męskie)";"- T-shirt z nadrukiem";"TOM TAILOR - T-shirt z nadrukiem";90.00;PLN;105.00;;"100% bawełna";;Nadruk;Regular;Prosty;Okrągły;TO222O1P8-C11;Standardowa;"Krótki rękaw";;https://www.zalando.pl/tom-tailor-t-shirt-z-nadrukiem-grau-to222o1p8-c11.html;98;zalando.pl;"2026-04-17 15:27:26.644+00";"2026-04-17 15:27:26.746916+00"
2414;"Koszulki z krótkim rękawem (męskie)";"- Koszulka sportowa";"adidas Terrex - Koszulka sportowa";199.00;PLN;30.00;179.00;"100% poliester";;Nadruk;"Loose fit";Prosty;Okrągły;ADD42D00Z-B11;Standardowa;"Krótki rękaw";;https://www.zalando.pl/adidas-terrex-tee-koszulka-sportowa-aluminacardboard-add42d00z-b11.html;98;zalando.pl;"2026-04-17 15:27:04.331+00";"2026-04-17 15:27:04.434841+00"
2413;"Koszulki z krótkim rękawem (męskie)";"UNISEX - T-shirt z nadrukiem";"Umbro UNISEX - T-shirt z nadrukiem";179.00;PLN;30.00;159.00;"100% bawełna";;Nadruk;Regular;Prosty;Okrągły;UM121000L-A11;Standardowa;"Krótki rękaw";;https://www.zalando.pl/umbro-destination-graphic-tee-unisex-t-shirt-z-nadrukiem-brilliant-white-um121000l-a11.html;98;zalando.pl;"2026-04-17 15:26:27.937+00";"2026-04-17 15:26:28.043296+00"
2412;"Koszulki z krótkim rękawem (męskie)";"- T-shirt z nadrukiem";"Mustang - T-shirt z nadrukiem";99.95;PLN;30.00;139.00;"100% bawełna";;Nadruk;Regular;Prosty;Okrągły;MU322O0SM-K11;Standardowa;"Krótki rękaw";;https://www.zalando.pl/mustang-style-austin-t-shirt-z-nadrukiem-blau-mu322o0sm-k11.html;98;zalando.pl;"2026-04-17 15:25:57.524+00";"2026-04-17 15:25:57.628248+00"
2411;"Koszulki z krótkim rękawem (męskie)";"JORCATSKILLS - T-shirt z nadrukiem";"Jack &amp; Jones JORCATSKILLS - T-shirt z nadrukiem";99.99;PLN;30.00;79.00;"100% bawełna";;Nadruk;Regular;Prosty;Okrągły;JA222O6L6-K11;Standardowa;"Krótki rękaw";;https://www.zalando.pl/jack-and-jones-jorcatskills-minimal-tee-crew-neck-t-shirt-z-nadrukiem-tradewinds-ja222o6l6-k11.html;98;zalando.pl;"2026-04-17 15:25:37.24+00";"2026-04-17 15:25:37.344846+00"
2410;"Koszulki z krótkim rękawem (męskie)";"- T-shirt z nadrukiem";"Mister Tee - T-shirt z nadrukiem";64.00;PLN;58.00;99.00;"100% bawełna";;Nadruk;Regular;Prosty;Okrągły;M0M22O0X2-A11;Standardowa;"Krótki rękaw";;https://www.zalando.pl/mister-tee-t-shirt-z-nadrukiem-white-m0m22o0x2-a11.html;98;zalando.pl;"2026-04-17 15:24:46.465+00";"2026-04-17 15:24:46.566792+00"
2409;"Koszulki z krótkim rękawem (męskie)";"REGULAR - T-shirt basic";"Seidensticker REGULAR - T-shirt basic";199.00;PLN;30.00;359.00;"100% bawełna";;"Kolor jednolity";Regular;Prosty;Okrągły;3SE22O00J-K11;Standardowa;"Krótki rękaw";;https://www.zalando.pl/seidensticker-regular-t-shirt-basic-dark-blue-3se22o00j-k11.html;98;zalando.pl;"2026-04-17 15:24:25.448+00";"2026-04-17 15:24:25.551928+00"
2408;"Koszulki z krótkim rękawem (męskie)";"LUNAR BEAR - T-shirt z nadrukiem";"Smartwool LUNAR BEAR - T-shirt z nadrukiem";329.00;PLN;30.00;199.90;"56% wełna, 44% poliester";;Nadruk;Regular;Prosty;Okrągły;WO942D038-K11;Standardowa;"Krótki rękaw";;https://www.zalando.pl/smartwool-lunar-bear-active-short-sleeve-t-shirt-z-nadrukiem-nightfall-blue-wo942d038-k11.html;98;zalando.pl;"2026-04-17 15:23:47.34+00";"2026-04-17 15:23:47.44362+00"
2407;"Koszulki z krótkim rękawem (męskie)";"FREDDY - T-shirt z nadrukiem";"The New Originals FREDDY - T-shirt z nadrukiem";319.00;PLN;30.00;179.00;"100% bawełna";;Nadruk;Regular;Prosty;Okrągły;TN522O00U-A11;Standardowa;"Krótki rękaw";;https://www.zalando.pl/the-new-originals-freddy-calling-tee-t-shirt-z-nadrukiem-white-tn522o00u-a11.html;98;zalando.pl;"2026-04-17 15:23:19.429+00";"2026-04-17 15:23:19.532417+00"
2406;"Koszulki z krótkim rękawem (męskie)";"- T-shirt basic";"Dstrezzed - T-shirt basic";196.00;PLN;160.00;359.00;"100% bawełna";"100% bawełna";"Kolor jednolity";"Loose fit";Prosty;Okrągły;DT422O03B-M11;Standardowa;Półrękawek;;https://www.zalando.pl/dstrezzed-t-shirt-basic-light-army-dt422o03b-m11.html;98;zalando.pl;"2026-04-17 15:22:48.635+00";"2026-04-17 15:22:48.736488+00"
2405;"Koszulki z krótkim rękawem (męskie)";"- T-shirt z nadrukiem";"Henry Tiger - T-shirt z nadrukiem";109.99;PLN;30.00;79.00;"100% bawełna";"100% bawełna";"Nadrukowane zdjęcie";Regular;Prosty;Okrągły;H3A22D00Y-B11;Standardowa;"Krótki rękaw";;https://www.zalando.pl/henry-tiger-apoh-london-degas-at-the-stables-year-of-the-horse-graphic-t-shirt-z-nadrukiem-light-sand-h3a22d00y-b11.html;98;zalando.pl;"2026-04-17 15:22:21.723+00";"2026-04-17 15:22:21.861349+00"
2404;"Koszulki z krótkim rękawem (męskie)";"- T-shirt basic";"Seidensticker - T-shirt basic";229.00;PLN;30.00;179.00;"100% bawełna";;"Kolor jednolity";"Loose fit";Prosty;Okrągły;3SE22O00V-O11;Długa;"Krótki rękaw";;https://www.zalando.pl/seidensticker-t-shirt-basic-brown-3se22o00v-o11.html;98;zalando.pl;"2026-04-17 15:21:49.24+00";"2026-04-17 15:21:49.343617+00"
2403;"Koszulki z krótkim rękawem (męskie)";"- T-shirt z nadrukiem";"O&#x27;Neill - T-shirt z nadrukiem";118.15;PLN;139.00;;"100% bawełna";;Nadruk;"Loose fit";Prosty;Okrągły;ON522O0AV-K12;Standardowa;"Krótki rękaw";;https://www.zalando.pl/oneill-tees-shortsleeve-t-shirt-z-nadrukiem-mediterranean-blue-on522o0av-k12.html;98;zalando.pl;"2026-04-17 15:21:22.227+00";"2026-04-17 15:21:22.330736+00"
2402;"Koszulki z krótkim rękawem (męskie)";"- T-shirt basic";"Mos Mosh Gallery - T-shirt basic";300.00;PLN;30.00;119.00;"100% bawełna";;"Kolor jednolity";Regular;Prosty;Okrągły;MX922O001-B11;Standardowa;"Krótki rękaw";;https://www.zalando.pl/mos-mosh-gallery-t-shirt-basic-soft-kit-mx922o001-b11.html;98;zalando.pl;"2026-04-17 15:20:58.95+00";"2026-04-17 15:20:59.275865+00"
2401;"Koszulki z krótkim rękawem (męskie)";"BASKETBALL - T-shirt z nadrukiem";"Henry Tiger BASKETBALL - T-shirt z nadrukiem";179.99;PLN;30.00;129.00;"100% bawełna";;Nadruk;Regular;Prosty;Okrągły;H3A22O8C1-J11;Standardowa;"Krótki rękaw";;https://www.zalando.pl/henry-tiger-t-shirt-z-nadrukiem-cotton-pink-h3a22o8c1-j11.html;98;zalando.pl;"2026-04-17 15:20:21.568+00";"2026-04-17 15:20:21.724342+00"
2400;"Koszulki z krótkim rękawem (męskie)";"- T-shirt z nadrukiem";"Students - T-shirt z nadrukiem";215.00;PLN;269.00;;"100% bawełna";;Nadruk;"Loose fit";Prosty;Okrągły;07J42D002-J11;Standardowa;"Krótki rękaw";;https://www.zalando.pl/students-koszula-nude-07j42d002-j11.html;98;zalando.pl;"2026-04-17 15:20:05.231+00";"2026-04-17 15:20:05.345921+00"
2399;"Koszulki z krótkim rękawem (męskie)";"- T-shirt z nadrukiem";"Superdry &amp; Co - T-shirt z nadrukiem";169.00;PLN;30.00;89.00;"100% bawełna";;Nadruk;Regular;Prosty;Okrągły;SU222O34P-Q11;Standardowa;"Krótki rękaw";;https://www.zalando.pl/superdry-and-co-biker-rock-t-shirt-z-nadrukiem-heavy-backstage-black-su222o34p-q11.html;98;zalando.pl;"2026-04-17 15:19:36.665+00";"2026-04-17 15:19:36.780125+00"
2398;"Koszulki z krótkim rękawem (męskie)";"- Koszulka polo";"Quiksilver - Koszulka polo";149.99;PLN;30.00;79.00;"100% bawełna";;"Kolor jednolity";Regular;Prosty;Okrągły;QU122O15K-O11;Standardowa;"Krótki rękaw";;https://www.zalando.pl/quiksilver-koszulka-polo-cjz-qu122o15k-o11.html;97;zalando.pl;"2026-04-17 15:11:51.257+00";"2026-04-17 15:11:51.439124+00"
2397;"Koszulki z krótkim rękawem (męskie)";"- T-shirt basic";"Jack &amp; Jones - T-shirt basic";257.00;PLN;30.00;279.00;"92% bawełna, 8% elastan";;Melanż;Regular;Prosty;"Wycięcie typu V";JA222O6OB-Q12;Standardowa;"Krótki rękaw";;https://www.zalando.pl/jack-and-jones-t-shirt-basic-hellgrauschwarz-ja222o6ob-q12.html;97;zalando.pl;"2026-04-17 15:11:17.166+00";"2026-04-17 15:11:17.321876+00"
2396;"Koszulki z krótkim rękawem (męskie)";"- Koszulka polo";"Casual Friday - Koszulka polo";164.00;PLN;176.00;219.00;"40% poliester, 40% bawełna, 20% wiskoza";;"Kolor jednolity";Regular;Prosty;;C1A22O04A-K11;Standardowa;"Krótki rękaw";;https://www.zalando.pl/casual-friday-koszulka-polo-navy-blazer-c1a22o04a-k11.html;97;zalando.pl;"2026-04-17 15:10:46.143+00";"2026-04-17 15:10:46.249757+00"
2395;"Koszulki z krótkim rękawem (męskie)";"- T-shirt z nadrukiem";"s.Oliver - T-shirt z nadrukiem";69.99;PLN;30.00;84.00;"100% bawełna";;Nadruk;Regular;Prosty;Okrągły;SO222O2GB-Q11;Długa;"Krótki rękaw";;https://www.zalando.pl/soliver-t-shirt-t-shirt-z-nadrukiem-schiefergrau-so222o2gb-q11.html;97;zalando.pl;"2026-04-17 15:10:00.662+00";"2026-04-17 15:10:00.764663+00"
2394;"Koszulki z krótkim rękawem (męskie)";"- T-shirt z nadrukiem";"Dropsize - T-shirt z nadrukiem";73.00;PLN;73.00;99.00;"100% bawełna";;Nadruk;"Loose fit";Prosty;Okrągły;DBB22O02X-A11;Długa;Półrękawek;;https://www.zalando.pl/dropsize-t-shirt-z-nadrukiem-coconut-milk-dbb22o02x-a11.html;97;zalando.pl;"2026-04-17 15:09:22.834+00";"2026-04-17 15:09:23.0638+00"
2393;"Koszulki z krótkim rękawem (męskie)";"REGULAR FIT - T-shirt basic";"Joules REGULAR FIT - T-shirt basic";134.00;PLN;30.00;247.00;"100% bawełna";;Melanż;Regular;Prosty;Okrągły;4JO22O012-C11;Standardowa;"Krótki rękaw";;https://www.zalando.pl/tom-joule-t-shirt-basic-grey-crew-neck-4jo22o012-c11.html;97;zalando.pl;"2026-04-17 15:08:52.029+00";"2026-04-17 15:08:52.133387+00"
2392;"Koszulki z krótkim rękawem (męskie)";"- T-shirt z nadrukiem";"Diverse - T-shirt z nadrukiem";71.99;PLN;79.99;;"100% bawełna";"100% bawełna";Nadruk;"Loose fit";Prosty;Okrągły;D8D22O0P3-C11;Długa;Półrękawek;;https://www.zalando.pl/diverse-fc-town-01-t-shirt-z-nadrukiem-j-szary-d8d22o0p3-c11.html;97;zalando.pl;"2026-04-17 15:08:15.425+00";"2026-04-17 15:08:15.528197+00"
2391;"Koszulki z krótkim rękawem (męskie)";"- T-shirt basic";"Massimo Dutti - T-shirt basic";129.00;PLN;30.00;126.56;"80% bawełna, 20% wiskoza";;"Kolor jednolity";Regular;Prosty;Okrągły;M3I22O0F6-N11;Standardowa;"Krótki rękaw";;https://www.zalando.pl/massimo-dutti-t-shirt-basic-khaki-m3i22o0f6-n11.html;97;zalando.pl;"2026-04-17 15:07:44.438+00";"2026-04-17 15:07:44.542795+00"
2390;"Koszulki z krótkim rękawem (męskie)";"- T-shirt z nadrukiem";"Henry Tiger - T-shirt z nadrukiem";99.99;PLN;30.00;;"100% bawełna";;Nadruk;Regular;Prosty;Okrągły;H3A21039U-Q11;Standardowa;"Krótki rękaw";;https://www.zalando.pl/henry-tiger-music-listen-to-emo-t-shirt-z-nadrukiem-black-h3a21039u-q11.html;97;zalando.pl;"2026-04-17 15:07:00.832+00";"2026-04-17 15:07:00.9346+00"
2389;"Koszulki z krótkim rękawem (męskie)";"- Koszulka polo";"Boggi Milano - Koszulka polo";579.00;PLN;30.00;379.99;"100% bawełna";;"Kolor jednolity";Regular;Prosty;"Wycięcie typu V";BQ122Q07R-B11;Standardowa;"Krótki rękaw";;https://www.zalando.pl/boggi-milano-koszulka-polo-beige-bq122q07r-b11.html;97;zalando.pl;"2026-04-17 15:06:16.377+00";"2026-04-17 15:06:16.600601+00"
2388;"Koszulki z krótkim rękawem (męskie)";"REGULAR FIT - T-shirt basic";"Reiss REGULAR FIT - T-shirt basic";451.00;PLN;30.00;799.00;"77% poliester, 16% wiskoza, 7% elastan";;"Kolor jednolity";Regular;Prosty;Okrągły;RB022O02V-I11;Standardowa;"Krótki rękaw";;https://www.zalando.pl/reiss-regular-fit-bradley-interlock-crew-neck-t-shirt-basic-navy-blue-rb022o02v-i11.html;97;zalando.pl;"2026-04-17 15:05:24.551+00";"2026-04-17 15:05:24.795384+00"
2387;"Koszulki z krótkim rękawem (męskie)";"ESSENTIAL - T-shirt basic";"Next ESSENTIAL - T-shirt basic";52.00;PLN;30.00;129.00;"100% bawełna";;"Kolor jednolity";"Loose fit";Prosty;Okrągły;NX322O1HZ-K11;Standardowa;"Krótki rękaw";;https://www.zalando.pl/next-essential-crew-neck-relaxed-fit-t-shirt-basic-blue-marine-nx322o1hz-k11.html;97;zalando.pl;"2026-04-17 15:04:31.145+00";"2026-04-17 15:04:31.249922+00"
2386;"Koszulki z krótkim rękawem (męskie)";"- T-shirt basic";"Polo Ralph Lauren - T-shirt basic";379.00;PLN;30.00;339.00;"100% bawełna";;"Kolor jednolity";Slim;Dopasowany;Okrągły;PO222O03F-I27;Standardowa;"Krótki rękaw";;https://www.zalando.pl/polo-ralph-lauren-custom-slim-fit-jersey-crewneck-t-shirt-t-shirt-basic-sky-lavenderc7560-po222o03f-i27.html;97;zalando.pl;"2026-04-17 15:04:02.639+00";"2026-04-17 15:04:02.803054+00"
2385;"Koszulki z krótkim rękawem (męskie)";"JORCPHPADEL - T-shirt z nadrukiem";"Jack &amp; Jones JORCPHPADEL - T-shirt z nadrukiem";63.00;PLN;59.00;79.00;"100% bawełna";;Nadruk;Regular;Prosty;Okrągły;JA222O6FZ-M11;Standardowa;"Krótki rękaw";;https://www.zalando.pl/jack-and-jones-jorcphpadel-tee-crew-neck-t-shirt-z-nadrukiem-sagebrush-green-ja222o6fz-m11.html;97;zalando.pl;"2026-04-17 15:03:13.365+00";"2026-04-17 15:03:13.46955+00"
2384;"Koszulki z krótkim rękawem (męskie)";"Koszulka polo";"Lindbergh Koszulka polo";119.96;PLN;149.95;;"100% bawełna";;"Kolor jednolity";Regular;Prosty;;LG522P01B-K15;Standardowa;"Krótki rękaw";;https://www.zalando.pl/lindbergh-contrast-piping-koszulka-polo-vivid-blue-lg522p01b-k15.html;97;zalando.pl;"2026-04-17 15:02:27.228+00";"2026-04-17 15:02:27.371048+00"
2383;"Koszulki z krótkim rękawem (męskie)";"- Koszulka polo";"Blend - Koszulka polo";169.00;PLN;30.00;149.00;"100% bawełna";;"Kolor jednolity";Regular;Prosty;;BL522O0KM-K11;Standardowa;"Krótki rękaw";;https://www.zalando.pl/blend-garry-koszulka-polo-salute-bl522o0km-k11.html;97;zalando.pl;"2026-04-17 15:01:58.643+00";"2026-04-17 15:01:58.792227+00"
2382;"Koszulki z krótkim rękawem (męskie)";"BETTY BOOP - T-shirt z nadrukiem";"Henry Tiger BETTY BOOP - T-shirt z nadrukiem";159.99;PLN;30.00;559.00;"100% bawełna";;Nadruk;Regular;Prosty;Okrągły;H3A22O7AG-K11;Standardowa;"Krótki rękaw";;https://www.zalando.pl/henry-tiger-betty-boop-cowgirl-t-shirt-z-nadrukiem-light-blue-h3a22o7ag-k11.html;97;zalando.pl;"2026-04-17 15:01:15.17+00";"2026-04-17 15:01:15.363756+00"
2381;"Koszulki z krótkim rękawem (męskie)";"- T-shirt z nadrukiem";"s.Oliver - T-shirt z nadrukiem";69.99;PLN;30.00;69.00;"100% bawełna";;Nadruk;Regular;Prosty;Okrągły;SO222O2FW-Q12;Standardowa;"Krótki rękaw";;https://www.zalando.pl/soliver-t-shirt-t-shirt-z-nadrukiem-schiefergrau-so222o2fw-q12.html;97;zalando.pl;"2026-04-17 15:00:54.359+00";"2026-04-17 15:00:54.46532+00"
2380;"Koszulki z krótkim rękawem (męskie)";"- Top";"Nike Performance - Top";143.00;PLN;159.00;;"90% poliester, 10% elastan";;"Kolor jednolity";Skinny;"Dopasowanie do figury";Okrągły;N1242I04F-A11;Standardowa;"Bez rękawów";;https://www.zalando.pl/nike-performance-tight-top-whiteblack-n1242i04f-a11.html;97;zalando.pl;"2026-04-17 15:00:31.638+00";"2026-04-17 15:00:31.763319+00"
2379;"Koszulki z krótkim rękawem (męskie)";"- T-shirt z nadrukiem";"Mister Tee - T-shirt z nadrukiem";61.00;PLN;58.00;79.00;"100% bawełna";"100% bawełna";Nadruk;Regular;Prosty;Okrągły;M0M22O1KY-Q11;Długa;"Krótki rękaw";;https://www.zalando.pl/mister-tee-t-shirt-z-nadrukiem-black-m0m22o1ky-q11.html;97;zalando.pl;"2026-04-17 15:00:00.755+00";"2026-04-17 15:00:00.902739+00"
2378;"Koszulki z krótkim rękawem (męskie)";"RHYTHM BLUES - T-shirt z nadrukiem";"Henry Tiger RHYTHM BLUES - T-shirt z nadrukiem";99.99;PLN;;;"100% bawełna";;Nadruk;Regular;Prosty;Okrągły;H3A22O7AY-Q11;Standardowa;"Krótki rękaw";;https://www.zalando.pl/henry-tiger-music-listen-to-rhythm-blues-t-shirt-z-nadrukiem-black-h3a22o7ay-q11.html;97;zalando.pl;"2026-04-17 14:59:19.629+00";"2026-04-17 14:59:19.736029+00"
2377;"Koszulki z krótkim rękawem (męskie)";"DAO - Koszulka polo";"Blend DAO - Koszulka polo";169.00;PLN;30.00;169.00;"50% bawełna, 50% lyocell";;"Kolor jednolity";Regular;Prosty;;BL522O0KT-K11;Standardowa;"Krótki rękaw";;https://www.zalando.pl/blend-dao-koszulka-polo-salute-bl522o0kt-k11.html;97;zalando.pl;"2026-04-17 14:58:37.858+00";"2026-04-17 14:58:37.961321+00"
2376;"Koszulki z krótkim rękawem (męskie)";"SKY - Koszulka sportowa";"Dynafit SKY - Koszulka sportowa";219.00;PLN;30.00;179.00;"100% poliester";"100% poliester";Nadruk;Regular;Dopasowany;Okrągły;DY042D01W-K12;Standardowa;"Krótki rękaw";;https://www.zalando.pl/dynafit-sky-koszulka-sportowa-smoke-blue-dy042d01w-k12.html;97;zalando.pl;"2026-04-17 14:58:16.897+00";"2026-04-17 14:58:17.023112+00"
2375;"Koszulki z krótkim rękawem (męskie)";"- Koszulka polo";"HUGO - Koszulka polo";311.00;PLN;311.00;479.00;"92% bawełna, 8% elastan";;"Kolor jednolity";Regular;Prosty;"Wycięcie typu V";HU722P03M-A11;Standardowa;"Krótki rękaw";;https://www.zalando.pl/hugo-dinoso-koszulka-polo-white-hu722p03m-a11.html;97;zalando.pl;"2026-04-17 14:57:42.949+00";"2026-04-17 14:57:43.290469+00"
2374;"Koszulki z krótkim rękawem (męskie)";"- T-shirt z nadrukiem";"Jack &amp; Jones - T-shirt z nadrukiem";86.20;PLN;86.20;114.99;"100% bawełna";;Nadruk;"Loose fit";Prosty;Okrągły;JA222O677-Q11;Standardowa;"Krótki rękaw";;https://www.zalando.pl/jack-and-jones-t-shirt-z-nadrukiem-black-ja222o677-q11.html;96;zalando.pl;"2026-04-17 14:56:29.157+00";"2026-04-17 14:56:29.265402+00"
2373;"Koszulki z krótkim rękawem (męskie)";"- T-shirt basic";"Mustang - T-shirt basic";99.95;PLN;30.00;179.00;"100% bawełna";;"Kolor jednolity";Regular;Prosty;Okrągły;MU322O0SB-G11;Standardowa;"Krótki rękaw";;https://www.zalando.pl/mustang-style-austin-t-shirt-basic-rot-mu322o0sb-g11.html;96;zalando.pl;"2026-04-17 14:55:48.537+00";"2026-04-17 14:55:48.642273+00"
2372;"Koszulki z krótkim rękawem (męskie)";"- T-shirt z nadrukiem";"PS Paul Smith - T-shirt z nadrukiem";469.00;PLN;30.00;359.00;"100% bawełna";;Nadruk;Regular;Prosty;Okrągły;PS722O0K2-K11;Standardowa;"Krótki rękaw";;https://www.zalando.pl/ps-paul-smith-casual-fit-t-shirt-z-nadrukiem-blue-ps722o0k2-k11.html;96;zalando.pl;"2026-04-17 14:55:24.15+00";"2026-04-17 14:55:24.488005+00"
2371;"Koszulki z krótkim rękawem (męskie)";"- T-shirt z nadrukiem";"Mister Tee - T-shirt z nadrukiem";82.00;PLN;99.00;;"100% bawełna";"100% bawełna";Nadruk;Regular;Prosty;Okrągły;M0M22O1N2-A11;Standardowa;"Krótki rękaw";;https://www.zalando.pl/mister-tee-t-shirt-z-nadrukiem-white-m0m22o1n2-a11.html;96;zalando.pl;"2026-04-17 14:54:59.43+00";"2026-04-17 14:54:59.561915+00"
2370;"Koszulki z krótkim rękawem (męskie)";"- Koszulka sportowa";"On - Koszulka sportowa";360.00;PLN;30.00;139.00;"90% poliester, 10% elastan";"90% poliester, 10% elastan";;Regular;Prosty;Okrągły;ONM22O000-Q11;Długa;"Krótki rękaw";;https://www.zalando.pl/on-t-shirt-z-nadrukiem-black-eclipse-onm22o000-q11.html;96;zalando.pl;"2026-04-17 14:54:35.956+00";"2026-04-17 14:54:36.064407+00"
2369;"Koszulki z krótkim rękawem (męskie)";"- T-shirt basic";"Tiger of Sweden - T-shirt basic";399.00;PLN;30.00;;"100% bawełna";;"Kolor jednolity";Regular;Prosty;Okrągły;TI522O05T-K11;Standardowa;"Krótki rękaw";;https://www.zalando.pl/tiger-of-sweden-pro-t-shirt-basic-dull-blue-ti522o05t-k11.html;96;zalando.pl;"2026-04-17 14:53:51.459+00";"2026-04-17 14:53:51.564465+00"
2368;"Koszulki z krótkim rękawem (męskie)";"- T-shirt z nadrukiem";"QS - T-shirt z nadrukiem";89.99;PLN;30.00;159.00;"100% bawełna";;Nadruk;Regular;Prosty;Okrągły;QS122O0VI-Q11;Standardowa;Półrękawek;;https://www.zalando.pl/qs-t-shirt-t-shirt-z-nadrukiem-schwarz-qs122o0vi-q11.html;96;zalando.pl;"2026-04-17 14:53:33.923+00";"2026-04-17 14:53:34.0279+00"
2367;"Koszulki z krótkim rękawem (męskie)";"- T-shirt basic";"Superdry &amp; Co - T-shirt basic";129.00;PLN;30.00;199.00;"100% bawełna";;"Kolor jednolity";Regular;Prosty;Okrągły;SU222O312-E11;Standardowa;"Krótki rękaw";;https://www.zalando.pl/superdry-t-shirt-basic-silver-birch-su222o312-e11.html;96;zalando.pl;"2026-04-17 14:53:01.627+00";"2026-04-17 14:53:01.881814+00"
2366;"Koszulki z krótkim rękawem (męskie)";"DANNY - T-shirt basic";"Farah DANNY - T-shirt basic";145.00;PLN;30.00;305.00;"100% bawełna";"100% bawełna";Melanż;Regular;Prosty;Okrągły;FA522O04G-K22;Standardowa;"Krótki rękaw";;https://www.zalando.pl/farah-danny-t-shirt-basic-blue-tide-marl-fa522o04g-k22.html;96;zalando.pl;"2026-04-17 14:52:33.562+00";"2026-04-17 14:52:33.667464+00"
2365;"Koszulki z krótkim rękawem (męskie)";"- T-shirt z nadrukiem";"Upscale by Mister Tee - T-shirt z nadrukiem";82.00;PLN;70.00;119.00;"100% bawełna";"100% bawełna";Nadruk;"Loose fit";Prosty;Okrągły;UP722O06D-A11;Długa;"Krótki rękaw";;https://www.zalando.pl/upscale-by-mister-tee-ovhoe-t-shirt-z-nadrukiem-white-up722o06d-a11.html;96;zalando.pl;"2026-04-17 14:51:57.948+00";"2026-04-17 14:51:58.052749+00"
2364;"Koszulki z krótkim rękawem (męskie)";"- T-shirt basic";"AllSaints - T-shirt basic";319.00;PLN;30.00;129.99;"100% bawełna";;Melanż;Regular;Dopasowany;Okrągły;A0Q22O0ZI-A11;Standardowa;"Krótki rękaw";;https://www.zalando.pl/allsaints-figure-crew-t-shirt-basic-waved-blue-a0q22o0zi-a11.html;96;zalando.pl;"2026-04-17 14:51:39.645+00";"2026-04-17 14:51:39.752244+00"
2363;"Koszulki z krótkim rękawem (męskie)";"- Bluzka z długim rękawem";"Guess - Bluzka z długim rękawem";143.00;PLN;111.00;159.00;"95% bawełna, 5% elastan";;"Kolor jednolity";Slim;Prosty;Okrągły;GU122O147-A11;Standardowa;"Długi rękaw";;https://www.zalando.pl/guess-cn-ls-core-bluzka-z-dlugim-rekawem-weiss-gu122o147-a11.html;96;zalando.pl;"2026-04-17 14:51:21.561+00";"2026-04-17 14:51:21.670931+00"
2362;"Koszulki z krótkim rękawem (męskie)";"ADAM - T-shirt basic";"NN.07 ADAM - T-shirt basic";260.00;PLN;289.00;;"100% bawełna";;"Kolor jednolity";Regular;Prosty;Okrągły;NN922O01F-A11;Standardowa;"Krótki rękaw";;https://www.zalando.pl/nn07-adam-emb-t-shirt-basic-white-nn922o01f-a11.html;96;zalando.pl;"2026-04-17 14:50:45.565+00";"2026-04-17 14:50:45.70355+00"
2361;"Koszulki z krótkim rękawem (męskie)";"- T-shirt basic";"Quiksilver - T-shirt basic";109.99;PLN;30.00;196.58;"100% bawełna";;Melanż;Regular;Prosty;Okrągły;QU122O15O-M12;Standardowa;"Krótki rękaw";;https://www.zalando.pl/quiksilver-roundneck-t-shirt-basic-khaki-qu122o15o-m12.html;96;zalando.pl;"2026-04-17 14:49:59.128+00";"2026-04-17 14:49:59.380989+00"
2360;"Koszulki z krótkim rękawem (męskie)";"- T-shirt z nadrukiem";"Pier One - T-shirt z nadrukiem";64.00;PLN;30.00;129.00;"100% bawełna";;;Slim;Prosty;Okrągły;PI922O1A8-A11;Standardowa;"Krótki rękaw";;https://www.zalando.pl/pier-one-t-shirt-z-nadrukiem-beigebright-white-pi922o1a8-a11.html;96;zalando.pl;"2026-04-17 14:49:22.962+00";"2026-04-17 14:49:23.067895+00"
2359;"Koszulki z krótkim rękawem (męskie)";"SLIM SHIELD SS PIQUE POLO - Koszulka polo";"GANT SLIM SHIELD SS PIQUE POLO - Koszulka polo";409.00;PLN;30.00;289.00;"100% bawełna";;"Kolor jednolity";Regular;Prosty;"Wycięcie typu V";GA322P078-K11;Standardowa;"Krótki rękaw";;https://www.zalando.pl/gant-shield-ss-koszulka-polo-evening-blue-ga322p078-k11.html;96;zalando.pl;"2026-04-17 14:48:33.172+00";"2026-04-17 14:48:33.327231+00"
2358;"Koszulki z krótkim rękawem (męskie)";"- T-shirt basic";"Selected - T-shirt basic";279.99;PLN;30.00;359.00;"50% wiskoza, 30% nylon, 20% poliester";;"Kolor jednolity";Regular;Prosty;Okrągły;0BN22Q01A-A11;Standardowa;"Krótki rękaw";;https://www.zalando.pl/selected-t-shirt-basic-egret-0bn22q01a-a11.html;96;zalando.pl;"2026-04-17 14:47:49.67+00";"2026-04-17 14:47:49.823676+00"
2357;"Koszulki z krótkim rękawem (męskie)";"- T-shirt z nadrukiem";"Polo Ralph Lauren - T-shirt z nadrukiem";559.00;PLN;30.00;649.00;"100% bawełna";;Nadruk;Regular;Prosty;Okrągły;PO222O0OV-M11;Standardowa;Półrękawek;;https://www.zalando.pl/polo-ralph-lauren-relaxed-fit-jersey-graphic-t-shirt-t-shirt-z-nadrukiem-new-forest-po222o0ov-m11.html;96;zalando.pl;"2026-04-17 14:47:10.151+00";"2026-04-17 14:47:10.254234+00"
2356;"Koszulki z krótkim rękawem (męskie)";"ITALY 26 AWAY - Koszulka sportowa";"adidas Performance ITALY 26 AWAY - Koszulka sportowa";649.00;PLN;30.00;449.00;"100% poliester";;Nadruk;Regular;Dopasowany;"Wycięcie typu V";AD542D6CJ-K11;Standardowa;"Krótki rękaw";;https://www.zalando.pl/adidas-performance-italy-26-away-authentic-koszulka-reprezentacji-aero-blue-ad542d6cj-k11.html;96;zalando.pl;"2026-04-17 14:46:28.225+00";"2026-04-17 14:46:28.329236+00"
2355;"Koszulki z krótkim rękawem (męskie)";"- T-shirt z nadrukiem";"Bershka - T-shirt z nadrukiem";59.90;PLN;30.00;79.00;"100% bawełna";;Nadruk;Regular;Prosty;Okrągły;BEJ22O1FC-K11;Standardowa;"Krótki rękaw";;https://www.zalando.pl/bershka-t-shirt-z-nadrukiem-white-denim-bej22o1fc-k11.html;96;zalando.pl;"2026-04-17 14:45:48.561+00";"2026-04-17 14:45:48.663675+00"
2354;"Koszulki z krótkim rękawem (męskie)";"- Koszulka polo";"Boggi Milano - Koszulka polo";529.00;PLN;;;"56% bawełna, 39% poliester, 5% elastan";;"Kolor jednolity";Regular;Prosty;;BQ122O051-H11;Długa;"Krótki rękaw";;https://www.zalando.pl/boggi-milano-boggi-milano-b-sustainable-high-performance-pique-polo-shirt-with-s-cafe-yarn-koszulka-polo-medium-orange-bq122o051-h11.html;96;zalando.pl;"2026-04-17 14:45:30.857+00";"2026-04-17 14:45:30.993395+00"
2353;"Koszulki z krótkim rękawem (męskie)";"- T-shirt basic";"Nils Sundström - T-shirt basic";79.95;PLN;30.00;211.99;"60% bawełna, 40% poliester";;Melanż;Regular;Prosty;Okrągły;NIN22O03W-K12;Standardowa;"Krótki rękaw";;https://www.zalando.pl/nils-sundstroem-t-shirt-basic-blau-nin22o03w-k12.html;96;zalando.pl;"2026-04-17 14:45:06.468+00";"2026-04-17 14:45:06.620899+00"
2352;"Koszulki z krótkim rękawem (męskie)";"- T-shirt z nadrukiem";"BOSS - T-shirt z nadrukiem";287.00;PLN;160.00;319.00;"100% bawełna";;"Nadrukowane zdjęcie";Regular;Prosty;Okrągły;BB122O1D2-C11;Standardowa;"Krótki rękaw";;https://www.zalando.pl/boss-cover-t-shirt-z-nadrukiem-beige-bb122o1d2-c11.html;96;zalando.pl;"2026-04-17 14:44:46.021+00";"2026-04-17 14:44:46.12633+00"
2351;"Koszulki z krótkim rękawem (męskie)";"- T-shirt basic";"Next - T-shirt basic";52.00;PLN;30.00;169.00;"100% bawełna";;"Kolor jednolity";Regular;Prosty;Okrągły;NX322O067-M19;Standardowa;"Krótki rękaw";;https://www.zalando.pl/next-crew-neck-t-shirt-basic-green-mint-nx322o067-m19.html;95;zalando.pl;"2026-04-17 13:55:54.726+00";"2026-04-17 13:55:55.595362+00"
2350;"Koszulki z krótkim rękawem (męskie)";"RIVIERA - Koszulka polo";"Hackett London RIVIERA - Koszulka polo";709.00;PLN;30.00;179.99;"100% bawełna";"100% bawełna";"Kolor jednolity";Regular;Prosty;Okrągły;HT622Q0BL-K11;Standardowa;"Krótki rękaw";;https://www.zalando.pl/hackett-london-riviera-koszulka-polo-old-navy-ht622q0bl-k11.html;95;zalando.pl;"2026-04-17 13:55:25.864+00";"2026-04-17 13:55:32.723018+00"
2349;"Koszulki z krótkim rękawem (męskie)";"- T-shirt z nadrukiem";"Karl Kani - T-shirt z nadrukiem";118.00;PLN;124.00;139.00;"100% bawełna";"100% bawełna";Nadruk;"Loose fit";Prosty;Okrągły;KK122O0EB-A11;Długa;Półrękawek;;https://www.zalando.pl/karl-kani-music-t-shirt-z-nadrukiem-white-kk122o0eb-a11.html;95;zalando.pl;"2026-04-17 13:54:51.766+00";"2026-04-17 13:54:51.86818+00"
2348;"Koszulki z krótkim rękawem (męskie)";"- T-shirt z nadrukiem";"Puma - T-shirt z nadrukiem";79.00;PLN;74.00;99.00;"100% bawełna";;Nadruk;Regular;Prosty;Okrągły;PU142D2NQ-Q11;Standardowa;"Krótki rękaw";;https://www.zalando.pl/puma-logo-tee-t-shirt-z-nadrukiem-black-pu142d2nq-q11.html;95;zalando.pl;"2026-04-17 13:54:28.946+00";"2026-04-17 13:54:29.048273+00"
2347;"Koszulki z krótkim rękawem (męskie)";"UNISEX - T-shirt z nadrukiem";"Calvin Klein Jeans UNISEX - T-shirt z nadrukiem";188.00;PLN;105.00;209.00;"100% bawełna";;Nadruk;"Loose fit";Prosty;Okrągły;C18210210-G11;Standardowa;"Krótki rękaw";;https://www.zalando.pl/calvin-klein-jeans-20s-roses-graphic-tee-unisex-t-shirt-z-nadrukiem-red-c18210210-g11.html;94;zalando.pl;"2026-04-17 13:53:40.143+00";"2026-04-17 13:53:40.245255+00"
2346;"Koszulki z krótkim rękawem (męskie)";"- Koszulka polo";"PRÓCHNIK - Koszulka polo";169.90;PLN;249.90;;"70% wiskoza, 30% nylon";;Melanż;"Regular Fit";Prosty;;PFV22O008-B11;Standardowa;"Krótki rękaw";;https://www.zalando.pl/prochnik-koszulka-polo-biege-pfv22o008-b11.html;94;zalando.pl;"2026-04-17 13:53:09.541+00";"2026-04-17 13:53:09.646114+00"
2345;"Koszulki z krótkim rękawem (męskie)";"- T-shirt basic";"BOSS - T-shirt basic";172.00;PLN;115.00;229.00;"100% bawełna";;"Kolor jednolity";Regular;Prosty;Okrągły;BB122O0ZQ-C13;Standardowa;"Krótki rękaw";;https://www.zalando.pl/boss-t-shirt-basic-light-pastel-grey-bb122o0zq-c13.html;94;zalando.pl;"2026-04-17 13:52:40.752+00";"2026-04-17 13:52:40.932288+00"
2344;"Koszulki z krótkim rękawem (męskie)";"- T-shirt basic";"Polo Ralph Lauren - T-shirt basic";519.00;PLN;30.00;419.00;"90% bawełna, 10% poliester";;"Kolor jednolity";Regular;Prosty;Okrągły;PO222O0OQ-K13;Standardowa;"Krótki rękaw";;https://www.zalando.pl/polo-ralph-lauren-classic-fit-terry-t-shirt-t-shirt-basic-newport-navy-po222o0oq-k13.html;94;zalando.pl;"2026-04-17 13:51:52.367+00";"2026-04-17 13:51:52.52079+00"
2343;"Koszulki z krótkim rękawem (męskie)";"T-shirt z nadrukiem";"PS Paul Smith T-shirt z nadrukiem";319.00;PLN;;;"100% bawełna";;Nadruk;Regular;Prosty;Okrągły;PS722O08Z-A11;Standardowa;"Krótki rękaw";;https://www.zalando.pl/ps-paul-smith-t-shirt-z-nadrukiem-white-ps722o08z-a11.html;94;zalando.pl;"2026-04-17 13:51:21.665+00";"2026-04-17 13:51:21.767364+00"
2342;"Koszulki z krótkim rękawem (męskie)";"- Koszulka polo";"Matinique - Koszulka polo";319.00;PLN;30.00;149.00;"87% bawełna, 11% poliester, 2% elastan";;"Kolor jednolity";Regular;Prosty;;M6022O04U-K11;Standardowa;"Krótki rękaw";;https://www.zalando.pl/matinique-jeremy-polo-koszulka-polo-dark-navy-m6022o04u-k11.html;94;zalando.pl;"2026-04-17 13:50:39.759+00";"2026-04-17 13:50:39.89098+00"
2341;"Koszulki z krótkim rękawem (męskie)";"- Koszulka polo";"LERROS - Koszulka polo";262.00;PLN;30.00;211.99;"60% bawełna, 40% poliester";;"Kolor jednolity";Regular;Prosty;"Wycięcie typu V";L7422O07F-C11;Standardowa;"Krótki rękaw";;https://www.zalando.pl/lerros-koszulka-polo-basalt-grey-l7422o07f-c11.html;94;zalando.pl;"2026-04-17 13:50:02.377+00";"2026-04-17 13:50:02.523025+00"
2340;"Koszulki z krótkim rękawem (męskie)";"- T-shirt basic";"camel active - T-shirt basic";129.95;PLN;30.00;211.99;"100% bawełna";;"Kolor jednolity";Regular;Prosty;Okrągły;CA522O06H-C11;Standardowa;"Krótki rękaw";;https://www.zalando.pl/camel-active-kurzarm-t-shirt-basic-asphalt-ca522o06h-c11.html;94;zalando.pl;"2026-04-17 13:49:42.258+00";"2026-04-17 13:49:42.367243+00"
2339;"Koszulki z krótkim rękawem (męskie)";"ACCIANO - T-shirt basic";"Ellesse ACCIANO - T-shirt basic";89.25;PLN;127.50;;"100% bawełna";;Melanż;Regular;Prosty;Okrągły;EL922O0RB-C11;Długa;"Krótki rękaw";;https://www.zalando.pl/ellesse-acciano-t-shirt-basic-light-grey-marl-el922o0rb-c11.html;94;zalando.pl;"2026-04-17 13:49:06.768+00";"2026-04-17 13:49:06.927973+00"
2338;"Koszulki z krótkim rękawem (męskie)";"- T-shirt z nadrukiem";"Henry Tiger - T-shirt z nadrukiem";99.99;PLN;;;"100% bawełna";;Nadruk;Regular;Prosty;Okrągły;H3A22D00V-A11;Standardowa;"Krótki rękaw";;https://www.zalando.pl/henry-tiger-music-listen-to-northern-soul-t-shirt-z-nadrukiem-white-h3a22d00v-a11.html;94;zalando.pl;"2026-04-17 13:48:26.231+00";"2026-04-17 13:48:26.333112+00"
2337;"Koszulki z krótkim rękawem (męskie)";"- T-shirt z nadrukiem";"Mister Tee - T-shirt z nadrukiem";70.00;PLN;58.00;119.00;"100% bawełna";"100% bawełna";Nadruk;"Loose fit";Prosty;Okrągły;M0M22O1MH-K11;Długa;Półrękawek;;https://www.zalando.pl/mister-tee-luck-t-shirt-z-nadrukiem-darkblue-m0m22o1mh-k11.html;94;zalando.pl;"2026-04-17 13:47:48.248+00";"2026-04-17 13:47:48.352027+00"
2336;"Koszulki z krótkim rękawem (męskie)";"TRAIN CORE - T-shirt z nadrukiem";"EA7 Emporio Armani TRAIN CORE - T-shirt z nadrukiem";319.00;PLN;30.00;219.00;"100% bawełna";;;Regular;Prosty;Okrągły;EA742D084-B11;Standardowa;"Krótki rękaw";;https://www.zalando.pl/ea7-emporio-armani-train-core-tee-t-shirt-z-nadrukiem-roasted-cashew-ea742d084-b11.html;94;zalando.pl;"2026-04-17 13:47:21.428+00";"2026-04-17 13:47:21.675024+00"
2335;"Koszulki z krótkim rękawem (męskie)";"CROATIA - Koszulka reprezentacji";"Nike Performance CROATIA - Koszulka reprezentacji";339.00;PLN;;;"100% poliester";;"W kratkę";Regular;Prosty;"Wycięcie typu V";N1242D823-A11;Standardowa;"Krótki rękaw";;https://www.zalando.pl/nike-performance-croatia-men-koszulka-sportowa-whiteuniversity-redhyper-royal-n1242d823-a11.html;94;zalando.pl;"2026-04-17 13:46:45.727+00";"2026-04-17 13:46:45.832554+00"
2334;"Koszulki z krótkim rękawem (męskie)";"- T-shirt z nadrukiem";"Billabong - T-shirt z nadrukiem";149.99;PLN;30.00;149.99;"100% bawełna";;Nadruk;Regular;Prosty;Okrągły;BI721002Z-K11;Standardowa;"Krótki rękaw";;https://www.zalando.pl/billabong-message-ww-ss-t-shirt-z-nadrukiem-bfw-bi721002z-k11.html;94;zalando.pl;"2026-04-17 13:46:21.876+00";"2026-04-17 13:46:22.022361+00"
2333;"Koszulki z krótkim rękawem (męskie)";"- T-shirt z nadrukiem";"U.S. Polo Assn. - T-shirt z nadrukiem";109.99;PLN;150.00;;"100% bawełna";;Nadruk;Regular;Prosty;Okrągły;US222O00T-G11;Standardowa;"Krótki rękaw";;https://www.zalando.pl/us-polo-assn-t-shirt-z-nadrukiem-jester-red-us222o00t-g11.html;94;zalando.pl;"2026-04-17 13:45:44.568+00";"2026-04-17 13:45:44.724638+00"
2332;"Koszulki z krótkim rękawem (męskie)";"STYLE SS-BLK - Koszulka sportowa";"Under Armour STYLE SS-BLK - Koszulka sportowa";129.99;PLN;30.00;159.00;"60% bawełna, 40% poliester";;Nadruk;Prosty;Prosty;Okrągły;UN242D0E9-C11;Długa;"Krótki rękaw";;https://www.zalando.pl/under-armour-sportstyle-logo-koszulka-sportowa-un242d0e9-c11.html;94;zalando.pl;"2026-04-17 13:45:26.729+00";"2026-04-17 13:45:26.833336+00"
2331;"Koszulki z krótkim rękawem (męskie)";"- T-shirt z nadrukiem";"DC Shoes - T-shirt z nadrukiem";149.99;PLN;30.00;99.00;"100% bawełna";"100% poliester";Nadruk;"Loose fit";Prosty;Okrągły;DC122O0MY-Q11;Standardowa;"Krótki rękaw";;https://www.zalando.pl/dc-shoes-tool-box-t-shirt-z-nadrukiem-kvj-black-dc122o0my-q11.html;94;zalando.pl;"2026-04-17 13:45:01.369+00";"2026-04-17 13:45:01.482238+00"
2330;"Koszulki z krótkim rękawem (męskie)";"T-shirt z nadrukiem";"Upscale by Mister Tee T-shirt z nadrukiem";79.00;PLN;85.00;159.00;"100% bawełna";;Nadruk;Nadwymiarowy;Prosty;Okrągły;M0M22O0Q4-A11;Długa;"Krótki rękaw";;https://www.zalando.pl/mister-tee-t-shirt-z-nadrukiem-white-m0m22o0q4-a11.html;94;zalando.pl;"2026-04-17 13:44:40.688+00";"2026-04-17 13:44:40.807731+00"
2329;"Koszulki z krótkim rękawem (męskie)";"- T-shirt z nadrukiem";"Prosto - T-shirt z nadrukiem";125.00;PLN;30.00;159.00;"100% bawełna";;"Kolor jednolity";Regular;Prosty;Okrągły;P3Z22O054-B11;Standardowa;"Krótki rękaw";;https://www.zalando.pl/prosto-t-shirt-z-nadrukiem-beige-p3z22o054-b11.html;94;zalando.pl;"2026-04-17 13:44:16.77+00";"2026-04-17 13:44:16.960299+00"
2328;"Koszulki z krótkim rękawem (męskie)";"ASBURY - T-shirt z nadrukiem";"Nike Performance ASBURY - T-shirt z nadrukiem";169.99;PLN;30.00;159.00;"100% bawełna";;"Nadrukowane zdjęcie";Regular;Prosty;Okrągły;N1242D7QV-A11;Standardowa;"Krótki rękaw";;https://www.zalando.pl/nike-performance-tee-asbury-t-shirt-z-nadrukiem-summit-white-n1242d7qv-a11.html;94;zalando.pl;"2026-04-17 13:43:45.358+00";"2026-04-17 13:43:45.491161+00"
2327;"Koszulki z krótkim rękawem (męskie)";"- T-shirt z nadrukiem";"Jack &amp; Jones - T-shirt z nadrukiem";89.99;PLN;30.00;129.00;"100% bawełna";;Nadruk;Regular;Prosty;Okrągły;JA222O6PU-J11;Standardowa;"Krótki rękaw";;https://www.zalando.pl/jack-and-jones-t-shirt-z-nadrukiem-peach-melba-ja222o6pu-j11.html;94;zalando.pl;"2026-04-17 13:43:14.75+00";"2026-04-17 13:43:14.854204+00"
2326;"Koszulki z krótkim rękawem (męskie)";"- T-shirt z nadrukiem";"Karma8a - T-shirt z nadrukiem";279.00;PLN;30.00;319.00;"100% bawełna";;Nadruk;Regular;Prosty;Okrągły;K5Q42D004-I11;Standardowa;"Krótki rękaw";;https://www.zalando.pl/karma8a-grade-changed-tee-t-shirt-z-nadrukiem-purple-k5q42d004-i11.html;94;zalando.pl;"2026-04-17 13:42:37.762+00";"2026-04-17 13:42:37.885675+00"
2325;"Koszulki z krótkim rękawem (męskie)";"- T-shirt z nadrukiem";"Lindbergh - T-shirt z nadrukiem";149.95;PLN;30.00;179.00;"100% bawełna";;Nadruk;Regular;Prosty;Okrągły;LG522O03G-J11;Standardowa;"Krótki rękaw";;https://www.zalando.pl/lindbergh-t-shirt-z-nadrukiem-lavender-pink-lg522o03g-j11.html;94;zalando.pl;"2026-04-17 13:42:09.427+00";"2026-04-17 13:42:09.541568+00"
2324;"Koszulki z krótkim rękawem (męskie)";"- T-shirt basic";"Scalpers - T-shirt basic";137.35;PLN;30.00;119.00;"100% bawełna";"100% bawełna";"Kolor jednolity";Regular;Prosty;Okrągły;SCF22O0DF-K11;Standardowa;"Krótki rękaw";;https://www.zalando.pl/scalpers-skull-tee-t-shirt-basic-blue-scf22o0df-k11.html;93;zalando.pl;"2026-04-17 13:17:31.561+00";"2026-04-17 13:17:31.806622+00"
2323;"Koszulki z krótkim rękawem (męskie)";"- Koszulka polo";"Scalpers - Koszulka polo";168.77;PLN;168.76;210.96;"100% bawełna";;"Kolor jednolity";"Regular Fit";Prosty;;SCF22O0C8-G12;Standardowa;"Krótki rękaw";;https://www.zalando.pl/scalpers-basic-koszulka-polo-blue-scf22o0c8-g12.html;93;zalando.pl;"2026-04-17 13:17:07.758+00";"2026-04-17 13:17:07.85869+00"
2322;"Koszulki z krótkim rękawem (męskie)";"- T-shirt z nadrukiem";"Klitmøller Collective - T-shirt z nadrukiem";275.00;PLN;30.00;119.00;"100% bawełna";;Nadruk;Regular;Prosty;Okrągły;KLS22O002-Q11;Standardowa;"Krótki rękaw";;https://www.zalando.pl/klitmoeller-collective-t-shirt-z-nadrukiem-black-kls22o002-q11.html;93;zalando.pl;"2026-04-17 13:16:37.121+00";"2026-04-17 13:16:37.223103+00"
2321;"Koszulki z krótkim rękawem (męskie)";"UNISEX - T-shirt basic";"YOURTURN UNISEX - T-shirt basic";84.00;PLN;30.00;89.00;"57% bawełna, 38% poliester, 5% elastan";;Melanż;"Loose fit";Prosty;Okrągły;YO12101SF-C11;Standardowa;Półrękawek;;https://www.zalando.pl/yourturn-2-pack-t-shirt-basic-mottled-dark-greymottled-light-grey-yo12101sf-c11.html;93;zalando.pl;"2026-04-17 13:15:59.242+00";"2026-04-17 13:15:59.614181+00"
2320;"Koszulki z krótkim rękawem (męskie)";"Koszulka polo";"Polo Ralph Lauren Koszulka polo";402.00;PLN;575.00;639.00;"100% bawełna";;Melanż;Slim;Prosty;;PO222P0JS-B11;Standardowa;"Krótki rękaw";;https://www.zalando.pl/polo-ralph-lauren-koszulka-polo-sand-po222p0js-b11.html;93;zalando.pl;"2026-04-17 13:13:58.521+00";"2026-04-17 13:13:58.625875+00"
2319;"Koszulki z krótkim rękawem (męskie)";"- Koszulka polo";"Boggi Milano - Koszulka polo";479.00;PLN;30.00;234.99;"45% lyocell, 36% poliester, 19% len";;Melanż;Regular;Prosty;;BQ122O054-K11;Standardowa;"Krótki rękaw";;https://www.zalando.pl/boggi-milano-koszulka-polo-indigo-bq122o054-k11.html;93;zalando.pl;"2026-04-17 13:13:24.423+00";"2026-04-17 13:13:24.69379+00"
2318;"Koszulki z krótkim rękawem (męskie)";"- Koszulka polo";"CLOSED - Koszulka polo";899.00;PLN;;;"70% bawełna, 30% poliamid";;"Kolor jednolity";Regular;Prosty;;CL322Q031-J11;Standardowa;"Krótki rękaw";;https://www.zalando.pl/closed-koszulka-polo-quartz-pink-cl322q031-j11.html;93;zalando.pl;"2026-04-17 13:12:54.039+00";"2026-04-17 13:12:54.143637+00"
2317;"Koszulki z krótkim rękawem (męskie)";"- Koszulka polo";"LERROS - Koszulka polo";286.00;PLN;30.00;119.99;"100% bawełna";;"Kolor jednolity";Regular;Prosty;;L7422O07L-C14;Standardowa;"Krótki rękaw";;https://www.zalando.pl/lerros-koszulka-polo-grau-l7422o07l-c14.html;93;zalando.pl;"2026-04-17 13:12:06.141+00";"2026-04-17 13:12:06.240999+00"
2316;"Koszulki z krótkim rękawem (męskie)";"- T-shirt basic";"GANT - T-shirt basic";215.00;PLN;239.00;;"100% bawełna";;"Kolor jednolity";Regular;Prosty;Okrągły;GA322O06A-Q11;Standardowa;"Krótki rękaw";;https://www.zalando.pl/gant-reg-shield-ss-t-shirt-z-nadrukiem-black-ga322o06a-q11.html;93;zalando.pl;"2026-04-17 13:11:23.638+00";"2026-04-17 13:11:23.893286+00"
2315;"Koszulki z krótkim rękawem (męskie)";"- Koszulka polo";"JP1880 - Koszulka polo";109.99;PLN;30.00;239.00;"60% bawełna, 40% poliester";;"Kolor jednolity";Regular;Prosty;;JP322P016-O13;Standardowa;"Krótki rękaw";;https://www.zalando.pl/jp1880-koszulka-polo-barnsteen-jp322p016-o13.html;93;zalando.pl;"2026-04-17 13:10:31.863+00";"2026-04-17 13:10:31.992187+00"
2314;"Koszulki z krótkim rękawem (męskie)";"Koszulka polo";"CASAMODA Koszulka polo";212.37;PLN;30.00;129.99;"95% bawełna, 5% elastan";;Melanż;Regular;Prosty;;1CM22P00F-K11;Standardowa;"Krótki rękaw";;https://www.zalando.pl/casamoda-koszulka-polo-blau-1cm22p00f-k11.html;93;zalando.pl;"2026-04-17 13:10:04.335+00";"2026-04-17 13:10:04.459343+00"
2313;"Koszulki z krótkim rękawem (męskie)";"- T-shirt z nadrukiem";"JP1880 - T-shirt z nadrukiem";139.99;PLN;30.00;179.99;"96% poliester, 4% elastan";;Nadruk;Regular;Prosty;Okrągły;JP322O0D4-Q12;Długa;"Krótki rękaw";;https://www.zalando.pl/jp1880-quickdry-t-shirt-z-nadrukiem-anthrazit-melange-jp322o0d4-q12.html;93;zalando.pl;"2026-04-17 13:09:28.029+00";"2026-04-17 13:09:28.130202+00"
2312;"Koszulki z krótkim rękawem (męskie)";"Koszulka polo";"Lacoste Koszulka polo";549.00;PLN;30.00;129.99;"100% bawełna";;"Kolor jednolity";Regular;Prosty;;LA222O0JG-O11;Standardowa;"Krótki rękaw";;https://www.zalando.pl/lacoste-koszulka-polo-marron-la222o0jg-o11.html;93;zalando.pl;"2026-04-17 13:08:55.469+00";"2026-04-17 13:08:55.872035+00"
2311;"Koszulki z krótkim rękawem (męskie)";"- T-shirt z nadrukiem";"Mustang - T-shirt z nadrukiem";99.95;PLN;30.00;89.00;"100% bawełna";;Nadruk;Regular;Prosty;Okrągły;MU322O0T0-N11;Standardowa;"Krótki rękaw";;https://www.zalando.pl/mustang-t-shirt-z-nadrukiem-gruen-mu322o0t0-n11.html;93;zalando.pl;"2026-04-17 13:08:15.221+00";"2026-04-17 13:08:15.359934+00"
2310;"Koszulki z krótkim rękawem (męskie)";"- T-shirt z nadrukiem";"Marc O&#x27;Polo - T-shirt z nadrukiem";129.00;PLN;30.00;209.00;"100% bawełna";;"Kolor jednolity";Regular;Prosty;Okrągły;MA322O0RF-K11;Standardowa;"Krótki rękaw";;https://www.zalando.pl/marc-opolo-short-sleeve-logo-print-t-shirt-basic-blue-dawn-ma322o0rf-k11.html;93;zalando.pl;"2026-04-17 13:07:39.815+00";"2026-04-17 13:07:40.18333+00"
2309;"Koszulki z krótkim rękawem (męskie)";"STEWART - T-shirt basic";"Dstrezzed STEWART - T-shirt basic";112.00;PLN;124.00;229.00;"100% bawełna";;"Kolor jednolity";Regular;Prosty;"Wycięcie typu V";DT422O01Z-M11;Standardowa;"Krótki rękaw";;https://www.zalando.pl/dstrezzed-stewart-t-shirt-basic-army-green-dt422o01z-m11.html;93;zalando.pl;"2026-04-17 13:06:47.633+00";"2026-04-17 13:06:47.762752+00"
2308;"Koszulki z krótkim rękawem (męskie)";"DIAMOND - T-shirt basic";"Han Kjøbenhavn DIAMOND - T-shirt basic";369.00;PLN;30.00;359.00;"100% bawełna";;Nadruk;Regular;Prosty;Okrągły;HK022O05J-Q11;Standardowa;"Krótki rękaw";;https://www.zalando.pl/han-kjoebenhavn-diamond-regular-tee-t-shirt-z-nadrukiem-black-hk022o05j-q11.html;93;zalando.pl;"2026-04-17 13:06:05.339+00";"2026-04-17 13:06:05.7781+00"
2307;"Koszulki z krótkim rękawem (męskie)";"UNISEX - T-shirt z nadrukiem";"Calvin Klein Jeans UNISEX - T-shirt z nadrukiem";84.00;PLN;65.00;129.00;"100% bawełna";;Nadruk;Regular;Prosty;Okrągły;C18210219-A11;Standardowa;"Krótki rękaw";;https://www.zalando.pl/calvin-klein-jeans-graphics-unisex-t-shirt-z-nadrukiem-bright-white-c18210219-a11.html;93;zalando.pl;"2026-04-17 13:05:22.228+00";"2026-04-17 13:05:22.359501+00"
2306;"Koszulki z krótkim rękawem (męskie)";"JORMAINE - T-shirt z nadrukiem";"Jack &amp; Jones JORMAINE - T-shirt z nadrukiem";80.00;PLN;89.00;;"100% bawełna";;Nadruk;"Loose fit";Prosty;Okrągły;JA222O6JY-Q11;Standardowa;"Krótki rękaw";;https://www.zalando.pl/jack-and-jones-jormaine-back-tee-crew-neck-t-shirt-z-nadrukiem-black-ja222o6jy-q11.html;93;zalando.pl;"2026-04-17 13:04:49.237+00";"2026-04-17 13:04:49.49714+00"
2305;"Koszulki z krótkim rękawem (męskie)";"DIAMOND - T-shirt basic";"Han Kjøbenhavn DIAMOND - T-shirt basic";369.00;PLN;30.00;539.00;"100% bawełna";;"Kolor jednolity";Regular;Prosty;Okrągły;HK022O05J-A11;Standardowa;"Krótki rękaw";;https://www.zalando.pl/han-kjoebenhavn-diamond-regular-tee-t-shirt-basic-off-white-hk022o05j-a11.html;93;zalando.pl;"2026-04-17 13:03:59.16+00";"2026-04-17 13:03:59.264577+00"
2304;"Koszulki z krótkim rękawem (męskie)";"- Koszulka sportowa";"Nike Performance - Koszulka sportowa";229.00;PLN;30.00;219.00;"60% bawełna, 40% poliester";;"W kratkę";Regular;Prosty;Okrągły;N1242D6J8-Q11;Standardowa;"Krótki rękaw";;https://www.zalando.pl/nike-performance-heritage-t-shirt-z-nadrukiem-black-n1242d6j8-q11.html;93;zalando.pl;"2026-04-17 13:03:17.331+00";"2026-04-17 13:03:17.439252+00"
2303;"Koszulki z krótkim rękawem (męskie)";"ELEVATE - Koszulka polo";"Oakley ELEVATE - Koszulka polo";379.00;PLN;30.00;219.00;"53% bawełna, 30% poliester, 17% elastomultiester";;"Kolor jednolity";"Loose fit";Prosty;;OA342D05Y-M11;Standardowa;Półrękawek;;https://www.zalando.pl/oakley-elevate-koszulka-sportowa-faded-green-oa342d05y-m11.html;93;zalando.pl;"2026-04-17 13:02:30.249+00";"2026-04-17 13:02:30.35685+00"
2302;"Koszulki z krótkim rękawem (męskie)";"FSC BAMBOO - Koszulka polo";"JBS OF DENMARK FSC BAMBOO - Koszulka polo";250.99;PLN;30.00;179.00;"65% wiskoza, 30% bawełna, 5% elastan";;"Kolor jednolity";Regular;Prosty;;JBC22P004-Q11;Standardowa;"Krótki rękaw";;https://www.zalando.pl/jbs-of-denmark-fsc-bamboo-koszulka-polo-black-jbc22p004-q11.html;93;zalando.pl;"2026-04-17 13:02:11.153+00";"2026-04-17 13:02:11.25568+00"
2301;"Koszulki z krótkim rękawem (męskie)";"- T-shirt z nadrukiem";"Puma - T-shirt z nadrukiem";119.00;PLN;129.00;149.00;"100% poliester";;Nadruk;Regular;Prosty;Okrągły;PU122O1BO-A11;Standardowa;"Krótki rękaw";;https://www.zalando.pl/puma-t-shirt-z-nadrukiem-white-pu122o1bo-a11.html;92;zalando.pl;"2026-04-17 13:01:05.831+00";"2026-04-17 13:01:05.936242+00"
2300;"Koszulki z krótkim rękawem (męskie)";"JORNORREBRO - T-shirt basic";"Jack &amp; Jones JORNORREBRO - T-shirt basic";63.95;PLN;79.99;;"100% bawełna";;"Kolor jednolity";Regular;Prosty;Okrągły;JA222O67F-K11;Standardowa;"Krótki rękaw";;https://www.zalando.pl/jack-and-jones-jornorrebro-tee-crew-neck-t-shirt-basic-ocean-cavern-ja222o67f-k11.html;92;zalando.pl;"2026-04-17 13:00:19.543+00";"2026-04-17 13:00:20.968191+00"
2299;"Koszulki z krótkim rękawem (męskie)";"- Koszulka polo";"PS Paul Smith - Koszulka polo";469.00;PLN;30.00;449.00;"100% bawełna";;"Kolor jednolity";Regular;Prosty;;PS722P04X-K11;Standardowa;"Krótki rękaw";;https://www.zalando.pl/ps-paul-smith-zebra-koszulka-polo-very-dark-navy-ps722p04x-k11.html;92;zalando.pl;"2026-04-17 12:59:28.55+00";"2026-04-17 12:59:28.652687+00"
2298;"Koszulki z krótkim rękawem (męskie)";"- T-shirt z nadrukiem";"Iceberg - T-shirt z nadrukiem";1029.00;PLN;30.00;819.00;"100% bawełna";;Nadruk;Regular;Prosty;Okrągły;IC322O090-Q11;Standardowa;"Krótki rękaw";;https://www.zalando.pl/iceberg-t-shirt-z-nadrukiem-nero-ic322o090-q11.html;92;zalando.pl;"2026-04-17 12:58:37.769+00";"2026-04-17 12:58:37.928168+00"
2297;"Koszulki z krótkim rękawem (męskie)";"- Koszulka polo";"MAERZ Muenchen - Koszulka polo";532.00;PLN;30.00;379.99;"100% bawełna";;"Kolor jednolity";Regular;Prosty;"Wycięcie typu V";M9422O019-B11;Standardowa;"Krótki rękaw";;https://www.zalando.pl/maerz-muenchen-koszulka-polo-frappuccino-m9422o019-b11.html;92;zalando.pl;"2026-04-17 12:57:49.263+00";"2026-04-17 12:57:49.364766+00"
2296;"Koszulki z krótkim rękawem (męskie)";"- Koszulka polo";"Lindbergh - Koszulka polo";178.96;PLN;169.96;199.95;"80% wiskoza, 20% nylon";;"Kolor jednolity";Slim;Prosty;"Wycięcie typu V";LG522O03P-K11;Standardowa;"Krótki rękaw";;https://www.zalando.pl/lindbergh-ss-v-neck-koszulka-polo-navy-lg522o03p-k11.html;92;zalando.pl;"2026-04-17 12:57:05.024+00";"2026-04-17 12:57:05.125866+00"
2295;"Koszulki z krótkim rękawem (męskie)";"- Koszulka polo";"Scalpers - Koszulka polo";168.77;PLN;168.76;210.96;"100% bawełna";;"Kolor jednolity";"Regular Fit";Prosty;;SCF22O0C8-K12;Standardowa;"Krótki rękaw";;https://www.zalando.pl/scalpers-basic-koszulka-polo-duck-scf22o0c8-k12.html;92;zalando.pl;"2026-04-17 12:56:44.86+00";"2026-04-17 12:56:44.967097+00"
2294;"Koszulki z krótkim rękawem (męskie)";"- Koszulka polo";"Armani Exchange - Koszulka polo";359.00;PLN;30.00;499.00;"100% bawełna";;"Kolor jednolity";Regular;Prosty;;ARC22O0PA-A11;Standardowa;"Krótki rękaw";;https://www.zalando.pl/armani-exchange-koszulka-polo-cream-arc22o0pa-a11.html;92;zalando.pl;"2026-04-17 12:56:15.047+00";"2026-04-17 12:56:15.150239+00"
2293;"Koszulki z krótkim rękawem (męskie)";"- Koszulka polo";"OCHNIK - Koszulka polo";99.90;PLN;179.90;;"100% bawełna";;"Kolor jednolity";"Regular Fit";Prosty;;OC922O016-K11;Standardowa;"Krótki rękaw";;https://www.zalando.pl/ochnik-koszulka-polo-dark-blue-oc922o016-k11.html;92;zalando.pl;"2026-04-17 12:55:26.524+00";"2026-04-17 12:55:26.625573+00"
2292;"Koszulki z krótkim rękawem (męskie)";"- T-shirt z nadrukiem";"The North Face - T-shirt z nadrukiem";143.00;PLN;143.00;159.00;"100% bawełna";;Nadruk;Regular;Prosty;Okrągły;TH342D0AH-A11;Standardowa;"Krótki rękaw";;https://www.zalando.pl/the-north-face-graphic-regular-short-sleeve-tee-graphic-t-shirt-z-nadrukiem-white-th342d0ah-a11.html;92;zalando.pl;"2026-04-17 12:55:01.136+00";"2026-04-17 12:55:01.3688+00"
2291;"Koszulki z krótkim rękawem (męskie)";"- Koszulka polo";"Polo Ralph Lauren - Koszulka polo";699.00;PLN;30.00;529.00;"84% bawełna, 16% poliester";;"Kolor jednolity";Regular;Prosty;;PO222O0PR-K11;Standardowa;"Krótki rękaw";;https://www.zalando.pl/polo-ralph-lauren-french-terry-polo-shirt-koszulka-polo-newport-navy-po222o0pr-k11.html;92;zalando.pl;"2026-04-17 12:54:09.75+00";"2026-04-17 12:54:10.073996+00"
2290;"Koszulki z krótkim rękawem (męskie)";"- Bluzka z długim rękawem";"Pier One - Bluzka z długim rękawem";76.00;PLN;42.00;84.00;"65% poliester, 35% bawełna";;Melanż;Regular;Prosty;Okrągły;PI922O0GT-K14;Standardowa;"Długi rękaw";;https://www.zalando.pl/pier-one-2-pack-bluzka-z-dlugim-rekawem-mottled-bluemottled-grey-pi922o0gt-k14.html;92;zalando.pl;"2026-04-17 12:53:44.449+00";"2026-04-17 12:53:44.551586+00"
2289;"Koszulki z krótkim rękawem (męskie)";"Koszulka polo";"Lonsdale Koszulka polo";179.00;PLN;30.00;179.00;"100% bawełna";;"Kolor jednolity";Regular;Prosty;Okrągły;L2G22P00H-K11;Standardowa;"Krótki rękaw";;https://www.zalando.pl/lonsdale-lynton-koszulka-polo-navy-red-white-l2g22p00h-k11.html;92;zalando.pl;"2026-04-17 12:53:02.185+00";"2026-04-17 12:53:02.290875+00"
2288;"Koszulki z krótkim rękawem (męskie)";"OLAU - Koszulka polo";"Signal OLAU - Koszulka polo";210.82;PLN;210.00;350.00;"50% bawełna, 50% poliester";;"Kolor jednolity";"Regular Fit";Prosty;;SIS22O03Z-K11;Standardowa;"Krótki rękaw";;https://www.zalando.pl/signal-koszulka-polo-deep-marine-sis22o03z-k11.html;92;zalando.pl;"2026-04-17 12:52:36.242+00";"2026-04-17 12:52:36.344081+00"
2287;"Koszulki z krótkim rękawem (męskie)";"- T-shirt z nadrukiem";"Emporio Armani - T-shirt z nadrukiem";573.75;PLN;30.00;539.00;"100% bawełna";;;Regular;Prosty;Okrągły;EA822O0KX-C11;Standardowa;"Krótki rękaw";;https://www.zalando.pl/emporio-armani-t-shirt-z-nadrukiem-grey-ea822o0kx-c11.html;92;zalando.pl;"2026-04-17 12:52:16.94+00";"2026-04-17 12:52:17.375987+00"
2286;"Koszulki z krótkim rękawem (męskie)";"- T-shirt z nadrukiem";"Puma - T-shirt z nadrukiem";71.00;PLN;129.00;;"100% bawełna";;"Kolor jednolity";Regular;Prosty;Okrągły;PU122O17C-Q11;Standardowa;"Krótki rękaw";;https://www.zalando.pl/puma-graphic-slogan-relaxed-tee-t-shirt-basic-puma-black-pu122o17c-q11.html;92;zalando.pl;"2026-04-17 12:51:49.863+00";"2026-04-17 12:51:49.970477+00"
2285;"Koszulki z krótkim rękawem (męskie)";"PARSONS POINT™ - Koszulka sportowa";"Columbia PARSONS POINT™ - Koszulka sportowa";161.00;PLN;134.00;179.00;"94% poliester, 6% elastan";;Nadruk;Regular;Prosty;Okrągły;C2342D04L-Q11;Standardowa;"Krótki rękaw";;https://www.zalando.pl/columbia-parsons-point-graphic-tee-koszulka-sportowa-black-heather-c2342d04l-q11.html;92;zalando.pl;"2026-04-17 12:50:57.527+00";"2026-04-17 12:50:57.628417+00"
2284;"Koszulki z krótkim rękawem (męskie)";"KEELAN - T-shirt basic";"Blend KEELAN - T-shirt basic";89.00;PLN;30.00;109.00;"100% bawełna";;"Kolor jednolity";"Loose fit";Prosty;Okrągły;BL522O0KO-B11;Standardowa;"Krótki rękaw";;https://www.zalando.pl/blend-bhkeelan-t-shirt-basic-bleached-sand-bl522o0ko-b11.html;92;zalando.pl;"2026-04-17 12:50:39.735+00";"2026-04-17 12:50:39.862451+00"
2283;"Koszulki z krótkim rękawem (męskie)";"- T-shirt z nadrukiem";"Guess - T-shirt z nadrukiem";265.00;PLN;30.00;159.00;"100% bawełna";;"W paski";Regular;Prosty;Okrągły;GU122O1KP-A11;Standardowa;"Krótki rękaw";;https://www.zalando.pl/guess-gestreiftes-t-shirt-z-nadrukiem-weiss-multicolor-gu122o1kp-a11.html;92;zalando.pl;"2026-04-17 12:50:19.255+00";"2026-04-17 12:50:19.357572+00"
2282;"Koszulki z krótkim rękawem (męskie)";"20TH ANNIVERSARY - T-shirt z nadrukiem";"Venum 20TH ANNIVERSARY - T-shirt z nadrukiem";169.00;PLN;30.00;159.00;"100% bawełna";;Nadruk;Regular;Prosty;Okrągły;V2T42D063-Q11;Standardowa;"Krótki rękaw";;https://www.zalando.pl/venum-20th-anniversary-t-shirt-z-nadrukiem-blackred-v2t42d063-q11.html;92;zalando.pl;"2026-04-17 12:49:48.454+00";"2026-04-17 12:49:48.598301+00"
2281;"Koszulki z krótkim rękawem (męskie)";"- T-shirt z nadrukiem";"Henry Tiger - T-shirt z nadrukiem";99.99;PLN;;;"100% bawełna";;Nadruk;Regular;Prosty;Okrągły;H3A22O7AV-A11;Standardowa;"Krótki rękaw";;https://www.zalando.pl/henry-tiger-listen-to-house-music-t-shirt-z-nadrukiem-white-h3a22o7av-a11.html;92;zalando.pl;"2026-04-17 12:49:17.748+00";"2026-04-17 12:49:17.851276+00"
2280;"Koszulki z krótkim rękawem (męskie)";"- T-shirt z nadrukiem";"Champion - T-shirt z nadrukiem";98.00;PLN;98.00;109.00;"100% bawełna";;Nadruk;Regular;Prosty;Okrągły;C7642D0EL-Q11;Standardowa;"Krótki rękaw";;https://www.zalando.pl/champion-bascis-crewneck-large-logo-t-shirt-z-nadrukiem-black-c7642d0el-q11.html;92;zalando.pl;"2026-04-17 12:48:34.03+00";"2026-04-17 12:48:34.15418+00"
2279;"Koszulki z krótkim rękawem (męskie)";"- T-shirt z nadrukiem";"Versace - T-shirt z nadrukiem";2029.00;PLN;30.00;5399.00;"100% bawełna";;Nadruk;Regular;Prosty;Okrągły;1VE22O023-Q11;Standardowa;"Krótki rękaw";;https://www.zalando.pl/versace-compact-greca-logo-t-shirt-z-nadrukiem-black-1ve22o023-q11.html;91;zalando.pl;"2026-04-17 12:05:23.532+00";"2026-04-17 12:05:23.633636+00"
2278;"Koszulki z krótkim rękawem (męskie)";"- T-shirt z nadrukiem";"Henry Tiger - T-shirt z nadrukiem";99.99;PLN;;;"100% bawełna";;Nadruk;Regular;Prosty;Okrągły;H3A2103AC-A11;Standardowa;"Krótki rękaw";;https://www.zalando.pl/henry-tiger-music-listen-to-rhythm-and-blues-t-shirt-z-nadrukiem-white-h3a2103ac-a11.html;91;zalando.pl;"2026-04-17 12:04:34.521+00";"2026-04-17 12:04:34.623699+00"
2277;"Koszulki z krótkim rękawem (męskie)";"UNISEX - T-shirt z nadrukiem";"HUF UNISEX - T-shirt z nadrukiem";179.00;PLN;199.00;;"100% bawełna";;Nadruk;"Loose fit";Prosty;Okrągły;H0H2100AS-A11;Standardowa;"Krótki rękaw";;https://www.zalando.pl/huf-prism-tee-unisex-t-shirt-z-nadrukiem-white-h0h2100as-a11.html;91;zalando.pl;"2026-04-17 12:04:08.921+00";"2026-04-17 12:04:09.020571+00"
2276;"Koszulki z krótkim rękawem (męskie)";"- Koszulka polo";"FINSHLEY &amp; HARDING - Koszulka polo";149.95;PLN;30.00;234.99;"96% bawełna, 4% elastan";;"Kolor jednolity";Regular;Prosty;;FIU22O00N-Q11;Standardowa;"Krótki rękaw";;https://www.zalando.pl/finshley-and-harding-koszulka-polo-schwarz-fiu22o00n-q11.html;91;zalando.pl;"2026-04-17 12:03:49.446+00";"2026-04-17 12:03:49.547559+00"
2275;"Koszulki z krótkim rękawem (męskie)";"- T-shirt basic";"Next - T-shirt basic";52.00;PLN;30.00;119.90;"100% bawełna";;"Kolor jednolity";Regular;Prosty;Okrągły;NX322O0YL-J16;Standardowa;"Krótki rękaw";;https://www.zalando.pl/next-t-shirt-basic-new-pink-nx322o0yl-j16.html;91;zalando.pl;"2026-04-17 12:03:20.321+00";"2026-04-17 12:03:20.421481+00"
2274;"Koszulki z krótkim rękawem (męskie)";"- Koszulka polo";"Scalpers - Koszulka polo";168.77;PLN;168.76;210.96;"100% bawełna";"100% bawełna";"Kolor jednolity";"Regular Fit";Prosty;;SCF22O0C8-M12;Standardowa;"Krótki rękaw";;https://www.zalando.pl/scalpers-koszulka-polo-light-green-scf22o0c8-m12.html;91;zalando.pl;"2026-04-17 12:02:27.838+00";"2026-04-17 12:02:27.937581+00"
2273;"Koszulki z krótkim rękawem (męskie)";"SLHASPEN - T-shirt basic";"Selected SLHASPEN - T-shirt basic";98.00;PLN;109.00;;"100% bawełna";;"Kolor jednolity";Regular;Prosty;Okrągły;SE622O0TG-Q11;Standardowa;"Krótki rękaw";;https://www.zalando.pl/selected-homme-slhaspen-o-neck-tee-t-shirt-basic-black-se622o0tg-q11.html;91;zalando.pl;"2026-04-17 12:01:51.799+00";"2026-04-17 12:02:01.032266+00"
2272;"Koszulki z krótkim rękawem (męskie)";"- T-shirt z nadrukiem";"Mustang - T-shirt z nadrukiem";149.00;PLN;30.00;129.00;"100% bawełna";;Nadruk;Regular;Prosty;Okrągły;MU322O0SP-A11;Standardowa;"Krótki rękaw";;https://www.zalando.pl/mustang-style-austin-t-shirt-z-nadrukiem-weiss-mu322o0sp-a11.html;91;zalando.pl;"2026-04-17 12:01:00.839+00";"2026-04-17 12:01:00.941744+00"
2271;"Koszulki z krótkim rękawem (męskie)";"MINECRAFT 9 CHARACTER BOXUP - T-shirt z nadrukiem";"Henry Tiger MINECRAFT 9 CHARACTER BOXUP - T-shirt z nadrukiem";169.99;PLN;30.00;;"100% bawełna";;Nadruk;Regular;Prosty;Okrągły;H3A22O5T9-K11;Standardowa;"Krótki rękaw";;https://www.zalando.pl/henry-tiger-t-shirt-z-nadrukiem-navy-blue-h3a22o5t9-k11.html;91;zalando.pl;"2026-04-17 12:00:32.41+00";"2026-04-17 12:00:32.765128+00"
2270;"Koszulki z krótkim rękawem (męskie)";"- Koszulka polo";"Pier One - Koszulka polo";40.00;PLN;79.00;;"100% bawełna";;"Kolor jednolity";Regular;Prosty;;PI922P05Y-K11;Standardowa;"Długi rękaw";;https://www.zalando.pl/pier-one-bluzka-z-dlugim-rekawem-light-blue-pi922p05y-k11.html;91;zalando.pl;"2026-04-17 12:00:13.087+00";"2026-04-17 12:00:13.256526+00"
2269;"Koszulki z krótkim rękawem (męskie)";"BHMSTEA - T-shirt z nadrukiem";"Blend BHMSTEA - T-shirt z nadrukiem";66.00;PLN;70.00;129.00;"100% bawełna";;Nadruk;"Loose fit";Prosty;Okrągły;BL522O0JO-K11;Długa;Półrękawek;;https://www.zalando.pl/blend-t-shirt-z-nadrukiem-dress-blues-bl522o0jo-k11.html;91;zalando.pl;"2026-04-17 11:59:32.76+00";"2026-04-17 11:59:33.726178+00"
2268;"Koszulki z krótkim rękawem (męskie)";"- Koszulka sportowa";"Nike Performance - Koszulka sportowa";109.00;PLN;30.00;159.00;"100% poliester";"100% poliester";;Slim;Dopasowany;;N1242D6YI-K15;Długa;"Krótki rękaw";;https://www.zalando.pl/nike-performance-top-koszulka-sportowa-blue-voidblackwhitepinksicle-n1242d6yi-k15.html;91;zalando.pl;"2026-04-17 11:59:03.134+00";"2026-04-17 11:59:03.257709+00"
2267;"Koszulki z krótkim rękawem (męskie)";"- Koszulka polo";"BONDELID - Koszulka polo";199.00;PLN;30.00;179.00;"100% bawełna";;"Kolor jednolity";Regular;Prosty;;BOX22Q019-K11;Standardowa;"Krótki rękaw";;https://www.zalando.pl/bondelid-koszulka-polo-navy-blazer-box22q019-k11.html;91;zalando.pl;"2026-04-17 11:58:40.962+00";"2026-04-17 11:58:41.101744+00"
2266;"Koszulki z krótkim rękawem (męskie)";"- Koszulka polo";"Pako Lorente - Koszulka polo";149.99;PLN;30.00;149.99;"97% bawełna, 3% elastan";;"Kolor jednolity";"Loose fit";Prosty;;P2X22O02B-J11;Standardowa;"Krótki rękaw";;https://www.zalando.pl/pako-lorente-koszulka-polo-jasnorozowy-p2x22o02b-j11.html;91;zalando.pl;"2026-04-17 11:58:05.843+00";"2026-04-17 11:58:05.987561+00"
2265;"Koszulki z krótkim rękawem (męskie)";"- Bluzka z długim rękawem";"PULL&amp;BEAR - Bluzka z długim rękawem";89.90;PLN;30.00;129.00;"100% bawełna";;"W paski";"Loose fit";Prosty;Okrągły;PUC22O2I0-J11;Standardowa;"Długi rękaw";;https://www.zalando.pl/pullandbear-bluzka-z-dlugim-rekawem-pink-puc22o2i0-j11.html;91;zalando.pl;"2026-04-17 11:57:39.733+00";"2026-04-17 11:57:39.892554+00"
2264;"Koszulki z krótkim rękawem (męskie)";"2PAC PRAYER - T-shirt z nadrukiem";"Mister Tee 2PAC PRAYER - T-shirt z nadrukiem";76.00;PLN;82.00;119.00;"100% bawełna";;Nadruk;Regular;;Okrągły;M0M22O012-A11;Standardowa;"Krótki rękaw";;https://www.zalando.pl/mister-tee-t-shirt-z-nadrukiem-white-m0m22o012-a11.html;91;zalando.pl;"2026-04-17 11:56:52.465+00";"2026-04-17 11:56:52.861837+00"
2263;"Koszulki z krótkim rękawem (męskie)";"GREEN DAY DOOKIE SKETCHED UP - T-shirt z nadrukiem";"Merchcode GREEN DAY DOOKIE SKETCHED UP - T-shirt z nadrukiem";82.00;PLN;82.00;119.00;"100% bawełna";"100% bawełna";Nadruk;Regular;Prosty;Okrągły;MEJ22O1RV-A11;Długa;"Krótki rękaw";;https://www.zalando.pl/merchcode-t-shirt-z-nadrukiem-white-mej22o1rv-a11.html;91;zalando.pl;"2026-04-17 11:56:07.244+00";"2026-04-17 11:56:07.395816+00"
2262;"Koszulki z krótkim rękawem (męskie)";"- T-shirt z nadrukiem";"Karl Lagerfeld Jeans - T-shirt z nadrukiem";233.00;PLN;259.00;;"100% bawełna";;Nadruk;Regular;Prosty;Okrągły;K3W22O03C-C11;Standardowa;"Krótki rękaw";;https://www.zalando.pl/karl-lagerfeld-jeans-reg-tee-t-shirt-z-nadrukiem-whitecap-grey-k3w22o03c-c11.html;91;zalando.pl;"2026-04-17 11:55:47.224+00";"2026-04-17 11:55:47.325511+00"
2261;"Koszulki z krótkim rękawem (męskie)";"- T-shirt basic";"U.S. Polo Assn. - T-shirt basic";81.99;PLN;125.00;;"100% bawełna";;"Kolor jednolity";Regular;Prosty;"Wycięcie typu V";US222O017-E13;Standardowa;"Krótki rękaw";;https://www.zalando.pl/us-polo-assn-cem-t-shirt-basic-wax-yellow-us222o017-e13.html;91;zalando.pl;"2026-04-17 11:54:55.69+00";"2026-04-17 11:54:55.813471+00"
2260;"Koszulki z krótkim rękawem (męskie)";"- T-shirt basic";"Only &amp; Sons - T-shirt basic";240.00;PLN;30.00;269.00;"100% bawełna";"100% bawełna";"Kolor jednolity";"Loose fit";Prosty;Okrągły;OS322O1IZ-T11;Standardowa;"Krótki rękaw";;https://www.zalando.pl/only-and-sons-3er-pack-t-shirt-basic-schwarz-schwarz-weiss-os322o1iz-t11.html;91;zalando.pl;"2026-04-17 11:54:03.654+00";"2026-04-17 11:54:03.755666+00"
2259;"Koszulki z krótkim rękawem (męskie)";"PAUL - Koszulka polo";"NN.07 PAUL - Koszulka polo";719.00;PLN;30.00;789.00;"100% bawełna";;"Kolor jednolity";Regular;Prosty;"Wycięcie typu V";NN922O03B-O11;Standardowa;"Krótki rękaw";;https://www.zalando.pl/nn07-paul-koszulka-polo-ivory-nn922o03b-o11.html;91;zalando.pl;"2026-04-17 11:53:38.41+00";"2026-04-17 11:53:38.522545+00"
2258;"Koszulki z krótkim rękawem (męskie)";"- T-shirt basic";"Guess Jeans - T-shirt basic";159.00;PLN;30.00;59.00;"100% bawełna";;Nadruk;Regular;Prosty;Okrągły;G8522O002-Q11;Standardowa;"Krótki rękaw";;https://www.zalando.pl/guess-jeans-slim-american-tee-t-shirt-z-nadrukiem-jet-black-g8522o002-q11.html;91;zalando.pl;"2026-04-17 11:53:16.163+00";"2026-04-17 11:53:16.470003+00"
2257;"Koszulki z krótkim rękawem (męskie)";"- T-shirt z nadrukiem";"Mister Tee - T-shirt z nadrukiem";61.00;PLN;79.00;;"100% bawełna";;Nadruk;"Loose fit";Prosty;Okrągły;M0M22O1QD-A11;Długa;"Krótki rękaw";;https://www.zalando.pl/mister-tee-t-shirt-z-nadrukiem-white-m0m22o1qd-a11.html;90;zalando.pl;"2026-04-17 11:52:37.026+00";"2026-04-17 11:52:37.271124+00"
2256;"Koszulki z krótkim rękawem (męskie)";"- T-shirt z nadrukiem";"Henry Tiger - T-shirt z nadrukiem";99.99;PLN;;;"100% bawełna";;Nadruk;Regular;Prosty;Okrągły;H3A22O7AM-Q11;Standardowa;"Krótki rękaw";;https://www.zalando.pl/henry-tiger-t-shirt-z-nadrukiem-black-h3a22o7am-q11.html;90;zalando.pl;"2026-04-17 11:51:57.025+00";"2026-04-17 11:51:57.125887+00"
2255;"Koszulki z krótkim rękawem (męskie)";"- T-shirt z nadrukiem";"adidas Originals - T-shirt z nadrukiem";139.00;PLN;30.00;109.00;"100% bawełna";;"W paski";Regular;Prosty;Okrągły;ZZO3VNR04-K00;Standardowa;"Krótki rękaw";;https://www.zalando.pl/adidas-originals-tee-t-shirt-z-nadrukiem-victory-blue-bold-green-white-zzo3vnr04-k00.html;90;zalando.pl;"2026-04-17 11:51:07.746+00";"2026-04-17 11:51:07.855216+00"
2254;"Koszulki z krótkim rękawem (męskie)";"TRAIN CORE - T-shirt z nadrukiem";"EA7 Emporio Armani TRAIN CORE - T-shirt z nadrukiem";319.00;PLN;30.00;249.00;"100% bawełna";;;Regular;Prosty;Okrągły;EA742D084-K11;Standardowa;"Krótki rękaw";;https://www.zalando.pl/ea7-emporio-armani-train-core-tee-t-shirt-z-nadrukiem-blue-ea742d084-k11.html;90;zalando.pl;"2026-04-17 11:50:28.333+00";"2026-04-17 11:50:28.434356+00"
2253;"Koszulki z krótkim rękawem (męskie)";"- Koszulka polo";"Polo Club - Koszulka polo";213.00;PLN;255.00;;"100% bawełna";;"Kolor jednolity";Regular;Prosty;;POT22O03J-K13;Standardowa;"Krótki rękaw";;https://www.zalando.pl/polo-club-koszulka-polo-denim-blue-pot22o03j-k13.html;90;zalando.pl;"2026-04-17 11:49:47.351+00";"2026-04-17 11:49:47.452952+00"
2252;"Koszulki z krótkim rękawem (męskie)";"- T-shirt basic";"Fila - T-shirt basic";125.00;PLN;70.00;139.00;"100% poliester";;"Kolor jednolity";Regular;Prosty;Okrągły;1FI42D03V-G11;Standardowa;"Krótki rękaw";;https://www.zalando.pl/fila-logo-small-t-shirt-basic-red-1fi42d03v-g11.html;90;zalando.pl;"2026-04-17 11:49:05.854+00";"2026-04-17 11:49:06.16587+00"
2251;"Koszulki z krótkim rękawem (męskie)";"- Koszulka polo";"Lee - Koszulka polo";139.00;PLN;30.00;199.00;"100% bawełna";;"Kolor jednolity";Regular;Prosty;Okrągły;LE422O0BT-J11;Standardowa;"Krótki rękaw";;https://www.zalando.pl/lee-koszulka-polo-rosa-le422o0bt-j11.html;90;zalando.pl;"2026-04-17 11:48:32.648+00";"2026-04-17 11:48:32.752391+00"
2250;"Koszulki z krótkim rękawem (męskie)";"- T-shirt z nadrukiem";"Kidsuper - T-shirt z nadrukiem";103.00;PLN;103.00;229.00;"100% bawełna";;Nadruk;"Regular Fit";Prosty;Okrągły;K5G22O00A-A11;Standardowa;"Krótki rękaw";;https://www.zalando.pl/kidsuper-paint-palette-tee-t-shirt-z-nadrukiem-cream-k5g22o00a-a11.html;90;zalando.pl;"2026-04-17 11:47:51.066+00";"2026-04-17 11:47:51.223638+00"
2249;"Koszulki z krótkim rękawem (męskie)";"JONAS - Koszulka polo";"Won Hundred JONAS - Koszulka polo";899.00;PLN;30.00;809.00;"66% bawełna, 34% poliamid";;"Kolor jednolity";Regular;Prosty;;WO322Q024-Q11;Standardowa;"Krótki rękaw";;https://www.zalando.pl/won-hundred-jonas-koszulka-polo-black-wo322q024-q11.html;90;zalando.pl;"2026-04-17 11:47:17.855+00";"2026-04-17 11:47:17.954692+00"
2248;"Koszulki z krótkim rękawem (męskie)";"ELTON - T-shirt z nadrukiem";"Lonsdale ELTON - T-shirt z nadrukiem";119.00;PLN;30.00;159.00;"100% bawełna";;Nadruk;Regular;Prosty;Okrągły;L2G22O06H-K11;Standardowa;"Krótki rękaw";;https://www.zalando.pl/lonsdale-elton-t-shirt-z-nadrukiem-dark-navy-oxblood-ecru-l2g22o06h-k11.html;90;zalando.pl;"2026-04-17 11:46:38.436+00";"2026-04-17 11:46:38.548909+00"
2247;"Koszulki z krótkim rękawem (męskie)";"- Koszulka polo";"LERROS - Koszulka polo";334.00;PLN;372.00;;"60% bawełna, 40% poliester";;"Kolor jednolity";Regular;Prosty;"Wycięcie typu V";L7422O07G-K12;Standardowa;"Krótki rękaw";;https://www.zalando.pl/lerros-koszulka-polo-blau-schwarz-l7422o07g-k12.html;90;zalando.pl;"2026-04-17 11:46:02.166+00";"2026-04-17 11:46:02.320134+00"
2246;"Koszulki z krótkim rękawem (męskie)";"- T-shirt basic";"KARL LAGERFELD - T-shirt basic";387.00;PLN;30.00;449.00;"100% bawełna";;"Kolor jednolity";Regular;Prosty;Okrągły;K4822O0RJ-O11;Standardowa;"Krótki rękaw";;https://www.zalando.pl/karl-lagerfeld-bekleidung-655087-t-shirt-basic-camel-k4822o0rj-o11.html;90;zalando.pl;"2026-04-17 11:45:29.841+00";"2026-04-17 11:45:29.946076+00"
2245;"Koszulki z krótkim rękawem (męskie)";"- T-shirt z nadrukiem";"KARL LAGERFELD - T-shirt z nadrukiem";233.00;PLN;207.00;259.00;"100% bawełna";;Nadruk;Regular;Prosty;Okrągły;K4822O0NP-K12;Standardowa;"Krótki rękaw";;https://www.zalando.pl/karl-lagerfeld-crew-neck-t-shirt-z-nadrukiem-royal-k4822o0np-k12.html;90;zalando.pl;"2026-04-17 11:45:02.545+00";"2026-04-17 11:45:02.862643+00"
2244;"Koszulki z krótkim rękawem (męskie)";"- T-shirt basic";"s.Oliver - T-shirt basic";299.99;PLN;30.00;119.00;"70% bawełna, 30% jedwab";;"Kolor jednolity";Regular;Prosty;Okrągły;SO222Q130-K11;Standardowa;"Krótki rękaw";;https://www.zalando.pl/soliver-t-shirt-basic-navy-so222q130-k11.html;90;zalando.pl;"2026-04-17 11:44:35.425+00";"2026-04-17 11:44:35.52778+00"
2243;"Koszulki z krótkim rękawem (męskie)";"MICHAEL - T-shirt basic";"QUARTZ CO MICHAEL - T-shirt basic";144.00;PLN;144.00;359.00;"100% bawełna";;"Kolor jednolity";"Regular Fit";Prosty;Okrągły;QUU22O001-K11;Standardowa;"Krótki rękaw";;https://www.zalando.pl/quartz-co-michael-tee-t-shirt-basic-true-navy-quu22o001-k11.html;90;zalando.pl;"2026-04-17 11:43:57.968+00";"2026-04-17 11:43:58.118678+00"
2242;"Koszulki z krótkim rękawem (męskie)";"- Koszulka polo";"LIU JO - Koszulka polo";439.19;PLN;30.00;234.99;"60% bawełna, 30% wiskoza, 10% jedwab";;"Kolor jednolity";Regular;Prosty;;LI622Q03R-K11;Standardowa;"Krótki rękaw";;https://www.zalando.pl/liu-jo-koszulka-polo-blu-scuro-li622q03r-k11.html;90;zalando.pl;"2026-04-17 11:43:38.83+00";"2026-04-17 11:43:39.075053+00"
2241;"Koszulki z krótkim rękawem (męskie)";"- T-shirt z nadrukiem";"Versace - T-shirt z nadrukiem";1064.00;PLN;798.00;2659.00;"100% bawełna";;Nadruk;Regular;Prosty;Okrągły;1VE22O022-Q11;Standardowa;"Krótki rękaw";;https://www.zalando.pl/versace-edition-panther-print-t-shirt-z-nadrukiem-black-1ve22o022-q11.html;90;zalando.pl;"2026-04-17 11:42:47.395+00";"2026-04-17 11:42:47.614061+00"
2240;"Koszulki z krótkim rękawem (męskie)";"LYON - Koszulka polo";"Bogner LYON - Koszulka polo";1120.00;PLN;30.00;219.00;"54% bawełna, 23% wiskoza, 14% poliester, 6% jedwab, 3% kaszmir";;Melanż;Regular;Prosty;"Wycięcie typu V";BO722O03U-N11;Standardowa;"Krótki rękaw";;https://www.zalando.pl/bogner-koszulka-polo-oliv-gruen-bo722o03u-n11.html;90;zalando.pl;"2026-04-17 11:42:15.03+00";"2026-04-17 11:42:15.13432+00"
2239;"Koszulki z krótkim rękawem (męskie)";"- T-shirt z nadrukiem";"Annarr - T-shirt z nadrukiem";170.00;PLN;30.00;139.00;"100% bawełna";;Nadruk;"Loose fit";Prosty;Okrągły;AOS22O000-C11;Standardowa;Półrękawek;;https://www.zalando.pl/annarr-t-shirt-basic-castor-gray-aos22o000-c11.html;90;zalando.pl;"2026-04-17 11:41:36.264+00";"2026-04-17 11:41:36.460843+00"
2238;"Koszulki z krótkim rękawem (męskie)";"- T-shirt z nadrukiem";"Henry Tiger - T-shirt z nadrukiem";179.99;PLN;30.00;;"100% bawełna";;Nadruk;Regular;Prosty;Okrągły;H3A22O8C9-A11;Standardowa;"Krótki rękaw";;https://www.zalando.pl/henry-tiger-t-shirt-z-nadrukiem-white-h3a22o8c9-a11.html;90;zalando.pl;"2026-04-17 11:40:55.972+00";"2026-04-17 11:40:56.16081+00"
2237;"Koszulki z krótkim rękawem (męskie)";"- T-shirt z nadrukiem";"Element - T-shirt z nadrukiem";149.99;PLN;30.00;99.00;"100% bawełna";;Nadruk;Regular;Prosty;Okrągły;EL822O11R-B11;Standardowa;"Krótki rękaw";;https://www.zalando.pl/element-t-shirt-z-nadrukiem-teg-el822o11r-b11.html;90;zalando.pl;"2026-04-17 11:40:19.554+00";"2026-04-17 11:40:19.656122+00"
2236;"Koszulki z krótkim rękawem (męskie)";"SVFF SWEDEN TIRO - T-shirt z nadrukiem";"adidas Performance SVFF SWEDEN TIRO - T-shirt z nadrukiem";199.00;PLN;30.00;539.00;"90% bawełna, 10% elastan";;Nadruk;Regular;Prosty;Okrągły;AD542D66Y-K11;Długa;"Krótki rękaw";;https://www.zalando.pl/adidas-performance-svff-sweden-tiro-travel-tee-koszulka-reprezentacji-team-navy-blue-2-ad542d66y-k11.html;90;zalando.pl;"2026-04-17 11:39:36.076+00";"2026-04-17 11:39:36.244066+00"
2235;"Koszulki z krótkim rękawem (męskie)";"- T-shirt basic";"Tommy Jeans - T-shirt basic";134.00;PLN;149.00;;"100% bawełna";;"Kolor jednolity";Regular;Prosty;Okrągły;TOB22O0R3-K14;Standardowa;"Krótki rękaw";;https://www.zalando.pl/tommy-jeans-linear-logo-tee-t-shirt-z-nadrukiem-blue-twilight-tob22o0r3-k14.html;90;zalando.pl;"2026-04-17 11:38:52.133+00";"2026-04-17 11:38:52.23484+00"
2234;"Koszulki z krótkim rękawem (męskie)";"- T-shirt z nadrukiem";"Henry Tiger - T-shirt z nadrukiem";99.99;PLN;30.00;;"100% bawełna";;Nadruk;Regular;Prosty;Okrągły;H3A21DCUM-Q11;Standardowa;"Krótki rękaw";;https://www.zalando.pl/henry-tiger-t-shirt-z-nadrukiem-black-h3a21dcum-q11.html;90;zalando.pl;"2026-04-17 11:38:28.169+00";"2026-04-17 11:38:28.384295+00"
2233;"Koszulki z krótkim rękawem (męskie)";"- T-shirt z nadrukiem";"Carhartt WIP - T-shirt z nadrukiem";249.00;PLN;30.00;159.00;"100% bawełna";;Nadruk;"Loose fit";Prosty;Okrągły;C1422O10M-Q11;Standardowa;"Krótki rękaw";;https://www.zalando.pl/carhartt-wip-shattered-t-shirt-z-nadrukiem-black-c1422o10m-q11.html;89;zalando.pl;"2026-04-17 10:08:28.357+00";"2026-04-17 10:08:28.461157+00"
2232;"Koszulki z krótkim rękawem (męskie)";"- T-shirt z nadrukiem";"Henry Tiger - T-shirt z nadrukiem";109.99;PLN;30.00;179.00;"100% bawełna";"100% bawełna";Nadruk;Regular;Prosty;Okrągły;H3A22O8GH-B11;Standardowa;"Krótki rękaw";;https://www.zalando.pl/henry-tiger-t-shirt-z-nadrukiem-light-sand-h3a22o8gh-b11.html;89;zalando.pl;"2026-04-17 10:07:48.537+00";"2026-04-17 10:07:48.637608+00"
2231;"Koszulki z krótkim rękawem (męskie)";"- T-shirt basic";"AllSaints - T-shirt basic";203.34;PLN;305.00;;"100% bawełna";"100% bawełna";Melanż;Regular;Prosty;Okrągły;A0Q22O0UT-O11;Standardowa;"Krótki rękaw";;https://www.zalando.pl/allsaints-figure-ss-crew-t-shirt-basic-bitter-brown-a0q22o0ut-o11.html;89;zalando.pl;"2026-04-17 10:07:12.941+00";"2026-04-17 10:07:13.044425+00"
2230;"Koszulki z krótkim rękawem (męskie)";"NORSBRO - T-shirt basic";"Samsøe Samsøe NORSBRO - T-shirt basic";260.00;PLN;289.00;;"100% bawełna";;"Kolor jednolity";Regular;Prosty;Okrągły;SA322O03A-K11;Długa;"Krótki rękaw";;https://www.zalando.pl/samsoee-samsoee-norsbro-t-shirt-basic-sky-captain-sa322o03a-k11.html;89;zalando.pl;"2026-04-17 10:06:54.158+00";"2026-04-17 10:06:54.258769+00"
2229;"Koszulki z krótkim rękawem (męskie)";"- T-shirt basic";"GANT - T-shirt basic";179.00;PLN;199.00;;"100% bawełna";;Melanż;Regular;Prosty;Okrągły;GA322O06A-O12;Standardowa;"Krótki rękaw";;https://www.zalando.pl/gant-reg-shield-t-shirt-basic-hazelnut-melange-ga322o06a-o12.html;89;zalando.pl;"2026-04-17 10:06:30.263+00";"2026-04-17 10:06:30.370618+00"
2228;"Koszulki z krótkim rękawem (męskie)";"- T-shirt z nadrukiem";"Elias Rumelis - T-shirt z nadrukiem";217.00;PLN;199.00;399.00;"95% bawełna, 5% elastan";"95% bawełna, 5% elastan";Nadruk;"Loose fit";Prosty;Okrągły;E1M22O006-N11;Standardowa;"Krótki rękaw";;https://www.zalando.pl/elias-rumelis-t-shirt-z-nadrukiem-dark-khaki-e1m22o006-n11.html;89;zalando.pl;"2026-04-17 10:05:56.839+00";"2026-04-17 10:05:56.941307+00"
2227;"Koszulki z krótkim rękawem (męskie)";"- T-shirt basic";"Billabong - T-shirt basic";109.99;PLN;30.00;129.00;"100% bawełna";;"Kolor jednolity";Regular;Prosty;Okrągły;BI722O0NP-K21;Standardowa;"Krótki rękaw";;https://www.zalando.pl/billabong-arch-crew-ss-t-shirt-basic-bfw-bi722o0np-k21.html;89;zalando.pl;"2026-04-17 10:05:13.227+00";"2026-04-17 10:05:13.397041+00"
2226;"Koszulki z krótkim rękawem (męskie)";"D’ITALIA - T-shirt z nadrukiem";"Ellesse D’ITALIA - T-shirt z nadrukiem";148.75;PLN;30.00;99.00;"100% bawełna";"100% poliester";Nadruk;Regular;Prosty;Okrągły;EL922O0SA-A11;Standardowa;"Krótki rękaw";;https://www.zalando.pl/ellesse-t-shirt-z-nadrukiem-white-el922o0sa-a11.html;89;zalando.pl;"2026-04-17 10:04:50.667+00";"2026-04-17 10:04:50.768821+00"
2225;"Koszulki z krótkim rękawem (męskie)";"- T-shirt basic";"Next - T-shirt basic";376.00;PLN;30.00;289.00;"95% bawełna, 5% elastan";;"Kolor jednolity";Slim;Prosty;Okrągły;NX322O1P2-Q11;Standardowa;"Krótki rękaw";;https://www.zalando.pl/next-t-shirt-basic-black-white-navy-grey-nx322o1p2-q11.html;89;zalando.pl;"2026-04-17 10:04:20.023+00";"2026-04-17 10:04:20.164777+00"
2224;"Koszulki z krótkim rękawem (męskie)";"UNISEX - T-shirt z nadrukiem";"BLKVIS UNISEX - T-shirt z nadrukiem";112.00;PLN;82.00;149.00;"100% bawełna";;Melanż;"Loose fit";Prosty;Okrągły;BVT22O01F-B11;Długa;"Krótki rękaw";;https://www.zalando.pl/blkvis-unisex-t-shirt-z-nadrukiem-taffy-bvt22o01f-b11.html;89;zalando.pl;"2026-04-17 10:03:35.967+00";"2026-04-17 10:03:36.160544+00"
2223;"Koszulki z krótkim rękawem (męskie)";"- T-shirt basic";"Levi&#x27;s® Plus - T-shirt basic";109.00;PLN;30.00;199.00;"100% bawełna";;"Kolor jednolity";"Loose fit";Prosty;Okrągły;L0M22O00I-G14;Długa;"Krótki rękaw";;https://www.zalando.pl/levis-plus-big-original-tee-t-shirt-basic-roan-rouge-l0m22o00i-g14.html;89;zalando.pl;"2026-04-17 10:03:14.641+00";"2026-04-17 10:03:14.795643+00"
2222;"Koszulki z krótkim rękawem (męskie)";"- T-shirt z nadrukiem";"Diverse - T-shirt z nadrukiem";99.99;PLN;30.00;119.00;"100% bawełna";"100% bawełna";Nadruk;"Loose fit";Prosty;Okrągły;D8D22O0QB-B11;Standardowa;"Krótki rękaw";;https://www.zalando.pl/diverse-t-shirt-z-nadrukiem-bez-d8d22o0qb-b11.html;89;zalando.pl;"2026-04-17 10:02:48.136+00";"2026-04-17 10:02:48.276375+00"
2221;"Koszulki z krótkim rękawem (męskie)";"JERMANE 2-PACK - T-shirt basic";"Matinique JERMANE 2-PACK - T-shirt basic";183.20;PLN;151.83;229.00;"100% bawełna";"100% bawełna";"Kolor jednolity";Regular;Prosty;Okrągły;M6022O04E-A11;Standardowa;"Krótki rękaw";;https://www.zalando.pl/matinique-majermane-2-pack-t-shirt-basic-white-m6022o04e-a11.html;89;zalando.pl;"2026-04-17 10:02:21.051+00";"2026-04-17 10:02:21.180303+00"
2220;"Koszulki z krótkim rękawem (męskie)";"ACADEMY 23 - Koszulka polo";"Nike Performance ACADEMY 23 - Koszulka polo";189.99;PLN;30.00;299.00;"100% poliester";;"Kolor jednolity";Regular;Prosty;;N1242D5Y2-M11;Standardowa;"Krótki rękaw";;https://www.zalando.pl/nike-performance-academy-23-koszulka-polo-green-spark-lucky-green-white-n1242d5y2-m11.html;89;zalando.pl;"2026-04-17 10:01:39.654+00";"2026-04-17 10:01:39.79387+00"
2219;"Koszulki z krótkim rękawem (męskie)";"2 PACK - T-shirt basic";"Bamboo Basics 2 PACK - T-shirt basic";161.00;PLN;30.00;164.99;"68% wiskoza, 28% bawełna, 4% elastan";;"Kolor jednolity";Regular;;Okrągły;B2H22O001-A11;Standardowa;"Krótki rękaw";;https://www.zalando.pl/bamboo-basics-2-pack-t-shirt-basic-white-b2h22o001-a11.html;89;zalando.pl;"2026-04-17 10:00:54.34+00";"2026-04-17 10:00:54.494814+00"
2218;"Koszulki z krótkim rękawem (męskie)";"- T-shirt z nadrukiem";"Henry Tiger - T-shirt z nadrukiem";169.99;PLN;;;"100% bawełna";;Nadruk;Regular;Prosty;Okrągły;H3A22O8DF-Q11;Standardowa;"Krótki rękaw";;https://www.zalando.pl/henry-tiger-star-wars-classic-empire-grunge-t-shirt-z-nadrukiem-black-h3a22o8df-q11.html;89;zalando.pl;"2026-04-17 10:00:22.827+00";"2026-04-17 10:00:22.929755+00"
2217;"Koszulki z krótkim rękawem (męskie)";"- T-shirt basic";"Polo Ralph Lauren Big &amp; Tall - T-shirt basic";469.00;PLN;30.00;649.00;"100% bawełna";;"Kolor jednolity";Regular;Prosty;Okrągły;P6222O046-K11;Standardowa;"Krótki rękaw";;https://www.zalando.pl/polo-ralph-lauren-big-and-tall-logo-jersey-t-shirt-t-shirt-basic-black-p6222o046-k11.html;89;zalando.pl;"2026-04-17 09:59:40.131+00";"2026-04-17 09:59:40.234099+00"
2216;"Koszulki z krótkim rękawem (męskie)";"- T-shirt z nadrukiem";"Marc O&#x27;Polo - T-shirt z nadrukiem";179.00;PLN;30.00;229.00;"100% bawełna";;Nadruk;Regular;Prosty;Okrągły;MA322O0T5-K11;Standardowa;"Krótki rękaw";;https://www.zalando.pl/marc-opolo-short-sleeve-seasonal-artwork-t-shirt-z-nadrukiem-waikawa-blue-ma322o0t5-k11.html;89;zalando.pl;"2026-04-17 09:59:09.144+00";"2026-04-17 09:59:09.249146+00"
2215;"Koszulki z krótkim rękawem (męskie)";"- Koszulka polo";"Brooks Brothers - Koszulka polo";465.00;PLN;30.00;149.99;"100% bawełna";"100% bawełna";"Kolor jednolity";Regular;Prosty;;BK422O02J-J11;Standardowa;"Krótki rękaw";;https://www.zalando.pl/brooks-brothers-koszulka-polo-light-pink-bk422o02j-j11.html;89;zalando.pl;"2026-04-17 09:58:17.264+00";"2026-04-17 09:58:17.366155+00"
2214;"Koszulki z krótkim rękawem (męskie)";"- Koszulka polo";"Blend - Koszulka polo";169.00;PLN;30.00;129.00;"100% bawełna";;"Kolor jednolity";Regular;Prosty;;BL522O0KP-B11;Standardowa;"Krótki rękaw";;https://www.zalando.pl/blend-bhfable-koszulka-polo-crockery-bl522o0kp-b11.html;89;zalando.pl;"2026-04-17 09:57:43.366+00";"2026-04-17 09:57:43.68024+00"
2213;"Koszulki z krótkim rękawem (męskie)";"- T-shirt z nadrukiem";"s.Oliver - T-shirt z nadrukiem";69.99;PLN;30.00;99.00;"100% bawełna";;Nadruk;Regular;Prosty;Okrągły;SO222O2DM-L11;Standardowa;"Krótki rękaw";;https://www.zalando.pl/soliver-t-shirt-z-nadrukiem-tuerkis-so222o2dm-l11.html;89;zalando.pl;"2026-04-17 09:57:21.561+00";"2026-04-17 09:57:21.800927+00"
2212;"Koszulki z krótkim rękawem (męskie)";"- T-shirt z nadrukiem";"ARKK Copenhagen - T-shirt z nadrukiem";249.00;PLN;30.00;109.00;"100% bawełna";;Nadruk;Regular;Prosty;Okrągły;ARG21002X-C11;Standardowa;"Krótki rękaw";;https://www.zalando.pl/arkk-copenhagen-t-shirt-z-nadrukiem-grey-arg21002x-c11.html;89;zalando.pl;"2026-04-17 09:56:57.93+00";"2026-04-17 09:56:58.042029+00"
2211;"Koszulki z krótkim rękawem (męskie)";"JOIN LIFE - T-shirt basic";"PULL&amp;BEAR JOIN LIFE - T-shirt basic";45.90;PLN;30.00;139.00;"100% bawełna";;"Kolor jednolity";"Loose fit";Prosty;Okrągły;PUC22O1DL-K16;Standardowa;"Krótki rękaw";;https://www.zalando.pl/pullandbear-join-life-t-shirt-basic-mottled-royal-blue-puc22o1dl-k16.html;88;zalando.pl;"2026-04-17 09:55:32.154+00";"2026-04-17 09:55:32.255852+00"
2210;"Koszulki z krótkim rękawem (męskie)";"- Koszulka polo";"Felix Hardy - Koszulka polo";125.00;PLN;169.00;;"100% bawełna";"100% bawełna";"Kolor jednolity";Regular;Prosty;;FEN22O01U-M11;Standardowa;"Krótki rękaw";;https://www.zalando.pl/felix-hardy-koszulka-polo-mint-fen22o01u-m11.html;88;zalando.pl;"2026-04-17 09:55:10.239+00";"2026-04-17 09:55:10.571032+00"
2209;"Koszulki z krótkim rękawem (męskie)";"- T-shirt basic";"Bomboogie - T-shirt basic";204.00;PLN;30.00;139.00;"100% bawełna";;Melanż;Regular;Prosty;Okrągły;BO622O01H-K11;Standardowa;"Krótki rękaw";;https://www.zalando.pl/bomboogie-bekleidung-round-t-shirt-basic-blue-marlin-faded-tm7905jep6-246f-bo622o01h-k11.html;88;zalando.pl;"2026-04-17 09:54:41.024+00";"2026-04-17 09:54:41.126843+00"
2208;"Koszulki z krótkim rękawem (męskie)";"- T-shirt z nadrukiem";"Reichstadt - T-shirt z nadrukiem";199.90;PLN;224.90;;"100% bawełna";;"Kolor jednolity";"Loose fit";Prosty;Okrągły;R7322O013-N11;Długa;Półrękawek;;https://www.zalando.pl/reichstadt-t-shirt-basic-khaki-r7322o013-n11.html;88;zalando.pl;"2026-04-17 09:54:08.951+00";"2026-04-17 09:54:09.055137+00"
2207;"Koszulki z krótkim rękawem (męskie)";"JACKO - T-shirt basic";"Pepe Jeans JACKO - T-shirt basic";135.00;PLN;30.00;126.56;"100% bawełna";;"Kolor jednolity";Regular;Prosty;Okrągły;PE122O0I2-M15;Standardowa;"Krótki rękaw";;https://www.zalando.pl/pepe-jeans-jacko-t-shirt-basic-woods-green-pe122o0i2-m15.html;88;zalando.pl;"2026-04-17 09:53:21.164+00";"2026-04-17 09:53:21.34932+00"
2206;"Koszulki z krótkim rękawem (męskie)";"- Koszulka polo";"FINSHLEY &amp; HARDING - Koszulka polo";179.95;PLN;30.00;239.00;"58% bawełna, 38% poliester, 4% elastan";;"W paski";Regular;Prosty;;FIU22O00S-K11;Standardowa;"Krótki rękaw";;https://www.zalando.pl/finshley-and-harding-koszulka-polo-indigoecru-fiu22o00s-k11.html;88;zalando.pl;"2026-04-17 09:52:57.522+00";"2026-04-17 09:52:57.787236+00"
2205;"Koszulki z krótkim rękawem (męskie)";"- T-shirt z nadrukiem";"Only &amp; Sons - T-shirt z nadrukiem";109.00;PLN;30.00;229.99;"100% bawełna";;Nadruk;Regular;Prosty;Okrągły;OS322O1JE-I11;Standardowa;"Krótki rękaw";;https://www.zalando.pl/only-and-sons-onsfrank-tee-t-shirt-z-nadrukiem-lavender-gray-os322o1je-i11.html;88;zalando.pl;"2026-04-17 09:52:24.332+00";"2026-04-17 09:52:24.444487+00"
2204;"Koszulki z krótkim rękawem (męskie)";"- T-shirt z nadrukiem";"Henry Tiger - T-shirt z nadrukiem";99.99;PLN;30.00;559.00;"100% bawełna";;Nadruk;Regular;Prosty;Okrągły;H3A2103AW-A11;Standardowa;"Krótki rękaw";;https://www.zalando.pl/henry-tiger-t-shirt-z-nadrukiem-white-h3a2103aw-a11.html;88;zalando.pl;"2026-04-17 09:51:40.233+00";"2026-04-17 09:51:40.33613+00"
2203;"Koszulki z krótkim rękawem (męskie)";"UNISEX - T-shirt basic";"Wasted Paris UNISEX - T-shirt basic";161.00;PLN;116.00;179.00;"100% bawełna";;"Kolor jednolity";Nadwymiarowy;Prosty;Okrągły;WAT2100IO-Q11;Standardowa;"Krótki rękaw";;https://www.zalando.pl/wasted-paris-pusher-boxy-unisex-t-shirt-basic-black-wat2100io-q11.html;88;zalando.pl;"2026-04-17 09:50:57.641+00";"2026-04-17 09:50:57.871679+00"
2202;"Koszulki z krótkim rękawem (męskie)";"UNISEX - T-shirt basic";"YOURTURN UNISEX - T-shirt basic";79.00;PLN;30.00;119.00;"100% bawełna";;Gradientowy;"Loose fit";Prosty;Okrągły;YO121028Y-O11;Standardowa;Półrękawek;;https://www.zalando.pl/yourturn-unisex-t-shirt-z-nadrukiem-brown-yo121028y-o11.html;88;zalando.pl;"2026-04-17 09:50:31.222+00";"2026-04-17 09:50:31.472452+00"
2201;"Koszulki z krótkim rękawem (męskie)";"- T-shirt basic";"American Vintage - T-shirt basic";260.00;PLN;30.00;139.00;"100% bawełna";;"Kolor jednolity";Regular;Prosty;Okrągły;AM222O01Y-K11;Standardowa;"Krótki rękaw";;https://www.zalando.pl/american-vintage-ykobow-t-shirt-basic-azur-am222o01y-k11.html;88;zalando.pl;"2026-04-17 09:49:43.738+00";"2026-04-17 09:49:44.00207+00"
2200;"Koszulki z krótkim rękawem (męskie)";"SCI-FI - T-shirt z nadrukiem";"Rivvia Projects SCI-FI - T-shirt z nadrukiem";169.00;PLN;30.00;169.00;"100% bawełna";;Nadruk;Regular;Prosty;Okrągły;RCM22O00O-Q11;Standardowa;"Krótki rękaw";;https://www.zalando.pl/rivvia-projects-sci-fi-t-shirt-z-nadrukiem-black-rcm22o00o-q11.html;88;zalando.pl;"2026-04-17 09:49:12.731+00";"2026-04-17 09:49:12.834932+00"
2199;"Koszulki z krótkim rękawem (męskie)";"- T-shirt basic";"Umbro - T-shirt basic";110.00;PLN;110.00;219.00;"100% bawełna";;"Kolor jednolity";"Loose fit";Prosty;;UM142D0AM-C11;Standardowa;Półrękawek;;https://www.zalando.pl/umbro-washed-high-neck-boxy-tee-t-shirt-basic-harbor-mist-um142d0am-c11.html;88;zalando.pl;"2026-04-17 09:48:29.591+00";"2026-04-17 09:48:29.723066+00"
2198;"Koszulki z krótkim rękawem (męskie)";"- T-shirt basic";"Marc O&#x27;Polo - T-shirt basic";168.49;PLN;30.00;149.00;"97% bawełna, 3% elastan";;"Kolor jednolity";Regular;Prosty;"Typu Henley";MA322O0UQ-Q11;Standardowa;"Krótki rękaw";;https://www.zalando.pl/marc-opolo-t-shirt-basic-black-ma322o0uq-q11.html;88;zalando.pl;"2026-04-17 09:47:46.731+00";"2026-04-17 09:47:46.864899+00"
2197;"Koszulki z krótkim rękawem (męskie)";"ELVERUM - Koszulka polo";"Casual Friday ELVERUM - Koszulka polo";259.00;PLN;30.00;169.00;"100% bawełna";;"Kolor jednolity";Regular;Prosty;"Wycięcie typu V";C1A22O04I-A11;Standardowa;"Krótki rękaw";;https://www.zalando.pl/casual-friday-koszulka-polo-marshmallow-c1a22o04i-a11.html;88;zalando.pl;"2026-04-17 09:47:25.636+00";"2026-04-17 09:47:25.772357+00"
2196;"Koszulki z krótkim rękawem (męskie)";"- T-shirt basic";"OCHNIK - T-shirt basic";54.90;PLN;79.90;;"95% bawełna, 5% elastan";;"Kolor jednolity";"Regular Fit";Prosty;"Wycięcie typu V";OC922O00G-K11;Standardowa;"Krótki rękaw";;https://www.zalando.pl/ochnik-t-shirt-basic-dark-blue-oc922o00g-k11.html;88;zalando.pl;"2026-04-17 09:46:44.647+00";"2026-04-17 09:46:44.751843+00"
2195;"Koszulki z krótkim rękawem (męskie)";"- T-shirt z nadrukiem";"Pepe Jeans - T-shirt z nadrukiem";159.00;PLN;30.00;84.00;"100% bawełna";"100% bawełna";"W paski";Regular;Prosty;Okrągły;PE122O0S2-K11;Standardowa;"Krótki rękaw";;https://www.zalando.pl/pepe-jeans-basic-jacko-stripes-t-shirt-z-nadrukiem-washed-navy-blue-pe122o0s2-k11.html;88;zalando.pl;"2026-04-17 09:45:57.853+00";"2026-04-17 09:45:57.952597+00"
2194;"Koszulki z krótkim rękawem (męskie)";"UNISEX - T-shirt z nadrukiem";"YOURTURN UNISEX - T-shirt z nadrukiem";84.00;PLN;30.00;89.00;"100% bawełna";;"W paski";"Loose fit";Prosty;Okrągły;YO121028I-Q11;Długa;"Krótki rękaw";;https://www.zalando.pl/yourturn-unisex-t-shirt-z-nadrukiem-blackoatmeal-yo121028i-q11.html;88;zalando.pl;"2026-04-17 09:45:35.554+00";"2026-04-17 09:45:35.900933+00"
2193;"Koszulki z krótkim rękawem (męskie)";"UNISEX - T-shirt z nadrukiem";"Tommy Jeans UNISEX - T-shirt z nadrukiem";70.00;PLN;70.00;199.00;"100% bawełna";;Melanż;"Regular Fit";Prosty;Okrągły;TOB2100G9-B11;Standardowa;"Krótki rękaw";;https://www.zalando.pl/tommy-jeans-pop-crest-tee-unisex-t-shirt-z-nadrukiem-oat-marl-heather-tob2100g9-b11.html;88;zalando.pl;"2026-04-17 09:45:10.847+00";"2026-04-17 09:45:10.95451+00"
2192;"Koszulki z krótkim rękawem (męskie)";"EDIN - Koszulka polo";"Blend EDIN - Koszulka polo";89.00;PLN;30.00;139.00;"100% bawełna";;"Kolor jednolity";Regular;Prosty;;BL522O0JW-Q11;Standardowa;"Krótki rękaw";;https://www.zalando.pl/blend-koszulka-polo-black-beauty-bl522o0jw-q11.html;88;zalando.pl;"2026-04-17 09:44:26.971+00";"2026-04-17 09:44:27.239778+00"
2191;"Koszulki z krótkim rękawem (męskie)";"THROW UP - T-shirt z nadrukiem";"Henry Tiger THROW UP - T-shirt z nadrukiem";179.99;PLN;30.00;559.00;"100% bawełna";;Nadruk;Regular;Prosty;Okrągły;H3A22O8CE-J11;Standardowa;"Krótki rękaw";;https://www.zalando.pl/henry-tiger-basketball-throw-up-t-shirt-z-nadrukiem-cotton-pink-h3a22o8ce-j11.html;88;zalando.pl;"2026-04-17 09:44:03.547+00";"2026-04-17 09:44:03.724641+00"
2190;"Koszulki z krótkim rękawem (męskie)";"- T-shirt z nadrukiem";"Quiksilver - T-shirt z nadrukiem";169.99;PLN;30.00;159.00;"100% bawełna";;Nadruk;"Loose fit";Prosty;Okrągły;QU122O163-A11;Długa;"Krótki rękaw";;https://www.zalando.pl/quiksilver-upside-down-t-shirt-z-nadrukiem-wbb-qu122o163-a11.html;87;zalando.pl;"2026-04-17 08:31:59.757+00";"2026-04-17 08:31:59.858375+00"
2189;"Koszulki z krótkim rękawem (męskie)";"POKEMON - T-shirt z nadrukiem";"Next POKEMON - T-shirt z nadrukiem";169.00;PLN;30.00;79.00;"100% bawełna";;Nadruk;Regular;Prosty;Okrągły;NX322O1RS-A11;Standardowa;"Krótki rękaw";;https://www.zalando.pl/next-regular-fit-japanese-pokemon-t-shirt-z-nadrukiem-white-nx322o1rs-a11.html;87;zalando.pl;"2026-04-17 08:31:38.552+00";"2026-04-17 08:31:38.652674+00"
2188;"Koszulki z krótkim rękawem (męskie)";"UNISEX - T-shirt z nadrukiem";"Calvin Klein Jeans UNISEX - T-shirt z nadrukiem";206.00;PLN;115.00;229.00;"100% bawełna";;"Kolor jednolity";"Loose fit";Prosty;Okrągły;C18210213-Q11;Standardowa;"Krótki rękaw";;https://www.zalando.pl/calvin-klein-jeans-easy-collegiate-badge-tee-t-shirt-basic-black-c18210213-q11.html;87;zalando.pl;"2026-04-17 08:31:08.632+00";"2026-04-17 08:31:08.732742+00"
2187;"Koszulki z krótkim rękawem (męskie)";"- Koszulka sportowa";"Karma8a - Koszulka sportowa";126.00;PLN;126.00;279.00;"100% poliester";;"Kolor jednolity";Regular;Prosty;Okrągły;K5Q42D006-O11;Standardowa;"Krótki rękaw";;https://www.zalando.pl/karma8a-real-fastdry-tee-koszulka-sportowa-brown-k5q42d006-o11.html;87;zalando.pl;"2026-04-17 08:30:11.452+00";"2026-04-17 08:30:19.488874+00"
2186;"Koszulki z krótkim rękawem (męskie)";"KLEINES - T-shirt z nadrukiem";"Guess KLEINES - T-shirt z nadrukiem";154.95;PLN;30.00;179.00;"100% bawełna";;Nadruk;Regular;Prosty;Okrągły;GU122O1KK-Q11;Standardowa;"Krótki rękaw";;https://www.zalando.pl/guess-kleines-logo-t-shirt-z-nadrukiem-schwarz-gu122o1kk-q11.html;87;zalando.pl;"2026-04-17 08:29:34.746+00";"2026-04-17 08:29:34.847434+00"
2185;"Koszulki z krótkim rękawem (męskie)";"ESSENTIAL - T-shirt basic";"Next ESSENTIAL - T-shirt basic";52.00;PLN;30.00;119.00;"100% bawełna";;"Kolor jednolity";Regular;Prosty;Okrągły;NX322O13N-B16;Standardowa;"Krótki rękaw";;https://www.zalando.pl/next-essential-crew-neck-regular-fit-t-shirt-basic-neutral-nx322o13n-b16.html;87;zalando.pl;"2026-04-17 08:29:12.677+00";"2026-04-17 08:29:13.077573+00"
2184;"Koszulki z krótkim rękawem (męskie)";"- Koszulka polo";"LERROS - Koszulka polo";334.00;PLN;372.00;;"60% bawełna, 40% poliester";;"Kolor jednolity";Regular;Prosty;;L7422O07D-L11;Standardowa;"Krótki rękaw";;https://www.zalando.pl/lerros-3pack-koszulka-polo-weisstuerkis-l7422o07d-l11.html;87;zalando.pl;"2026-04-17 08:28:36.634+00";"2026-04-17 08:28:36.740224+00"
2183;"Koszulki z krótkim rękawem (męskie)";"UNISEX - T-shirt z nadrukiem";"Nike Sportswear UNISEX - T-shirt z nadrukiem";229.00;PLN;30.00;159.00;"100% bawełna";;Nadruk;"Loose fit";Prosty;Okrągły;NI122O19E-C12;Długa;Półrękawek;;https://www.zalando.pl/nike-sportswear-solo-tee-unisex-t-shirt-z-nadrukiem-mint-ni122o19e-c12.html;87;zalando.pl;"2026-04-17 08:28:00.316+00";"2026-04-17 08:28:00.424648+00"
2182;"Koszulki z krótkim rękawem (męskie)";"UNISEX - Top";"YOURTURN UNISEX - Top";43.00;PLN;40.00;79.00;"100% bawełna";;"Kolor jednolity";Nadwymiarowy;Prosty;Okrągły;YO12100WW-B11;Standardowa;"Bardzo krótki rękawek";;https://www.zalando.pl/yourturn-unisex-2-pack-top-beigedark-blue-yo12100ww-b11.html;87;zalando.pl;"2026-04-17 08:27:13.738+00";"2026-04-17 08:27:13.884378+00"
2181;"Koszulki z krótkim rękawem (męskie)";"FQEMIL - T-shirt z nadrukiem";"FQ1924 FQEMIL - T-shirt z nadrukiem";64.00;PLN;139.00;;"100% bawełna";;Nadruk;Regular;Prosty;Okrągły;FQ122O00M-K11;Standardowa;"Krótki rękaw";;https://www.zalando.pl/fq1924-t-shirt-z-nadrukiem-dark-denim-fq122o00m-k11.html;87;zalando.pl;"2026-04-17 08:26:44.172+00";"2026-04-17 08:26:44.289923+00"
2180;"Koszulki z krótkim rękawem (męskie)";"BHEDINGTON - Koszulka polo";"Blend BHEDINGTON - Koszulka polo";109.00;PLN;30.00;179.00;"100% bawełna";;"Kolor jednolity";Regular;Prosty;"Typu Henley";BL522P02H-K12;Standardowa;"Krótki rękaw";;https://www.zalando.pl/blend-koszulka-polo-dress-blues-bl522p02h-k12.html;87;zalando.pl;"2026-04-17 08:26:04.066+00";"2026-04-17 08:26:04.165215+00"
2179;"Koszulki z krótkim rękawem (męskie)";"- T-shirt z nadrukiem";"Michael Kors - T-shirt z nadrukiem";278.00;PLN;201.00;309.00;"100% bawełna";;Nadruk;Regular;Prosty;Okrągły;1MI22O08O-Q11;Standardowa;"Krótki rękaw";;https://www.zalando.pl/michael-kors-flagship-tee-t-shirt-z-nadrukiem-black-1mi22o08o-q11.html;87;zalando.pl;"2026-04-17 08:25:19.134+00";"2026-04-17 08:25:19.290058+00"
2178;"Koszulki z krótkim rękawem (męskie)";"- T-shirt z nadrukiem";"GAP - T-shirt z nadrukiem";64.00;PLN;30.00;69.00;"100% bawełna";;Nadruk;;;Okrągły;GP022O0AP-M13;Standardowa;"Krótki rękaw";;https://www.zalando.pl/gap-everyday-soft-basic-logo-t-shirt-z-nadrukiem-holiday-green-gp022o0ap-m13.html;87;zalando.pl;"2026-04-17 08:24:38.223+00";"2026-04-17 08:24:38.359893+00"
2177;"Koszulki z krótkim rękawem (męskie)";"- T-shirt z nadrukiem";"Jack &amp; Jones - T-shirt z nadrukiem";74.99;PLN;30.00;79.00;"100% bawełna";;Nadruk;Regular;Prosty;Okrągły;JA222O6OO-A11;Standardowa;"Krótki rękaw";;https://www.zalando.pl/jack-and-jones-t-shirt-z-nadrukiem-white-ja222o6oo-a11.html;87;zalando.pl;"2026-04-17 08:23:58.166+00";"2026-04-17 08:23:58.315999+00"
2176;"Koszulki z krótkim rękawem (męskie)";"- T-shirt z nadrukiem";"camel active - T-shirt z nadrukiem";139.95;PLN;30.00;105.00;"100% bawełna";;Nadruk;Regular;Prosty;Okrągły;CA522O08E-K11;Standardowa;"Krótki rękaw";;https://www.zalando.pl/camel-active-t-shirt-z-nadrukiem-lyons-blue-ca522o08e-k11.html;87;zalando.pl;"2026-04-17 08:23:36.027+00";"2026-04-17 08:23:36.160733+00"
2175;"Koszulki z krótkim rękawem (męskie)";"- T-shirt z nadrukiem";"Trendsplant - T-shirt z nadrukiem";209.50;PLN;30.00;119.00;"100% bawełna";;Nadruk;Regular;Prosty;Okrągły;T6H22O01F-K11;Standardowa;"Krótki rękaw";;https://www.zalando.pl/trendsplant-sant-miquel-t-shirt-z-nadrukiem-navy-blue-t6h22o01f-k11.html;87;zalando.pl;"2026-04-17 08:22:45.338+00";"2026-04-17 08:22:45.439444+00"
2174;"Koszulki z krótkim rękawem (męskie)";"2 PACK - Top";"Jordan 2 PACK - Top";149.00;PLN;30.00;79.00;"95% bawełna, 5% elastan";;"Kolor jednolity";Skinny;"Dopasowanie do figury";"Okrągły, głęboko wycięty";JOC42D08G-A11;Długa;"Bez rękawów";;https://www.zalando.pl/jordan-flight-base-tank-2-pack-top-white-joc42d08g-a11.html;87;zalando.pl;"2026-04-17 08:22:19.539+00";"2026-04-17 08:22:19.653437+00"
2173;"Koszulki z krótkim rękawem (męskie)";"- Koszulka polo";"FROM FUTURE - Koszulka polo";265.00;PLN;238.00;529.00;"100% wełna";;"Kolor jednolity";"Regular Fit";Prosty;;F8A22Q00G-A11;Standardowa;"Krótki rękaw";;https://www.zalando.pl/from-future-zippe-koszulka-polo-light-beige-f8a22q00g-a11.html;86;zalando.pl;"2026-04-17 08:21:18.621+00";"2026-04-17 08:21:18.72483+00"
2172;"Koszulki z krótkim rękawem (męskie)";"JPRBLUALFRED - T-shirt z nadrukiem";"Jack &amp; Jones PREMIUM JPRBLUALFRED - T-shirt z nadrukiem";71.00;PLN;58.00;89.00;"100% bawełna";;Nadruk;"Regular Fit";Prosty;Okrągły;JAM22O0FN-C11;Standardowa;"Krótki rękaw";;https://www.zalando.pl/jack-and-jones-premium-jprblualfred-tee-t-shirt-z-nadrukiem-drizzle-jam22o0fn-c11.html;86;zalando.pl;"2026-04-17 08:20:57.248+00";"2026-04-17 08:20:57.348225+00"
2171;"Koszulki z krótkim rękawem (męskie)";"SDBEDO - T-shirt basic";"Solid SDBEDO - T-shirt basic";89.00;PLN;30.00;79.00;"60% bawełna, 40% poliester";;Nadruk;Regular;Prosty;"Wycięcie typu V";SO422O05K-C14;Standardowa;"Długi rękaw";;https://www.zalando.pl/solid-sdbedo-t-shirt-basic-grey-denim-so422o05k-c14.html;86;zalando.pl;"2026-04-17 08:20:35.252+00";"2026-04-17 08:20:35.484035+00"
2170;"Koszulki z krótkim rękawem (męskie)";"- T-shirt z nadrukiem";"Jack &amp; Jones PREMIUM - T-shirt z nadrukiem";89.99;PLN;30.00;69.00;"100% bawełna";;"Kolor jednolity";Regular;Prosty;Okrągły;JAM22O0G7-K11;Standardowa;"Krótki rękaw";;https://www.zalando.pl/jack-and-jones-premium-t-shirt-z-nadrukiem-navy-blazer-jam22o0g7-k11.html;86;zalando.pl;"2026-04-17 08:19:43.137+00";"2026-04-17 08:19:43.372137+00"
2169;"Koszulki z krótkim rękawem (męskie)";"- T-shirt z nadrukiem";"Henry Tiger - T-shirt z nadrukiem";99.99;PLN;;;"100% bawełna";;Nadruk;Regular;Prosty;Okrągły;H3A22O7AN-Q11;Standardowa;"Krótki rękaw";;https://www.zalando.pl/henry-tiger-t-shirt-z-nadrukiem-black-h3a22o7an-q11.html;86;zalando.pl;"2026-04-17 08:19:09.221+00";"2026-04-17 08:19:09.320367+00"
2168;"Koszulki z krótkim rękawem (męskie)";"LIVERPOOL FC 25/26 COMPETITION - Artykuły klubowe";"adidas Performance LIVERPOOL FC 25/26 COMPETITION - Artykuły klubowe";220.00;PLN;305.00;339.00;"100% poliester";;Nadruk;Regular;Dopasowany;;AD542D622-G11;Długa;"Bardzo długi rękaw";;https://www.zalando.pl/adidas-performance-liverpool-fc-2526-competition-training-top-bluzka-z-dlugim-rekawem-strawberry-red-ad542d622-g11.html;86;zalando.pl;"2026-04-17 08:18:21.17+00";"2026-04-17 08:18:21.319552+00"
2167;"Koszulki z krótkim rękawem (męskie)";"- T-shirt z nadrukiem";"TWO SOON - T-shirt z nadrukiem";104.99;PLN;30.00;99.00;"100% bawełna";;Nadruk;Regular;Prosty;Okrągły;TWS22O007-Q12;Standardowa;"Krótki rękaw";;https://www.zalando.pl/two-soon-two-soon-2-pack-t-shirt-z-nadrukiem-black-tws22o007-q12.html;86;zalando.pl;"2026-04-17 08:17:58.354+00";"2026-04-17 08:17:58.456808+00"
2166;"Koszulki z krótkim rękawem (męskie)";"JJEPAULOS - T-shirt basic";"Jack &amp; Jones JJEPAULOS - T-shirt basic";98.00;PLN;109.00;;"100% bawełna";;Melanż;Regular;Prosty;Okrągły;JA222O6ML-C12;Standardowa;"Krótki rękaw";;https://www.zalando.pl/jack-and-jones-jjepaulos-tee-crew-neck-2-pack-t-shirt-basic-dark-grey-melangedenim-blue-ja222o6ml-c12.html;86;zalando.pl;"2026-04-17 08:17:22.821+00";"2026-04-17 08:17:22.919519+00"
2165;"Koszulki z krótkim rękawem (męskie)";"- T-shirt z nadrukiem";"Henry Tiger - T-shirt z nadrukiem";99.99;PLN;;;"100% bawełna";;Nadruk;Regular;Prosty;Okrągły;H3A21039K-Q11;Standardowa;"Krótki rękaw";;https://www.zalando.pl/henry-tiger-music-listen-to-hip-hop-t-shirt-z-nadrukiem-black-h3a21039k-q11.html;86;zalando.pl;"2026-04-17 08:16:48.353+00";"2026-04-17 08:16:48.457974+00"
2164;"Koszulki z krótkim rękawem (męskie)";"- T-shirt z nadrukiem";"GANT - T-shirt z nadrukiem";161.00;PLN;143.00;179.00;"100% bawełna";;"Kolor jednolity";Regular;Prosty;Okrągły;GA322O0B0-Q11;Standardowa;"Krótki rękaw";;https://www.zalando.pl/gant-graphic-t-shirt-basic-black-ga322o0b0-q11.html;86;zalando.pl;"2026-04-17 08:16:04.446+00";"2026-04-17 08:16:04.550133+00"
2163;"Koszulki z krótkim rękawem (męskie)";"- T-shirt basic";"Les Deux - T-shirt basic";242.00;PLN;215.00;269.00;"100% bawełna";;Melanż;Regular;Prosty;Okrągły;LEP22O06U-A11;Standardowa;"Krótki rękaw";;https://www.zalando.pl/les-deux-crew-t-shirt-basic-snow-melange-lep22o06u-a11.html;86;zalando.pl;"2026-04-17 08:15:18.549+00";"2026-04-17 08:15:18.87773+00"
2162;"Koszulki z krótkim rękawem (męskie)";"- T-shirt z nadrukiem";"Alpha Industries - T-shirt z nadrukiem";109.95;PLN;30.00;164.99;"100% bawełna";;"Kolor jednolity";Regular;Prosty;Okrągły;AL522O017-C15;Standardowa;"Krótki rękaw";;https://www.zalando.pl/alpha-industries-small-logo-t-shirt-basic-pastel-grey-al522o017-c15.html;86;zalando.pl;"2026-04-17 08:14:53.063+00";"2026-04-17 08:14:53.239817+00"
2161;"Koszulki z krótkim rękawem (męskie)";"- T-shirt basic";"Ombre - T-shirt basic";169.99;PLN;30.00;119.00;"95% bawełna, 5% elastan";;"Kolor jednolity";"Loose fit";Prosty;Okrągły;OM422O0E7-N11;Długa;Półrękawek;;https://www.zalando.pl/ombre-t-shirt-basic-olive-om422o0e7-n11.html;86;zalando.pl;"2026-04-17 08:14:00.929+00";"2026-04-17 08:14:01.032049+00"
2160;"Koszulki z krótkim rękawem (męskie)";"- T-shirt z nadrukiem";"Lost Youth - T-shirt z nadrukiem";103.00;PLN;103.00;159.00;"100% bawełna";"100% bawełna";Nadruk;"Loose fit";Prosty;Okrągły;LNI22O02Z-A11;Długa;"Krótki rękaw";;https://www.zalando.pl/lost-youth-western-coffee-t-shirt-z-nadrukiem-white-lni22o02z-a11.html;86;zalando.pl;"2026-04-17 08:13:33.319+00";"2026-04-17 08:13:33.565981+00"
2159;"Koszulki z krótkim rękawem (męskie)";"- T-shirt z nadrukiem";"Karl Lagerfeld Jeans - T-shirt z nadrukiem";161.00;PLN;143.00;179.00;"50% bawełna, 50% poliester";;Nadruk;Regular;Prosty;Okrągły;K3W22O01G-M12;Standardowa;"Krótki rękaw";;https://www.zalando.pl/karl-lagerfeld-jeans-monogram-tee-t-shirt-z-nadrukiem-dark-green-k3w22o01g-m12.html;86;zalando.pl;"2026-04-17 08:12:48.409+00";"2026-04-17 08:12:48.528039+00"
2158;"Koszulki z krótkim rękawem (męskie)";"T-shirt basic";"QS T-shirt basic";89.99;PLN;30.00;109.00;"100% bawełna";;"Kolor jednolity";Regular;Prosty;Okrągły;QS122O0US-C11;Standardowa;"Krótki rękaw";;https://www.zalando.pl/qs-t-shirt-basic-graphit-qs122o0us-c11.html;86;zalando.pl;"2026-04-17 08:11:57.763+00";"2026-04-17 08:11:57.861448+00"
2157;"Koszulki z krótkim rękawem (męskie)";"- Koszulka polo";"Façonnable - Koszulka polo";595.00;PLN;30.00;129.99;"100% bawełna";"100% bawełna";"Kolor jednolity";Regular;Prosty;;FA822O01L-K11;Standardowa;"Krótki rękaw";;https://www.zalando.pl/faconnable-bck-emb-mix-koszulka-polo-naval-blue-fa822o01l-k11.html;86;zalando.pl;"2026-04-17 08:11:33.037+00";"2026-04-17 08:11:33.141991+00"
2156;"Koszulki z krótkim rękawem (męskie)";"- T-shirt basic";"Maison Kitsuné - T-shirt basic";449.00;PLN;30.00;449.00;"100% bawełna";;"Kolor jednolity";Regular;Prosty;Okrągły;KT222O003-B11;Standardowa;"Krótki rękaw";;https://www.zalando.pl/maison-kitsune-handwriting-comfort-tee-t-shirt-basic-pelican-kt222o003-b11.html;86;zalando.pl;"2026-04-17 08:10:49.56+00";"2026-04-17 08:10:49.880668+00"
2155;"Koszulki z krótkim rękawem (męskie)";"- T-shirt basic";"s.Oliver - T-shirt basic";69.99;PLN;30.00;375.00;"100% bawełna";;Melanż;Regular;Prosty;"Wycięcie typu V";SO222O27G-A11;Standardowa;"Krótki rękaw";;https://www.zalando.pl/soliver-t-shirt-basic-weiss-so222o27g-a11.html;86;zalando.pl;"2026-04-17 08:09:58.969+00";"2026-04-17 08:09:59.119172+00"
2154;"Koszulki z krótkim rękawem (męskie)";"AC/DC STIFF UPPER LIP - T-shirt z nadrukiem";"rockshirts AC/DC STIFF UPPER LIP - T-shirt z nadrukiem";99.00;PLN;30.00;99.00;"100% bawełna";;Nadruk;Regular;Prosty;Okrągły;R8N22O0AK-Q11;Standardowa;"Krótki rękaw";;https://www.zalando.pl/rockshirts-acdc-stiff-upper-lip-t-shirt-z-nadrukiem-black-r8n22o0ak-q11.html;86;zalando.pl;"2026-04-17 08:09:26.735+00";"2026-04-17 08:09:27.003869+00"
2153;"Koszulki z krótkim rękawem (męskie)";"- T-shirt z nadrukiem";"Karma8a - T-shirt z nadrukiem";137.00;PLN;125.00;249.00;"100% bawełna";;Nadruk;"Loose fit";Prosty;Okrągły;K5Q42D00I-Q11;Standardowa;"Krótki rękaw";;https://www.zalando.pl/karma8a-graphic-tee-t-shirt-z-nadrukiem-black-k5q42d00i-q11.html;86;zalando.pl;"2026-04-17 08:08:59.571+00";"2026-04-17 08:09:00.087837+00"
2152;"Koszulki z krótkim rękawem (męskie)";"- Bluzka z długim rękawem";"Bershka - Bluzka z długim rękawem";129.00;PLN;30.00;79.00;"100% bawełna";;Nadruk;"Loose fit";Prosty;Okrągły;BEJ22O1H6-A11;Standardowa;"Długi rękaw";;https://www.zalando.pl/bershka-bluzka-z-dlugim-rekawem-white-bej22o1h6-a11.html;86;zalando.pl;"2026-04-17 08:08:17.047+00";"2026-04-17 08:08:17.147663+00"
2151;"Koszulki z krótkim rękawem (męskie)";"2 PACK - T-shirt basic";"Petrol Industries 2 PACK - T-shirt basic";84.00;PLN;105.00;;"95% bawełna, 5% elastan";;Melanż;Regular;Dopasowany;"Wycięcie typu V";P6822O02B-C11;Standardowa;"Krótki rękaw";;https://www.zalando.pl/petrol-industries-2pack-slim-fit-t-shirt-basic-p6822o02b-c11.html;86;zalando.pl;"2026-04-17 08:07:37.333+00";"2026-04-17 08:07:37.435094+00"
2150;"Koszulki z krótkim rękawem (męskie)";"M/L STRIPED HEART - Bluzka z długim rękawem";"Kaotiko M/L STRIPED HEART - Bluzka z długim rękawem";170.00;PLN;189.00;;"100% bawełna";;"W paski";Regular;Prosty;Okrągły;KAI22O01T-T11;Standardowa;"Długi rękaw";;https://www.zalando.pl/kaotiko-t-shirt-z-nadrukiem-mottled-turquoise-kai22o01t-t11.html;86;zalando.pl;"2026-04-17 08:06:55.237+00";"2026-04-17 08:06:55.349618+00"
2149;"Koszulki z krótkim rękawem (męskie)";"- T-shirt z nadrukiem";"U.S. Polo Assn. - T-shirt z nadrukiem";81.99;PLN;109.99;150.00;"100% bawełna";;"Kolor jednolity";Regular;Prosty;Okrągły;US222O0CA-A11;Standardowa;"Krótki rękaw";;https://www.zalando.pl/us-polo-assn-t-shirt-z-nadrukiem-white-us222o0ca-a11.html;86;zalando.pl;"2026-04-17 07:24:56.523+00";"2026-04-17 07:24:56.705014+00"
2148;"Koszulki z krótkim rękawem (męskie)";"4 PACK - T-shirt z nadrukiem";"TOM TAILOR 4 PACK - T-shirt z nadrukiem";252.58;PLN;294.69;;"100% bawełna";;Nadruk;"Regular Fit";Prosty;Okrągły;TO222O1AF-A11;Standardowa;"Krótki rękaw";;https://www.zalando.pl/tom-tailor-4-pack-t-shirt-z-nadrukiem-lucid-white-to222o1af-a11.html;86;zalando.pl;"2026-04-17 07:24:14.039+00";"2026-04-17 07:24:14.293496+00"
2147;"Koszulki z krótkim rękawem (męskie)";"- Koszulka polo";"LERROS - Koszulka polo";262.00;PLN;30.00;211.99;"60% bawełna, 40% poliester";;"Kolor jednolity";Regular;Prosty;"Wycięcie typu V";L7422O07F-K17;Standardowa;"Krótki rękaw";;https://www.zalando.pl/lerros-koszulka-polo-blau-dunkelblau-l7422o07f-k17.html;86;zalando.pl;"2026-04-17 07:23:55.826+00";"2026-04-17 07:23:55.97056+00"
2146;"Koszulki z krótkim rękawem (męskie)";"- T-shirt basic";"Boggi Milano - T-shirt basic";369.00;PLN;30.00;;"95% bawełna, 5% elastan";;"Kolor jednolity";Regular;Prosty;Okrągły;BQ122O04V-K13;Standardowa;"Krótki rękaw";;https://www.zalando.pl/boggi-milano-t-shirt-basic-blue-bq122o04v-k13.html;86;zalando.pl;"2026-04-17 07:23:16.739+00";"2026-04-17 07:23:17.059949+00"
2145;"Koszulki z krótkim rękawem (męskie)";"BHEVO - Koszulka polo";"Blend BHEVO - Koszulka polo";76.00;PLN;82.00;109.00;"100% bawełna";;"Kolor jednolity";Regular;Prosty;"Wycięcie typu V";BL522O0IJ-A11;Standardowa;"Krótki rękaw";;https://www.zalando.pl/blend-koszulka-polo-snow-white-bl522o0ij-a11.html;86;zalando.pl;"2026-04-17 07:22:42.226+00";"2026-04-17 07:22:42.358055+00"
2144;"Koszulki z krótkim rękawem (męskie)";"- T-shirt z nadrukiem";"Henry Tiger - T-shirt z nadrukiem";109.99;PLN;30.00;249.00;"100% bawełna";"100% bawełna";Nadruk;Regular;Prosty;Okrągły;H3A22O8A3-Q11;Standardowa;"Krótki rękaw";;https://www.zalando.pl/henry-tiger-t-shirt-z-nadrukiem-black-h3a22o8a3-q11.html;86;zalando.pl;"2026-04-17 07:21:48.572+00";"2026-04-17 07:21:48.762516+00"
2143;"Koszulki z krótkim rękawem (męskie)";"SCOOBY DOO - T-shirt z nadrukiem";"Henry Tiger SCOOBY DOO - T-shirt z nadrukiem";109.99;PLN;30.00;;"100% bawełna";"100% bawełna";Nadruk;Regular;Prosty;Okrągły;H3A22O87Z-K11;Standardowa;"Krótki rękaw";;https://www.zalando.pl/henry-tiger-scooby-doo-where-are-you-graphic-t-shirt-z-nadrukiem-light-royal-blue-h3a22o87z-k11.html;86;zalando.pl;"2026-04-17 07:21:17.438+00";"2026-04-17 07:21:17.56838+00"
2142;"Koszulki z krótkim rękawem (męskie)";"- T-shirt basic";"CLOSED - T-shirt basic";359.00;PLN;30.00;1509.00;"100% bawełna";;"Kolor jednolity";Regular;Prosty;Okrągły;CL322O01U-M12;Standardowa;"Krótki rękaw";;https://www.zalando.pl/closed-classic-t-shirt-basic-pine-green-cl322o01u-m12.html;86;zalando.pl;"2026-04-17 07:20:59.136+00";"2026-04-17 07:20:59.264192+00"
2141;"Koszulki z krótkim rękawem (męskie)";"JORUPSTATE - T-shirt z nadrukiem";"Jack &amp; Jones JORUPSTATE - T-shirt z nadrukiem";80.00;PLN;89.00;;"50% bawełna, 50% poliester";;;"Loose fit";Prosty;Okrągły;JA222O6KF-Q11;Standardowa;"Krótki rękaw";;https://www.zalando.pl/jack-and-jones-jorupstate-typo-front-tee-t-shirt-z-nadrukiem-black-ja222o6kf-q11.html;86;zalando.pl;"2026-04-17 07:20:12.247+00";"2026-04-17 07:20:12.34695+00"
2140;"Koszulki z krótkim rękawem (męskie)";"- T-shirt z nadrukiem";"Billionaire Boys Club - T-shirt z nadrukiem";489.00;PLN;30.00;379.00;"100% bawełna";;Nadruk;"Loose fit";Prosty;Okrągły;B0Z22O01L-B11;Standardowa;"Krótki rękaw";;https://www.zalando.pl/billionaire-boys-club-rhinestone-mascot-t-shirt-z-nadrukiem-washed-ecru-b0z22o01l-b11.html;86;zalando.pl;"2026-04-17 07:19:43.052+00";"2026-04-17 07:19:43.151712+00"
2139;"Koszulki z krótkim rękawem (męskie)";"- Koszulka polo";"Camp David - Koszulka polo";303.00;PLN;30.00;167.00;"100% bawełna";"100% bawełna";"Kolor jednolity";Regular;Prosty;Okrągły;CD422O0TT-M11;Standardowa;"Krótki rękaw";;https://www.zalando.pl/camp-david-koszulka-polo-sea-mint-cd422o0tt-m11.html;86;zalando.pl;"2026-04-17 07:19:03.727+00";"2026-04-17 07:19:03.826113+00"
2138;"Koszulki z krótkim rękawem (męskie)";"TAUL - T-shirt basic";"BOSS TAUL - T-shirt basic";319.00;PLN;30.00;269.00;"92% bawełna, 8% elastan";;"Kolor jednolity";Regular;Prosty;Okrągły;BB122O12L-M13;Standardowa;"Krótki rękaw";;https://www.zalando.pl/boss-taul-t-shirt-basic-open-green-bb122o12l-m13.html;85;zalando.pl;"2026-04-17 07:18:09.444+00";"2026-04-17 07:18:09.546713+00"
2137;"Koszulki z krótkim rękawem (męskie)";"- T-shirt z nadrukiem";"Fila - T-shirt z nadrukiem";126.90;PLN;30.00;319.00;"100% bawełna";;Nadruk;"Loose fit";Prosty;Okrągły;1FI22O09H-A11;Standardowa;"Krótki rękaw";;https://www.zalando.pl/fila-t-shirt-z-nadrukiem-bright-white-1fi22o09h-a11.html;85;zalando.pl;"2026-04-17 07:17:47.622+00";"2026-04-17 07:17:47.722664+00"
2136;"Koszulki z krótkim rękawem (męskie)";"X JUJUTSU KAISEN NULEY - T-shirt z nadrukiem";"HUGO X JUJUTSU KAISEN NULEY - T-shirt z nadrukiem";287.00;PLN;319.00;;"100% bawełna";;Nadruk;"Loose fit";Prosty;Okrągły;HU722O0QK-A11;Długa;"Krótki rękaw";;https://www.zalando.pl/hugo-nuley-t-shirt-z-nadrukiem-white-hu722o0qk-a11.html;85;zalando.pl;"2026-04-17 07:17:24.468+00";"2026-04-17 07:17:24.619474+00"
2135;"Koszulki z krótkim rękawem (męskie)";"- T-shirt basic";"KARL LAGERFELD - T-shirt basic";296.00;PLN;329.00;;"95% bawełna, 5% elastan";;"Kolor jednolity";Regular;Prosty;Okrągły;K4822O0O2-K12;Standardowa;"Krótki rękaw";;https://www.zalando.pl/karl-lagerfeld-crew-neck-t-shirt-basic-cornflower-k4822o0o2-k12.html;85;zalando.pl;"2026-04-17 07:16:54.126+00";"2026-04-17 07:16:54.231335+00"
2134;"Koszulki z krótkim rękawem (męskie)";"- T-shirt z nadrukiem";"Jordan - T-shirt z nadrukiem";161.00;PLN;179.00;;"100% bawełna";;Nadruk;"Loose fit";Prosty;Okrągły;JOC22O0AS-G11;Długa;Półrękawek;;https://www.zalando.pl/jordan-air-reissue-t-shirt-z-nadrukiem-gym-redblack-joc22o0as-g11.html;85;zalando.pl;"2026-04-17 07:16:14.068+00";"2026-04-17 07:16:14.219867+00"
2133;"Koszulki z krótkim rękawem (męskie)";"- T-shirt z nadrukiem";"Calvin Klein Jeans - T-shirt z nadrukiem";161.00;PLN;90.00;179.00;"100% bawełna";;Nadruk;Regular;Prosty;Okrągły;C1822O0PK-C11;Standardowa;"Krótki rękaw";;https://www.zalando.pl/calvin-klein-jeans-micro-monologo-graphic-t-shirt-z-nadrukiem-pale-meadow-c1822o0pk-c11.html;85;zalando.pl;"2026-04-17 07:15:24.761+00";"2026-04-17 07:15:24.86428+00"
2132;"Koszulki z krótkim rękawem (męskie)";"- T-shirt z nadrukiem";"Champion - T-shirt z nadrukiem";134.00;PLN;149.00;;"100% bawełna";;Nadruk;Regular;Prosty;Okrągły;C7622O0AY-J11;Standardowa;"Krótki rękaw";;https://www.zalando.pl/champion-ss-tee-state-of-play-t-shirt-z-nadrukiem-nude-c7622o0ay-j11.html;85;zalando.pl;"2026-04-17 07:14:51.863+00";"2026-04-17 07:14:51.979229+00"
2131;"Koszulki z krótkim rękawem (męskie)";"- T-shirt basic";"GCDS - T-shirt basic";739.00;PLN;;;"100% bawełna";;"Kolor jednolity";Regular;Prosty;Okrągły;GC922O03E-Q11;Standardowa;"Krótki rękaw";;https://www.zalando.pl/gcds-capsule-logo-mini-logo-t-shirt-basic-blackred-gc922o03e-q11.html;85;zalando.pl;"2026-04-17 07:14:04.343+00";"2026-04-17 07:14:04.444141+00"
2130;"Koszulki z krótkim rękawem (męskie)";"AUSTIN - T-shirt z nadrukiem";"Mustang AUSTIN - T-shirt z nadrukiem";99.95;PLN;30.00;119.00;"100% bawełna";;Nadruk;Regular;Prosty;Okrągły;MU322O0SA-A11;Standardowa;"Krótki rękaw";;https://www.zalando.pl/mustang-style-austin-t-shirt-z-nadrukiem-weiss-mu322o0sa-a11.html;85;zalando.pl;"2026-04-17 07:13:45.14+00";"2026-04-17 07:13:45.242919+00"
2129;"Koszulki z krótkim rękawem (męskie)";"- T-shirt z nadrukiem";"EA7 Emporio Armani - T-shirt z nadrukiem";323.00;PLN;269.00;359.00;"100% bawełna";;;Regular;Prosty;Okrągły;EA722O0ED-K11;Standardowa;"Krótki rękaw";;https://www.zalando.pl/ea7-emporio-armani-train-logo-series-man-tee-tape-t-shirt-basic-blue-ea722o0ed-k11.html;85;zalando.pl;"2026-04-17 07:13:04.354+00";"2026-04-17 07:13:04.454954+00"
2128;"Koszulki z krótkim rękawem (męskie)";"- T-shirt z nadrukiem";"QS - T-shirt z nadrukiem";129.99;PLN;30.00;129.00;"100% bawełna";;Nadruk;"Loose fit";Prosty;Okrągły;QS122O0V6-Q11;Długa;"Krótki rękaw";;https://www.zalando.pl/qs-t-shirt-z-nadrukiem-schwarz-qs122o0v6-q11.html;85;zalando.pl;"2026-04-17 07:12:22.144+00";"2026-04-17 07:12:22.277887+00"
2127;"Koszulki z krótkim rękawem (męskie)";"- Koszulka polo";"camel active - Koszulka polo";299.95;PLN;30.00;169.99;"95% bawełna, 5% elastan";;"Kolor jednolity";Regular;Prosty;;CA522O08H-K13;Standardowa;"Krótki rękaw";;https://www.zalando.pl/camel-active-koszulka-polo-dark-navy-ca522o08h-k13.html;85;zalando.pl;"2026-04-17 07:11:50.232+00";"2026-04-17 07:11:50.334672+00"
2126;"Koszulki z krótkim rękawem (męskie)";"MATEO - T-shirt z nadrukiem";"Fila MATEO - T-shirt z nadrukiem";90.00;PLN;100.00;199.00;"100% poliester";;"Kolor jednolity";Regular;Prosty;Okrągły;1FI42D0A4-C11;Standardowa;"Krótki rękaw";;https://www.zalando.pl/fila-mateo-t-shirt-z-nadrukiem-graphite-1fi42d0a4-c11.html;85;zalando.pl;"2026-04-17 07:11:18.632+00";"2026-04-17 07:11:18.829497+00"
2125;"Koszulki z krótkim rękawem (męskie)";"- Koszulka reprezentacji";"adidas Performance - Koszulka reprezentacji";439.00;PLN;30.00;449.00;"100% poliester";;"Kolor jednolity";Regular;Prosty;"Wycięcie typu V";AD542D6JN-A11;Standardowa;"Krótki rękaw";;https://www.zalando.pl/adidas-performance-t-shirt-z-nadrukiem-white-ad542d6jn-a11.html;85;zalando.pl;"2026-04-17 07:10:41.228+00";"2026-04-17 07:10:41.328984+00"
2124;"Koszulki z krótkim rękawem (męskie)";"- T-shirt basic";"Marc O&#x27;Polo DENIM - T-shirt basic";179.00;PLN;30.00;229.00;"100% bawełna";;"Kolor jednolity";Regular;Prosty;Okrągły;OP522O0AB-M11;Standardowa;"Krótki rękaw";;https://www.zalando.pl/marc-opolo-denim-logo-print-2-pack-t-shirt-basic-dark-greendark-grey-op522o0ab-m11.html;85;zalando.pl;"2026-04-17 07:09:52.824+00";"2026-04-17 07:09:52.924096+00"
2123;"Koszulki z krótkim rękawem (męskie)";"ONSCASPIAN - T-shirt basic";"Only &amp; Sons ONSCASPIAN - T-shirt basic";98.00;PLN;98.00;109.00;"50% bawełna, 27% poliester, 23% elastomultiester";;"Kolor jednolity";"Loose fit";Prosty;Okrągły;OS322O1HW-Q11;Standardowa;"Krótki rękaw";;https://www.zalando.pl/only-and-sons-t-shirt-basic-schwarz-os322o1hw-q11.html;85;zalando.pl;"2026-04-17 07:09:07.635+00";"2026-04-17 07:09:07.736476+00"
2122;"Koszulki z krótkim rękawem (męskie)";"- T-shirt z nadrukiem";"Annarr - T-shirt z nadrukiem";209.99;PLN;30.00;159.00;"100% bawełna";;Nadruk;"Loose fit";Prosty;Okrągły;AOS22O007-T11;Długa;"Krótki rękaw";;https://www.zalando.pl/annarr-t-shirt-z-nadrukiem-wild-wind-aos22o007-t11.html;85;zalando.pl;"2026-04-17 07:08:28.254+00";"2026-04-17 07:08:28.353606+00"
2121;"Koszulki z krótkim rękawem (męskie)";"T-shirt z nadrukiem";"Lonsdale T-shirt z nadrukiem";82.00;PLN;79.00;99.00;"100% bawełna";;Nadruk;Regular;Prosty;Okrągły;L2G22O00Y-K11;Standardowa;"Krótki rękaw";;https://www.zalando.pl/lonsdale-lonsdale-t-shirt-z-nadrukiem-navy-l2g22o00y-k11.html;85;zalando.pl;"2026-04-17 07:08:11.348+00";"2026-04-17 07:08:11.446362+00"
2120;"Koszulki z krótkim rękawem (męskie)";"- T-shirt basic";"TEESHOPPEN - T-shirt basic";112.50;PLN;150.00;;"100% bawełna";;"Kolor jednolity";Regular;Prosty;Okrągły;TEQ22O009-G12;Standardowa;"Krótki rękaw";;https://www.zalando.pl/teeshoppen-t-shirt-basic-burgundy-teq22o009-g12.html;85;zalando.pl;"2026-04-17 07:07:19.67+00";"2026-04-17 07:07:19.820115+00"
2119;"Koszulki z krótkim rękawem (męskie)";"NBA LOS ANGELES LAKERS - Artykuły klubowe";"Nike Performance NBA LOS ANGELES LAKERS - Artykuły klubowe";152.00;PLN;101.00;169.00;"50% bawełna, 50% poliester";;Nadruk;Regular;Prosty;Okrągły;N1242D6F2-I11;Standardowa;"Krótki rękaw";;https://www.zalando.pl/nike-performance-nba-los-angeles-lakers-logo-tee-t-shirt-z-nadrukiem-field-purple-n1242d6f2-i11.html;85;zalando.pl;"2026-04-17 07:06:58.894+00";"2026-04-17 07:06:59.007435+00"
2118;"Koszulki z krótkim rękawem (męskie)";"BETTY BOOP - T-shirt z nadrukiem";"Henry Tiger BETTY BOOP - T-shirt z nadrukiem";109.99;PLN;30.00;;"100% bawełna";"100% bawełna";Nadruk;Regular;Prosty;Okrągły;H3A22O895-A11;Standardowa;"Krótki rękaw";;https://www.zalando.pl/henry-tiger-betty-boop-cowgirl-t-shirt-z-nadrukiem-white-h3a22o895-a11.html;85;zalando.pl;"2026-04-17 07:06:09.265+00";"2026-04-17 07:06:09.401681+00"
2117;"Koszulki z krótkim rękawem (męskie)";"- Koszulka polo";"GANT - Koszulka polo";399.00;PLN;30.00;239.99;"100% bawełna";;"Kolor jednolity";Regular;Prosty;"Wycięcie typu V";GA322P07I-K14;Standardowa;"Krótki rękaw";;https://www.zalando.pl/gant-reg-shield-koszulka-polo-blau-rich-blue-ga322p07i-k14.html;85;zalando.pl;"2026-04-17 07:05:23.654+00";"2026-04-17 07:05:23.966387+00"
2116;"Koszulki z krótkim rękawem (męskie)";"- Koszulka polo";"Lindbergh - Koszulka polo";239.96;PLN;299.95;;"100% bawełna";;"Kolor jednolity";Regular;Prosty;;LG522P01K-O11;Standardowa;"Krótki rękaw";;https://www.zalando.pl/lindbergh-ss-koszulka-polo-dusty-brown-lg522p01k-o11.html;85;zalando.pl;"2026-04-17 07:04:36.039+00";"2026-04-17 07:04:36.259123+00"
2115;"Koszulki z krótkim rękawem (męskie)";"- T-shirt basic";"Guess - T-shirt basic";104.00;PLN;97.00;139.00;"95% bawełna, 5% elastan";;"Kolor jednolity";Slim;"Dopasowanie do figury";Okrągły;GU122O11V-Q11;Standardowa;"Krótki rękaw";;https://www.zalando.pl/guess-core-tee-t-shirt-basic-jet-black-gu122o11v-q11.html;3;zalando.pl;"2026-04-17 06:53:54.938+00";"2026-04-17 06:53:55.117896+00"
2114;"Koszulki z krótkim rękawem (męskie)";"- T-shirt z nadrukiem";"Jack &amp; Jones - T-shirt z nadrukiem";55.95;PLN;55.95;69.99;"100% bawełna";;Nadruk;Regular;Prosty;Okrągły;JA222O693-A11;Długa;"Krótki rękaw";;https://www.zalando.pl/jack-and-jones-t-shirt-z-nadrukiem-white-ja222o693-a11.html;82;zalando.pl;"2026-04-16 20:06:12.274+00";"2026-04-16 20:06:12.466345+00"
2113;"Koszulki z krótkim rękawem (męskie)";"- Top";"Pier One Sport - Top";62.00;PLN;67.00;89.00;"100% poliester";;"Kolor jednolity";Regular;Prosty;Okrągły;PHZ42D008-A11;Standardowa;"Bez rękawów";;https://www.zalando.pl/pier-one-sport-2-pack-top-whiteblack-phz42d008-a11.html;83;zalando.pl;"2026-04-16 20:05:43.544+00";"2026-04-16 20:05:43.644659+00"
2112;"Koszulki z krótkim rękawem (męskie)";"- T-shirt z nadrukiem";"Superdry &amp; Co - T-shirt z nadrukiem";169.00;PLN;30.00;149.00;"100% bawełna";;Nadruk;Regular;Prosty;Okrągły;SU222O35H-K11;Standardowa;"Krótki rękaw";;https://www.zalando.pl/superdry-t-shirt-z-nadrukiem-dark-indigo-blue-marl-su222o35h-k11.html;82;zalando.pl;"2026-04-16 20:05:41.491+00";"2026-04-16 20:05:41.78652+00"
2111;"Koszulki z krótkim rękawem (męskie)";"NIKECOURT - Koszulka sportowa";"Nike Performance NIKECOURT - Koszulka sportowa";179.00;PLN;30.00;159.00;"60% bawełna, 40% poliester";;Nadruk;Regular;Prosty;Okrągły;N1242D7OP-H11;Długa;"Krótki rękaw";;https://www.zalando.pl/nike-performance-nikecourt-tee-open-koszulka-sportowa-turf-orangesail-n1242d7op-h11.html;82;zalando.pl;"2026-04-16 20:05:14.071+00";"2026-04-16 20:05:14.245453+00"
2110;"Koszulki z krótkim rękawem (męskie)";"UNISEX - T-shirt z nadrukiem";"Nike Sportswear UNISEX - T-shirt z nadrukiem";206.00;PLN;229.00;;"100% bawełna";;Nadruk;"Loose fit";Prosty;Okrągły;NI122O19E-C11;Standardowa;"Krótki rękaw";;https://www.zalando.pl/nike-sportswear-solo-tee-unisex-t-shirt-z-nadrukiem-phantom-ni122o19e-c11.html;83;zalando.pl;"2026-04-16 20:04:53.759+00";"2026-04-16 20:04:53.861712+00"
2109;"Koszulki z krótkim rękawem (męskie)";"RESET - Koszulka sportowa";"Nike Performance RESET - Koszulka sportowa";139.00;PLN;30.00;99.00;"100% poliester";;"Kolor jednolity";Regular;Prosty;Okrągły;N1242D5DL-M19;Długa;"Krótki rękaw";;https://www.zalando.pl/nike-performance-tee-reset-koszulka-sportowa-steamblack-n1242d5dl-m19.html;83;zalando.pl;"2026-04-16 20:04:33.941+00";"2026-04-16 20:04:34.291024+00"
2108;"Koszulki z krótkim rękawem (męskie)";"- Koszulka polo";"Next - Koszulka polo";117.00;PLN;30.00;89.00;"95% bawełna, 5% elastan";;"Kolor jednolity";Regular;Prosty;;NX322P0I0-K3S;Standardowa;"Krótki rękaw";;https://www.zalando.pl/next-koszulka-polo-bright-blue-nx322p0i0-k3s.html;82;zalando.pl;"2026-04-16 20:04:19.962+00";"2026-04-16 20:04:20.063961+00"
2107;"Koszulki z krótkim rękawem (męskie)";"- T-shirt basic";"Harper &amp; Neyer - T-shirt basic";122.00;PLN;30.00;159.00;"100% bawełna";;"Kolor jednolity";Regular;Prosty;Okrągły;H2Z22O01Q-K11;Standardowa;"Krótki rękaw";;https://www.zalando.pl/harper-and-neyer-biscuit-retro-logo-t-shirt-basic-blue-shadow-h2z22o01q-k11.html;82;zalando.pl;"2026-04-16 20:03:57.331+00";"2026-04-16 20:03:57.580005+00"
2106;"Koszulki z krótkim rękawem (męskie)";"COTE DAZUR - T-shirt z nadrukiem";"Façonnable COTE DAZUR - T-shirt z nadrukiem";255.00;PLN;30.00;219.00;"100% bawełna";"100% bawełna";Nadruk;Regular;Prosty;Okrągły;FA822O01M-G11;Standardowa;"Krótki rękaw";;https://www.zalando.pl/faconnable-cote-dazur-tee-t-shirt-z-nadrukiem-breton-red-fa822o01m-g11.html;82;zalando.pl;"2026-04-16 20:03:10.716+00";"2026-04-16 20:03:10.827018+00"
2105;"Koszulki z krótkim rękawem (męskie)";"SDVOLKER - T-shirt basic";"Solid SDVOLKER - T-shirt basic";102.00;PLN;95.00;119.00;"100% bawełna";;Melanż;Regular;Prosty;"Typu Henley";SO422O07N-N11;Standardowa;"Krótki rękaw";;https://www.zalando.pl/solid-volker-t-shirt-basic-climb-ivy-so422o07n-n11.html;82;zalando.pl;"2026-04-16 20:02:22.149+00";"2026-04-16 20:02:22.248773+00"
2104;"Koszulki z krótkim rękawem (męskie)";"DULIVIO - T-shirt z nadrukiem";"HUGO DULIVIO - T-shirt z nadrukiem";125.00;PLN;161.00;179.00;"100% bawełna";;Nadruk;Regular;Prosty;Okrągły;HU722O0AZ-A11;Długa;"Krótki rękaw";;https://www.zalando.pl/hugo-dulivio-t-shirt-z-nadrukiem-white-hu722o0az-a11.html;82;zalando.pl;"2026-04-16 20:01:43.362+00";"2026-04-16 20:01:44.12836+00"
2103;"Koszulki z krótkim rękawem (męskie)";"OLIVER - Koszulka polo";"Pepe Jeans OLIVER - Koszulka polo";180.00;PLN;112.50;225.00;"100% bawełna";"100% bawełna";"Kolor jednolity";Regular;Prosty;Okrągły;PE122P03S-K13;Standardowa;"Krótki rękaw";;https://www.zalando.pl/pepe-jeans-new-oliver-koszulka-polo-fade-blue-pe122p03s-k13.html;82;zalando.pl;"2026-04-16 20:01:00.258+00";"2026-04-16 20:01:00.36304+00"
2102;"Koszulki z krótkim rękawem (męskie)";"- T-shirt z nadrukiem";"Nils Sundström - T-shirt z nadrukiem";129.95;PLN;30.00;79.99;"100% bawełna";;"Kolor jednolity";Regular;Prosty;Okrągły;NIN22O03L-M11;Standardowa;"Krótki rękaw";;https://www.zalando.pl/nils-sundstroem-t-shirt-basic-schilf-nin22o03l-m11.html;82;zalando.pl;"2026-04-16 20:00:08.04+00";"2026-04-16 20:00:08.273259+00"
2101;"Koszulki z krótkim rękawem (męskie)";"EDIN - Koszulka polo";"Blend EDIN - Koszulka polo";89.00;PLN;30.00;210.96;"100% bawełna";;"Kolor jednolity";Regular;Prosty;;BL522O0JW-K13;Standardowa;"Krótki rękaw";;https://www.zalando.pl/blend-bhedin-koszulka-polo-blue-frost-bl522o0jw-k13.html;82;zalando.pl;"2026-04-16 19:59:33.164+00";"2026-04-16 19:59:33.321381+00"
2100;"Koszulki z krótkim rękawem (męskie)";"- T-shirt z nadrukiem";"The North Face - T-shirt z nadrukiem";159.00;PLN;30.00;179.00;"100% bawełna";;Nadruk;Nadwymiarowy;Prosty;Okrągły;TH322O0E7-A11;Długa;Półrękawek;;https://www.zalando.pl/the-north-face-sun-oversize-short-sleeve-tee-graphic-t-shirt-z-nadrukiem-desert-stone-th322o0e7-a11.html;82;zalando.pl;"2026-04-16 19:58:49.647+00";"2026-04-16 19:58:49.747995+00"
2099;"Koszulki z krótkim rękawem (męskie)";"ALPHIS - T-shirt basic";"JOOP! Jeans ALPHIS - T-shirt basic";125.00;PLN;111.00;139.00;"100% bawełna";;"Kolor jednolity";Regular;Prosty;Okrągły;JOG22O05D-H11;Standardowa;"Krótki rękaw";;https://www.zalando.pl/joop-jeans-alphis-t-shirt-basic-bright-orange-jog22o05d-h11.html;82;zalando.pl;"2026-04-16 19:58:24.051+00";"2026-04-16 19:58:24.367125+00"
2098;"Koszulki z krótkim rękawem (męskie)";"- Koszulka polo";"Hackett London - Koszulka polo";659.00;PLN;30.00;225.00;"100% bawełna";"100% bawełna";"Kolor jednolity";Regular;Prosty;"Wycięcie typu V";HT622O09I-M11;Standardowa;"Krótki rękaw";;https://www.zalando.pl/hackett-london-heritage-nbr-koszulka-polo-sage-green-ht622o09i-m11.html;82;zalando.pl;"2026-04-16 19:57:50.329+00";"2026-04-16 19:57:50.596508+00"
2097;"Koszulki z krótkim rękawem (męskie)";"- Koszulka polo";"Next - Koszulka polo";273.00;PLN;30.00;109.00;"95% bawełna, 5% elastan";;"Kolor jednolity";Regular;Prosty;;NX322P0IU-K41;Standardowa;"Krótki rękaw";;https://www.zalando.pl/next-polos-three-pack-koszulka-polo-teal-purple-black-nx322p0iu-k41.html;82;zalando.pl;"2026-04-16 19:57:18.652+00";"2026-04-16 19:57:18.801496+00"
2096;"Koszulki z krótkim rękawem (męskie)";"- T-shirt basic";"Jack &amp; Jones - T-shirt basic";99.99;PLN;30.00;89.00;"58% poliester, 40% bawełna, 2% elastan";;"Kolor jednolity";Regular;Prosty;Okrągły;JA222O6OI-M11;Standardowa;"Krótki rękaw";;https://www.zalando.pl/jack-and-jones-daytona-tee-ss-crew-neck-sn-t-shirt-basic-vetiver-ja222o6oi-m11.html;82;zalando.pl;"2026-04-16 19:56:48.838+00";"2026-04-16 19:56:49.296653+00"
2095;"Koszulki z krótkim rękawem (męskie)";"- T-shirt z nadrukiem";"Karl Kani - T-shirt z nadrukiem";169.00;PLN;160.00;229.00;"100% bawełna";"100% bawełna";Nadruk;"Loose fit";Prosty;Okrągły;KK122O0A6-Q11;Długa;Półrękawek;;https://www.zalando.pl/karl-kani-small-signature-2-pack-essential-t-shirt-z-nadrukiem-black-kk122o0a6-q11.html;82;zalando.pl;"2026-04-16 19:55:57.633+00";"2026-04-16 19:55:57.762829+00"
2094;"Koszulki z krótkim rękawem (męskie)";"- T-shirt z nadrukiem";"Puma - T-shirt z nadrukiem";224.00;PLN;137.00;249.00;"100% bawełna";;Nadruk;Regular;Prosty;Okrągły;PU122O16T-A11;Standardowa;"Krótki rękaw";;https://www.zalando.pl/puma-bmw-tech-x-tee-t-shirt-z-nadrukiem-puma-white-pu122o16t-a11.html;82;zalando.pl;"2026-04-16 19:55:37.028+00";"2026-04-16 19:55:37.16316+00"
2093;"Koszulki z krótkim rękawem (męskie)";"- T-shirt basic";"bugatti - T-shirt basic";149.95;PLN;30.00;229.00;"100% bawełna";;"Kolor jednolity";Regular;Prosty;Okrągły;BU122O029-Q11;Standardowa;"Krótki rękaw";;https://www.zalando.pl/bugatti-t-shirt-basic-schwarz-bu122o029-q11.html;82;zalando.pl;"2026-04-16 19:55:17.423+00";"2026-04-16 19:55:17.524559+00"
2092;"Koszulki z krótkim rękawem (męskie)";"NBA CHICAGO BULLS UNISEX - Koszulka sportowa";"New Era NBA CHICAGO BULLS UNISEX - Koszulka sportowa";170.00;PLN;189.00;;"100% poliester";;Nadruk;"Loose fit";Prosty;Okrągły;NE342D10B-G11;Standardowa;"Krótki rękaw";;https://www.zalando.pl/new-era-nba-chicago-bulls-unisex-artykuly-klubowe-red-ne342d10b-g11.html;82;zalando.pl;"2026-04-16 19:54:59.358+00";"2026-04-16 19:54:59.45788+00"
2091;"Koszulki z krótkim rękawem (męskie)";"- T-shirt z nadrukiem";"Redefined Rebel - T-shirt z nadrukiem";53.00;PLN;53.00;59.00;"100% bawełna";;Nadruk;Regular;Prosty;Okrągły;R0622O029-A11;Długa;"Krótki rękaw";;https://www.zalando.pl/redefined-rebel-guti-tee-t-shirt-z-nadrukiem-pristine-r0622o029-a11.html;82;zalando.pl;"2026-04-16 19:54:26.346+00";"2026-04-16 19:54:26.44983+00"
2090;"Koszulki z krótkim rękawem (męskie)";"- Koszulka polo";"Swedemount - Koszulka polo";152.99;PLN;169.99;;"100% poliester";;"Kolor jednolity";Regular;Prosty;;00E22P000-K12;Długa;"Krótki rękaw";;https://www.zalando.pl/swedemount-ultra-light-koszulka-polo-dk-navy-00e22p000-k12.html;81;zalando.pl;"2026-04-16 19:53:36.239+00";"2026-04-16 19:53:36.340588+00"
2089;"Koszulki z krótkim rękawem (męskie)";"MUIR UNISEX - T-shirt z nadrukiem";"O&#x27;Neill MUIR UNISEX - T-shirt z nadrukiem";76.30;PLN;54.50;109.00;"100% bawełna";;Nadruk;Regular;Prosty;Okrągły;ON521000G-H11;Standardowa;"Krótki rękaw";;https://www.zalando.pl/oneill-muir-t-shirt-z-nadrukiem-flame-on521000g-h11.html;81;zalando.pl;"2026-04-16 19:53:12.053+00";"2026-04-16 19:53:12.371966+00"
2088;"Koszulki z krótkim rękawem (męskie)";"BETTY BOOP - T-shirt z nadrukiem";"Henry Tiger BETTY BOOP - T-shirt z nadrukiem";109.99;PLN;30.00;135.00;"100% bawełna";;Nadruk;Regular;Prosty;Okrągły;H3A22O893-G11;Standardowa;"Krótki rękaw";;https://www.zalando.pl/henry-tiger-t-shirt-z-nadrukiem-red-h3a22o893-g11.html;81;zalando.pl;"2026-04-16 19:52:30.057+00";"2026-04-16 19:52:30.386114+00"
2087;"Koszulki z krótkim rękawem (męskie)";"UNISEX - Top";"YOURTURN UNISEX - Top";30.00;PLN;30.00;59.00;"95% bawełna, 5% elastan";;"Kolor jednolity";Regular;Prosty;Okrągły;YO12101PU-Q11;Standardowa;"Bez rękawów";;https://www.zalando.pl/yourturn-unisex-top-true-black-yo12101pu-q11.html;81;zalando.pl;"2026-04-16 19:52:02.532+00";"2026-04-16 19:52:02.633077+00"
2086;"Koszulki z krótkim rękawem (męskie)";"- Koszulka polo";"Nils Sundström - Koszulka polo";179.95;PLN;30.00;239.00;"100% bawełna";;"Kolor jednolity";Regular;Prosty;;NIN22O03T-L11;Standardowa;"Krótki rękaw";;https://www.zalando.pl/nils-sundstroem-koszulka-polo-tuerkis-nin22o03t-l11.html;81;zalando.pl;"2026-04-16 19:51:15.627+00";"2026-04-16 19:51:15.730367+00"
2085;"Koszulki z krótkim rękawem (męskie)";"- Koszulka polo";"Hackett London - Koszulka polo";479.00;PLN;30.00;234.99;"100% bawełna";;"Kolor jednolity";Regular;Prosty;Okrągły;HT622P096-K11;Standardowa;"Krótki rękaw";;https://www.zalando.pl/hackett-london-pima-koszulka-polo-navy-ht622p096-k11.html;81;zalando.pl;"2026-04-16 19:50:47.103+00";"2026-04-16 19:50:47.365811+00"
2084;"Koszulki z krótkim rękawem (męskie)";"- Koszulka polo";"Scalpers - Koszulka polo";256.43;PLN;30.00;289.00;"100% bawełna";"100% bawełna";"Kolor jednolity";Regular;Prosty;;SCF22O0DD-G11;Standardowa;"Krótki rękaw";;https://www.zalando.pl/scalpers-basic-koszulka-polo-burgundy-scf22o0dd-g11.html;81;zalando.pl;"2026-04-16 19:50:24.337+00";"2026-04-16 19:50:24.445052+00"
2083;"Koszulki z krótkim rękawem (męskie)";"- T-shirt basic";"Carhartt WIP - T-shirt basic";179.00;PLN;30.00;129.00;"100% bawełna";;"Kolor jednolity";"Loose fit";Prosty;Okrągły;CKP22O00B-O11;Standardowa;"Krótki rękaw";;https://www.zalando.pl/carhartt-wip-chase-t-shirt-basic-shalegold-coloured-ckp22o00b-o11.html;81;zalando.pl;"2026-04-16 19:49:42.731+00";"2026-04-16 19:49:42.832609+00"
2082;"Koszulki z krótkim rękawem (męskie)";"- T-shirt basic";"Jack &amp; Jones - T-shirt basic";218.00;PLN;30.00;332.00;"100% bawełna";;Melanż;Regular;Prosty;Okrągły;JA222O6OE-K12;Standardowa;"Krótki rękaw";;https://www.zalando.pl/jack-and-jones-t-shirt-basic-dunkelblaudunkelgrau-ja222o6oe-k12.html;81;zalando.pl;"2026-04-16 19:49:11.861+00";"2026-04-16 19:49:11.974576+00"
2081;"Koszulki z krótkim rękawem (męskie)";"BHAlvarez - Top";"Blend BHAlvarez - Top";56.00;PLN;62.00;89.00;"100% bawełna";;Nadruk;Regular;Prosty;Okrągły;BL522O0CU-K12;Standardowa;"Bez rękawów";;https://www.zalando.pl/blend-top-dutch-blue-bl522o0cu-k12.html;81;zalando.pl;"2026-04-16 19:48:22.335+00";"2026-04-16 19:48:22.438936+00"
2080;"Koszulki z krótkim rękawem (męskie)";"- T-shirt basic";"Blend - T-shirt basic";89.00;PLN;30.00;79.00;"100% bawełna";;"Kolor jednolity";"Loose fit";Prosty;Okrągły;BL522O0J6-O11;Standardowa;Półrękawek;;https://www.zalando.pl/blend-t-shirt-basic-winter-twig-bl522o0j6-o11.html;81;zalando.pl;"2026-04-16 19:47:53.929+00";"2026-04-16 19:47:54.029009+00"
2079;"Koszulki z krótkim rękawem (męskie)";"- T-shirt basic";"BOSS - T-shirt basic";188.00;PLN;135.00;269.00;"100% bawełna";;"Kolor jednolity";Regular;Prosty;Okrągły;BB122O0ZN-K21;Standardowa;"Krótki rękaw";;https://www.zalando.pl/boss-tales-t-shirt-basic-light-pastel-blue-bb122o0zn-k21.html;81;zalando.pl;"2026-04-16 19:47:04.828+00";"2026-04-16 19:47:04.929193+00"
2078;"Koszulki z krótkim rękawem (męskie)";"JPRWILLIAM - Koszulka polo";"Jack &amp; Jones PREMIUM JPRWILLIAM - Koszulka polo";130.45;PLN;130.45;144.99;"100% bawełna";;"Kolor jednolity";Regular;Prosty;"Typu Henley";JAM22P04T-M13;Standardowa;"Krótki rękaw";;https://www.zalando.pl/jack-and-jones-premium-william-wash-ss-koszulka-polo-dried-sage-jam22p04t-m13.html;81;zalando.pl;"2026-04-16 19:46:39.729+00";"2026-04-16 19:46:39.854338+00"
2077;"Koszulki z krótkim rękawem (męskie)";"- T-shirt basic";"American Vintage - T-shirt basic";235.00;PLN;30.00;109.00;"100% bawełna";;Melanż;Regular;Prosty;Okrągły;AM222O013-C11;Standardowa;"Krótki rękaw";;https://www.zalando.pl/american-vintage-homme-bysapick-t-shirt-basic-polaire-chine-am222o013-c11.html;81;zalando.pl;"2026-04-16 19:46:20.24+00";"2026-04-16 19:46:20.342648+00"
2076;"Koszulki z krótkim rękawem (męskie)";"- T-shirt z nadrukiem";"Puma - T-shirt z nadrukiem";89.00;PLN;84.00;109.00;"100% bawełna";;Nadruk;Regular;Prosty;Okrągły;PU122O1BE-M11;Standardowa;"Krótki rękaw";;https://www.zalando.pl/puma-class-mit-grafik-t-shirt-z-nadrukiem-emerald-ice-pu122o1be-m11.html;81;zalando.pl;"2026-04-16 19:45:33.75+00";"2026-04-16 19:45:33.857205+00"
2075;"Koszulki z krótkim rękawem (męskie)";"- T-shirt z nadrukiem";"The North Face - T-shirt z nadrukiem";131.99;PLN;149.99;;"100% bawełna";;Nadruk;Regular;Prosty;Okrągły;TH322O08Y-A11;Standardowa;"Krótki rękaw";;https://www.zalando.pl/the-north-face-mountain-t-shirt-z-nadrukiem-tnf-white-th322o08y-a11.html;81;zalando.pl;"2026-04-16 19:44:52.456+00";"2026-04-16 19:44:52.562934+00"
2074;"Koszulki z krótkim rękawem (męskie)";"SYMEN - T-shirt z nadrukiem";"Pegador SYMEN - T-shirt z nadrukiem";142.00;PLN;118.00;159.00;"100% bawełna";;Nadruk;"Loose fit";Prosty;Okrągły;PEP2100PG-Q11;Długa;Półrękawek;;https://www.zalando.pl/pegador-symen-tee-t-shirt-z-nadrukiem-vintage-black-pep2100pg-q11.html;81;zalando.pl;"2026-04-16 19:44:10.767+00";"2026-04-16 19:44:11.064416+00"
2073;"Koszulki z krótkim rękawem (męskie)";"NEU - T-shirt z nadrukiem";"adidas Originals NEU - T-shirt z nadrukiem";149.00;PLN;30.00;199.00;"100% bawełna";"100% bawełna";"W paski";"Loose fit";Prosty;Okrągły;AD122O12N-N11;Długa;Półrękawek;;https://www.zalando.pl/adidas-originals-neu-t-shirt-z-nadrukiem-focus-olive-ad122o12n-n11.html;81;zalando.pl;"2026-04-16 19:43:43.638+00";"2026-04-16 19:43:43.807701+00"
2072;"Koszulki z krótkim rękawem (męskie)";"- T-shirt basic";"Napapijri - T-shirt basic";143.00;PLN;103.00;159.00;"100% bawełna";;"Kolor jednolity";Regular;;Okrągły;NA622O080-I11;Standardowa;"Krótki rękaw";;https://www.zalando.pl/napapijri-salis-t-shirt-basic-purple-pass-vaa-na622o080-i11.html;81;zalando.pl;"2026-04-16 19:42:55.024+00";"2026-04-16 19:42:55.282278+00"
2071;"Koszulki z krótkim rękawem (męskie)";"- T-shirt basic";"Marc O&#x27;Polo DENIM - T-shirt basic";69.00;PLN;89.00;99.00;"100% bawełna";;"Kolor jednolity";Regular;Prosty;Okrągły;OP522O08J-C11;Standardowa;"Krótki rękaw";;https://www.zalando.pl/marc-opolo-denim-short-sleeve-logo-print-on-chest-t-shirt-basic-oxide-grey-op522o08j-c11.html;81;zalando.pl;"2026-04-16 19:42:36.455+00";"2026-04-16 19:42:36.560635+00"
2070;"Koszulki z krótkim rękawem (męskie)";"- Koszulka polo";"camel active - Koszulka polo";299.95;PLN;30.00;225.00;"95% bawełna, 5% elastan";;"Kolor jednolity";Regular;Prosty;;CA522O08H-L11;Standardowa;"Krótki rękaw";;https://www.zalando.pl/camel-active-koszulka-polo-ocean-green-ca522o08h-l11.html;81;zalando.pl;"2026-04-16 19:41:55.55+00";"2026-04-16 19:41:55.659502+00"
2069;"Koszulki z krótkim rękawem (męskie)";"- T-shirt basic";"Next - T-shirt basic";292.00;PLN;30.00;85.00;"94% poliester, 6% elastan";;"Kolor jednolity";Regular;Prosty;Okrągły;NX322O1GJ-K12;Standardowa;"Krótki rękaw";;https://www.zalando.pl/next-3-pack-t-shirt-basic-blue-black-green-nx322o1gj-k12.html;81;zalando.pl;"2026-04-16 19:41:23.065+00";"2026-04-16 19:41:23.222587+00"
2068;"Koszulki z krótkim rękawem (męskie)";"- Koszulka polo";"s.Oliver BLACK LABEL - Koszulka polo";126.99;PLN;125.99;179.99;"95% bawełna, 5% elastan";;"Kolor jednolity";Regular;Prosty;;SOA22O024-N11;Standardowa;"Krótki rękaw";;https://www.zalando.pl/soliver-black-label-mit-label-patch-koszulka-polo-olivgruen-soa22o024-n11.html;81;zalando.pl;"2026-04-16 19:40:49.221+00";"2026-04-16 19:40:49.324498+00"
2067;"Koszulki z krótkim rękawem (męskie)";"- Koszulka polo";"Blend - Koszulka polo";82.00;PLN;98.00;109.00;"100% bawełna";;"Kolor jednolity";Regular;Prosty;;BL522O0KB-H11;Standardowa;"Krótki rękaw";;https://www.zalando.pl/blend-koszulka-polo-burnt-coral-bl522o0kb-h11.html;81;zalando.pl;"2026-04-16 19:40:22.529+00";"2026-04-16 19:40:22.707887+00"
2066;"Koszulki z krótkim rękawem (męskie)";"UNISEX - Koszulka polo";"HUF UNISEX - Koszulka polo";519.00;PLN;30.00;679.00;"100% bawełna";;;"Loose fit";Prosty;;H0H2100AI-K11;Standardowa;"Krótki rękaw";;https://www.zalando.pl/huf-fantasies-unisex-koszulka-polo-light-blue-h0h2100ai-k11.html;80;zalando.pl;"2026-04-16 16:55:58.957+00";"2026-04-16 16:55:59.092544+00"
2065;"Koszulki z krótkim rękawem (męskie)";"ADI365 - T-shirt z nadrukiem";"adidas Performance ADI365 - T-shirt z nadrukiem";179.00;PLN;30.00;199.00;"100% bawełna";;Nadruk;Regular;Prosty;Okrągły;AD544K02V-Q11;Standardowa;"Krótki rękaw";;https://www.zalando.pl/adidas-performance-adi365-tee-t-shirt-z-nadrukiem-black-ad544k02v-q11.html;80;zalando.pl;"2026-04-16 16:55:20.126+00";"2026-04-16 16:55:20.239678+00"
2064;"Koszulki z krótkim rękawem (męskie)";"UNISEX - T-shirt basic";"EA7 Emporio Armani UNISEX - T-shirt basic";242.00;PLN;188.00;269.00;"100% bawełna";;"Kolor jednolity";Regular;Prosty;Okrągły;EA722O09V-G13;Standardowa;"Krótki rękaw";;https://www.zalando.pl/ea7-emporio-armani-train-core-tee-t-shirt-basic-haute-red-ea722o09v-g13.html;80;zalando.pl;"2026-04-16 16:54:58.159+00";"2026-04-16 16:54:58.598701+00"
2063;"Koszulki z krótkim rękawem (męskie)";"- T-shirt basic";"adidas Originals - T-shirt basic";109.00;PLN;30.00;179.00;"88% poliester, 12% elastan";;Nadruk;Regular;Prosty;Okrągły;AD122O1BU-Q11;Standardowa;"Krótki rękaw";;https://www.zalando.pl/adidas-originals-tech-ess-poly-t-t-shirt-z-nadrukiem-black-ad122o1bu-q11.html;80;zalando.pl;"2026-04-16 16:54:05.822+00";"2026-04-16 16:54:06.940908+00"
2062;"Koszulki z krótkim rękawem (męskie)";"- T-shirt z nadrukiem";"Henry Tiger - T-shirt z nadrukiem";99.99;PLN;30.00;179.00;"100% bawełna";;Nadruk;Regular;Prosty;Okrągły;H3A22O7Y8-Q11;Standardowa;"Krótki rękaw";;https://www.zalando.pl/henry-tiger-t-shirt-z-nadrukiem-black-h3a22o7y8-q11.html;80;zalando.pl;"2026-04-16 16:53:23.563+00";"2026-04-16 16:53:23.71291+00"
2061;"Koszulki z krótkim rękawem (męskie)";"- Koszulka polo";"Pier One - Koszulka polo";65.00;PLN;77.00;119.00;"100% bawełna";;Melanż;Regular;Prosty;;PI922O17H-K11;Standardowa;"Długi rękaw";;https://www.zalando.pl/pier-one-koszulka-polo-navygrey-melange-pi922o17h-k11.html;80;zalando.pl;"2026-04-16 16:52:33.643+00";"2026-04-16 16:52:33.968467+00"
2060;"Koszulki z krótkim rękawem (męskie)";"SDRIGOS - T-shirt basic";"Solid SDRIGOS - T-shirt basic";66.00;PLN;68.00;119.00;"100% bawełna";;Melanż;Regular;Prosty;Okrągły;SO422O051-K11;Standardowa;"Krótki rękaw";;https://www.zalando.pl/solid-rigos-t-shirt-z-nadrukiem-so422o051-k11.html;80;zalando.pl;"2026-04-16 16:52:13.133+00";"2026-04-16 16:52:13.475464+00"
2059;"Koszulki z krótkim rękawem (męskie)";"- Koszulka polo";"Polo Ralph Lauren - Koszulka polo";665.00;PLN;739.00;;"100% bawełna";;Nadruk;Slim;Prosty;;PO222O0OW-Q11;Standardowa;"Krótki rękaw";;https://www.zalando.pl/polo-ralph-lauren-custom-slim-polo-bear-mesh-polo-shirt-koszulka-polo-blue-po222o0ow-q11.html;80;zalando.pl;"2026-04-16 16:51:22.823+00";"2026-04-16 16:51:22.963887+00"
2058;"Koszulki z krótkim rękawem (męskie)";"- Koszulka polo";"Pepe Jeans - Koszulka polo";275.00;PLN;30.00;;"90% bawełna, 10% wiskoza";;Melanż;Regular;Prosty;"Wycięcie typu V";PE122O0PG-C11;Standardowa;"Krótki rękaw";;https://www.zalando.pl/pepe-jeans-koszulka-polo-light-grey-marl-pe122o0pg-c11.html;80;zalando.pl;"2026-04-16 16:50:45.663+00";"2026-04-16 16:50:45.767118+00"
2057;"Koszulki z krótkim rękawem (męskie)";"- T-shirt z nadrukiem";"Björn Borg - T-shirt z nadrukiem";135.00;PLN;145.00;155.00;"90% poliester, 10% elastan";;Nadruk;Regular;Prosty;Okrągły;BJ242D0CT-K19;Standardowa;"Krótki rękaw";;https://www.zalando.pl/bjoern-borg-t-shirt-z-nadrukiem-hellblau-bj242d0ct-k19.html;80;zalando.pl;"2026-04-16 16:50:18.448+00";"2026-04-16 16:50:18.597626+00"
2056;"Koszulki z krótkim rękawem (męskie)";"HMLIC DAYTON - T-shirt z nadrukiem";"Hummel HMLIC DAYTON - T-shirt z nadrukiem";65.86;PLN;89.00;;"50% bawełna, 50% poliester";;"Kolor jednolity";Regular;Zwężany;Okrągły;HU344K00A-K11;Standardowa;"Krótki rękaw";;https://www.zalando.pl/hummel-t-shirt-basic-peacoat-hu344k00a-k11.html;80;zalando.pl;"2026-04-16 16:49:50.027+00";"2026-04-16 16:49:50.161194+00"
2055;"Koszulki z krótkim rękawem (męskie)";"- Top";"Pier One - Top";45.00;PLN;49.00;89.00;"100% bawełna";;"Kolor jednolity";Regular;Prosty;Okrągły;PI922O0Y0-Q11;Standardowa;"Bez rękawów";;https://www.zalando.pl/pier-one-3-pack-top-blackgreykhaki-pi922o0y0-q11.html;80;zalando.pl;"2026-04-16 16:49:26.838+00";"2026-04-16 16:49:26.98913+00"
2054;"Koszulki z krótkim rękawem (męskie)";"- T-shirt z nadrukiem";"Guess - T-shirt z nadrukiem";155.00;PLN;30.00;129.00;"100% bawełna";;Nadruk;Regular;Prosty;Okrągły;GU122O1KC-M11;Standardowa;"Krótki rękaw";;https://www.zalando.pl/guess-t-shirt-z-nadrukiem-wassergruen-gu122o1kc-m11.html;80;zalando.pl;"2026-04-16 16:48:36.16+00";"2026-04-16 16:48:36.289233+00"
2053;"Koszulki z krótkim rękawem (męskie)";"- T-shirt z nadrukiem";"Alpha Industries - T-shirt z nadrukiem";86.99;PLN;110.99;129.99;"100% bawełna";;Nadruk;Regular;Prosty;Okrągły;AL522O08J-P11;Standardowa;"Krótki rękaw";;https://www.zalando.pl/alpha-industries-t-shirt-z-nadrukiem-force-green-al522o08j-p11.html;80;zalando.pl;"2026-04-16 16:48:03.645+00";"2026-04-16 16:48:03.79488+00"
2052;"Koszulki z krótkim rękawem (męskie)";"ENTRADA - Koszulka sportowa";"adidas Performance ENTRADA - Koszulka sportowa";62.00;PLN;45.00;89.00;"100% poliester";;"Kolor jednolity";Regular;Prosty;"Wycięcie typu V";AD542D41L-Q11;Standardowa;"Krótki rękaw";;https://www.zalando.pl/adidas-performance-entrada-22-koszulka-sportowa-black-ad542d41l-q11.html;80;zalando.pl;"2026-04-16 16:47:13.325+00";"2026-04-16 16:47:13.458894+00"
2051;"Koszulki z krótkim rękawem (męskie)";"- T-shirt basic";"Armani Exchange - T-shirt basic";229.00;PLN;30.00;139.00;"100% bawełna";;Nadruk;Regular;Prosty;Okrągły;ARC22O0K6-Q11;Standardowa;"Krótki rękaw";;https://www.zalando.pl/armani-exchange-t-shirt-z-nadrukiem-black-arc22o0k6-q11.html;80;zalando.pl;"2026-04-16 16:46:52.365+00";"2026-04-16 16:46:52.518943+00"
2050;"Koszulki z krótkim rękawem (męskie)";"SDPedros - Top";"Solid SDPedros - Top";62.00;PLN;78.00;119.00;"100% bawełna";;Nadruk;Regular;Prosty;Okrągły;SO422O0BS-A11;Standardowa;"Bez rękawów";;https://www.zalando.pl/solid-top-white-so422o0bs-a11.html;80;zalando.pl;"2026-04-16 16:46:18.26+00";"2026-04-16 16:46:18.368853+00"
2049;"Koszulki z krótkim rękawem (męskie)";"REGULAR FIT - T-shirt basic";"Next REGULAR FIT - T-shirt basic";91.00;PLN;30.00;69.99;"88% poliester, 12% elastan";;"Kolor jednolity";Regular;Prosty;Okrągły;NX322O1O9-H11;Standardowa;"Krótki rękaw";;https://www.zalando.pl/next-regular-fit-active-gym-textured-training-t-shirt-basic-coral-orange-nx322o1o9-h11.html;80;zalando.pl;"2026-04-16 16:45:43.459+00";"2026-04-16 16:45:43.597582+00"
2048;"Koszulki z krótkim rękawem (męskie)";"- T-shirt z nadrukiem";"Terranova - T-shirt z nadrukiem";49.99;PLN;30.00;69.00;"100% bawełna";;Nadruk;Regular;Prosty;Okrągły;TBT22O05P-Q11;Standardowa;"Krótki rękaw";;https://www.zalando.pl/terranova-t-shirt-z-nadrukiem-var-nero-tbt22o05p-q11.html;80;zalando.pl;"2026-04-16 16:44:53.552+00";"2026-04-16 16:44:53.654853+00"
2047;"Koszulki z krótkim rękawem (męskie)";"THOMPSON - T-shirt basic";"BOSS THOMPSON - T-shirt basic";161.00;PLN;175.00;269.00;"100% bawełna";;"Kolor jednolity";Regular;Prosty;Okrągły;BB122O0IB-M11;Standardowa;"Krótki rękaw";;https://www.zalando.pl/boss-thompson-t-shirt-basic-dark-blue-bb122o0ib-m11.html;79;zalando.pl;"2026-04-16 16:43:30.743+00";"2026-04-16 16:43:31.878858+00"
2046;"Koszulki z krótkim rękawem (męskie)";"ONSFRED - T-shirt basic";"Only &amp; Sons ONSFRED - T-shirt basic";79.99;PLN;30.00;211.99;"100% bawełna";;"Kolor jednolity";Regular;Prosty;Okrągły;OS322O15E-K21;Standardowa;"Krótki rękaw";;https://www.zalando.pl/only-and-sons-onsfred-tee-t-shirt-basic-cerulean-os322o15e-k21.html;79;zalando.pl;"2026-04-16 16:43:02.671+00";"2026-04-16 16:43:03.846917+00"
2045;"Koszulki z krótkim rękawem (męskie)";"- T-shirt z nadrukiem";"Guess - T-shirt z nadrukiem";179.00;PLN;159.00;199.00;"100% bawełna";;Nadruk;Regular;Prosty;Okrągły;GU122O1JD-A11;Standardowa;"Krótki rękaw";;https://www.zalando.pl/guess-sunrise-lotus-tee-t-shirt-z-nadrukiem-pure-white-gu122o1jd-a11.html;79;zalando.pl;"2026-04-16 16:42:40.565+00";"2026-04-16 16:42:40.670734+00"
2044;"Koszulki z krótkim rękawem (męskie)";"EGGO - T-shirt z nadrukiem";"Pepe Jeans EGGO - T-shirt z nadrukiem";89.00;PLN;99.00;;"100% bawełna";;Nadruk;Regular;Prosty;Okrągły;PE122O0F6-Q11;Standardowa;"Krótki rękaw";;https://www.zalando.pl/pepe-jeans-eggo-t-shirt-z-nadrukiem-black-pe122o0f6-q11.html;79;zalando.pl;"2026-04-16 16:41:55.029+00";"2026-04-16 16:41:55.130898+00"
2043;"Koszulki z krótkim rękawem (męskie)";"2 PACK - T-shirt basic";"Bamboo Basics 2 PACK - T-shirt basic";161.00;PLN;30.00;149.00;"68% wiskoza, 28% bawełna, 4% elastan";;"Kolor jednolity";Regular;Prosty;"Wycięcie typu V";B2H22O003-A11;Standardowa;"Krótki rękaw";;https://www.zalando.pl/bamboo-basics-2-pack-t-shirt-basic-white-b2h22o003-a11.html;79;zalando.pl;"2026-04-16 16:41:25.652+00";"2026-04-16 16:41:25.756083+00"
2042;"Koszulki z krótkim rękawem (męskie)";"UNISEX - T-shirt z nadrukiem";"TAION UNISEX - T-shirt z nadrukiem";289.00;PLN;30.00;179.00;"100% poliester";;"W kratkę";"Loose fit";Prosty;Okrągły;TCM21000Z-Q11;Standardowa;Półrękawek;;https://www.zalando.pl/taion-military-cut-sew-half-sleeve-unisex-t-shirt-z-nadrukiem-black-tcm21000z-q11.html;79;zalando.pl;"2026-04-16 16:40:57.24+00";"2026-04-16 16:40:57.342069+00"
2041;"Koszulki z krótkim rękawem (męskie)";"- T-shirt basic";"Harper &amp; Neyer - T-shirt basic";122.00;PLN;30.00;119.00;"100% bawełna";;"Kolor jednolity";Regular;Prosty;Okrągły;H2Z22O01Q-J11;Standardowa;"Krótki rękaw";;https://www.zalando.pl/harper-and-neyer-t-shirt-basic-vintage-rose-h2z22o01q-j11.html;79;zalando.pl;"2026-04-16 16:40:14.949+00";"2026-04-16 16:40:15.05432+00"
2040;"Koszulki z krótkim rękawem (męskie)";"YU-GHI-OH DARK MAGICIAN HEAVY - T-shirt z nadrukiem";"Upscale by Mister Tee YU-GHI-OH DARK MAGICIAN HEAVY - T-shirt z nadrukiem";82.00;PLN;91.00;169.00;"100% bawełna";;Nadruk;Regular;Prosty;Okrągły;UP722O03Z-Q11;Standardowa;"Krótki rękaw";;https://www.zalando.pl/upscale-by-mister-tee-t-shirt-z-nadrukiem-black-up722o03z-q11.html;79;zalando.pl;"2026-04-16 16:39:23.645+00";"2026-04-16 16:39:23.74953+00"
2039;"Koszulki z krótkim rękawem (męskie)";"GAME 3 - T-shirt z nadrukiem";"Dunlop GAME 3 - T-shirt z nadrukiem";199.00;PLN;30.00;139.00;"84% poliester, 16% elastan";;Nadruk;Regular;Prosty;Okrągły;DU142D00L-M11;Standardowa;"Krótki rękaw";;https://www.zalando.pl/dunlop-mens-game-tee-3-t-shirt-z-nadrukiem-fair-green-du142d00l-m11.html;79;zalando.pl;"2026-04-16 16:39:03.63+00";"2026-04-16 16:39:03.733656+00"
2038;"Koszulki z krótkim rękawem (męskie)";"- T-shirt basic";"Casual Friday - T-shirt basic";109.00;PLN;30.00;109.99;"100% bawełna";;Melanż;Regular;Prosty;Okrągły;C1A22O03P-C12;Standardowa;"Krótki rękaw";;https://www.zalando.pl/casual-friday-t-shirt-basic-moon-mist-c1a22o03p-c12.html;79;zalando.pl;"2026-04-16 16:38:39.553+00";"2026-04-16 16:38:39.65954+00"
2037;"Koszulki z krótkim rękawem (męskie)";"UNISEX - T-shirt basic";"PANGAIA UNISEX - T-shirt basic";160.00;PLN;144.00;319.00;"100% bawełna";;;Regular;Prosty;Okrągły;PJL210008-E11;Standardowa;"Krótki rękaw";;https://www.zalando.pl/pangaia-midweight-unisex-t-shirt-z-nadrukiem-light-yellow-pjl210008-e11.html;79;zalando.pl;"2026-04-16 16:38:08.248+00";"2026-04-16 16:38:08.351234+00"
2036;"Koszulki z krótkim rękawem (męskie)";"ADRIATICO - Koszulka polo";"Sergio Tacchini ADRIATICO - Koszulka polo";205.00;PLN;229.00;;"100% poliester";;"Kolor jednolity";Regular;Prosty;;S1622O058-A11;Standardowa;"Krótki rękaw";;https://www.zalando.pl/sergio-tacchini-adriatico-koszulka-polo-white-black-s1622o058-a11.html;79;zalando.pl;"2026-04-16 16:37:42.252+00";"2026-04-16 16:37:42.353652+00"
2035;"Koszulki z krótkim rękawem (męskie)";"- T-shirt z nadrukiem";"BOSS - T-shirt z nadrukiem";287.00;PLN;175.00;319.00;"95% bawełna, 5% elastan";;Nadruk;Regular;Prosty;Okrągły;BB142D033-M11;Standardowa;"Krótki rękaw";;https://www.zalando.pl/boss-iconic-logo-t-shirt-z-nadrukiem-open-green-bb142d033-m11.html;79;zalando.pl;"2026-04-16 16:37:07.755+00";"2026-04-16 16:37:07.858281+00"
2034;"Koszulki z krótkim rękawem (męskie)";"- T-shirt z nadrukiem";"Scalpers - T-shirt z nadrukiem";101.25;PLN;71.70;126.56;"100% bawełna";"100% bawełna";Nadruk;"Regular Fit";Prosty;Okrągły;SCF22O0CQ-J11;Standardowa;"Krótki rękaw";;https://www.zalando.pl/scalpers-scoutofoffice-t-shirt-z-nadrukiem-pink-scf22o0cq-j11.html;79;zalando.pl;"2026-04-16 16:36:40.754+00";"2026-04-16 16:36:40.899344+00"
2033;"Koszulki z krótkim rękawem (męskie)";"ISLAND - Koszulka polo";"Hackett London ISLAND - Koszulka polo";609.00;PLN;30.00;719.00;"100% bawełna";"100% bawełna";"Kolor jednolity";Regular;Prosty;"Wycięcie typu V";HT622O0BT-E11;Standardowa;"Krótki rękaw";;https://www.zalando.pl/hackett-london-koszulka-polo-pastel-yellow-ht622o0bt-e11.html;79;zalando.pl;"2026-04-16 16:36:16.655+00";"2026-04-16 16:36:17.094329+00"
2032;"Koszulki z krótkim rękawem (męskie)";"- T-shirt z nadrukiem";"Blauer - T-shirt z nadrukiem";206.00;PLN;229.00;;"100% bawełna";;Nadruk;Regular;Prosty;Okrągły;BM922O046-Q11;Standardowa;"Krótki rękaw";;https://www.zalando.pl/blauer-bourn-t-shirt-z-nadrukiem-black-bm922o046-q11.html;79;zalando.pl;"2026-04-16 16:35:53.653+00";"2026-04-16 16:35:53.753352+00"
2031;"Koszulki z krótkim rękawem (męskie)";"- Koszulka polo";"FINSHLEY &amp; HARDING - Koszulka polo";149.95;PLN;30.00;199.00;"96% bawełna, 4% elastan";;"Kolor jednolity";Regular;Prosty;;FIU22O00N-J11;Standardowa;"Krótki rękaw";;https://www.zalando.pl/finshley-and-harding-koszulka-polo-altrosa-fiu22o00n-j11.html;79;zalando.pl;"2026-04-16 16:35:32.831+00";"2026-04-16 16:35:32.962165+00"
2030;"Koszulki z krótkim rękawem (męskie)";"BARBOUR X PAUL SMITH - T-shirt z nadrukiem";"Barbour BARBOUR X PAUL SMITH - T-shirt z nadrukiem";359.00;PLN;30.00;159.00;"100% bawełna";;Nadruk;Regular;Prosty;Okrągły;BA222O04P-K11;Standardowa;"Krótki rękaw";;https://www.zalando.pl/barbour-paul-smith-loves-barbour-fishing-t-shirt-z-nadrukiem-mid-blue-ba222o04p-k11.html;79;zalando.pl;"2026-04-16 16:34:42.862+00";"2026-04-16 16:34:42.999004+00"
2029;"Koszulki z krótkim rękawem (męskie)";"- T-shirt basic";"s.Oliver - T-shirt basic";69.99;PLN;30.00;75.00;"100% bawełna";;Melanż;Regular;Prosty;Okrągły;SO222O2FO-M11;Standardowa;"Krótki rękaw";;https://www.zalando.pl/soliver-t-shirt-t-shirt-basic-salbeigruen-so222o2fo-m11.html;79;zalando.pl;"2026-04-16 16:34:13.161+00";"2026-04-16 16:34:13.265609+00"
2028;"Koszulki z krótkim rękawem (męskie)";"- Koszulka sportowa";"Quiksilver - Koszulka sportowa";98.00;PLN;98.00;109.00;"100% bawełna";"100% materiał";Nadruk;Regular;Prosty;Okrągły;QU1210049-N11;Standardowa;"Krótki rękaw";;https://www.zalando.pl/quiksilver-ev-mini-logo-ss-t-shirt-basic-cre-qu1210049-n11.html;79;zalando.pl;"2026-04-16 16:33:39.321+00";"2026-04-16 16:33:39.426911+00"
2027;"Koszulki z krótkim rękawem (męskie)";"3ER-PACK - T-shirt z nadrukiem";"TOM TAILOR DENIM 3ER-PACK - T-shirt z nadrukiem";159.00;PLN;30.00;75.00;"100% bawełna";;Nadruk;Regular;Prosty;Okrągły;TO722O1HF-K11;Standardowa;"Krótki rękaw";;https://www.zalando.pl/tom-tailor-denim-t-shirt-z-nadrukiem-sky-captain-blue-to722o1hf-k11.html;79;zalando.pl;"2026-04-16 16:32:47.47+00";"2026-04-16 16:32:47.637449+00"
2026;"Koszulki z krótkim rękawem (męskie)";"- T-shirt basic";"Boggi Milano - T-shirt basic";689.00;PLN;30.00;679.00;"70% len, 30% bawełna";;Melanż;Regular;Prosty;Okrągły;BQ122O04Q-K12;Standardowa;"Krótki rękaw";;https://www.zalando.pl/boggi-milano-t-shirt-basic-light-blue-bq122o04q-k12.html;78;zalando.pl;"2026-04-16 16:28:47.264+00";"2026-04-16 16:28:47.367601+00"
2025;"Koszulki z krótkim rękawem (męskie)";"IVORY COAST FIF - Koszulka reprezentacji";"Puma IVORY COAST FIF - Koszulka reprezentacji";429.00;PLN;30.00;589.00;"100% poliester";;Nadruk;Regular;Dopasowany;Okrągły;PU142D34R-A11;Standardowa;"Krótki rękaw";;https://www.zalando.pl/puma-ivory-coast-fif-away-replica-koszulka-sportowa-whitewarm-chestnut-pu142d34r-a11.html;78;zalando.pl;"2026-04-16 16:27:54.741+00";"2026-04-16 16:27:54.84284+00"
2024;"Koszulki z krótkim rękawem (męskie)";"- Koszulka polo";"JP1880 - Koszulka polo";177.99;PLN;199.99;;"100% bawełna";;"Kolor jednolity";Regular;Prosty;;JP322P01J-M15;Standardowa;"Krótki rękaw";;https://www.zalando.pl/jp1880-2er-pack-seitenschlitze-regular-fit-koszulka-polo-cactus-jp322p01j-m15.html;78;zalando.pl;"2026-04-16 16:27:13.94+00";"2026-04-16 16:27:14.048255+00"
2023;"Koszulki z krótkim rękawem (męskie)";"- T-shirt basic";"Next - T-shirt basic";52.00;PLN;30.00;199.00;"98% bawełna, 2% wiskoza";;Melanż;Regular;Prosty;Okrągły;NX322O0YL-C14;Standardowa;"Krótki rękaw";;https://www.zalando.pl/next-t-shirt-basic-light-grey-marl-nx322o0yl-c14.html;78;zalando.pl;"2026-04-16 16:26:35.222+00";"2026-04-16 16:26:35.322422+00"
2022;"Koszulki z krótkim rękawem (męskie)";"- Koszulka polo";"JJ Rebel - Koszulka polo";74.99;PLN;30.00;59.00;"100% bawełna";;"Kolor jednolity";Regular;Prosty;Okrągły;JJA22O003-Q11;Standardowa;"Krótki rękaw";;https://www.zalando.pl/jj-rebel-koszulka-polo-black-jja22o003-q11.html;78;zalando.pl;"2026-04-16 16:25:45.765+00";"2026-04-16 16:25:45.919186+00"
2021;"Koszulki z krótkim rękawem (męskie)";"- T-shirt z nadrukiem";"Brandit - T-shirt z nadrukiem";49.00;PLN;69.00;;"100% bawełna";;"Wzory militarne";Regular;Prosty;Okrągły;BRM22O000-M11;Standardowa;"Krótki rękaw";;https://www.zalando.pl/brandit-t-shirt-basic-swedish-camo-brm22o000-m11.html;78;zalando.pl;"2026-04-16 16:25:15.968+00";"2026-04-16 16:25:16.121623+00"
2020;"Koszulki z krótkim rękawem (męskie)";"- T-shirt z nadrukiem";"JP1880 - T-shirt z nadrukiem";124.99;PLN;139.99;;"100% bawełna";;Nadruk;Regular;Prosty;Okrągły;JP322O174-O11;Standardowa;"Krótki rękaw";;https://www.zalando.pl/jp1880-t-shirt-z-nadrukiem-light-brown-jp322o174-o11.html;78;zalando.pl;"2026-04-16 16:24:52.356+00";"2026-04-16 16:24:53.468471+00"
2019;"Koszulki z krótkim rękawem (męskie)";"SUNISEX - T-shirt z nadrukiem";"Rains SUNISEX - T-shirt z nadrukiem";269.00;PLN;30.00;309.00;"100% bawełna";;Nadruk;"Loose fit";Prosty;Okrągły;RI021007V-A11;Standardowa;"Krótki rękaw";;https://www.zalando.pl/rains-classic-rosess-unisex-t-shirt-z-nadrukiem-white-ri021007v-a11.html;78;zalando.pl;"2026-04-16 16:24:06.642+00";"2026-04-16 16:24:06.790248+00"
2018;"Koszulki z krótkim rękawem (męskie)";"- T-shirt z nadrukiem";"Von Dutch - T-shirt z nadrukiem";159.00;PLN;30.00;129.00;"100% bawełna";;Nadruk;Nadwymiarowy;Prosty;Okrągły;VD122D00F-B11;Długa;Półrękawek;;https://www.zalando.pl/von-dutch-tee-slub-relax-fit-t-shirt-z-nadrukiem-beige-vd122d00f-b11.html;78;zalando.pl;"2026-04-16 16:23:42.902+00";"2026-04-16 16:23:43.095533+00"
2017;"Koszulki z krótkim rękawem (męskie)";"KELSO - T-shirt z nadrukiem";"Lonsdale KELSO - T-shirt z nadrukiem";159.00;PLN;30.00;269.00;"100% bawełna";;Nadruk;Regular;Prosty;Okrągły;L2G22O03V-C11;Standardowa;"Krótki rękaw";;https://www.zalando.pl/lonsdale-normale-passform-two-pack-kelso-t-shirt-z-nadrukiem-marl-grey-oxblood-l2g22o03v-c11.html;78;zalando.pl;"2026-04-16 16:23:22.825+00";"2026-04-16 16:23:22.969329+00"
2016;"Koszulki z krótkim rękawem (męskie)";"- T-shirt basic";"Patagonia - T-shirt basic";289.00;PLN;30.00;199.00;"100% bawełna";;;Regular;Prosty;Okrągły;PA942D03Q-A11;Standardowa;"Krótki rękaw";;https://www.zalando.pl/patagonia-oval-logo-pocket-t-shirt-z-nadrukiem-undyed-natural-pa942d03q-a11.html;78;zalando.pl;"2026-04-16 16:22:43.324+00";"2026-04-16 16:22:43.426468+00"
2015;"Koszulki z krótkim rękawem (męskie)";"- T-shirt z nadrukiem";"Jack &amp; Jones - T-shirt z nadrukiem";79.99;PLN;30.00;99.99;"100% bawełna";;Nadruk;"Loose fit";Prosty;Okrągły;JA222O6Q9-J11;Standardowa;"Krótki rękaw";;https://www.zalando.pl/jack-and-jones-t-shirt-t-shirt-t-shirt-z-nadrukiem-peach-melba-ja222o6q9-j11.html;78;zalando.pl;"2026-04-16 16:22:21.141+00";"2026-04-16 16:22:21.24327+00"
2014;"Koszulki z krótkim rękawem (męskie)";"- T-shirt z nadrukiem";"Next - T-shirt z nadrukiem";65.00;PLN;30.00;59.00;"90% bawełna, 10% wiskoza";;"Kolor jednolity";Regular;Prosty;Okrągły;NX322O0O5-C11;Standardowa;"Krótki rękaw";;https://www.zalando.pl/next-regular-fit-t-shirt-z-nadrukiem-grey-nx322o0o5-c11.html;78;zalando.pl;"2026-04-16 16:22:01.454+00";"2026-04-16 16:22:01.555274+00"
2013;"Koszulki z krótkim rękawem (męskie)";"RELAXED FIT - T-shirt basic";"Selected RELAXED FIT - T-shirt basic";154.99;PLN;30.00;139.00;"93% bawełna, 7% elastan";;"Kolor jednolity";"Loose fit";Prosty;Okrągły;0BN22O00Q-B11;Standardowa;Półrękawek;;https://www.zalando.pl/selected-t-shirt-basic-pure-cashmere-0bn22o00q-b11.html;78;zalando.pl;"2026-04-16 16:21:42.737+00";"2026-04-16 16:21:42.891676+00"
2012;"Koszulki z krótkim rękawem (męskie)";"- T-shirt z nadrukiem";"Filippa K - T-shirt z nadrukiem";409.00;PLN;30.00;589.00;"100% bawełna";;"W paski";Regular;Prosty;Okrągły;F1422O03M-A11;Długa;Półrękawek;;https://www.zalando.pl/filippa-k-striped-crew-neck-tee-t-shirt-z-nadrukiem-whitenavy-f1422o03m-a11.html;78;zalando.pl;"2026-04-16 16:21:06.551+00";"2026-04-16 16:21:06.652798+00"
2011;"Koszulki z krótkim rękawem (męskie)";"- T-shirt z nadrukiem";"Levi&#x27;s® - T-shirt z nadrukiem";159.00;PLN;30.00;159.00;"100% bawełna";;Nadruk;"Loose fit";Prosty;Okrągły;LE222O07J-Q27;Standardowa;"Krótki rękaw";;https://www.zalando.pl/levis-relaxed-fit-tee-t-shirt-z-nadrukiem-jet-black-le222o07j-q27.html;78;zalando.pl;"2026-04-16 16:20:27.529+00";"2026-04-16 16:20:27.659677+00"
2010;"Koszulki z krótkim rękawem (męskie)";"ANDOR STORM TROOPER - T-shirt z nadrukiem";"Henry Tiger ANDOR STORM TROOPER - T-shirt z nadrukiem";169.99;PLN;30.00;119.00;"100% bawełna";;"Nadrukowane zdjęcie";Regular;Prosty;Okrągły;H3A22O7X8-G11;Standardowa;"Krótki rękaw";;https://www.zalando.pl/henry-tiger-t-shirt-z-nadrukiem-red-h3a22o7x8-g11.html;78;zalando.pl;"2026-04-16 16:19:44.361+00";"2026-04-16 16:19:44.463589+00"
2009;"Koszulki z krótkim rękawem (męskie)";"PIERRE - Koszulka polo";"Mustang PIERRE - Koszulka polo";129.00;PLN;169.00;;"100% bawełna";;"Kolor jednolity";Regular;Prosty;"Typu Henley";MU322O0SH-Q11;Standardowa;"Krótki rękaw";;https://www.zalando.pl/mustang-style-pierre-koszulka-polo-schwarz-mu322o0sh-q11.html;78;zalando.pl;"2026-04-16 16:19:03.147+00";"2026-04-16 16:19:03.294744+00"
2008;"Koszulki z krótkim rękawem (męskie)";"- Koszulka polo";"Wrangler - Koszulka polo";139.00;PLN;30.00;329.00;"100% bawełna";;"Kolor jednolity";Regular;Prosty;;WR122O0B7-K11;Standardowa;"Krótki rękaw";;https://www.zalando.pl/wrangler-short-sleeve-regular-fit-koszulka-polo-forget-me-not-wr122o0b7-k11.html;78;zalando.pl;"2026-04-16 16:18:23.75+00";"2026-04-16 16:18:24.002132+00"
2007;"Koszulki z krótkim rękawem (męskie)";"- Koszulka polo";"Lindbergh - Koszulka polo";149.95;PLN;30.00;59.00;"95% bawełna, 5% elastan";;"Kolor jednolity";Regular;Prosty;;LG522P01C-Q11;Standardowa;"Krótki rękaw";;https://www.zalando.pl/lindbergh-koszulka-polo-black-lg522p01c-q11.html;78;zalando.pl;"2026-04-16 16:17:52.424+00";"2026-04-16 16:17:52.527178+00"
2006;"Koszulki z krótkim rękawem (męskie)";"- T-shirt z nadrukiem";"Lost Youth - T-shirt z nadrukiem";79.00;PLN;79.00;199.00;"100% bawełna";"100% bawełna";"W kwiatki";"Loose fit";Prosty;Okrągły;LNI22O025-C11;Długa;Półrękawek;;https://www.zalando.pl/lost-youth-blurred-flowers-t-shirt-z-nadrukiem-darkgrey-lni22o025-c11.html;78;zalando.pl;"2026-04-16 16:17:02.248+00";"2026-04-16 16:17:02.353376+00"
2005;"Koszulki z krótkim rękawem (męskie)";"MATCHPLAY - Koszulka polo";"Under Armour MATCHPLAY - Koszulka polo";239.00;PLN;30.00;120.00;"93% poliester, 7% elastan";;"Kolor jednolity";Regular;Prosty;;UN242D1BX-K11;Standardowa;"Krótki rękaw";;https://www.zalando.pl/under-armour-matchplay-koszulka-polo-boundless-bluemidnight-navy-un242d1bx-k11.html;78;zalando.pl;"2026-04-16 16:16:39.525+00";"2026-04-16 16:16:39.721567+00"
2004;"Koszulki z krótkim rękawem (męskie)";"ST.AGNES - Top";"Lonsdale ST.AGNES - Top";79.00;PLN;30.00;99.00;"100% bawełna";;Nadruk;Regular;Prosty;Okrągły;L2G22O00O-C11;Standardowa;"Bez rękawów";;https://www.zalando.pl/lonsdale-aermelloses-agnes-top-marl-grey-navy-red-l2g22o00o-c11.html;78;zalando.pl;"2026-04-16 16:15:58.049+00";"2026-04-16 16:15:58.378785+00"
2003;"Koszulki z krótkim rękawem (męskie)";"- T-shirt basic";"Nils Sundström - T-shirt basic";129.95;PLN;30.00;119.00;"100% bawełna";;"Kolor jednolity";"Loose fit";Prosty;Okrągły;NIN21D003-J11;Standardowa;"Krótki rękaw";;https://www.zalando.pl/nils-sundstroem-t-shirt-basic-rosa-nin21d003-j11.html;77;zalando.pl;"2026-04-16 16:14:49.344+00";"2026-04-16 16:14:49.448388+00"
2002;"Koszulki z krótkim rękawem (męskie)";"- T-shirt z nadrukiem";"PME Legend - T-shirt z nadrukiem";199.00;PLN;30.00;69.00;"95% bawełna, 5% elastan";;"Kolor jednolity";Regular;Prosty;Okrągły;PG322O06I-K11;Standardowa;"Krótki rękaw";;https://www.zalando.pl/pme-legend-american-classic-logo-t-shirt-z-nadrukiem-salute-pg322o06i-k11.html;77;zalando.pl;"2026-04-16 16:14:12.022+00";"2026-04-16 16:14:12.12457+00"
2001;"Koszulki z krótkim rękawem (męskie)";"KOROSHI SHORT SLEEVES T-SHIRT SHORT SLEEVES T-SHIRT - T-shirt basic";"Koroshi KOROSHI SHORT SLEEVES T-SHIRT SHORT SLEEVES T-SHIRT - T-shirt basic";179.00;PLN;30.00;99.00;"100% bawełna";"100% bawełna";"Kolor jednolity";Regular;Prosty;Okrągły;KOL22O0LT-A11;Standardowa;"Krótki rękaw";;https://www.zalando.pl/koroshi-t-shirt-basic-crudo-off-white-kol22o0lt-a11.html;77;zalando.pl;"2026-04-16 16:13:48.743+00";"2026-04-16 16:13:48.850473+00"
2000;"Koszulki z krótkim rękawem (męskie)";"- T-shirt basic";"FatFace - T-shirt basic";162.00;PLN;30.00;179.00;"100% bawełna";;"Kolor jednolity";Regular;Prosty;Okrągły;FAO22O07Q-H11;Standardowa;"Krótki rękaw";;https://www.zalando.pl/fatface-tall-fit-t-shirt-basic-coral-pink-fao22o07q-h11.html;77;zalando.pl;"2026-04-16 16:13:17.37+00";"2026-04-16 16:13:17.523306+00"
1999;"Koszulki z krótkim rękawem (męskie)";"- T-shirt basic";"FatFace - T-shirt basic";162.00;PLN;30.00;179.00;"100% bawełna";;"Kolor jednolity";Regular;Prosty;Okrągły;FAO22O07P-H11;Standardowa;"Krótki rękaw";;https://www.zalando.pl/fatface-regular-fit-t-shirt-basic-coral-pink-fao22o07p-h11.html;77;zalando.pl;"2026-04-16 16:12:49.456+00";"2026-04-16 16:12:49.692678+00"
1998;"Koszulki z krótkim rękawem (męskie)";"T-shirt basic";"Michael Kors T-shirt basic";278.00;PLN;247.00;309.00;"100% bawełna";;"Kolor jednolity";Prosty;;Okrągły;1MI22O00P-Q11;Standardowa;"Krótki rękaw";;https://www.zalando.pl/michael-kors-t-shirt-basic-black-1mi22o00p-q11.html;77;zalando.pl;"2026-04-16 16:12:20.967+00";"2026-04-16 16:12:21.122187+00"
1997;"Koszulki z krótkim rękawem (męskie)";"- T-shirt basic";"KARL LAGERFELD - T-shirt basic";296.00;PLN;329.00;;"95% bawełna, 5% elastan";;"Kolor jednolity";Regular;Prosty;Okrągły;K4822O0O2-N11;Standardowa;"Krótki rękaw";;https://www.zalando.pl/karl-lagerfeld-crew-neck-t-shirt-basic-olive-k4822o0o2-n11.html;77;zalando.pl;"2026-04-16 16:11:52.646+00";"2026-04-16 16:11:52.748951+00"
1996;"Koszulki z krótkim rękawem (męskie)";"THOMPSON - T-shirt basic";"BOSS THOMPSON - T-shirt basic";279.00;PLN;30.00;199.00;"100% bawełna";;"Kolor jednolity";Regular;Prosty;Okrągły;BB122O0IB-B13;Standardowa;"Krótki rękaw";;https://www.zalando.pl/boss-t-shirt-basic-open-beige-six-bb122o0ib-b13.html;77;zalando.pl;"2026-04-16 16:11:14.936+00";"2026-04-16 16:11:15.040409+00"
1995;"Koszulki z krótkim rękawem (męskie)";"REFORM - Koszulka polo";"AllSaints REFORM - Koszulka polo";379.00;PLN;30.00;309.00;"100% bawełna";;"Kolor jednolity";Regular;Prosty;;A0Q22P04G-M14;Standardowa;"Krótki rękaw";;https://www.zalando.pl/allsaints-koszulka-polo-green-a0q22p04g-m14.html;77;zalando.pl;"2026-04-16 16:10:33.938+00";"2026-04-16 16:10:34.052204+00"
1994;"Koszulki z krótkim rękawem (męskie)";"- T-shirt basic";"Matinique - T-shirt basic";183.20;PLN;229.00;;"100% bawełna";;"Kolor jednolity";Regular;Prosty;Okrągły;M6022O02N-Q11;Standardowa;"Krótki rękaw";;https://www.zalando.pl/matinique-t-shirt-basic-black-m6022o02n-q11.html;77;zalando.pl;"2026-04-16 16:10:07.257+00";"2026-04-16 16:10:07.359193+00"
1993;"Koszulki z krótkim rękawem (męskie)";"UNISEC - Top";"Quiksilver UNISEC - Top";98.00;PLN;109.00;;"100% bawełna";;Nadruk;"Loose fit";Prosty;Okrągły;QU121006M-Q11;Standardowa;"Bez rękawów";;https://www.zalando.pl/quiksilver-top-black-qu121006m-q11.html;77;zalando.pl;"2026-04-16 16:09:40.851+00";"2026-04-16 16:09:40.953748+00"
1992;"Koszulki z krótkim rękawem (męskie)";"- T-shirt z nadrukiem";"JJ Rebel - T-shirt z nadrukiem";49.99;PLN;30.00;74.99;"100% bawełna";;Nadruk;Regular;Prosty;Okrągły;JJA22O006-Q11;Standardowa;"Krótki rękaw";;https://www.zalando.pl/jj-rebel-t-shirt-z-nadrukiem-black-jja22o006-q11.html;77;zalando.pl;"2026-04-16 16:09:02.857+00";"2026-04-16 16:09:02.965716+00"
1991;"Koszulki z krótkim rękawem (męskie)";"JJECORP - T-shirt basic";"Jack &amp; Jones JJECORP - T-shirt basic";54.00;PLN;30.00;69.00;"100% bawełna";;Nadruk;Regular;Prosty;Okrągły;JA222O29Z-M11;Standardowa;"Krótki rękaw";;https://www.zalando.pl/jack-and-jones-t-shirt-z-nadrukiem-black-ja222o29z-m11.html;77;zalando.pl;"2026-04-16 16:08:40.025+00";"2026-04-16 16:08:40.132904+00"
1990;"Koszulki z krótkim rękawem (męskie)";"- T-shirt basic";"Marc O&#x27;Polo - T-shirt basic";259.00;PLN;;;"100% bawełna";;"Kolor jednolity";"Loose fit";Prosty;Okrągły;MA322O0VL-A11;Długa;"Krótki rękaw";;https://www.zalando.pl/marc-opolo-t-shirt-basic-white-ma322o0vl-a11.html;77;zalando.pl;"2026-04-16 16:07:50.546+00";"2026-04-16 16:07:50.647994+00"
1989;"Koszulki z krótkim rękawem (męskie)";"SLHLOOSEOSCAR - T-shirt basic";"Selected SLHLOOSEOSCAR - T-shirt basic";125.00;PLN;125.00;139.00;"44% bawełna, 35% poliester, 21% elastomultiester";;"Kolor jednolity";Regular;Prosty;Okrągły;SE622O0TQ-Q11;Długa;"Krótki rękaw";;https://www.zalando.pl/selected-homme-slhlooseoscar-ss-o-neck-tee-noos-t-shirt-basic-black-se622o0tq-q11.html;77;zalando.pl;"2026-04-16 16:07:19.849+00";"2026-04-16 16:07:19.953364+00"
1988;"Koszulki z krótkim rękawem (męskie)";"4 PACK - Top";"Next 4 PACK - Top";195.00;PLN;30.00;199.00;"100% bawełna";;"Kolor jednolity";Regular;Prosty;Okrągły;NX322O1BQ-I11;Standardowa;"Bez rękawów";;https://www.zalando.pl/next-vests-4-pack-regular-fit-top-blue-white-green-lilac-nx322o1bq-i11.html;77;zalando.pl;"2026-04-16 16:06:50.063+00";"2026-04-16 16:06:50.166724+00"
1987;"Koszulki z krótkim rękawem (męskie)";"TRISTAN - T-shirt basic";"Fila TRISTAN - T-shirt basic";239.00;PLN;30.00;179.00;"100% poliester";;"Kolor jednolity";Regular;Prosty;Okrągły;1FI42D0AL-C11;Standardowa;"Krótki rękaw";;https://www.zalando.pl/fila-tristan-t-shirt-basic-surf-spray-1fi42d0al-c11.html;77;zalando.pl;"2026-04-16 16:06:22.072+00";"2026-04-16 16:06:22.224901+00"
1986;"Koszulki z krótkim rękawem (męskie)";"- T-shirt z nadrukiem";"Nils Sundström - T-shirt z nadrukiem";99.95;PLN;30.00;79.00;"100% bawełna";;Nadruk;Regular;Prosty;Okrągły;NIN22O03Y-Q11;Standardowa;"Krótki rękaw";;https://www.zalando.pl/nils-sundstroem-t-shirt-z-nadrukiem-schwarz-nin22o03y-q11.html;77;zalando.pl;"2026-04-16 16:05:31.034+00";"2026-04-16 16:05:31.139987+00"
1985;"Koszulki z krótkim rękawem (męskie)";"BORED GORILLA - T-shirt z nadrukiem";"Mister Tee BORED GORILLA - T-shirt z nadrukiem";58.00;PLN;99.00;;"100% bawełna";;Nadruk;Regular;Prosty;Okrągły;M0M22O0WT-Q11;Standardowa;"Krótki rękaw";;https://www.zalando.pl/mister-tee-t-shirt-z-nadrukiem-black-m0m22o0wt-q11.html;77;zalando.pl;"2026-04-16 16:05:00.062+00";"2026-04-16 16:05:00.167226+00"
1984;"Koszulki z krótkim rękawem (męskie)";"NESTORE - T-shirt z nadrukiem";"Sergio Tacchini NESTORE - T-shirt z nadrukiem";124.00;PLN;139.00;;"100% bawełna";;"Kolor jednolity";Regular;Prosty;Okrągły;S1622O04U-Q11;Długa;"Krótki rękaw";;https://www.zalando.pl/sergio-tacchini-t-shirt-z-nadrukiem-black-s1622o04u-q11.html;77;zalando.pl;"2026-04-16 16:04:39.356+00";"2026-04-16 16:04:39.462538+00"
1983;"Koszulki z krótkim rękawem (męskie)";"- Bluzka z długim rękawem";"Rossignol - Bluzka z długim rękawem";450.00;PLN;450.00;409.00;"85% poliester, 15% elastan";"85% poliester, 15% elastan";"Kolor jednolity";Slim;Dopasowany;Okrągły;ROJ42D004-Q11;Standardowa;"Długi rękaw";;https://www.zalando.pl/rossignol-classique-half-zip-bluzka-z-dlugim-rekawem-black-roj42d004-q11.html;77;zalando.pl;"2026-04-16 16:03:56.37+00";"2026-04-16 16:03:56.551761+00"
1982;"Koszulki z krótkim rękawem (męskie)";"- T-shirt basic";"ARKK Copenhagen - T-shirt basic";249.00;PLN;30.00;119.00;"100% bawełna";;"Kolor jednolity";"Loose fit";Prosty;Okrągły;ARG21002W-K11;Standardowa;"Krótki rękaw";;https://www.zalando.pl/arkk-copenhagen-t-shirt-basic-navy-arg21002w-k11.html;77;zalando.pl;"2026-04-16 16:03:28.029+00";"2026-04-16 16:03:28.178659+00"
1981;"Koszulki z krótkim rękawem (męskie)";"PALLAS - Koszulka polo";"BOSS PALLAS - Koszulka polo";449.00;PLN;250.00;499.00;"100% bawełna";;"Kolor jednolity";Regular;Prosty;;BB122O1D6-K14;Standardowa;"Krótki rękaw";;https://www.zalando.pl/boss-pallas-koszulka-polo-open-blue-bb122o1d6-k14.html;76;zalando.pl;"2026-04-16 15:15:49.931+00";"2026-04-16 15:15:50.036174+00"
1980;"Koszulki z krótkim rękawem (męskie)";"UNISEX - T-shirt basic";"PANGAIA UNISEX - T-shirt basic";319.00;PLN;30.00;1189.00;"100% bawełna";;"Kolor jednolity";Regular;Prosty;Okrągły;PJL210008-I12;Standardowa;"Krótki rękaw";;https://www.zalando.pl/pangaia-unisex-t-shirt-basic-crocus-purple-pjl210008-i12.html;76;zalando.pl;"2026-04-16 15:15:18.029+00";"2026-04-16 15:15:18.149392+00"
1979;"Koszulki z krótkim rękawem (męskie)";"- T-shirt basic";"Tommy Hilfiger - T-shirt basic";152.00;PLN;118.00;169.00;"100% bawełna";;"Kolor jednolity";Regular;Prosty;"Wycięcie typu V";TO122O0ZF-K12;Standardowa;"Krótki rękaw";;https://www.zalando.pl/tommy-hilfiger-essential-v-neck-tee-t-shirt-basic-desert-sky-to122o0zf-k12.html;76;zalando.pl;"2026-04-16 15:14:52.162+00";"2026-04-16 15:14:52.482311+00"
1978;"Koszulki z krótkim rękawem (męskie)";"- T-shirt basic";"TEESHOPPEN - T-shirt basic";297.50;PLN;340.00;425.00;"100% bawełna";;"Kolor jednolity";Regular;Prosty;Okrągły;TEQ22O008-K11;Standardowa;"Krótki rękaw";;https://www.zalando.pl/teeshoppen-t-shirt-basic-navy-teq22o008-k11.html;76;zalando.pl;"2026-04-16 15:14:21.965+00";"2026-04-16 15:14:22.067475+00"
1977;"Koszulki z krótkim rękawem (męskie)";"- T-shirt basic";"FORSBERG - T-shirt basic";119.99;PLN;30.00;164.99;"100% bawełna";"100% bawełna";"Kolor jednolity";Regular;Prosty;"Typu Henley";FOU22O01K-K11;Standardowa;"Krótki rękaw";;https://www.zalando.pl/forsberg-forsberg-koszulka-polo-marineblau-fou22o01k-k11.html;76;zalando.pl;"2026-04-16 15:13:36.934+00";"2026-04-16 15:13:37.056994+00"
1976;"Koszulki z krótkim rękawem (męskie)";"- T-shirt z nadrukiem";"SIKSILK - T-shirt z nadrukiem";140.00;PLN;117.00;234.00;"95% bawełna, 5% elastan";;Nadruk;Slim;Prosty;Okrągły;SIF22O17N-A11;Standardowa;"Krótki rękaw";;https://www.zalando.pl/siksilk-t-shirt-z-nadrukiem-white-sif22o17n-a11.html;76;zalando.pl;"2026-04-16 15:10:55.339+00";"2026-04-16 15:12:49.395476+00"
1975;"Koszulki z krótkim rękawem (męskie)";"- T-shirt basic";"Urban Classics - T-shirt basic";61.00;PLN;67.00;79.00;"95% bawełna, 5% elastan";"95% bawełna, 5% elastan";"Kolor jednolity";Regular;Prosty;Okrągły;UR622O0BG-G11;Długa;"Krótki rękaw";;https://www.zalando.pl/urban-classics-t-shirt-basic-cherry-ur622o0bg-g11.html;76;zalando.pl;"2026-04-16 15:09:37.765+00";"2026-04-16 15:09:37.875807+00"
1974;"Koszulki z krótkim rękawem (męskie)";"- T-shirt z nadrukiem";"PULL&amp;BEAR - T-shirt z nadrukiem";55.90;PLN;30.00;99.00;"100% bawełna";;Nadruk;"Loose fit";Prosty;Okrągły;PUC22O2IY-I11;Standardowa;"Krótki rękaw";;https://www.zalando.pl/pullandbear-t-shirt-z-nadrukiem-mauve-puc22o2iy-i11.html;76;zalando.pl;"2026-04-16 15:08:43.189+00";"2026-04-16 15:08:44.074012+00"
1973;"Koszulki z krótkim rękawem (męskie)";"- T-shirt basic";"Sergio Tacchini - T-shirt basic";99.00;PLN;30.00;79.00;"100% bawełna";;"Kolor jednolity";Regular;Prosty;Okrągły;S1642D0E6-A13;Standardowa;"Krótki rękaw";;https://www.zalando.pl/sergio-tacchini-bold-t-shirt-basic-white-black-s1642d0e6-a13.html;76;zalando.pl;"2026-04-16 15:08:16.787+00";"2026-04-16 15:08:16.891012+00"
1972;"Koszulki z krótkim rękawem (męskie)";"- Koszulka polo";"KARL LAGERFELD - Koszulka polo";440.00;PLN;30.00;399.00;"100% bawełna";;"Kolor jednolity";Regular;Prosty;;K4822O0PA-Q11;Standardowa;"Długi rękaw";;https://www.zalando.pl/karl-lagerfeld-bekleidung-koszulka-polo-black-k4822o0pa-q11.html;76;zalando.pl;"2026-04-16 15:07:25.577+00";"2026-04-16 15:07:25.766631+00"
1971;"Koszulki z krótkim rękawem (męskie)";"- Koszulka polo";"Scalpers - Koszulka polo";168.77;PLN;168.76;210.96;"100% bawełna";"100% bawełna";"Kolor jednolity";"Regular Fit";Prosty;;SCF22O0C8-N11;Standardowa;"Krótki rękaw";;https://www.zalando.pl/scalpers-koszulka-polo-dark-khaki-scf22o0c8-n11.html;76;zalando.pl;"2026-04-16 15:06:51.538+00";"2026-04-16 15:06:51.640021+00"
1970;"Koszulki z krótkim rękawem (męskie)";"- T-shirt basic";"Lacoste - T-shirt basic";680.98;PLN;30.00;299.00;"100% bawełna";"100% bawełna";"Kolor jednolity";Regular;Prosty;;LA222O0LE-A11;Standardowa;"Krótki rękaw";;https://www.zalando.pl/lacoste-t-shirt-basic-white-la222o0le-a11.html;76;zalando.pl;"2026-04-16 15:06:22.156+00";"2026-04-16 15:06:22.259781+00"
1969;"Koszulki z krótkim rękawem (męskie)";"- T-shirt basic";"Pier One - T-shirt basic";149.00;PLN;30.00;149.00;"100% bawełna";;"Kolor jednolity";Regular;Prosty;Okrągły;PI922O0GY-A22;Standardowa;"Krótki rękaw";;https://www.zalando.pl/pier-one-5-pack-t-shirt-basic-cloud-dancerchambray-blueensign-bluenavy-blazertrue-black-pi922o0gy-a22.html;76;zalando.pl;"2026-04-16 15:05:31.767+00";"2026-04-16 15:05:31.919146+00"
1968;"Koszulki z krótkim rękawem (męskie)";"- Koszulka polo";"Callaway - Koszulka polo";269.00;PLN;30.00;109.00;"100% poliester";;"Kolor jednolity";Regular;Prosty;;CAW42D01D-Q11;Standardowa;"Krótki rękaw";;https://www.zalando.pl/callaway-tournament-koszulka-polo-caviar-caw42d01d-q11.html;76;zalando.pl;"2026-04-16 15:05:12.369+00";"2026-04-16 15:05:12.559559+00"
1967;"Koszulki z krótkim rękawem (męskie)";"SAN JOSE - Koszulka polo";"INDICODE JEANS SAN JOSE - Koszulka polo";109.99;PLN;164.99;;"100% bawełna";"100% bawełna";Melanż;Regular;Prosty;"Wycięcie typu V";IJ022P01E-K11;Standardowa;"Krótki rękaw";;https://www.zalando.pl/indicode-jeans-koszulka-polo-navy-ij022p01e-k11.html;76;zalando.pl;"2026-04-16 15:04:36.443+00";"2026-04-16 15:04:36.593292+00"
1966;"Koszulki z krótkim rękawem (męskie)";"T-shirt basic";"s.Oliver T-shirt basic";89.99;PLN;30.00;119.00;"80% bawełna, 20% poliester";;"Kolor jednolity";Regular;Prosty;Okrągły;SO222O2DF-Q11;Długa;"Krótki rękaw";;https://www.zalando.pl/soliver-t-shirt-basic-schwarz-so222o2df-q11.html;76;zalando.pl;"2026-04-16 15:03:50.124+00";"2026-04-16 15:03:50.260395+00"
1965;"Koszulki z krótkim rękawem (męskie)";"ESSENTIALS - T-shirt basic";"SIKSILK ESSENTIALS - T-shirt basic";174.00;PLN;30.00;204.00;"95% bawełna, 5% elastan";;"Kolor jednolity";Slim;Prosty;Okrągły;SIF22O1IL-K11;Standardowa;"Krótki rękaw";;https://www.zalando.pl/siksilk-t-shirt-basic-navy-sif22o1il-k11.html;76;zalando.pl;"2026-04-16 15:03:19.558+00";"2026-04-16 15:03:20.109209+00"
1964;"Koszulki z krótkim rękawem (męskie)";"- T-shirt z nadrukiem";"rockshirts - T-shirt z nadrukiem";99.00;PLN;30.00;89.00;"100% bawełna";;Nadruk;Regular;Prosty;Okrągły;R8N22O0ML-Q11;Standardowa;"Krótki rękaw";;https://www.zalando.pl/rockshirts-t-shirt-z-nadrukiem-black-r8n22o0ml-q11.html;76;zalando.pl;"2026-04-16 15:02:34.462+00";"2026-04-16 15:02:34.600328+00"
1963;"Koszulki z krótkim rękawem (męskie)";"- Koszulka polo";"J.LINDEBERG Sports - Koszulka polo";330.00;PLN;30.00;339.00;"100% poliester";;Nadruk;Regular;Prosty;;JL242D06U-B11;Długa;"Krótki rękaw";;https://www.zalando.pl/jlindeberg-sports-heath-koszulka-polo-grey-jl242d06u-b11.html;76;zalando.pl;"2026-04-16 15:02:06.321+00";"2026-04-16 15:02:06.46997+00"
1962;"Koszulki z krótkim rękawem (męskie)";"- T-shirt basic";"s.Oliver - T-shirt basic";69.99;PLN;30.00;229.00;"100% bawełna";;"Kolor jednolity";Regular;Prosty;"Wycięcie typu V";SO222O2HE-A11;Standardowa;"Krótki rękaw";;https://www.zalando.pl/soliver-t-shirt-basic-creme-so222o2he-a11.html;76;zalando.pl;"2026-04-16 15:01:24.458+00";"2026-04-16 15:01:24.567899+00"
1961;"Koszulki z krótkim rękawem (męskie)";"- T-shirt z nadrukiem";"Jack &amp; Jones - T-shirt z nadrukiem";98.00;PLN;98.00;109.00;"100% bawełna";;Nadruk;Regular;Prosty;Okrągły;JA222O6AB-A11;Standardowa;"Krótki rękaw";;https://www.zalando.pl/jack-and-jones-jormyk-tee-ss-crew-neck-pls-t-shirt-z-nadrukiem-egret-ja222o6ab-a11.html;76;zalando.pl;"2026-04-16 15:00:35.342+00";"2026-04-16 15:00:35.447265+00"
1960;"Koszulki z krótkim rękawem (męskie)";"CANYONS UNISEX - T-shirt z nadrukiem";"Billabong CANYONS UNISEX - T-shirt z nadrukiem";159.00;PLN;30.00;129.99;"100% bawełna";;Nadruk;"Loose fit";Prosty;Okrągły;BI721003W-K11;Standardowa;"Krótki rękaw";;https://www.zalando.pl/billabong-canyons-regular-unisex-t-shirt-z-nadrukiem-sea-blue-bi721003w-k11.html;76;zalando.pl;"2026-04-16 14:59:43.53+00";"2026-04-16 14:59:43.79078+00"
1959;"Koszulki z krótkim rękawem (męskie)";"TRAIL - Bluzka z długim rękawem";"Nike ACG TRAIL - Bluzka z długim rękawem";359.00;PLN;30.00;249.00;"88% poliester, 7% wełna, 5% elastan";;"Kolor jednolity";Regular;Prosty;;N8842D004-Q11;Standardowa;"Bardzo długi rękaw";;https://www.zalando.pl/nike-acg-trail-midlayer-bluzka-z-dlugim-rekawem-blacksummit-white-n8842d004-q11.html;76;zalando.pl;"2026-04-16 14:59:21.359+00";"2026-04-16 14:59:21.462363+00"
1958;"Koszulki z krótkim rękawem (męskie)";"- Koszulka polo";"Levi&#x27;s® - Koszulka polo";199.00;PLN;30.00;164.99;"100% bawełna";;Nadruk;Regular;Prosty;;LE222P015-N16;Standardowa;"Krótki rękaw";;https://www.zalando.pl/levis-koszulka-polo-ebba-geo-oxblood-le222p015-n16.html;76;zalando.pl;"2026-04-16 14:58:40.354+00";"2026-04-16 14:58:40.457352+00"
1957;"Koszulki z krótkim rękawem (męskie)";"- T-shirt basic";"SIKSILK - T-shirt basic";204.00;PLN;30.00;234.00;"100% poliester";;"Kolor jednolity";Slim;Prosty;Okrągły;SIF22O1AF-Q11;Standardowa;"Krótki rękaw";;https://www.zalando.pl/siksilk-textured-muscle-fit-t-shirt-basic-black-sif22o1af-q11.html;75;zalando.pl;"2026-04-16 14:57:26.748+00";"2026-04-16 14:57:26.850897+00"
1956;"Koszulki z krótkim rękawem (męskie)";"- T-shirt z nadrukiem";"Jack &amp; Jones - T-shirt z nadrukiem";99.99;PLN;30.00;159.00;"100% bawełna";;Nadruk;Regular;Prosty;Okrągły;JA222O6LZ-A11;Standardowa;"Krótki rękaw";;https://www.zalando.pl/jack-and-jones-t-shirt-z-nadrukiem-bright-white-ja222o6lz-a11.html;75;zalando.pl;"2026-04-16 14:56:37.237+00";"2026-04-16 14:56:37.341518+00"
1955;"Koszulki z krótkim rękawem (męskie)";"- Koszulka polo";"Boggi Milano - Koszulka polo";529.00;PLN;30.00;179.99;"56% bawełna, 39% poliester, 5% elastan";;"Kolor jednolity";Regular;Prosty;;BQ122O056-B11;Standardowa;"Krótki rękaw";;https://www.zalando.pl/boggi-milano-koszulka-polo-sand-bq122o056-b11.html;75;zalando.pl;"2026-04-16 14:55:47.168+00";"2026-04-16 14:55:47.321611+00"
1954;"Koszulki z krótkim rękawem (męskie)";"- T-shirt z nadrukiem";"Lacoste - T-shirt z nadrukiem";323.00;PLN;359.00;;"100% bawełna";;Nadruk;Regular;Prosty;Okrągły;LA222O0IG-Q11;Standardowa;"Krótki rękaw";;https://www.zalando.pl/lacoste-t-shirt-z-nadrukiem-blackbird-la222o0ig-q11.html;75;zalando.pl;"2026-04-16 14:55:17.753+00";"2026-04-16 14:55:17.854731+00"
1953;"Koszulki z krótkim rękawem (męskie)";"- T-shirt z nadrukiem";"Jack &amp; Jones - T-shirt z nadrukiem";71.95;PLN;71.95;89.99;"100% bawełna";;Nadruk;Regular;Prosty;Okrągły;JA222O6CV-A11;Standardowa;"Krótki rękaw";;https://www.zalando.pl/jack-and-jones-plus-size-t-shirt-z-nadrukiem-bright-white-ja222o6cv-a11.html;75;zalando.pl;"2026-04-16 14:54:26.257+00";"2026-04-16 14:54:26.359436+00"
1952;"Koszulki z krótkim rękawem (męskie)";"- T-shirt z nadrukiem";"Bershka - T-shirt z nadrukiem";129.00;PLN;30.00;139.00;"100% bawełna";;Nadruk;Regular;Prosty;Serek;BEJ22O1G4-C11;Standardowa;"Krótki rękaw";;https://www.zalando.pl/bershka-t-shirt-z-nadrukiem-grey-bej22o1g4-c11.html;75;zalando.pl;"2026-04-16 14:53:41.247+00";"2026-04-16 14:53:41.349664+00"
1951;"Koszulki z krótkim rękawem (męskie)";"- T-shirt z nadrukiem";"AllSaints - T-shirt z nadrukiem";247.00;PLN;247.00;309.00;"100% bawełna";;Nadruk;"Loose fit";Prosty;Okrągły;A0Q22O0YA-Q11;Standardowa;Półrękawek;;https://www.zalando.pl/allsaints-graphene-crew-t-shirt-z-nadrukiem-washed-black-a0q22o0ya-q11.html;75;zalando.pl;"2026-04-16 14:52:59.75+00";"2026-04-16 14:52:59.8575+00"
1950;"Koszulki z krótkim rękawem (męskie)";"- T-shirt basic";"Scotch &amp; Soda - T-shirt basic";139.00;PLN;30.00;149.00;"100% bawełna";;"Kolor jednolity";Regular;Prosty;Okrągły;SC322O0UD-N11;Standardowa;"Krótki rękaw";;https://www.zalando.pl/scotch-and-soda-seasonal-core-chest-logo-regular-fit-t-shirt-basic-garden-green-sc322o0ud-n11.html;75;zalando.pl;"2026-04-16 14:52:17.327+00";"2026-04-16 14:52:17.433331+00"
1949;"Koszulki z krótkim rękawem (męskie)";"KURZARM - T-shirt basic";"camel active KURZARM - T-shirt basic";99.95;PLN;30.00;119.00;"50% bawełna, 50% poliester";;Melanż;Regular;Prosty;"Wycięcie typu V";CA522O05H-C11;Standardowa;"Krótki rękaw";;https://www.zalando.pl/camel-active-t-shirt-basic-asphalt-ca522o05h-c11.html;75;zalando.pl;"2026-04-16 14:51:29.065+00";"2026-04-16 14:51:29.22603+00"
1948;"Koszulki z krótkim rękawem (męskie)";"- Bluzka z długim rękawem";"Jaded London - Bluzka z długim rękawem";269.00;PLN;299.00;;"100% bawełna";;Nadruk;Regular;Prosty;"Typu Henley";JL022O05W-O11;Standardowa;"Długi rękaw";;https://www.zalando.pl/jaded-london-bluzka-z-dlugim-rekawem-brown-jl022o05w-o11.html;75;zalando.pl;"2026-04-16 14:50:46.16+00";"2026-04-16 14:50:46.263678+00"
1947;"Koszulki z krótkim rękawem (męskie)";"SLIM FIT - Koszulka polo";"Hackett London SLIM FIT - Koszulka polo";509.00;PLN;30.00;250.00;"100% bawełna";"100% bawełna";"Kolor jednolity";Regular;Prosty;"Wycięcie typu V";HT622O0BF-E11;Standardowa;"Krótki rękaw";;https://www.zalando.pl/hackett-london-logo-koszulka-polo-golden-yellow-ht622o0bf-e11.html;75;zalando.pl;"2026-04-16 14:50:07.157+00";"2026-04-16 14:50:07.266061+00"
1946;"Koszulki z krótkim rękawem (męskie)";"- T-shirt z nadrukiem";"The North Face - T-shirt z nadrukiem";159.00;PLN;30.00;159.00;"100% bawełna";;Nadruk;Nadwymiarowy;Prosty;Okrągły;TH322O0E7-C11;Standardowa;Półrękawek;;https://www.zalando.pl/the-north-face-sun-oversize-short-sleeve-tee-graphic-t-shirt-z-nadrukiem-anthracite-grey-th322o0e7-c11.html;75;zalando.pl;"2026-04-16 14:49:49.03+00";"2026-04-16 14:49:49.137994+00"
1945;"Koszulki z krótkim rękawem (męskie)";"T-shirt z nadrukiem";"Helly Hansen T-shirt z nadrukiem";149.00;PLN;30.00;229.99;"100% bawełna";;Nadruk;Regular;Prosty;Okrągły;HE642D01U-E11;Standardowa;"Krótki rękaw";;https://www.zalando.pl/helly-hansen-t-shirt-z-nadrukiem-elmwood-he642d01u-e11.html;75;zalando.pl;"2026-04-16 14:49:15.527+00";"2026-04-16 14:49:15.627304+00"
1944;"Koszulki z krótkim rękawem (męskie)";"ICONS - T-shirt z nadrukiem";"Champion ICONS - T-shirt z nadrukiem";98.00;PLN;98.00;109.00;"100% bawełna";;"Kolor jednolity";Regular;Prosty;Okrągły;C7642D0CP-C12;Standardowa;"Krótki rękaw";;https://www.zalando.pl/champion-icons-tonal-with-big-logo-t-shirt-z-nadrukiem-dark-grey-c7642d0cp-c12.html;75;zalando.pl;"2026-04-16 14:48:55.531+00";"2026-04-16 14:48:55.63446+00"
1943;"Koszulki z krótkim rękawem (męskie)";"REG GRAPHIC SS POLO - Koszulka polo";"GANT REG GRAPHIC SS POLO - Koszulka polo";143.00;PLN;143.00;409.00;"96% bawełna, 4% elastan";;;;;;GA3210020-K12;;"Krótki rękaw";;https://www.zalando.pl/gant-reg-graphic-ss-polo-koszulka-polo-evening-blue-ga3210020-k12.html;75;zalando.pl;"2026-04-16 14:48:10.553+00";"2026-04-16 14:48:10.658257+00"
1942;"Koszulki z krótkim rękawem (męskie)";"- Koszulka polo";"camel active - Koszulka polo";349.95;PLN;30.00;199.99;"100% bawełna";;"Kolor jednolity";Regular;Prosty;;CA522O08K-M11;Standardowa;"Krótki rękaw";;https://www.zalando.pl/camel-active-koszulka-polo-lagoon-green-ca522o08k-m11.html;75;zalando.pl;"2026-04-16 14:47:30.546+00";"2026-04-16 14:47:30.64828+00"
1941;"Koszulki z krótkim rękawem (męskie)";"T-shirt basic";"JP1880 T-shirt basic";160.99;PLN;179.99;;"100% poliester";;"Kolor jednolity";Slim;Prosty;Okrągły;JP322O0JG-A11;Standardowa;"Krótki rękaw";;https://www.zalando.pl/jp1880-t-shirt-basic-blanc-neige-jp322o0jg-a11.html;75;zalando.pl;"2026-04-16 14:46:50.746+00";"2026-04-16 14:46:50.847652+00"
1940;"Koszulki z krótkim rękawem (męskie)";"- Koszulka polo";"GAP - Koszulka polo";98.00;PLN;109.00;;"98% bawełna, 2% elastan";;"Kolor jednolity";Regular;Prosty;;GP022P01U-K11;Długa;"Krótki rękaw";;https://www.zalando.pl/gap-logo-koszulka-polo-tapestry-navy-gp022p01u-k11.html;75;zalando.pl;"2026-04-16 14:46:26.965+00";"2026-04-16 14:46:27.067195+00"
1939;"Koszulki z krótkim rękawem (męskie)";"- Top";"adidas Originals - Top";109.00;PLN;30.00;139.00;"100% bawełna";;"Kolor jednolity";Regular;Prosty;Okrągły;AD122O19O-A11;Standardowa;"Bez rękawów";;https://www.zalando.pl/adidas-originals-trefoil-tee-t-shirt-z-nadrukiem-white-ad122o19o-a11.html;75;zalando.pl;"2026-04-16 14:45:36.122+00";"2026-04-16 14:45:36.224683+00"
1938;"Koszulki z krótkim rękawem (męskie)";"- T-shirt z nadrukiem";"Henry Tiger - T-shirt z nadrukiem";159.99;PLN;30.00;79.00;"100% bawełna";;Nadruk;Regular;Prosty;Okrągły;H3A22O8BN-J11;Standardowa;"Krótki rękaw";;https://www.zalando.pl/henry-tiger-t-shirt-z-nadrukiem-orchid-pink-h3a22o8bn-j11.html;75;zalando.pl;"2026-04-16 14:44:54.261+00";"2026-04-16 14:44:54.365983+00"
1937;"Koszulki z krótkim rękawem (męskie)";"- T-shirt basic";"Pepe Jeans - T-shirt basic";139.00;PLN;30.00;89.00;"100% bawełna";;"Kolor jednolity";Regular;Prosty;Okrągły;PE122O0R4-A11;Standardowa;"Krótki rękaw";;https://www.zalando.pl/pepe-jeans-small-graham-tee-t-shirt-basic-white-pe122o0r4-a11.html;75;zalando.pl;"2026-04-16 14:44:33.159+00";"2026-04-16 14:44:33.262374+00"
1936;"Koszulki z krótkim rękawem (męskie)";"BEN - T-shirt z nadrukiem";"Les Deux BEN - T-shirt z nadrukiem";242.00;PLN;215.00;269.00;"100% bawełna";;Nadruk;Regular;Prosty;Okrągły;LEP22O06L-M11;Standardowa;"Krótki rękaw";;https://www.zalando.pl/les-deux-ben-t-shirt-z-nadrukiem-green-lep22o06l-m11.html;72;zalando.pl;"2026-04-16 14:24:26.56+00";"2026-04-16 14:24:27.688495+00"
1935;"Koszulki z krótkim rękawem (męskie)";"- T-shirt basic";"s.Oliver - T-shirt basic";109.99;PLN;30.00;249.00;"90% bawełna, 10% wiskoza";;Melanż;Regular;Prosty;Okrągły;SO222O2HB-N11;Standardowa;"Krótki rękaw";;https://www.zalando.pl/soliver-t-shirt-basic-olivgruen-so222o2hb-n11.html;73;zalando.pl;"2026-04-16 14:24:25.436+00";"2026-04-16 14:24:26.179776+00"
1934;"Koszulki z krótkim rękawem (męskie)";"- T-shirt basic";"s.Oliver - T-shirt basic";109.99;PLN;30.00;249.00;"90% bawełna, 10% wiskoza";;Melanż;Regular;Prosty;Okrągły;SO222O2HB-N11;Standardowa;"Krótki rękaw";;https://www.zalando.pl/soliver-t-shirt-basic-olivgruen-so222o2hb-n11.html;73;zalando.pl;"2026-04-16 14:24:04.605+00";"2026-04-16 14:24:04.941774+00"
1933;"Koszulki z krótkim rękawem (męskie)";"- T-shirt basic";"s.Oliver - T-shirt basic";109.99;PLN;30.00;249.00;"90% bawełna, 10% wiskoza";;Melanż;Regular;Prosty;Okrągły;SO222O2HB-N11;Standardowa;"Krótki rękaw";;https://www.zalando.pl/soliver-t-shirt-basic-olivgruen-so222o2hb-n11.html;73;zalando.pl;"2026-04-16 14:24:00.959+00";"2026-04-16 14:24:01.074931+00"
1932;"Koszulki z krótkim rękawem (męskie)";"- T-shirt z nadrukiem";"s.Oliver - T-shirt z nadrukiem";251.00;PLN;30.00;89.00;"100% bawełna";;Nadruk;Regular;Prosty;Okrągły;SO222O2DS-M12;Standardowa;"Krótki rękaw";;https://www.zalando.pl/soliver-t-shirt-z-nadrukiem-weiss-gruen-so222o2ds-m12.html;72;zalando.pl;"2026-04-16 14:23:57.561+00";"2026-04-16 14:23:57.692357+00"
1931;"Koszulki z krótkim rękawem (męskie)";"- T-shirt z nadrukiem";"Guess - T-shirt z nadrukiem";195.00;PLN;30.00;172.00;"100% bawełna";;Nadruk;Regular;Prosty;Okrągły;GU122O1LK-B11;Standardowa;"Krótki rękaw";;https://www.zalando.pl/guess-logo-t-shirt-z-nadrukiem-beige-gu122o1lk-b11.html;73;zalando.pl;"2026-04-16 14:23:47.03+00";"2026-04-16 14:23:47.132717+00"
1930;"Koszulki z krótkim rękawem (męskie)";"- T-shirt z nadrukiem";"Guess - T-shirt z nadrukiem";195.00;PLN;30.00;172.00;"100% bawełna";;Nadruk;Regular;Prosty;Okrągły;GU122O1LK-B11;Standardowa;"Krótki rękaw";;https://www.zalando.pl/guess-logo-t-shirt-z-nadrukiem-beige-gu122o1lk-b11.html;73;zalando.pl;"2026-04-16 14:23:41.535+00";"2026-04-16 14:23:41.636133+00"
1929;"Koszulki z krótkim rękawem (męskie)";"- T-shirt z nadrukiem";"Guess - T-shirt z nadrukiem";195.00;PLN;30.00;172.00;"100% bawełna";;Nadruk;Regular;Prosty;Okrągły;GU122O1LK-B11;Standardowa;"Krótki rękaw";;https://www.zalando.pl/guess-logo-t-shirt-z-nadrukiem-beige-gu122o1lk-b11.html;73;zalando.pl;"2026-04-16 14:23:39.998+00";"2026-04-16 14:23:40.127956+00"
1928;"Koszulki z krótkim rękawem (męskie)";"- Koszulka polo";"Street One MEN - Koszulka polo";139.00;PLN;30.00;89.00;"100% bawełna";;"Kolor jednolity";Regular;Prosty;;SFZ22O07C-M11;Standardowa;"Krótki rękaw";;https://www.zalando.pl/street-one-men-basic-koszulka-polo-gruen-sfz22o07c-m11.html;72;zalando.pl;"2026-04-16 14:23:22.333+00";"2026-04-16 14:23:22.565655+00"
1927;"Koszulki z krótkim rękawem (męskie)";"- T-shirt basic";"Pegador - T-shirt basic";143.00;PLN;159.00;;"100% bawełna";;"Kolor jednolity";Nadwymiarowy;Prosty;Okrągły;PEP21001C-A16;Standardowa;Półrękawek;;https://www.zalando.pl/pegador-logo-oversized-tee-t-shirt-basic-off-white-pep21001c-a16.html;73;zalando.pl;"2026-04-16 14:23:21.061+00";"2026-04-16 14:23:21.20024+00"
1926;"Koszulki z krótkim rękawem (męskie)";"- T-shirt basic";"Pegador - T-shirt basic";143.00;PLN;159.00;;"100% bawełna";;"Kolor jednolity";Nadwymiarowy;Prosty;Okrągły;PEP21001C-A16;Standardowa;Półrękawek;;https://www.zalando.pl/pegador-logo-oversized-tee-t-shirt-basic-off-white-pep21001c-a16.html;73;zalando.pl;"2026-04-16 14:23:07.667+00";"2026-04-16 14:23:07.819+00"
1925;"Koszulki z krótkim rękawem (męskie)";"- T-shirt basic";"Pegador - T-shirt basic";143.00;PLN;159.00;;"100% bawełna";;"Kolor jednolity";Nadwymiarowy;Prosty;Okrągły;PEP21001C-A16;Standardowa;Półrękawek;;https://www.zalando.pl/pegador-logo-oversized-tee-t-shirt-basic-off-white-pep21001c-a16.html;73;zalando.pl;"2026-04-16 14:23:04.448+00";"2026-04-16 14:23:04.567539+00"
1924;"Koszulki z krótkim rękawem (męskie)";"- Koszulka polo";"Helly Hansen - Koszulka polo";279.00;PLN;30.00;449.00;"100% bawełna";"100% bawełna";"Kolor jednolity";Regular;Prosty;;HE622O012-A11;Standardowa;"Krótki rękaw";;https://www.zalando.pl/helly-hansen-crewline-koszulka-polo-white-he622o012-a11.html;73;zalando.pl;"2026-04-16 14:22:58.467+00";"2026-04-16 14:22:58.569785+00"
1923;"Koszulki z krótkim rękawem (męskie)";"UNISEX - T-shirt basic";"BLKVIS UNISEX - T-shirt basic";90.00;PLN;90.00;179.00;"100% bawełna";;"Kolor jednolity";Regular;Prosty;Okrągły;BVT22O012-Q11;Standardowa;"Krótki rękaw";;https://www.zalando.pl/blkvis-logo-pocket-tee-unisex-t-shirt-basic-black-bvt22o012-q11.html;73;zalando.pl;"2026-04-16 14:22:43.241+00";"2026-04-16 14:22:43.342619+00"
1922;"Koszulki z krótkim rękawem (męskie)";"- T-shirt basic";"JP1880 - T-shirt basic";160.99;PLN;179.99;;"100% bawełna";;"Kolor jednolity";Regular;Prosty;Okrągły;JP322O03W-N12;Standardowa;"Krótki rękaw";;https://www.zalando.pl/jp1880-doppelpack-rundhals-bequeme-passform-t-shirt-basic-khaki-brown-jp322o03w-n12.html;72;zalando.pl;"2026-04-16 14:22:39.769+00";"2026-04-16 14:22:39.919496+00"
1921;"Koszulki z krótkim rękawem (męskie)";"- Koszulka polo";"Helly Hansen - Koszulka polo";279.00;PLN;30.00;449.00;"100% bawełna";"100% bawełna";"Kolor jednolity";Regular;Prosty;;HE622O012-A11;Standardowa;"Krótki rękaw";;https://www.zalando.pl/helly-hansen-crewline-koszulka-polo-white-he622o012-a11.html;73;zalando.pl;"2026-04-16 14:22:37.466+00";"2026-04-16 14:22:37.796816+00"
1920;"Koszulki z krótkim rękawem (męskie)";"UNISEX - T-shirt basic";"BLKVIS UNISEX - T-shirt basic";90.00;PLN;90.00;179.00;"100% bawełna";;"Kolor jednolity";Regular;Prosty;Okrągły;BVT22O012-Q11;Standardowa;"Krótki rękaw";;https://www.zalando.pl/blkvis-logo-pocket-tee-unisex-t-shirt-basic-black-bvt22o012-q11.html;73;zalando.pl;"2026-04-16 14:22:22.825+00";"2026-04-16 14:22:22.924459+00"
1919;"Koszulki z krótkim rękawem (męskie)";"UNISEX - T-shirt basic";"BLKVIS UNISEX - T-shirt basic";90.00;PLN;90.00;179.00;"100% bawełna";;"Kolor jednolity";Regular;Prosty;Okrągły;BVT22O012-Q11;Standardowa;"Krótki rękaw";;https://www.zalando.pl/blkvis-logo-pocket-tee-unisex-t-shirt-basic-black-bvt22o012-q11.html;73;zalando.pl;"2026-04-16 14:22:16.961+00";"2026-04-16 14:22:17.090847+00"
1918;"Koszulki z krótkim rękawem (męskie)";"CROCODILE CAIMAN - Koszulka polo";"Lacoste CROCODILE CAIMAN - Koszulka polo";499.00;PLN;488.00;249.00;"100% bawełna";;"Kolor jednolity";Regular;Dopasowany;Okrągły;LA242B02Y-702;Standardowa;"Krótki rękaw";;https://www.zalando.pl/lacoste-crocodile-caiman-koszulka-polo-braun-la242b02y-702.html;72;zalando.pl;"2026-04-16 14:22:08.267+00";"2026-04-16 14:22:08.424066+00"
1917;"Koszulki z krótkim rękawem (męskie)";"JJEARCHIVE - T-shirt basic";"Jack &amp; Jones JJEARCHIVE - T-shirt basic";79.99;PLN;30.00;74.99;"100% bawełna";;Melanż;Regular;Prosty;Okrągły;JA222O6G7-K11;Standardowa;"Krótki rękaw";;https://www.zalando.pl/jack-and-jones-jjearchive-graphic-tee-o-neck-t-shirt-basic-blue-mirage-ja222o6g7-k11.html;73;zalando.pl;"2026-04-16 14:21:57.667+00";"2026-04-16 14:21:57.819237+00"
1916;"Koszulki z krótkim rękawem (męskie)";"JJEARCHIVE - T-shirt basic";"Jack &amp; Jones JJEARCHIVE - T-shirt basic";79.99;PLN;30.00;74.99;"100% bawełna";;Melanż;Regular;Prosty;Okrągły;JA222O6G7-K11;Standardowa;"Krótki rękaw";;https://www.zalando.pl/jack-and-jones-jjearchive-graphic-tee-o-neck-t-shirt-basic-blue-mirage-ja222o6g7-k11.html;73;zalando.pl;"2026-04-16 14:21:52.726+00";"2026-04-16 14:21:52.853564+00"
1915;"Koszulki z krótkim rękawem (męskie)";"JJEARCHIVE - T-shirt basic";"Jack &amp; Jones JJEARCHIVE - T-shirt basic";79.99;PLN;30.00;74.99;"100% bawełna";;Melanż;Regular;Prosty;Okrągły;JA222O6G7-K11;Standardowa;"Krótki rękaw";;https://www.zalando.pl/jack-and-jones-jjearchive-graphic-tee-o-neck-t-shirt-basic-blue-mirage-ja222o6g7-k11.html;73;zalando.pl;"2026-04-16 14:21:50.225+00";"2026-04-16 14:21:50.367858+00"
1914;"Koszulki z krótkim rękawem (męskie)";"UNISEX - T-shirt z nadrukiem";"Billabong UNISEX - T-shirt z nadrukiem";129.00;PLN;30.00;119.00;"100% bawełna";;Nadruk;Regular;Prosty;Okrągły;BI721003S-Q11;Standardowa;"Krótki rękaw";;https://www.zalando.pl/billabong-segment-unisex-t-shirt-z-nadrukiem-black-bi721003s-q11.html;73;zalando.pl;"2026-04-16 14:21:25.727+00";"2026-04-16 14:21:25.829051+00"
1913;"Koszulki z krótkim rękawem (męskie)";"- T-shirt basic";"Nike Performance - T-shirt basic";152.00;PLN;152.00;169.00;"100% poliester";;"Kolor jednolity";Regular;Prosty;Okrągły;N1242D5DI-A11;Długa;"Krótki rękaw";;https://www.zalando.pl/nike-performance-t-shirt-basic-whiteblack-n1242d5di-a11.html;72;zalando.pl;"2026-04-16 14:21:24.068+00";"2026-04-16 14:21:24.370183+00"
1912;"Koszulki z krótkim rękawem (męskie)";"UNISEX - T-shirt z nadrukiem";"Billabong UNISEX - T-shirt z nadrukiem";129.00;PLN;30.00;119.00;"100% bawełna";;Nadruk;Regular;Prosty;Okrągły;BI721003S-Q11;Standardowa;"Krótki rękaw";;https://www.zalando.pl/billabong-segment-unisex-t-shirt-z-nadrukiem-black-bi721003s-q11.html;73;zalando.pl;"2026-04-16 14:21:10.141+00";"2026-04-16 14:21:10.471511+00"
1911;"Koszulki z krótkim rękawem (męskie)";"UNISEX - T-shirt z nadrukiem";"Billabong UNISEX - T-shirt z nadrukiem";129.00;PLN;30.00;119.00;"100% bawełna";;Nadruk;Regular;Prosty;Okrągły;BI721003S-Q11;Standardowa;"Krótki rękaw";;https://www.zalando.pl/billabong-segment-unisex-t-shirt-z-nadrukiem-black-bi721003s-q11.html;73;zalando.pl;"2026-04-16 14:21:06.827+00";"2026-04-16 14:21:06.934639+00"
1910;"Koszulki z krótkim rękawem (męskie)";"- Bluzka z długim rękawem";"Bogner - Bluzka z długim rękawem";562.00;PLN;750.00;;"100% bawełna";;"Kolor jednolity";Regular;Prosty;"Typu Henley";BO722O03I-A11;Standardowa;"Długi rękaw";;https://www.zalando.pl/bogner-bluzka-z-dlugim-rekawem-off-white-bo722o03i-a11.html;73;zalando.pl;"2026-04-16 14:20:58.752+00";"2026-04-16 14:20:59.103304+00"
1909;"Koszulki z krótkim rękawem (męskie)";"REGULAR FIT - T-shirt z nadrukiem";"YOURTURN REGULAR FIT - T-shirt z nadrukiem";59.00;PLN;30.00;199.00;"100% bawełna";;Nadruk;Regular;Prosty;Okrągły;YO122O0T3-Q11;Standardowa;Półrękawek;;https://www.zalando.pl/yourturn-unisex-t-shirt-z-nadrukiem-black-yo122o0t3-q11.html;72;zalando.pl;"2026-04-16 14:20:48.099+00";"2026-04-16 14:20:48.2738+00"
1908;"Koszulki z krótkim rękawem (męskie)";"ESSENTIALS - Koszulka polo";"Puma ESSENTIALS - Koszulka polo";109.00;PLN;104.00;149.00;"96% bawełna, 4% elastan";;"Kolor jednolity";Regular;Prosty;;PU122O13H-A11;Standardowa;"Krótki rękaw";;https://www.zalando.pl/puma-koszulka-polo-white-pu122o13h-a11.html;73;zalando.pl;"2026-04-16 14:20:37.945+00";"2026-04-16 14:20:38.069811+00"
1907;"Koszulki z krótkim rękawem (męskie)";"- Bluzka z długim rękawem";"Bogner - Bluzka z długim rękawem";562.00;PLN;750.00;;"100% bawełna";;"Kolor jednolity";Regular;Prosty;"Typu Henley";BO722O03I-A11;Standardowa;"Długi rękaw";;https://www.zalando.pl/bogner-bluzka-z-dlugim-rekawem-off-white-bo722o03i-a11.html;73;zalando.pl;"2026-04-16 14:20:31.731+00";"2026-04-16 14:20:31.847193+00"
1906;"Koszulki z krótkim rękawem (męskie)";"SOLHEIM - Koszulka polo";"Casual Friday SOLHEIM - Koszulka polo";129.00;PLN;30.00;89.00;"100% bawełna";;"Kolor jednolity";Regular;Prosty;;C1A22O048-O11;Standardowa;"Krótki rękaw";;https://www.zalando.pl/casual-friday-koszulka-polo-cub-c1a22o048-o11.html;72;zalando.pl;"2026-04-16 10:57:38.57+00";"2026-04-16 10:57:38.728547+00"
1905;"Koszulki z krótkim rękawem (męskie)";"- T-shirt basic";"Dropsize - T-shirt basic";82.00;PLN;79.00;99.00;"100% bawełna";"100% bawełna";"Kolor jednolity";Nadwymiarowy;Prosty;Okrągły;DBB22O00Y-M11;Standardowa;Półrękawek;;https://www.zalando.pl/dropsize-t-shirt-basic-green-dbb22o00y-m11.html;72;zalando.pl;"2026-04-16 10:57:07.736+00";"2026-04-16 10:57:07.856937+00"
1904;"Koszulki z krótkim rękawem (męskie)";"3 PACK - Koszulka polo";"Pier One 3 PACK - Koszulka polo";101.00;PLN;101.00;169.00;"100% bawełna";;"Kolor jednolity";Slim;Prosty;;PI922P05T-Q11;Standardowa;"Krótki rękaw";;https://www.zalando.pl/pier-one-3-pack-koszulka-polo-blackdark-bluewhite-pi922p05t-q11.html;72;zalando.pl;"2026-04-16 10:56:48.962+00";"2026-04-16 10:56:49.062282+00"
1903;"Koszulki z krótkim rękawem (męskie)";"- Koszulka polo";"Terranova - Koszulka polo";79.99;PLN;30.00;84.00;"94% bawełna, 6% elastan";"94% bawełna, 6% elastan";"Kolor jednolity";Regular;Prosty;;TBT22O0CG-Q11;Standardowa;"Krótki rękaw";;https://www.zalando.pl/terranova-koszulka-polo-nero-tbt22o0cg-q11.html;72;zalando.pl;"2026-04-16 10:55:55.228+00";"2026-04-16 10:55:55.332476+00"
1902;"Koszulki z krótkim rękawem (męskie)";"- T-shirt basic";"Guess - T-shirt basic";155.00;PLN;30.00;119.00;"48% bawełna, 47% modal, 5% elastan";;"Kolor jednolity";Regular;Prosty;Okrągły;GU122O1K9-C11;Standardowa;"Krótki rękaw";;https://www.zalando.pl/guess-t-shirt-basic-grau-gu122o1k9-c11.html;72;zalando.pl;"2026-04-16 10:55:12.021+00";"2026-04-16 10:55:12.125907+00"
1901;"Koszulki z krótkim rękawem (męskie)";"- T-shirt z nadrukiem";"Vans - T-shirt z nadrukiem";103.00;PLN;129.00;;"100% bawełna";"100% bawełna";Nadruk;Regular;Prosty;Okrągły;VA222O112-Q11;Standardowa;"Krótki rękaw";;https://www.zalando.pl/vans-t-shirt-z-nadrukiem-black-va222o112-q11.html;72;zalando.pl;"2026-04-16 10:54:47.869+00";"2026-04-16 10:54:48.023125+00"
1900;"Koszulki z krótkim rękawem (męskie)";"- T-shirt basic";"Urban Classics - T-shirt basic";58.00;PLN;69.00;;"100% bawełna";;"Kolor jednolity";"Loose fit";Prosty;Okrągły;UR622O03J-G12;Standardowa;Półrękawek;;https://www.zalando.pl/urban-classics-t-shirt-basic-redwine-ur622o03j-g12.html;72;zalando.pl;"2026-04-16 10:54:27.36+00";"2026-04-16 10:54:27.462887+00"
1899;"Koszulki z krótkim rękawem (męskie)";"- T-shirt z nadrukiem";"Mister Tee - T-shirt z nadrukiem";55.00;PLN;79.00;;"100% bawełna";"100% bawełna";"Nadrukowane zdjęcie";Regular;Prosty;Okrągły;M0M22O1I5-Q11;Długa;"Krótki rękaw";;https://www.zalando.pl/mister-tee-t-shirt-z-nadrukiem-black-m0m22o1i5-q11.html;72;zalando.pl;"2026-04-16 10:53:33.427+00";"2026-04-16 10:53:33.535316+00"
1898;"Koszulki z krótkim rękawem (męskie)";"- T-shirt z nadrukiem";"Nils Sundström - T-shirt z nadrukiem";99.95;PLN;30.00;125.00;"100% bawełna";;"W kwiatki";Regular;Prosty;Okrągły;NIN22O03Y-M11;Standardowa;"Krótki rękaw";;https://www.zalando.pl/nils-sundstroem-nils-sundstroem-shirt-t-shirt-z-nadrukiem-lind-0018-nin22o03y-m11.html;72;zalando.pl;"2026-04-16 10:53:02.041+00";"2026-04-16 10:53:02.157582+00"
1897;"Koszulki z krótkim rękawem (męskie)";"- T-shirt basic";"Boggi Milano - T-shirt basic";419.00;PLN;30.00;249.00;"100% bawełna";;"Kolor jednolity";"Loose fit";Prosty;Okrągły;BQ122D0HB-K12;Standardowa;"Krótki rękaw";;https://www.zalando.pl/boggi-milano-t-shirt-basic-navy-blue-bq122d0hb-k12.html;72;zalando.pl;"2026-04-16 10:52:39.54+00";"2026-04-16 10:52:39.696127+00"
1896;"Koszulki z krótkim rękawem (męskie)";"- T-shirt basic";"Boggi Milano - T-shirt basic";529.00;PLN;30.00;;"100% bawełna";;"Kolor jednolity";Regular;Prosty;Okrągły;BQ122O04O-H11;Standardowa;"Krótki rękaw";;https://www.zalando.pl/boggi-milano-kardigan-dark-orange-bq122o04o-h11.html;72;zalando.pl;"2026-04-16 10:51:56.235+00";"2026-04-16 10:51:56.400394+00"
1895;"Koszulki z krótkim rękawem (męskie)";"- Koszulka polo";"Polo Ralph Lauren - Koszulka polo";539.00;PLN;419.00;599.00;"100% bawełna";;"Kolor jednolity";Regular;Prosty;;PO222P0EI-M14;Standardowa;"Krótki rękaw";;https://www.zalando.pl/polo-ralph-lauren-short-sleeve-koszulka-polo-billiard-po222p0ei-m14.html;72;zalando.pl;"2026-04-16 10:51:37.125+00";"2026-04-16 10:51:37.260501+00"
1894;"Koszulki z krótkim rękawem (męskie)";"- Top";"Jordan - Top";143.00;PLN;103.00;159.00;"84% poliester, 16% elastan";;"Kolor jednolity";Regular;Prosty;Okrągły;JOC42D09Z-G11;Standardowa;"Bez rękawów";;https://www.zalando.pl/jordan-top-top-gym-red-joc42d09z-g11.html;72;zalando.pl;"2026-04-16 10:50:59.056+00";"2026-04-16 10:50:59.157582+00"
1893;"Koszulki z krótkim rękawem (męskie)";"LAZER - Koszulka sportowa";"Venum LAZER - Koszulka sportowa";229.00;PLN;30.00;139.00;"90% poliester, 10% elastan";;"Kolor jednolity";Regular;Prosty;Okrągły;V2T42D060-Q11;Standardowa;"Krótki rękaw";;https://www.zalando.pl/venum-lazer-koszulka-sportowa-blackgrey-v2t42d060-q11.html;72;zalando.pl;"2026-04-16 10:50:28.024+00";"2026-04-16 10:50:28.161368+00"
1892;"Koszulki z krótkim rękawem (męskie)";"BASIC - Koszulka polo";"Polo Ralph Lauren BASIC - Koszulka polo";476.00;PLN;539.00;;"100% bawełna";;Melanż;Prosty;Prosty;;PO222P078-K12;Standardowa;"Krótki rękaw";;https://www.zalando.pl/polo-ralph-lauren-basic-koszulka-polo-po222p078-k12.html;72;zalando.pl;"2026-04-16 10:49:56.862+00";"2026-04-16 10:49:56.990524+00"
1891;"Koszulki z krótkim rękawem (męskie)";"- Koszulka polo";"Boggi Milano - Koszulka polo";529.00;PLN;30.00;129.99;"71% bawełna, 29% poliester";;"Kolor jednolity";Regular;Prosty;;BQ122O045-K11;Standardowa;"Krótki rękaw";;https://www.zalando.pl/boggi-milano-tech-b-sustainable-koszulka-polo-navy-blue-bq122o045-k11.html;72;zalando.pl;"2026-04-16 10:49:34.738+00";"2026-04-16 10:49:34.839268+00"
1890;"Koszulki z krótkim rękawem (męskie)";"- T-shirt z nadrukiem";"Jack &amp; Jones - T-shirt z nadrukiem";69.99;PLN;30.00;69.00;"100% bawełna";;Nadruk;Regular;Prosty;Okrągły;JA222O625-K14;Standardowa;"Krótki rękaw";;https://www.zalando.pl/jack-and-jones-logo-rundhals-t-shirt-z-nadrukiem-blue-mirage-ja222o625-k14.html;72;zalando.pl;"2026-04-16 10:48:42.562+00";"2026-04-16 10:48:42.662676+00"
1889;"Koszulki z krótkim rękawem (męskie)";"- Bluzka z długim rękawem";"EA7 Emporio Armani - Bluzka z długim rękawem";409.00;PLN;30.00;359.00;"95% bawełna, 5% elastan";;;Regular;Prosty;;EA722O0EO-M11;Standardowa;"Długi rękaw";;https://www.zalando.pl/ea7-emporio-armani-train-core-koszulka-polo-cilantro-ea722o0eo-m11.html;72;zalando.pl;"2026-04-16 10:48:03.554+00";"2026-04-16 10:48:03.65442+00"
1888;"Koszulki z krótkim rękawem (męskie)";"TROS ME - Top";"Blend TROS ME - Top";60.00;PLN;64.00;99.00;"100% bawełna";;Nadruk;Regular;Prosty;"Okrągły, głęboko wycięty";BL522O0FH-A11;Standardowa;"Bez rękawów";;https://www.zalando.pl/blend-top-snow-white-bl522o0fh-a11.html;71;zalando.pl;"2026-04-16 10:47:19.935+00";"2026-04-16 10:47:20.043496+00"
1887;"Koszulki z krótkim rękawem (męskie)";"- T-shirt z nadrukiem";"Armani Exchange - T-shirt z nadrukiem";229.00;PLN;30.00;179.00;"100% bawełna";;Nadruk;Regular;Prosty;Okrągły;ARC22O0P4-A11;Standardowa;"Krótki rękaw";;https://www.zalando.pl/armani-exchange-t-shirt-z-nadrukiem-optical-white-arc22o0p4-a11.html;71;zalando.pl;"2026-04-16 10:46:43.241+00";"2026-04-16 10:46:43.344685+00"
1886;"Koszulki z krótkim rękawem (męskie)";"JPRWILLIAM - Koszulka polo";"Jack &amp; Jones PREMIUM JPRWILLIAM - Koszulka polo";101.45;PLN;101.45;144.99;"100% bawełna";;"Kolor jednolity";Regular;Prosty;"Typu Henley";JAM22P04T-O11;Standardowa;"Krótki rękaw";;https://www.zalando.pl/jack-and-jones-premium-william-wash-ss-koszulka-polo-moonstone-jam22p04t-o11.html;71;zalando.pl;"2026-04-16 10:46:01.36+00";"2026-04-16 10:46:01.697666+00"
1885;"Koszulki z krótkim rękawem (męskie)";"BLANES - Koszulka polo";"Farah BLANES - Koszulka polo";360.00;PLN;30.00;149.99;"100% bawełna";;"Kolor jednolity";Slim;Prosty;;FA522P022-Q11;Standardowa;"Krótki rękaw";;https://www.zalando.pl/farah-blanes-koszulka-polo-black-fa522p022-q11.html;71;zalando.pl;"2026-04-16 10:45:27.829+00";"2026-04-16 10:45:27.979734+00"
1884;"Koszulki z krótkim rękawem (męskie)";"- T-shirt basic";"Next - T-shirt basic";104.00;PLN;30.00;69.00;"94% poliester, 6% elastan";;Melanż;Regular;Prosty;Okrągły;NX322O19E-K19;Standardowa;"Krótki rękaw";;https://www.zalando.pl/next-active-regular-fit-t-shirt-basic-blue-navy-nx322o19e-k19.html;71;zalando.pl;"2026-04-16 10:45:08.229+00";"2026-04-16 10:45:08.335574+00"
1883;"Koszulki z krótkim rękawem (męskie)";"UNISEX - T-shirt z nadrukiem";"Wasted Paris UNISEX - T-shirt z nadrukiem";179.00;PLN;199.00;;"100% bawełna";;Nadruk;"Loose fit";Prosty;Okrągły;WAT2100K3-Q11;Standardowa;"Krótki rękaw";;https://www.zalando.pl/wasted-paris-black-hill-unisex-t-shirt-z-nadrukiem-black-wat2100k3-q11.html;71;zalando.pl;"2026-04-16 10:44:44.95+00";"2026-04-16 10:44:45.271137+00"
1882;"Koszulki z krótkim rękawem (męskie)";"- Koszulka polo";"JP1880 - Koszulka polo";116.99;PLN;139.99;;"100% bawełna";;"Kolor jednolity";Regular;Prosty;;JP322O0YW-C11;Standardowa;"Krótki rękaw";;https://www.zalando.pl/jp1880-short-sleeve-koszulka-polo-ash-gray-jp322o0yw-c11.html;71;zalando.pl;"2026-04-16 10:44:09.434+00";"2026-04-16 10:44:09.536664+00"
1881;"Koszulki z krótkim rękawem (męskie)";"- T-shirt z nadrukiem";"Nike Sportswear - T-shirt z nadrukiem";116.00;PLN;129.00;;"100% bawełna";;Nadruk;Regular;Prosty;Okrągły;NI122O19A-Q11;Standardowa;"Krótki rękaw";;https://www.zalando.pl/nike-sportswear-tee-t-shirt-z-nadrukiem-black-ni122o19a-q11.html;71;zalando.pl;"2026-04-16 10:43:24.743+00";"2026-04-16 10:43:24.847208+00"
1880;"Koszulki z krótkim rękawem (męskie)";"- T-shirt z nadrukiem";"Jack &amp; Jones - T-shirt z nadrukiem";89.99;PLN;30.00;79.00;"100% bawełna";;Nadruk;Regular;Prosty;Okrągły;JA222O6EK-A11;Standardowa;"Krótki rękaw";;https://www.zalando.pl/jack-and-jones-rundhalsausschnitt-t-shirt-z-nadrukiem-bright-white-ja222o6ek-a11.html;71;zalando.pl;"2026-04-16 10:42:54.66+00";"2026-04-16 10:42:54.765937+00"
1879;"Koszulki z krótkim rękawem (męskie)";"- T-shirt z nadrukiem";"EA7 Emporio Armani - T-shirt z nadrukiem";319.00;PLN;30.00;189.00;"100% bawełna";;Nadruk;"Loose fit";Prosty;Okrągły;EA722O0DS-A11;Standardowa;"Krótki rękaw";;https://www.zalando.pl/ea7-emporio-armani-train-visibility-tee-loose-t-shirt-z-nadrukiem-white-ea722o0ds-a11.html;71;zalando.pl;"2026-04-16 10:42:23.037+00";"2026-04-16 10:42:23.234439+00"
1878;"Koszulki z krótkim rękawem (męskie)";"MOTÖRHEAD ENGLAND - T-shirt z nadrukiem";"rockshirts MOTÖRHEAD ENGLAND - T-shirt z nadrukiem";99.00;PLN;30.00;79.00;"100% bawełna";;Nadruk;Regular;Prosty;Okrągły;R8N22O04G-Q11;Standardowa;"Krótki rękaw";;https://www.zalando.pl/rockshirts-t-shirt-z-nadrukiem-black-r8n22o04g-q11.html;71;zalando.pl;"2026-04-16 10:41:58.748+00";"2026-04-16 10:41:58.853403+00"
1877;"Koszulki z krótkim rękawem (męskie)";"- T-shirt basic";"TEESHOPPEN - T-shirt basic";575.00;PLN;30.00;229.00;"100% bawełna";;"Kolor jednolity";Regular;Prosty;Okrągły;TEQ22O00M-Q11;Standardowa;"Krótki rękaw";;https://www.zalando.pl/teeshoppen-t-shirt-basic-black-white-navy-teq22o00m-q11.html;71;zalando.pl;"2026-04-16 10:41:16.253+00";"2026-04-16 10:41:16.357142+00"
1876;"Koszulki z krótkim rękawem (męskie)";"ONSPERRY - T-shirt z nadrukiem";"Only &amp; Sons ONSPERRY - T-shirt z nadrukiem";74.00;PLN;30.00;149.00;"100% bawełna";;Nadruk;Regular;Prosty;Okrągły;OS322O1AR-T12;Standardowa;"Krótki rękaw";;https://www.zalando.pl/only-and-sons-onsperry-life-leaf-tee-t-shirt-z-nadrukiem-darkest-spruce-os322o1ar-t12.html;71;zalando.pl;"2026-04-16 10:40:45.922+00";"2026-04-16 10:40:46.025522+00"
1875;"Koszulki z krótkim rękawem (męskie)";"- Bluzka z długim rękawem";"Nike ACG - Bluzka z długim rękawem";233.00;PLN;197.00;359.00;"91% poliester, 5% wełna, 4% elastan";;;"Regular Fit";Prosty;Okrągły;N8822O00D-M11;Standardowa;"Długi rękaw";;https://www.zalando.pl/nike-acg-bluzka-z-dlugim-rekawem-green-shockmosswood-brown-n8822o00d-m11.html;71;zalando.pl;"2026-04-16 10:40:16.641+00";"2026-04-16 10:40:16.74095+00"
1874;"Koszulki z krótkim rękawem (męskie)";"- Bluzka z długim rękawem";"PULL&amp;BEAR - Bluzka z długim rękawem";89.90;PLN;30.00;149.00;"100% bawełna";;Nadruk;Regular;Prosty;Okrągły;PUC22O2HN-E11;Standardowa;"Długi rękaw";;https://www.zalando.pl/pullandbear-bluzka-z-dlugim-rekawem-mustard-yellow-puc22o2hn-e11.html;71;zalando.pl;"2026-04-16 10:39:30.551+00";"2026-04-16 10:39:30.653629+00"
1873;"Koszulki z krótkim rękawem (męskie)";"- Koszulka polo";"Boggi Milano - Koszulka polo";739.00;PLN;30.00;;"94% bawełna, 6% elastan";;"Kolor jednolity";Regular;Prosty;;BQ122O04W-K11;Standardowa;"Krótki rękaw";;https://www.zalando.pl/boggi-milano-boggi-milano-pima-pique-open-collar-polo-pima-pique-open-collar-polo-koszulka-polo-navy-blue-bq122o04w-k11.html;71;zalando.pl;"2026-04-16 10:39:11.268+00";"2026-04-16 10:39:11.425471+00"
1872;"Koszulki z krótkim rękawem (męskie)";"- Koszulka polo";"Boggi Milano - Koszulka polo";579.00;PLN;30.00;254.00;"100% bawełna";;"Kolor jednolity";Regular;Prosty;"Wycięcie typu V";BQ122Q07R-K12;Standardowa;"Krótki rękaw";;https://www.zalando.pl/boggi-milano-koszulka-polo-light-blue-bq122q07r-k12.html;71;zalando.pl;"2026-04-16 10:38:48.438+00";"2026-04-16 10:38:48.541629+00"
1871;"Koszulki z krótkim rękawem (męskie)";"- T-shirt z nadrukiem";"The North Face - T-shirt z nadrukiem";199.00;PLN;30.00;159.00;"100% bawełna";;"W kwiatki";Regular;Prosty;Okrągły;TH322O0FP-Q11;Standardowa;"Krótki rękaw";;https://www.zalando.pl/the-north-face-t-shirt-z-nadrukiem-tnf-black-th322o0fp-q11.html;71;zalando.pl;"2026-04-16 10:38:19.166+00";"2026-04-16 10:38:19.319851+00"
1870;"Koszulki z krótkim rękawem (męskie)";"- Koszulka polo";"MCS - Koszulka polo";169.99;PLN;250.00;;"100% bawełna";;"Kolor jednolity";Regular;Prosty;;M2622P007-H12;Standardowa;"Krótki rękaw";;https://www.zalando.pl/mcs-hurst-koszulka-polo-arabesque-m2622p007-h12.html;71;zalando.pl;"2026-04-16 10:37:47.522+00";"2026-04-16 10:37:47.662257+00"
1869;"Koszulki z krótkim rękawem (męskie)";"- Bluzka z długim rękawem";"Carhartt WIP - Bluzka z długim rękawem";179.00;PLN;30.00;199.00;"100% bawełna";;"Kolor jednolity";Regular;Prosty;Okrągły;C1422O0FY-K13;Standardowa;"Długi rękaw";;https://www.zalando.pl/carhartt-wip-pocket-bluzka-z-dlugim-rekawem-velvet-blue-c1422o0fy-k13.html;71;zalando.pl;"2026-04-16 10:37:15.849+00";"2026-04-16 10:37:15.95382+00"
1868;"Koszulki z krótkim rękawem (męskie)";"KELSO - T-shirt z nadrukiem";"Lonsdale KELSO - T-shirt z nadrukiem";159.00;PLN;30.00;99.00;"100% bawełna";;Nadruk;Regular;Prosty;Okrągły;L2G22O03V-Q11;Standardowa;"Krótki rękaw";;https://www.zalando.pl/lonsdale-normale-passform-two-pack-kelso-t-shirt-z-nadrukiem-black-black-l2g22o03v-q11.html;71;zalando.pl;"2026-04-16 10:36:27.411+00";"2026-04-16 10:36:27.513628+00"
1867;"Koszulki z krótkim rękawem (męskie)";"- Koszulka polo";"BOSS - Koszulka polo";769.00;PLN;30.00;399.00;"100% bawełna";;"W kratkę";Regular;Prosty;;BB122O1F6-M12;Standardowa;"Krótki rękaw";;https://www.zalando.pl/boss-spirit-koszulka-polo-open-green-bb122o1f6-m12.html;71;zalando.pl;"2026-04-16 10:36:07.344+00";"2026-04-16 10:36:07.455692+00"
1866;"Koszulki z krótkim rękawem (męskie)";"- T-shirt basic";"Scalpers - T-shirt basic";137.35;PLN;30.00;129.00;"100% bawełna";"100% bawełna";"Kolor jednolity";Regular;Prosty;Okrągły;SCF22O0DF-N11;Długa;"Krótki rękaw";;https://www.zalando.pl/scalpers-t-shirt-basic-khaki-scf22o0df-n11.html;70;zalando.pl;"2026-04-16 09:58:31.943+00";"2026-04-16 09:58:32.045181+00"
1865;"Koszulki z krótkim rękawem (męskie)";"TEE - T-shirt basic";"Jack &amp; Jones TEE - T-shirt basic";69.99;PLN;30.00;59.00;"100% bawełna";;"Kolor jednolity";Regular;Prosty;Okrągły;JA222O5P9-K15;Standardowa;"Krótki rękaw";;https://www.zalando.pl/jack-and-jones-epaulos-tee-crew-neck-noos-t-shirt-basic-mineral-blue-ja222o5p9-k15.html;70;zalando.pl;"2026-04-16 09:58:01.942+00";"2026-04-16 09:58:02.045191+00"
1864;"Koszulki z krótkim rękawem (męskie)";"BRADLY DOPPELPACK - T-shirt basic";"Jack &amp; Jones BRADLY DOPPELPACK - T-shirt basic";129.00;PLN;30.00;79.00;"100% bawełna";;"Kolor jednolity";"Loose fit";Prosty;Okrągły;JA222O5T5-T11;Standardowa;"Krótki rękaw";;https://www.zalando.pl/jack-and-jones-bradly-kurzarm-doppelpack-t-shirt-basic-mehrfarbig-ja222o5t5-t11.html;70;zalando.pl;"2026-04-16 09:57:34.022+00";"2026-04-16 09:57:34.125061+00"
1863;"Koszulki z krótkim rękawem (męskie)";"- T-shirt z nadrukiem";"Street One MEN - T-shirt z nadrukiem";89.90;PLN;30.00;109.00;"100% bawełna";;Nadruk;Regular;Prosty;Okrągły;SFZ22O078-M11;Standardowa;"Krótki rękaw";;https://www.zalando.pl/street-one-men-t-shirt-z-nadrukiem-gruen-sfz22o078-m11.html;70;zalando.pl;"2026-04-16 09:57:15.969+00";"2026-04-16 09:57:16.201964+00"
1862;"Koszulki z krótkim rękawem (męskie)";"- T-shirt basic";"s.Oliver - T-shirt basic";69.99;PLN;30.00;129.00;"100% bawełna";;"Kolor jednolity";Regular;Prosty;"Wycięcie typu V";SO222O2EB-K11;Długa;"Krótki rękaw";;https://www.zalando.pl/soliver-t-shirt-basic-navy-so222o2eb-k11.html;70;zalando.pl;"2026-04-16 09:56:41.155+00";"2026-04-16 09:56:41.265709+00"
1861;"Koszulki z krótkim rękawem (męskie)";"SHRUNKEN - T-shirt basic";"Weekday SHRUNKEN - T-shirt basic";109.00;PLN;30.00;109.00;"100% bawełna";;"Kolor jednolity";Regular;Prosty;Okrągły;WEB22O07R-K11;Standardowa;"Krótki rękaw";;https://www.zalando.pl/weekday-shrunken-t-shirt-basic-blue-pigment-dye-web22o07r-k11.html;70;zalando.pl;"2026-04-16 09:56:02.225+00";"2026-04-16 09:56:02.500478+00"
1860;"Koszulki z krótkim rękawem (męskie)";"- T-shirt z nadrukiem";"Wrangler - T-shirt z nadrukiem";179.00;PLN;30.00;159.00;"100% bawełna";;Nadruk;Regular;Prosty;Okrągły;WR122O09B-Q13;Standardowa;"Krótki rękaw";;https://www.zalando.pl/wrangler-graphic-tee-t-shirt-z-nadrukiem-black-wr122o09b-q13.html;70;zalando.pl;"2026-04-16 09:55:35.723+00";"2026-04-16 09:55:35.829329+00"
1859;"Koszulki z krótkim rękawem (męskie)";"AMORPHIS HALO - T-shirt z nadrukiem";"rockshirts AMORPHIS HALO - T-shirt z nadrukiem";99.00;PLN;30.00;79.00;"100% bawełna";;Nadruk;Regular;Prosty;Okrągły;R8N22O0HK-Q11;Standardowa;"Krótki rękaw";;https://www.zalando.pl/rockshirts-amorphis-halo-t-shirt-z-nadrukiem-black-r8n22o0hk-q11.html;70;zalando.pl;"2026-04-16 09:54:42.956+00";"2026-04-16 09:54:43.105061+00"
1858;"Koszulki z krótkim rękawem (męskie)";"- Koszulka sportowa";"Hummel - Koszulka sportowa";159.00;PLN;30.00;;"100% poliester";"100% poliester";Nadruk;Regular;Prosty;"Wycięcie typu V";HU342D0KR-G11;Standardowa;"Krótki rękaw";;https://www.zalando.pl/hummel-indoor-match-triumph-koszulka-sportowa-true-red-zinfandel-hu342d0kr-g11.html;70;zalando.pl;"2026-04-16 09:54:20.929+00";"2026-04-16 09:54:21.032112+00"
1857;"Koszulki z krótkim rękawem (męskie)";"UNI - Koszulka polo";"Calvin Klein Golf UNI - Koszulka polo";289.00;PLN;30.00;389.00;"52% bawełna, 45% poliester, 3% elastan";;"Kolor jednolity";"Loose fit";Prosty;;CK442D01N-J11;Standardowa;"Krótki rękaw";;https://www.zalando.pl/calvin-klein-golf-uni-koszulka-polo-baby-pink-ck442d01n-j11.html;70;zalando.pl;"2026-04-16 09:53:51.956+00";"2026-04-16 09:53:52.063753+00"
1856;"Koszulki z krótkim rękawem (męskie)";"AC/DC FOR THOSE ABOUT TO ROCK - T-shirt z nadrukiem";"rockshirts AC/DC FOR THOSE ABOUT TO ROCK - T-shirt z nadrukiem";99.00;PLN;30.00;;"100% bawełna";;Nadruk;Regular;Prosty;Okrągły;R8N22O0NP-Q11;Standardowa;"Krótki rękaw";;https://www.zalando.pl/rockshirts-t-shirt-z-nadrukiem-black-r8n22o0np-q11.html;70;zalando.pl;"2026-04-16 09:53:21.364+00";"2026-04-16 09:53:21.465288+00"
1855;"Koszulki z krótkim rękawem (męskie)";"- T-shirt basic";"Puma - T-shirt basic";129.99;PLN;30.00;139.00;"60% bawełna, 40% poliester";;"Kolor jednolity";Regular;Prosty;Okrągły;PU122O1DD-M11;Standardowa;"Krótki rękaw";;https://www.zalando.pl/puma-t-shirt-basic-dunkelgruen-pu122o1dd-m11.html;70;zalando.pl;"2026-04-16 09:52:42.327+00";"2026-04-16 09:52:42.4298+00"
1854;"Koszulki z krótkim rękawem (męskie)";"- T-shirt basic";"Wrangler - T-shirt basic";119.00;PLN;30.00;75.00;"100% bawełna";;"Kolor jednolity";Regular;Prosty;Okrągły;WR122O0AQ-M13;Standardowa;"Krótki rękaw";;https://www.zalando.pl/wrangler-t-shirt-basic-deep-depths-wr122o0aq-m13.html;70;zalando.pl;"2026-04-16 09:52:24.746+00";"2026-04-16 09:52:24.849194+00"
1853;"Koszulki z krótkim rękawem (męskie)";"- Koszulka sportowa";"Quiksilver - Koszulka sportowa";98.00;PLN;109.00;;"100% bawełna";;Nadruk;Regular;Prosty;Okrągły;QU1210056-A11;Standardowa;"Krótki rękaw";;https://www.zalando.pl/quiksilver-logo-unisex-t-shirt-z-nadrukiem-white-qu1210056-a11.html;70;zalando.pl;"2026-04-16 09:51:34.366+00";"2026-04-16 09:51:34.519509+00"
1852;"Koszulki z krótkim rękawem (męskie)";"- T-shirt z nadrukiem";"Napapijri - T-shirt z nadrukiem";108.00;PLN;180.00;;"100% bawełna";;Nadruk;Regular;Prosty;Okrągły;NA622O09I-C12;Standardowa;"Krótki rękaw";;https://www.zalando.pl/napapijri-box-logo-t-shirt-z-nadrukiem-medium-grey-melange-na622o09i-c12.html;70;zalando.pl;"2026-04-16 09:51:08.229+00";"2026-04-16 09:51:08.33131+00"
1851;"Koszulki z krótkim rękawem (męskie)";"- T-shirt basic";"Ecoalf - T-shirt basic";159.00;PLN;30.00;159.00;"100% bawełna";;Nadruk;Regular;Prosty;Okrągły;ZZO3TB312-K11;Standardowa;"Krótki rękaw";;https://www.zalando.pl/ecoalf-t-shirts-t-shirt-basic-pacific-blue-zzo3tb312-k11.html;70;zalando.pl;"2026-04-16 09:50:16.021+00";"2026-04-16 09:50:16.127106+00"
1850;"Koszulki z krótkim rękawem (męskie)";"- T-shirt z nadrukiem";"EA7 Emporio Armani - T-shirt z nadrukiem";359.00;PLN;30.00;409.00;"53% bawełna, 42% poliester, 5% elastan";;Nadruk;Regular;Prosty;Okrągły;EA722O0E7-Q11;Standardowa;"Krótki rękaw";;https://www.zalando.pl/ea7-emporio-armani-natural-ventus7-tee-t-shirt-z-nadrukiem-black-ea722o0e7-q11.html;70;zalando.pl;"2026-04-16 09:49:53.33+00";"2026-04-16 09:49:53.431941+00"
1849;"Koszulki z krótkim rękawem (męskie)";"- T-shirt z nadrukiem";"adidas Sportswear - T-shirt z nadrukiem";109.00;PLN;30.00;99.00;"100% bawełna";;Nadruk;Regular;Prosty;Okrągły;ADQ42D03W-Q11;Standardowa;"Krótki rękaw";;https://www.zalando.pl/adidas-sportswear-collegiate-t-shirt-z-nadrukiem-black-adq42d03w-q11.html;70;zalando.pl;"2026-04-16 09:49:24.071+00";"2026-04-16 09:49:24.224056+00"
1848;"Koszulki z krótkim rękawem (męskie)";"- Koszulka polo";"WE Fashion - Koszulka polo";259.00;PLN;30.00;187.99;"100% bawełna";"100% bawełna";"W paski";Regular;Prosty;;WF522O0ZA-B11;Standardowa;"Krótki rękaw";;https://www.zalando.pl/we-fashion-koszulka-polo-beige-wf522o0za-b11.html;70;zalando.pl;"2026-04-16 09:48:41.957+00";"2026-04-16 09:48:42.060924+00"
1847;"Koszulki z krótkim rękawem (męskie)";"BERMUDA BALDWIN - T-shirt z nadrukiem";"Malbon BERMUDA BALDWIN - T-shirt z nadrukiem";379.00;PLN;30.00;379.00;"100% bawełna";;Nadruk;Regular;Prosty;Okrągły;09I42D00Q-K11;Standardowa;"Krótki rękaw";;https://www.zalando.pl/malbon-bermuda-baldwin-tee-t-shirt-z-nadrukiem-navy-09i42d00q-k11.html;70;zalando.pl;"2026-04-16 09:48:08.872+00";"2026-04-16 09:48:09.197689+00"
1846;"Koszulki z krótkim rękawem (męskie)";"HYPERCOURT - T-shirt z nadrukiem";"K-SWISS HYPERCOURT - T-shirt z nadrukiem";98.00;PLN;90.00;179.00;"84% poliester, 16% elastan";;"W kratkę";Regular;Prosty;Okrągły;KS142D01K-A11;Standardowa;"Krótki rękaw";;https://www.zalando.pl/k-swiss-hypercourt-mix-crew-t-shirt-z-nadrukiem-whitestargazer-ks142d01k-a11.html;70;zalando.pl;"2026-04-16 09:47:39.847+00";"2026-04-16 09:47:40.087059+00"
1845;"Koszulki z krótkim rękawem (męskie)";"- T-shirt z nadrukiem";"Dropsize - T-shirt z nadrukiem";82.00;PLN;79.00;99.00;"100% bawełna";"100% bawełna";Nadruk;"Loose fit";Prosty;Okrągły;DBB22O00W-K11;Długa;Półrękawek;;https://www.zalando.pl/dropsize-t-shirt-z-nadrukiem-baby-blue-dbb22o00w-k11.html;69;zalando.pl;"2026-04-16 09:47:08.268+00";"2026-04-16 09:47:08.458736+00"
1844;"Koszulki z krótkim rękawem (męskie)";"SMALL SIGNATURE PINSTRIPE - T-shirt z nadrukiem";"Karl Kani SMALL SIGNATURE PINSTRIPE - T-shirt z nadrukiem";118.00;PLN;103.00;159.00;"100% bawełna";;"Kolor jednolity";"Loose fit";Prosty;Okrągły;KK122O05E-M11;Długa;Półrękawek;;https://www.zalando.pl/karl-kani-t-shirt-z-nadrukiem-light-mint-white-kk122o05e-m11.html;69;zalando.pl;"2026-04-16 09:46:41.03+00";"2026-04-16 09:46:41.134116+00"
1843;"Koszulki z krótkim rękawem (męskie)";"- Koszulka sportowa";"Hummel - Koszulka sportowa";101.70;PLN;113.00;;"100% poliester";"100% poliester";"Kolor jednolity";Regular;Zwężany;Okrągły;HU322O03M-C11;Standardowa;"Krótki rękaw";;https://www.zalando.pl/hummel-pulse-workout-ss-koszulka-sportowa-belgian-block-hu322o03m-c11.html;69;zalando.pl;"2026-04-16 09:46:11.272+00";"2026-04-16 09:46:11.5672+00"
1842;"Koszulki z krótkim rękawem (męskie)";"SDBEDO - T-shirt basic";"Solid SDBEDO - T-shirt basic";56.00;PLN;60.00;89.00;"60% bawełna, 40% poliester";;Melanż;Regular;Prosty;"Wycięcie typu V";SO422O05K-C12;Standardowa;"Krótki rękaw";;https://www.zalando.pl/solid-bedo-t-shirt-basic-so422o05k-c12.html;69;zalando.pl;"2026-04-16 09:45:44.824+00";"2026-04-16 09:45:44.935662+00"
1841;"Koszulki z krótkim rękawem (męskie)";"- T-shirt basic";"Jack &amp; Jones - T-shirt basic";308.00;PLN;357.00;;"100% bawełna";;"Kolor jednolity";Regular;Prosty;Okrągły;JA222O6OC-K12;Standardowa;"Krótki rękaw";;https://www.zalando.pl/jack-and-jones-pack-5-t-shirt-basic-weiss-hellblau-ja222o6oc-k12.html;69;zalando.pl;"2026-04-16 09:39:42.23+00";"2026-04-16 09:39:42.337596+00"
1840;"Koszulki z krótkim rękawem (męskie)";"- T-shirt z nadrukiem";"Roberto Cavalli - T-shirt z nadrukiem";1779.00;PLN;30.00;3129.00;"100% bawełna";;"Nadruk zwierzęcy";"Loose fit";Prosty;Okrągły;1RO22O01T-K11;Standardowa;Półrękawek;;https://www.zalando.pl/roberto-cavalli-t-shirt-z-nadrukiem-quiet-harbour-1ro22o01t-k11.html;69;zalando.pl;"2026-04-16 09:38:52.643+00";"2026-04-16 09:38:52.746957+00"
1839;"Koszulki z krótkim rękawem (męskie)";"JAVARI UNISEX - T-shirt z nadrukiem";"Don&#x27;t Waste Culture JAVARI UNISEX - T-shirt z nadrukiem";144.00;PLN;128.00;319.00;"100% bawełna";;Nadruk;Regular;Prosty;Okrągły;DCK21004A-Q11;Standardowa;"Krótki rękaw";;https://www.zalando.pl/dont-waste-culture-javari-unisex-t-shirt-z-nadrukiem-black-dck21004a-q11.html;69;zalando.pl;"2026-04-16 09:38:11.859+00";"2026-04-16 09:38:12.172698+00"
1838;"Koszulki z krótkim rękawem (męskie)";"- T-shirt z nadrukiem";"Tommy Jeans - T-shirt z nadrukiem";169.00;PLN;30.00;169.00;"100% bawełna";;Nadruk;Regular;Prosty;Okrągły;TOB2100KH-C11;Standardowa;"Krótki rękaw";;https://www.zalando.pl/tommy-jeans-city-sign-tee-t-shirt-z-nadrukiem-gravel-grey-tob2100kh-c11.html;69;zalando.pl;"2026-04-16 09:37:26.091+00";"2026-04-16 09:37:26.319959+00"
1837;"Koszulki z krótkim rękawem (męskie)";"UTILITY - Koszulka sportowa";"Under Armour UTILITY - Koszulka sportowa";179.00;PLN;179.00;199.00;"100% poliester";;Melanż;Regular;Prosty;Okrągły;UN242D1AB-J11;Długa;"Krótki rękaw";;https://www.zalando.pl/under-armour-utility-koszulka-sportowa-posh-pinkacademy-un242d1ab-j11.html;69;zalando.pl;"2026-04-16 09:36:59.036+00";"2026-04-16 09:36:59.138365+00"
1836;"Koszulki z krótkim rękawem (męskie)";"- T-shirt basic";"Massimo Dutti - T-shirt basic";129.00;PLN;30.00;319.00;"80% bawełna, 20% wiskoza";;"Kolor jednolity";Regular;Prosty;Okrągły;M3I22O0EG-O11;Standardowa;"Krótki rękaw";;https://www.zalando.pl/massimo-dutti-t-shirt-basic-dark-red-m3i22o0eg-o11.html;69;zalando.pl;"2026-04-16 09:36:10.065+00";"2026-04-16 09:36:10.192659+00"
1835;"Koszulki z krótkim rękawem (męskie)";"SLMCORMAC - T-shirt basic";"Selected SLMCORMAC - T-shirt basic";161.00;PLN;179.00;;"100% bawełna";;"Kolor jednolity";Regular;Prosty;Okrągły;SE622O0TU-Q11;Standardowa;"Krótki rękaw";;https://www.zalando.pl/selected-homme-t-shirt-basic-black-se622o0tu-q11.html;69;zalando.pl;"2026-04-16 09:35:20.637+00";"2026-04-16 09:35:20.794991+00"
1834;"Koszulki z krótkim rękawem (męskie)";"- T-shirt basic";"Jack &amp; Jones - T-shirt basic";257.00;PLN;30.00;149.00;"92% bawełna, 8% elastan";;Melanż;Regular;Prosty;"Wycięcie typu V";JA222O6OB-C13;Standardowa;"Krótki rękaw";;https://www.zalando.pl/jack-and-jones-t-shirt-basic-weisshellgrau-ja222o6ob-c13.html;69;zalando.pl;"2026-04-16 09:34:55.366+00";"2026-04-16 09:34:55.56866+00"
1833;"Koszulki z krótkim rękawem (męskie)";"CLIFFSIDE - T-shirt z nadrukiem";"Rossignol CLIFFSIDE - T-shirt z nadrukiem";188.00;PLN;30.00;99.00;"100% bawełna";;Nadruk;Regular;Prosty;Okrągły;ROJ22O00R-Q11;Długa;"Krótki rękaw";;https://www.zalando.pl/rossignol-cliffside-tee-t-shirt-z-nadrukiem-black-roj22o00r-q11.html;69;zalando.pl;"2026-04-16 09:34:18.522+00";"2026-04-16 09:34:18.662322+00"
1832;"Koszulki z krótkim rękawem (męskie)";"ONSMARADONA - T-shirt z nadrukiem";"Only &amp; Sons ONSMARADONA - T-shirt z nadrukiem";74.00;PLN;;;"100% bawełna";;Nadruk;Regular;Prosty;Okrągły;OS322O1ML-K12;Standardowa;"Krótki rękaw";;https://www.zalando.pl/only-and-sons-onsmaradona-life-tee-t-shirt-z-nadrukiem-turkish-sea-os322o1ml-k12.html;69;zalando.pl;"2026-04-16 09:33:41.065+00";"2026-04-16 09:33:41.264493+00"
1831;"Koszulki z krótkim rękawem (męskie)";"- T-shirt z nadrukiem";"Obey Clothing - T-shirt z nadrukiem";159.00;PLN;100.00;199.00;"100% bawełna";;Nadruk;"Regular Fit";Prosty;Okrągły;OB022O0IJ-A11;Standardowa;"Krótki rękaw";;https://www.zalando.pl/obey-clothing-erase-all-thought-t-shirt-z-nadrukiem-white-ob022o0ij-a11.html;69;zalando.pl;"2026-04-16 09:33:19.127+00";"2026-04-16 09:33:19.386233+00"
1830;"Koszulki z krótkim rękawem (męskie)";"UNISEX - T-shirt z nadrukiem";"Les Benjamins UNISEX - T-shirt z nadrukiem";379.00;PLN;30.00;559.00;"100% bawełna";;Nadruk;"Loose fit";Prosty;Okrągły;LBF210069-C11;Długa;Półrękawek;;https://www.zalando.pl/les-benjamins-short-sleeve-tee-unisex-t-shirt-z-nadrukiem-grey-melange-lbf210069-c11.html;69;zalando.pl;"2026-04-16 09:32:28.757+00";"2026-04-16 09:32:28.890424+00"
1829;"Koszulki z krótkim rękawem (męskie)";"- T-shirt basic";"GAP - T-shirt basic";159.00;PLN;30.00;119.00;"100% bawełna";;"Kolor jednolity";Regular;Prosty;Okrągły;GP022O0DF-K11;Standardowa;"Krótki rękaw";;https://www.zalando.pl/gap-original-t-shirt-basic-docksider-blue-gp022o0df-k11.html;69;zalando.pl;"2026-04-16 09:32:04.021+00";"2026-04-16 09:32:04.121473+00"
1828;"Koszulki z krótkim rękawem (męskie)";"- T-shirt z nadrukiem";"Champion - T-shirt z nadrukiem";170.00;PLN;30.00;269.00;"100% bawełna";;Nadruk;Regular;Prosty;Okrągły;C7622O0BS-H11;Standardowa;"Krótki rękaw";;https://www.zalando.pl/champion-champion-ss-tee-east-west-t-shirt-z-nadrukiem-orange-c7622o0bs-h11.html;69;zalando.pl;"2026-04-16 09:31:23.817+00";"2026-04-16 09:31:23.921047+00"
1827;"Koszulki z krótkim rękawem (męskie)";"- T-shirt z nadrukiem";"Champion - T-shirt z nadrukiem";149.00;PLN;30.00;119.00;"100% bawełna";;Nadruk;Regular;Prosty;Okrągły;C7622O0AY-N11;Standardowa;"Krótki rękaw";;https://www.zalando.pl/champion-t-shirt-z-nadrukiem-olive-c7622o0ay-n11.html;69;zalando.pl;"2026-04-16 09:31:04.71+00";"2026-04-16 09:31:05.097268+00"
1826;"Koszulki z krótkim rękawem (męskie)";"UNISEX - T-shirt z nadrukiem";"Tommy Jeans UNISEX - T-shirt z nadrukiem";152.00;PLN;169.00;;"100% bawełna";;Nadruk;Regular;Prosty;Okrągły;TOB2100JL-K12;Standardowa;"Krótki rękaw";;https://www.zalando.pl/tommy-jeans-sign-spray-t-shirt-z-nadrukiem-nordic-iris-tob2100jl-k12.html;69;zalando.pl;"2026-04-16 09:30:17.862+00";"2026-04-16 09:30:18.181397+00"
1825;"Koszulki z krótkim rękawem (męskie)";"- Top";"ICANIWILL - Top";103.00;PLN;119.00;159.00;"90% poliester, 10% elastan";;"Kolor jednolity";Regular;Prosty;Okrągły;ICO42D00Z-Q11;Standardowa;"Bez rękawów";;https://www.zalando.pl/icaniwill-stride-sleeveless-top-black-ico42d00z-q11.html;69;zalando.pl;"2026-04-16 09:29:37.363+00";"2026-04-16 09:29:37.467453+00"
1824;"Koszulki z krótkim rękawem (męskie)";"UNISEX - T-shirt basic";"EA7 Emporio Armani UNISEX - T-shirt basic";269.00;PLN;30.00;139.00;"100% bawełna";;"Kolor jednolity";Regular;Prosty;Okrągły;EA722O09V-E12;Standardowa;"Krótki rękaw";;https://www.zalando.pl/ea7-emporio-armani-train-core-tee-unisex-t-shirt-basic-old-gold-coloured-ea722o09v-e12.html;69;zalando.pl;"2026-04-16 09:29:18.621+00";"2026-04-16 09:29:18.7258+00"
1823;"Koszulki z krótkim rękawem (męskie)";"- T-shirt basic";"Koroshi - T-shirt basic";199.00;PLN;30.00;139.00;"95% bawełna, 4% poliester, 1% elastan";"95% bawełna, 4% poliester, 1% elastan";"Kolor jednolity";Regular;Prosty;"Wycięcie typu V";KOL22O0NH-A11;Standardowa;"Krótki rękaw";;https://www.zalando.pl/koroshi-t-shirt-basic-crudo-off-white-kol22o0nh-a11.html;68;zalando.pl;"2026-04-16 09:28:41.256+00";"2026-04-16 09:28:41.358595+00"
1822;"Koszulki z krótkim rękawem (męskie)";"- T-shirt z nadrukiem";"The North Face - T-shirt z nadrukiem";206.00;PLN;229.00;;"100% bawełna";;"W kwiatki";Regular;Prosty;Okrągły;TH322O0DX-C11;Standardowa;"Krótki rękaw";;https://www.zalando.pl/the-north-face-flora-short-sleeve-tee-graphic-t-shirt-z-nadrukiem-anthracite-grey-th322o0dx-c11.html;68;zalando.pl;"2026-04-16 09:27:55.455+00";"2026-04-16 09:27:55.560484+00"
1821;"Koszulki z krótkim rękawem (męskie)";"- T-shirt basic";"KARL LAGERFELD - T-shirt basic";350.00;PLN;389.00;;"95% bawełna, 5% elastan";;"Kolor jednolity";Regular;Prosty;"Wycięcie typu V";K4822O0O6-Q11;Standardowa;"Krótki rękaw";;https://www.zalando.pl/karl-lagerfeld-v-neck-t-shirt-basic-black-k4822o0o6-q11.html;68;zalando.pl;"2026-04-16 09:27:36.567+00";"2026-04-16 09:27:36.801058+00"
1820;"Koszulki z krótkim rękawem (męskie)";"LE VRAI EDOUARD UNISEX - T-shirt basic";"K-Way LE VRAI EDOUARD UNISEX - T-shirt basic";161.00;PLN;179.00;;"100% bawełna";;"Kolor jednolity";Regular;Prosty;Okrągły;KW1210004-Q12;Standardowa;"Krótki rękaw";;https://www.zalando.pl/k-way-le-vrai-edouard-unisex-t-shirt-basic-black-pure-kw1210004-q12.html;68;zalando.pl;"2026-04-16 09:26:44.965+00";"2026-04-16 09:26:45.210175+00"
1819;"Koszulki z krótkim rękawem (męskie)";"- T-shirt basic";"Joules - T-shirt basic";134.00;PLN;30.00;129.00;"100% bawełna";;"Kolor jednolity";Regular;Prosty;Okrągły;4JO22O01E-M11;Standardowa;"Krótki rękaw";;https://www.zalando.pl/tom-joule-regular-fit-everyday-classic-fit-t-shirt-basic-green-4jo22o01e-m11.html;68;zalando.pl;"2026-04-16 09:26:01.238+00";"2026-04-16 09:26:01.344025+00"
1818;"Koszulki z krótkim rękawem (męskie)";"JJEURBAN - T-shirt z nadrukiem";"Jack &amp; Jones JJEURBAN - T-shirt z nadrukiem";71.95;PLN;71.95;89.99;"100% bawełna";;Nadruk;"Loose fit";Prosty;Okrągły;JA222O5Z4-B11;Standardowa;"Krótki rękaw";;https://www.zalando.pl/jack-and-jones-jjeurban-edge-studio-o-neck-t-shirt-z-nadrukiem-antique-white-ja222o5z4-b11.html;68;zalando.pl;"2026-04-16 09:25:30.552+00";"2026-04-16 09:25:30.653819+00"
1817;"Koszulki z krótkim rękawem (męskie)";"- Top";"EA7 Emporio Armani - Top";224.00;PLN;249.00;;"100% bawełna";;Nadruk;Regular;Prosty;Okrągły;EA722O0EB-Q11;Standardowa;"Bez rękawów";;https://www.zalando.pl/ea7-emporio-armani-train-visibility-tank-top-black-ea722o0eb-q11.html;68;zalando.pl;"2026-04-16 09:25:06.764+00";"2026-04-16 09:25:06.909002+00"
1816;"Koszulki z krótkim rękawem (męskie)";"- T-shirt z nadrukiem";"Vertere Berlin - T-shirt z nadrukiem";130.00;PLN;130.00;259.00;"100% bawełna";;Nadruk;"Loose fit";Prosty;"Wycięcie na plecach";VEN22O00U-B11;Długa;Półrękawek;;https://www.zalando.pl/vertere-berlin-core-t-shirt-z-nadrukiem-faded-sand-ven22o00u-b11.html;68;zalando.pl;"2026-04-16 09:24:45.272+00";"2026-04-16 09:24:45.42315+00"
1815;"Koszulki z krótkim rękawem (męskie)";"- T-shirt basic";"Carhartt WIP - T-shirt basic";179.00;PLN;30.00;159.00;"100% bawełna";;"Kolor jednolity";"Loose fit";Prosty;Okrągły;C1422O0BL-O18;Standardowa;"Krótki rękaw";;https://www.zalando.pl/carhartt-wip-american-script-t-shirt-basic-palisander-c1422o0bl-o18.html;68;zalando.pl;"2026-04-16 09:24:04.169+00";"2026-04-16 09:24:04.270843+00"
1814;"Koszulki z krótkim rękawem (męskie)";"- T-shirt z nadrukiem";"JP1880 - T-shirt z nadrukiem";213.99;PLN;239.99;;"100% bawełna";;Nadruk;Regular;Prosty;Okrągły;JP322O18T-M11;Standardowa;"Krótki rękaw";;https://www.zalando.pl/jp1880-t-shirt-z-nadrukiem-jade-green-jp322o18t-m11.html;68;zalando.pl;"2026-04-16 09:23:28.842+00";"2026-04-16 09:23:28.94231+00"
1813;"Koszulki z krótkim rękawem (męskie)";"- T-shirt z nadrukiem";"Pier One - T-shirt z nadrukiem";69.00;PLN;30.00;79.00;"100% bawełna";;Nadruk;Regular;Prosty;Okrągły;PI922O19I-A11;Standardowa;"Długi rękaw";;https://www.zalando.pl/pier-one-t-shirt-z-nadrukiem-white-pi922o19i-a11.html;68;zalando.pl;"2026-04-16 09:23:09.66+00";"2026-04-16 09:23:09.853012+00"
1812;"Koszulki z krótkim rękawem (męskie)";"NIKECOURT - Koszulka polo";"Nike Performance NIKECOURT - Koszulka polo";189.00;PLN;30.00;189.00;"100% poliester";;"Kolor jednolity";"Loose fit";Prosty;Okrągły;N1242D4KF-Q11;Długa;"Krótki rękaw";;https://www.zalando.pl/nike-performance-koszulka-polo-blackwhite-n1242d4kf-q11.html;68;zalando.pl;"2026-04-16 09:22:16.821+00";"2026-04-16 09:22:16.924183+00"
1811;"Koszulki z krótkim rękawem (męskie)";"FEMUND TECH - Bluzka z długim rękawem";"Norrøna FEMUND TECH - Bluzka z długim rękawem";359.00;PLN;30.00;169.00;"100% poliester";;Melanż;Regular;Prosty;Okrągły;NOO42D00X-M11;Standardowa;"Długi rękaw";;https://www.zalando.pl/norroena-femund-tech-long-sleeve-bluzka-z-dlugim-rekawem-golden-lime-noo42d00x-m11.html;68;zalando.pl;"2026-04-16 09:21:39.558+00";"2026-04-16 09:21:39.659478+00"
1810;"Koszulki z krótkim rękawem (męskie)";"HEATGEAR - Top";"Under Armour HEATGEAR - Top";150.00;PLN;30.00;159.00;"84% poliester, 16% elastan";;"Kolor jednolity";Regular;;Okrągły;UN242D0V6-K11;Standardowa;"Bez rękawów";;https://www.zalando.pl/under-armour-top-un242d0uy-j11-un242d0v6-k11.html;68;zalando.pl;"2026-04-16 09:21:17.87+00";"2026-04-16 09:21:18.166302+00"
1809;"Koszulki z krótkim rękawem (męskie)";"- T-shirt z nadrukiem";"KARL LAGERFELD - T-shirt z nadrukiem";289.00;PLN;30.00;439.00;"100% bawełna";;Nadruk;Regular;Prosty;Okrągły;K4822O0PL-O11;Standardowa;"Krótki rękaw";;https://www.zalando.pl/karl-lagerfeld-t-shirt-z-nadrukiem-black-brown-k4822o0pl-o11.html;68;zalando.pl;"2026-04-16 09:20:50.951+00";"2026-04-16 09:20:51.057634+00"
1808;"Koszulki z krótkim rękawem (męskie)";"SDTIMUR - Bluzka z długim rękawem";"Solid SDTIMUR - Bluzka z długim rękawem";84.00;PLN;122.00;149.00;"100% bawełna";;Melanż;Regular;Prosty;"Typu Henley";SO422O072-K11;Standardowa;"Długi rękaw";;https://www.zalando.pl/solid-timur-bluzka-z-dlugim-rekawem-so422o072-k11.html;68;zalando.pl;"2026-04-16 09:20:09.649+00";"2026-04-16 09:20:09.792821+00"
1807;"Koszulki z krótkim rękawem (męskie)";"ALFRED - Koszulka polo";"U.S. Polo Assn. ALFRED - Koszulka polo";169.99;PLN;189.99;250.00;"100% bawełna";;"Kolor jednolity";"Regular Fit";Prosty;;US222P04B-A11;Standardowa;"Krótki rękaw";;https://www.zalando.pl/us-polo-assn-alfred-koszulka-polo-crockery-us222p04b-a11.html;68;zalando.pl;"2026-04-16 09:19:52.854+00";"2026-04-16 09:19:52.993829+00"
1806;"Koszulki z krótkim rękawem (męskie)";"- Bluzka z długim rękawem";"Levi&#x27;s® - Bluzka z długim rękawem";179.00;PLN;179.00;199.00;"100% bawełna";;"Kolor jednolity";Regular;Prosty;Okrągły;LE222O0DQ-O11;Standardowa;"Długi rękaw";;https://www.zalando.pl/levis-thermal-tee-sweter-maitake-brown-le222o0dq-o11.html;68;zalando.pl;"2026-04-16 09:19:32.572+00";"2026-04-16 09:19:32.688526+00"
1805;"Koszulki z krótkim rękawem (męskie)";"T-shirt basic";"Champion T-shirt basic";98.00;PLN;109.00;;"100% bawełna";;"Kolor jednolity";Regular;Prosty;Okrągły;C7642D0EC-Q11;Standardowa;"Krótki rękaw";;https://www.zalando.pl/champion-icons-contrast-crewneck-t-shirt-basic-black-c7642d0ec-q11.html;68;zalando.pl;"2026-04-16 09:18:47.236+00";"2026-04-16 09:18:47.338364+00"
1804;"Koszulki z krótkim rękawem (męskie)";"- T-shirt z nadrukiem";"Alpha Industries - T-shirt z nadrukiem";149.99;PLN;30.00;109.00;"100% bawełna";;Nadruk;Regular;Prosty;Okrągły;AL522O088-Q12;Standardowa;"Krótki rękaw";;https://www.zalando.pl/alpha-industries-t-shirt-z-nadrukiem-black-black-al522o088-q12.html;68;zalando.pl;"2026-04-16 09:18:16.76+00";"2026-04-16 09:18:16.865662+00"
1803;"Koszulki z krótkim rękawem (męskie)";"- T-shirt basic";"Ellesse - T-shirt basic";169.95;PLN;30.00;99.00;"100% bawełna";"100% poliester";"Kolor jednolity";Regular;Prosty;Okrągły;EL922O0R9-K12;Standardowa;"Krótki rękaw";;https://www.zalando.pl/ellesse-ringetto-tee-t-shirt-basic-navy-el922o0r9-k12.html;68;zalando.pl;"2026-04-16 09:17:53.16+00";"2026-04-16 09:17:53.32095+00"
1802;"Koszulki z krótkim rękawem (męskie)";"CONTRAST LONG SLEEVE TEE - Bluzka z długim rękawem";"BDG Urban Outfitters CONTRAST LONG SLEEVE TEE - Bluzka z długim rękawem";219.00;PLN;30.00;69.00;"60% bawełna, 40% poliester";;;"Loose fit";Prosty;Okrągły;QX722O01S-O11;Standardowa;"Długi rękaw";;https://www.zalando.pl/bdg-urban-outfitters-contrast-long-sleeve-tee-bluzka-z-dlugim-rekawem-brown-qx722o01s-o11.html;67;zalando.pl;"2026-04-16 08:59:29.948+00";"2026-04-16 08:59:30.093517+00"
1801;"Koszulki z krótkim rękawem (męskie)";"- T-shirt z nadrukiem";"Next - T-shirt z nadrukiem";65.00;PLN;30.00;119.00;"100% bawełna";;"Kolor jednolity";"Regular Fit";Prosty;Okrągły;NX322O0O5-Q11;Standardowa;"Krótki rękaw";;https://www.zalando.pl/next-stag-t-shirt-basic-black-nx322o0o5-q11.html;67;zalando.pl;"2026-04-16 08:58:42.944+00";"2026-04-16 08:58:43.160122+00"
1800;"Koszulki z krótkim rękawem (męskie)";"- Top";"Karl Lagerfeld Jeans - Top";219.00;PLN;30.00;319.00;"50% bawełna, 50% poliester";;Nadruk;Regular;Prosty;Okrągły;K3W22O03G-Q11;Standardowa;"Bez rękawów";;https://www.zalando.pl/karl-lagerfeld-jeans-logo-vest-top-black-k3w22o03g-q11.html;67;zalando.pl;"2026-04-16 08:58:07.746+00";"2026-04-16 08:58:07.849179+00"
1799;"Koszulki z krótkim rękawem (męskie)";"- Koszulka polo";"Superdry &amp; Co - Koszulka polo";229.00;PLN;30.00;199.00;"100% bawełna";;;Regular;Prosty;;SU222O36J-K11;Standardowa;"Krótki rękaw";;https://www.zalando.pl/superdry-and-co-crest-koszulka-polo-optic-su222o36j-k11.html;67;zalando.pl;"2026-04-16 08:57:39.765+00";"2026-04-16 08:57:39.890149+00"
1798;"Koszulki z krótkim rękawem (męskie)";"- T-shirt basic";"Next - T-shirt basic";104.00;PLN;30.00;85.00;"94% poliester, 6% elastan";;"Kolor jednolity";Regular;Prosty;Okrągły;NX322O19E-K22;Standardowa;"Krótki rękaw";;https://www.zalando.pl/next-active-regular-fit-t-shirt-basic-pale-blue-nx322o19e-k22.html;67;zalando.pl;"2026-04-16 08:57:12.56+00";"2026-04-16 08:57:12.782456+00"
1797;"Koszulki z krótkim rękawem (męskie)";"JJEPAULOS - Koszulka polo";"Jack &amp; Jones JJEPAULOS - Koszulka polo";119.95;PLN;119.95;149.99;"100% bawełna";;Melanż;Regular;Prosty;"Typu Henley";JA222P04T-C18;Standardowa;"Krótki rękaw";;https://www.zalando.pl/jack-and-jones-jjepaulos-koszulka-polo-ultimate-grey-ja222p04t-c18.html;67;zalando.pl;"2026-04-16 08:56:21.559+00";"2026-04-16 08:56:21.663833+00"
1796;"Koszulki z krótkim rękawem (męskie)";"- T-shirt basic";"Balmohk - T-shirt basic";74.99;PLN;30.00;;"100% bawełna";;Melanż;"Loose fit";Prosty;Okrągły;BZO22O004-G11;Standardowa;"Krótki rękaw";;https://www.zalando.pl/balmohk-t-shirt-t-shirt-basic-bright-red-bzo22o004-g11.html;67;zalando.pl;"2026-04-16 08:55:29.138+00";"2026-04-16 08:55:29.238132+00"
1795;"Koszulki z krótkim rękawem (męskie)";"AEROSWIFT - Koszulka sportowa";"Nike Performance AEROSWIFT - Koszulka sportowa";159.00;PLN;30.00;159.00;"57% bawełna, 43% poliester";;Nadruk;Regular;Dopasowany;Okrągły;N1242D7RE-M11;Standardowa;"Krótki rękaw";;https://www.zalando.pl/nike-performance-tee-aeroswift-koszulka-sportowa-barely-greenlapis-n1242d7re-m11.html;67;zalando.pl;"2026-04-16 08:54:42.625+00";"2026-04-16 08:54:42.730989+00"
1794;"Koszulki z krótkim rękawem (męskie)";"- T-shirt basic";"The Kooples - T-shirt basic";429.00;PLN;30.00;429.00;"100% bawełna";;"Kolor jednolity";Regular;Prosty;Okrągły;THA22O0BQ-Q11;Standardowa;"Krótki rękaw";;https://www.zalando.pl/the-kooples-t-shirt-basic-black-tha22o0bq-q11.html;67;zalando.pl;"2026-04-16 08:53:59.387+00";"2026-04-16 08:53:59.669021+00"
1793;"Koszulki z krótkim rękawem (męskie)";"- T-shirt basic";"AVX - T-shirt basic";212.50;PLN;30.00;119.00;"100% bawełna";"100% poliester";"Kolor jednolity";Regular;Prosty;Okrągły;AOI22O004-O11;Standardowa;"Krótki rękaw";;https://www.zalando.pl/avx-t-shirt-basic-sand-brown-aoi22o004-o11.html;67;zalando.pl;"2026-04-16 08:53:39.545+00";"2026-04-16 08:53:39.685781+00"
1792;"Koszulki z krótkim rękawem (męskie)";"- T-shirt basic";"Boggi Milano - T-shirt basic";419.00;PLN;30.00;99.00;"55% bawełna, 39% poliester, 6% elastan";;"Kolor jednolity";"Loose fit";Prosty;Okrągły;BQ122O048-Q11;Długa;"Krótki rękaw";;https://www.zalando.pl/boggi-milano-b-tech-b-sustainable-high-performance-t-shirt-basic-black-bq122o048-q11.html;67;zalando.pl;"2026-04-16 08:53:12.729+00";"2026-04-16 08:53:12.832932+00"
1791;"Koszulki z krótkim rękawem (męskie)";"- Koszulka sportowa";"adidas Performance - Koszulka sportowa";161.00;PLN;179.00;;"65% poliester, 35% bawełna";;Nadruk;Regular;Prosty;Okrągły;AD542D68U-Q11;Standardowa;"Krótki rękaw";;https://www.zalando.pl/adidas-performance-fun-train-koszulka-sportowa-black-ad542d68u-q11.html;67;zalando.pl;"2026-04-16 08:52:34.736+00";"2026-04-16 08:52:34.838047+00"
1790;"Koszulki z krótkim rękawem (męskie)";"UNISEX - T-shirt z nadrukiem";"Quiksilver UNISEX - T-shirt z nadrukiem";70.00;PLN;70.00;139.00;"100% bawełna";;Nadruk;Regular;Prosty;Okrągły;QU121004F-A11;Standardowa;"Krótki rękaw";;https://www.zalando.pl/quiksilver-moon-run-unisex-t-shirt-z-nadrukiem-white-qu121004f-a11.html;67;zalando.pl;"2026-04-16 08:52:03.024+00";"2026-04-16 08:52:03.127396+00"
1789;"Koszulki z krótkim rękawem (męskie)";"- Koszulka polo";"Marc O&#x27;Polo - Koszulka polo";260.00;PLN;239.00;319.00;"100% bawełna";;Melanż;Regular;Prosty;"Wycięcie typu V";MA322P081-Q11;Standardowa;"Krótki rękaw";;https://www.zalando.pl/marc-opolo-short-sleeve-details-koszulka-polo-pirate-black-ma322p081-q11.html;67;zalando.pl;"2026-04-16 08:51:37.9+00";"2026-04-16 08:51:38.017542+00"
1788;"Koszulki z krótkim rękawem (męskie)";"PLAIN LONG SLEEVED - Bluzka z długim rękawem";"Lyle &amp; Scott PLAIN LONG SLEEVED - Bluzka z długim rękawem";139.00;PLN;159.00;199.00;"100% bawełna";;"Kolor jednolity";Regular;Prosty;Okrągły;LY222O05G-Q11;Standardowa;"Długi rękaw";;https://www.zalando.pl/lyle-and-scott-bluzka-z-dlugim-rekawem-jet-black-ly222o05g-q11.html;67;zalando.pl;"2026-04-16 08:51:16.635+00";"2026-04-16 08:51:16.737098+00"
1787;"Koszulki z krótkim rękawem (męskie)";"BRACE - T-shirt basic";"AllSaints BRACE - T-shirt basic";215.00;PLN;30.00;199.00;"100% bawełna";;"Kolor jednolity";Regular;Prosty;Okrągły;A0Q22O006-A11;Standardowa;"Krótki rękaw";;https://www.zalando.pl/allsaints-brace-tonic-crew-t-shirt-basic-a0q22o006-a11.html;67;zalando.pl;"2026-04-16 08:50:32.322+00";"2026-04-16 08:50:32.474243+00"
1786;"Koszulki z krótkim rękawem (męskie)";"- T-shirt z nadrukiem";"The North Face - T-shirt z nadrukiem";101.00;PLN;169.00;;"100% bawełna";;Nadruk;Regular;Prosty;Okrągły;TH322O094-K11;Długa;"Krótki rękaw";;https://www.zalando.pl/the-north-face-tee-varsity-graphic-t-shirt-z-nadrukiem-midnight-petrol-th322o094-k11.html;67;zalando.pl;"2026-04-16 08:49:47.75+00";"2026-04-16 08:49:47.859194+00"
1785;"Koszulki z krótkim rękawem (męskie)";"ANDREW - T-shirt basic";"Les Deux ANDREW - T-shirt basic";197.00;PLN;219.00;;"100% bawełna";;"Kolor jednolity";Regular;Prosty;Okrągły;LEP22O06S-Q11;Długa;"Krótki rękaw";;https://www.zalando.pl/les-deux-andrew-t-shirt-basic-juniper-green-lep22o06s-q11.html;67;zalando.pl;"2026-04-16 08:49:12.142+00";"2026-04-16 08:49:12.242721+00"
1784;"Koszulki z krótkim rękawem (męskie)";"BARNEY - Koszulka polo";"U.S. Polo Assn. BARNEY - Koszulka polo";191.00;PLN;168.00;298.00;"95% bawełna, 5% elastan";;"Kolor jednolity";"Regular Fit";Prosty;;US222O06O-G11;Standardowa;"Krótki rękaw";;https://www.zalando.pl/us-polo-assn-koszulka-polo-rot-us222o06o-g11.html;67;zalando.pl;"2026-04-16 08:48:30.926+00";"2026-04-16 08:48:31.031646+00"
1783;"Koszulki z krótkim rękawem (męskie)";"SLHASPEN - T-shirt basic";"Selected SLHASPEN - T-shirt basic";98.00;PLN;109.00;;"100% bawełna";;"Kolor jednolity";Regular;Prosty;Okrągły;SE622O0RQ-K22;Standardowa;"Krótki rękaw";;https://www.zalando.pl/selected-homme-slhaspen-o-neck-tee-t-shirt-basic-aqua-gray-se622o0rq-k22.html;67;zalando.pl;"2026-04-16 08:48:08.595+00";"2026-04-16 08:48:08.701574+00"
1782;"Koszulki z krótkim rękawem (męskie)";"- T-shirt z nadrukiem";"JP1880 - T-shirt z nadrukiem";160.99;PLN;179.99;;"100% poliester";;"Wzory militarne";Regular;Prosty;Okrągły;JP322O16O-O11;Standardowa;"Krótki rękaw";;https://www.zalando.pl/jp1880-t-shirt-z-nadrukiem-coffee-jp322o16o-o11.html;67;zalando.pl;"2026-04-16 08:47:16.07+00";"2026-04-16 08:47:16.22256+00"
1781;"Koszulki z krótkim rękawem (męskie)";"HYPERCOURT - T-shirt z nadrukiem";"K-SWISS HYPERCOURT - T-shirt z nadrukiem";199.00;PLN;30.00;269.00;"84% poliester, 16% elastan";;Nadruk;Regular;Prosty;Okrągły;KS142D01R-K11;Standardowa;"Krótki rękaw";;https://www.zalando.pl/k-swiss-hypercourt-print-crew-koszulka-sportowa-navydazzling-blue-ks142d01r-k11.html;67;zalando.pl;"2026-04-16 08:46:31.263+00";"2026-04-16 08:46:31.366368+00"
1780;"Koszulki z krótkim rękawem (męskie)";"DANIEL - Koszulka polo";"Bogner DANIEL - Koszulka polo";750.00;PLN;30.00;449.00;"96% poliester, 4% elastan";;"Kolor jednolity";Regular;Prosty;;BO742D00D-Q11;Standardowa;"Krótki rękaw";;https://www.zalando.pl/bogner-daniel2-koszulka-polo-schwarz-bo742d00d-q11.html;66;zalando.pl;"2026-04-16 08:45:37.965+00";"2026-04-16 08:45:38.073774+00"
1779;"Koszulki z krótkim rękawem (męskie)";"- Koszulka sportowa";"DC Shoes - Koszulka sportowa";149.99;PLN;30.00;149.99;"100% bawełna";"100% poliester";Nadruk;Regular;Prosty;Okrągły;DC122O0MG-Q11;Standardowa;"Krótki rękaw";;https://www.zalando.pl/dc-shoes-koszulka-sportowa-kvj-black-dc122o0mg-q11.html;66;zalando.pl;"2026-04-16 08:44:45.431+00";"2026-04-16 08:44:45.532842+00"
1778;"Koszulki z krótkim rękawem (męskie)";"- T-shirt basic";"Pepe Jeans - T-shirt basic";136.00;PLN;105.00;209.00;"95% bawełna, 5% elastan";;"Kolor jednolity";Regular;Prosty;Okrągły;PE122O0GW-K12;Standardowa;"Krótki rękaw";;https://www.zalando.pl/pepe-jeans-original-basic-2-pack-t-shirt-basic-thames-bluegrey-pe122o0gw-k12.html;66;zalando.pl;"2026-04-16 08:43:53.231+00";"2026-04-16 08:43:53.36046+00"
1777;"Koszulki z krótkim rękawem (męskie)";"UNISEX - Bluzka z długim rękawem";"MISBHV UNISEX - Bluzka z długim rękawem";839.00;PLN;30.00;819.00;"62% bawełna, 32% poliamid, 6% elastan";;Nadruk;Slim;"Dopasowanie do figury";;M6T21000B-C11;Standardowa;"Długi rękaw";;https://www.zalando.pl/misbhv-sport-europa-quarter-zip-longsleeve-unisex-bluzka-z-dlugim-rekawem-light-grey-m6t21000b-c11.html;66;zalando.pl;"2026-04-16 08:43:24.864+00";"2026-04-16 08:43:25.098842+00"
1776;"Koszulki z krótkim rękawem (męskie)";"GELATERIA - T-shirt z nadrukiem";"Ellesse GELATERIA - T-shirt z nadrukiem";139.00;PLN;30.00;69.00;"90% poliamid, 10% elastan";"100% poliester";Nadruk;Regular;Prosty;Okrągły;EL922O0R3-M11;Standardowa;"Krótki rękaw";;https://www.zalando.pl/ellesse-gelateria-tee-t-shirt-z-nadrukiem-dark-green-el922o0r3-m11.html;66;zalando.pl;"2026-04-16 08:42:53.356+00";"2026-04-16 08:42:53.490085+00"
1775;"Koszulki z krótkim rękawem (męskie)";"JORJXJ - T-shirt basic";"Jack &amp; Jones JORJXJ - T-shirt basic";233.00;PLN;233.00;259.00;"100% bawełna";;"Kolor jednolity";Regular;;Okrągły;JA222O39I-A12;Długa;"Krótki rękaw";;https://www.zalando.pl/jack-and-jones-5-pack-t-shirt-basic-white-ja222o39i-a12.html;66;zalando.pl;"2026-04-16 08:42:26.049+00";"2026-04-16 08:42:26.36949+00"
1774;"Koszulki z krótkim rękawem (męskie)";"MUSCLE FIT - T-shirt basic";"PULL&amp;BEAR MUSCLE FIT - T-shirt basic";45.90;PLN;30.00;89.00;"100% bawełna";;"Kolor jednolity";Regular;Prosty;Okrągły;PUC22O0ZL-K13;Standardowa;"Krótki rękaw";;https://www.zalando.pl/pullandbear-basic-shirt-im-muscle-fit-t-shirt-basic-dark-blue-puc22o0zl-k13.html;66;zalando.pl;"2026-04-16 08:42:07.465+00";"2026-04-16 08:42:07.568153+00"
1773;"Koszulki z krótkim rękawem (męskie)";"- Koszulka polo";"Next - Koszulka polo";146.00;PLN;208.00;;"100% bawełna";;Nadruk;Regular;Prosty;;NX322O1ND-K11;Standardowa;"Krótki rękaw";;https://www.zalando.pl/next-regular-fit-christmas-koszulka-polo-navy-blue-snoopy-nx322o1nd-k11.html;66;zalando.pl;"2026-04-16 08:41:25.625+00";"2026-04-16 08:41:25.727388+00"
1772;"Koszulki z krótkim rękawem (męskie)";"- T-shirt z nadrukiem";"Jack &amp; Jones - T-shirt z nadrukiem";99.99;PLN;30.00;119.00;"100% bawełna";;Nadruk;Regular;Prosty;Okrągły;JA222O6LV-Q11;Standardowa;"Krótki rękaw";;https://www.zalando.pl/jack-and-jones-t-shirt-z-nadrukiem-black-ja222o6lv-q11.html;66;zalando.pl;"2026-04-16 08:40:45.354+00";"2026-04-16 08:40:45.52311+00"
1771;"Koszulki z krótkim rękawem (męskie)";"- T-shirt basic";"R.D.D. ROYAL DENIM DIVISION - T-shirt basic";179.99;PLN;30.00;89.00;"100% bawełna";;"Kolor jednolity";Regular;Prosty;Okrągły;ROW22O006-C13;Standardowa;"Krótki rękaw";;https://www.zalando.pl/rdd-royal-denim-division-t-shirt-basic-monument-row22o006-c13.html;66;zalando.pl;"2026-04-16 08:18:18.825+00";"2026-04-16 08:18:18.930252+00"
1770;"Koszulki z krótkim rękawem (męskie)";"- Bluzka z długim rękawem";"Hummel - Bluzka z długim rękawem";162.90;PLN;181.00;;"92% poliester, 8% elastan";"92% poliester, 8% elastan";"Kolor jednolity";Slim;Zwężany;Okrągły;HU322O03P-A11;Standardowa;"Długi rękaw";;https://www.zalando.pl/hummel-bluzka-z-dlugim-rekawem-white-hu322o03p-a11.html;66;zalando.pl;"2026-04-16 08:17:24.934+00";"2026-04-16 08:17:25.04661+00"
1769;"Koszulki z krótkim rękawem (męskie)";"UNISEX - Top";"Carne Bollente UNISEX - Top";339.00;PLN;30.00;1779.00;"98% bawełna, 2% poliuretan";;Nadruk;Slim;Dopasowany;Okrągły;CTX21002Q-A11;Standardowa;"Bez rękawów";;https://www.zalando.pl/carne-bollente-enjoy-unisex-top-off-white-ctx21002q-a11.html;66;zalando.pl;"2026-04-16 08:16:46.047+00";"2026-04-16 08:16:46.148315+00"
1768;"Koszulki z krótkim rękawem (męskie)";"- T-shirt basic";"GAP - T-shirt basic";69.00;PLN;30.00;59.00;"100% bawełna";;"Kolor jednolity";"Loose fit";Prosty;"Wycięcie typu V";GP022O0BI-Q12;Standardowa;"Krótki rękaw";;https://www.zalando.pl/gap-everyday-micro-logo-vee-t-shirt-basic-true-black-gp022o0bi-q12.html;66;zalando.pl;"2026-04-16 08:16:23.366+00";"2026-04-16 08:16:23.520638+00"
1767;"Koszulki z krótkim rękawem (męskie)";"HOLLY - Koszulka polo";"Pepe Jeans HOLLY - Koszulka polo";295.20;PLN;184.50;369.00;"70% bawełna, 30% len";;"Kolor jednolity";"Loose fit";Prosty;Okrągły;PE122P03T-J11;Standardowa;"Krótki rękaw";;https://www.zalando.pl/pepe-jeans-koszulka-polo-ash-rose-pink-pe122p03t-j11.html;66;zalando.pl;"2026-04-16 08:15:47.753+00";"2026-04-16 08:15:47.852373+00"
1766;"Koszulki z krótkim rękawem (męskie)";"- T-shirt z nadrukiem";"Puma - T-shirt z nadrukiem";219.00;PLN;30.00;159.00;"100% bawełna";;Nadruk;Regular;Prosty;Okrągły;PU122O1CT-A11;Standardowa;"Krótki rękaw";;https://www.zalando.pl/puma-f1-relaxed-t-shirt-t-shirt-z-nadrukiem-white-pu122o1ct-a11.html;66;zalando.pl;"2026-04-16 08:15:08.753+00";"2026-04-16 08:15:08.855422+00"
1765;"Koszulki z krótkim rękawem (męskie)";"- T-shirt z nadrukiem";"Upscale by Mister Tee - T-shirt z nadrukiem";76.00;PLN;52.00;119.00;"100% bawełna";"100% bawełna";Nadruk;"Loose fit";Prosty;Okrągły;UP722O06X-Q11;Długa;"Krótki rękaw";;https://www.zalando.pl/upscale-by-mister-tee-t-shirt-z-nadrukiem-black-up722o06x-q11.html;66;zalando.pl;"2026-04-16 08:14:21.127+00";"2026-04-16 08:14:21.404175+00"
1764;"Koszulki z krótkim rękawem (męskie)";"LOOSE TANK - Top";"Lee LOOSE TANK - Top";119.00;PLN;30.00;119.00;"100% bawełna";;"Kolor jednolity";"Loose fit";;"Okrągły, głęboko wycięty";LE422O03K-K11;Standardowa;"Bez rękawów";;https://www.zalando.pl/lee-loose-tank-top-le422o03k-k11.html;66;zalando.pl;"2026-04-16 08:14:00.758+00";"2026-04-16 08:14:00.861128+00"
1763;"Koszulki z krótkim rękawem (męskie)";"SEAN HAMILTON - T-shirt z nadrukiem";"Carhartt WIP SEAN HAMILTON - T-shirt z nadrukiem";289.00;PLN;30.00;159.00;"100% bawełna";;Nadruk;Regular;Prosty;Okrągły;C1422O118-A11;Standardowa;"Krótki rękaw";;https://www.zalando.pl/carhartt-wip-sean-hamilton-t-shirt-z-nadrukiem-white-c1422o118-a11.html;66;zalando.pl;"2026-04-16 08:13:29.257+00";"2026-04-16 08:13:29.389146+00"
1762;"Koszulki z krótkim rękawem (męskie)";"UNISEX - T-shirt z nadrukiem";"YOURTURN UNISEX - T-shirt z nadrukiem";32.00;PLN;28.00;79.00;"100% bawełna";;Nadruk;"Loose fit";Prosty;;YO1210221-O11;Standardowa;Półrękawek;;https://www.zalando.pl/yourturn-unisex-t-shirt-z-nadrukiem-brown-wash-yo1210221-o11.html;66;zalando.pl;"2026-04-16 08:12:48.774+00";"2026-04-16 08:12:49.179272+00"
1761;"Koszulki z krótkim rękawem (męskie)";"SDCAJUS - Bluzka z długim rękawem";"Solid SDCAJUS - Bluzka z długim rękawem";72.00;PLN;78.00;129.00;"60% bawełna, 40% poliester";;"Wzory militarne";Regular;Prosty;Okrągły;SO422O073-C12;Standardowa;"Długi rękaw";;https://www.zalando.pl/solid-rundhalsshirt-cajus-bluzka-z-dlugim-rekawem-so422o073-c12.html;66;zalando.pl;"2026-04-16 08:11:55.842+00";"2026-04-16 08:11:55.988234+00"
1760;"Koszulki z krótkim rękawem (męskie)";"- T-shirt basic";"Diesel - T-shirt basic";303.00;PLN;379.00;;"100% bawełna";;;Regular;Prosty;Okrągły;DI122O0OR-A11;Standardowa;"Krótki rękaw";;https://www.zalando.pl/diesel-adjust-t-shirt-z-nadrukiem-white-di122o0or-a11.html;66;zalando.pl;"2026-04-16 08:11:29.979+00";"2026-04-16 08:11:30.288632+00"
1759;"Koszulki z krótkim rękawem (męskie)";"JASPE UNISEX - T-shirt basic";"Tommy Jeans JASPE UNISEX - T-shirt basic";90.00;PLN;71.00;129.00;"60% bawełna, 40% poliester";;Melanż;Slim;Prosty;Okrągły;TOB22O0SF-Q12;Standardowa;"Krótki rękaw";;https://www.zalando.pl/tommy-jeans-slim-jaspe-tee-t-shirt-basic-black-tob22o0sf-q12.html;66;zalando.pl;"2026-04-16 08:10:39.745+00";"2026-04-16 08:10:39.976543+00"
1758;"Koszulki z krótkim rękawem (męskie)";"FSTSINGLET - Top";"Ciele FSTSINGLET - Top";339.00;PLN;30.00;199.00;"100% poliester";;"Kolor jednolity";Regular;Prosty;Okrągły;CQQ42D005-F11;Standardowa;"Bez rękawów";;https://www.zalando.pl/ciele-fstsinglet-top-rosedawn-cqq42d005-f11.html;66;zalando.pl;"2026-04-16 08:10:05.654+00";"2026-04-16 08:10:05.752406+00"
1757;"Koszulki z krótkim rękawem (męskie)";"- T-shirt basic";"Petrol Industries - T-shirt basic";117.00;PLN;30.00;109.00;"95% bawełna, 5% elastan";;"Kolor jednolity";Regular;Prosty;"Wycięcie typu V";P6822O0WR-Q11;Standardowa;"Krótki rękaw";;https://www.zalando.pl/petrol-industries-t-shirt-basic-black-p6822o0wr-q11.html;66;zalando.pl;"2026-04-16 08:09:17.186+00";"2026-04-16 08:09:17.299953+00"
1756;"Koszulki z krótkim rękawem (męskie)";"ISAAK - Top";"Solid ISAAK - Top";62.00;PLN;64.00;99.00;"100% bawełna";;Nadruk;Regular;Prosty;"Okrągły, głęboko wycięty";SO422O06L-C12;Standardowa;"Bez rękawów";;https://www.zalando.pl/solid-isaak-top-lig-grey-m-so422o06l-c12.html;66;zalando.pl;"2026-04-16 08:08:43.861+00";"2026-04-16 08:08:43.968713+00"
1755;"Koszulki z krótkim rękawem (męskie)";"TASTE TALK - T-shirt z nadrukiem";"Scalpers TASTE TALK - T-shirt z nadrukiem";101.25;PLN;84.16;126.56;"100% bawełna";;Nadruk;"Loose fit";Prosty;Okrągły;SCF22O0CH-A11;Standardowa;"Krótki rękaw";;https://www.zalando.pl/scalpers-taste-talk-t-shirt-z-nadrukiem-off-white-scf22o0ch-a11.html;65;zalando.pl;"2026-04-16 08:07:40.735+00";"2026-04-16 08:07:40.835088+00"
1754;"Koszulki z krótkim rękawem (męskie)";"UNISEX - T-shirt z nadrukiem";"New Balance UNISEX - T-shirt z nadrukiem";116.00;PLN;129.00;;"100% bawełna";;Nadruk;Regular;Prosty;Okrągły;NE221001Q-I11;Standardowa;"Krótki rękaw";;https://www.zalando.pl/new-balance-linear-lines-unisex-t-shirt-z-nadrukiem-electric-purple-ne221001q-i11.html;65;zalando.pl;"2026-04-16 08:07:00.825+00";"2026-04-16 08:07:00.925059+00"
1753;"Koszulki z krótkim rękawem (męskie)";"- Koszulka sportowa";"The North Face - Koszulka sportowa";169.00;PLN;30.00;129.00;"100% poliester";;Nadruk;Regular;Prosty;Okrągły;TH342D09F-Q11;Długa;"Krótki rękaw";;https://www.zalando.pl/the-north-face-tee-logo-graphic-koszulka-sportowa-black-th342d09f-q11.html;65;zalando.pl;"2026-04-16 08:06:36.139+00";"2026-04-16 08:06:36.238893+00"
1752;"Koszulki z krótkim rękawem (męskie)";"- Koszulka polo";"Façonnable - Koszulka polo";475.00;PLN;30.00;129.99;"100% bawełna";"100% bawełna";"Kolor jednolity";Regular;Prosty;;FA822O00K-M11;Standardowa;"Krótki rękaw";;https://www.zalando.pl/faconnable-koszulka-polo-grey-olive-green-fa822o00k-m11.html;65;zalando.pl;"2026-04-16 08:05:51.174+00";"2026-04-16 08:05:51.322932+00"
1751;"Koszulki z krótkim rękawem (męskie)";"UNISEX - Koszulka polo";"Lacoste UNISEX - Koszulka polo";549.00;PLN;597.00;629.00;"100% bawełna";;"Kolor jednolity";Regular;Prosty;Okrągły;LA222O0G7-K11;Standardowa;"Krótki rękaw";;https://www.zalando.pl/lacoste-koszulka-polo-bleu-marine-la222o0g7-k11.html;65;zalando.pl;"2026-04-16 08:05:05.746+00";"2026-04-16 08:05:05.848794+00"
1750;"Koszulki z krótkim rękawem (męskie)";"UNISEX - Bluzka z długim rękawem";"Hummel UNISEX - Bluzka z długim rękawem";113.00;PLN;30.00;179.00;"100% poliester";"100% poliester";Nadruk;Regular;Zwężany;"Wycięcie typu V";HU344K02D-G11;Standardowa;"Długi rękaw";;https://www.zalando.pl/hummel-bluzka-z-dlugim-rekawem-true-red-hu344k02d-g11.html;65;zalando.pl;"2026-04-16 08:04:21.163+00";"2026-04-16 08:04:21.293176+00"
1749;"Koszulki z krótkim rękawem (męskie)";"- T-shirt z nadrukiem";"Puma - T-shirt z nadrukiem";119.00;PLN;129.00;149.00;"100% poliester";;Nadruk;Regular;Prosty;Okrągły;PU122O1BO-Q11;Standardowa;"Krótki rękaw";;https://www.zalando.pl/puma-t-shirt-z-nadrukiem-black-pu122o1bo-q11.html;65;zalando.pl;"2026-04-16 08:03:28.246+00";"2026-04-16 08:03:28.345213+00"
1748;"Koszulki z krótkim rękawem (męskie)";"CLASSIC FIT - Koszulka polo";"Hackett London CLASSIC FIT - Koszulka polo";509.00;PLN;30.00;289.00;"100% bawełna";;"Kolor jednolity";Regular;Prosty;"Wycięcie typu V";HT622O0BY-K11;Standardowa;"Krótki rękaw";;https://www.zalando.pl/hackett-london-koszulka-polo-oxford-blue-ht622o0by-k11.html;65;zalando.pl;"2026-04-16 08:02:37.944+00";"2026-04-16 08:02:38.049029+00"
1747;"Koszulki z krótkim rękawem (męskie)";"MOTION AIR - Koszulka sportowa";"POC MOTION AIR - Koszulka sportowa";269.00;PLN;269.00;299.00;"100% poliester";;"Kolor jednolity";Regular;Prosty;Okrągły;PX842D01C-Q11;Standardowa;"Krótki rękaw";;https://www.zalando.pl/poc-motion-air-koszulka-sportowa-uranium-black-px842d01c-q11.html;65;zalando.pl;"2026-04-16 08:01:55.551+00";"2026-04-16 08:01:55.6493+00"
1746;"Koszulki z krótkim rękawem (męskie)";"- T-shirt z nadrukiem";"Obey Clothing - T-shirt z nadrukiem";149.00;PLN;100.00;199.00;"100% bawełna";;Nadruk;Regular;Prosty;Okrągły;OB022O0HQ-A11;Standardowa;"Krótki rękaw";;https://www.zalando.pl/obey-clothing-eyes-t-shirt-z-nadrukiem-white-ob022o0hq-a11.html;65;zalando.pl;"2026-04-16 08:01:14.07+00";"2026-04-16 08:01:14.36186+00"
1745;"Koszulki z krótkim rękawem (męskie)";"UTOPIA - T-shirt z nadrukiem";"AllSaints UTOPIA - T-shirt z nadrukiem";359.00;PLN;319.00;399.00;"100% bawełna";;Nadruk;"Loose fit";Prosty;Okrągły;A0Q22O0XR-Q11;Standardowa;"Krótki rękaw";;https://www.zalando.pl/allsaints-utopia-crew-t-shirt-z-nadrukiem-washed-black-a0q22o0xr-q11.html;65;zalando.pl;"2026-04-16 08:00:22.964+00";"2026-04-16 08:00:23.120062+00"
1744;"Koszulki z krótkim rękawem (męskie)";"HYPERCOURT - T-shirt z nadrukiem";"K-SWISS HYPERCOURT - T-shirt z nadrukiem";179.00;PLN;30.00;89.00;"84% poliester, 16% elastan";;;Regular;Prosty;Okrągły;KS142D01P-Q11;Standardowa;"Krótki rękaw";;https://www.zalando.pl/k-swiss-hypercourt-crew-t-shirt-z-nadrukiem-black-ks142d01p-q11.html;65;zalando.pl;"2026-04-16 08:00:00.211+00";"2026-04-16 08:00:00.338463+00"
1743;"Koszulki z krótkim rękawem (męskie)";"- Koszulka sportowa";"Karma8a - Koszulka sportowa";148.00;PLN;148.00;329.00;"56% bawełna, 44% poliester";"56% bawełna, 44% poliester";;"Loose fit";Prosty;Okrągły;K5Q42D000-M11;Standardowa;"Krótki rękaw";;https://www.zalando.pl/karma8a-cutout-training-tee-koszulka-sportowa-greenbrown-k5q42d000-m11.html;65;zalando.pl;"2026-04-16 07:59:15.431+00";"2026-04-16 07:59:15.530311+00"
1742;"Koszulki z krótkim rękawem (męskie)";"- T-shirt z nadrukiem";"Alpha Industries - T-shirt z nadrukiem";116.00;PLN;129.00;;"100% bawełna";;Nadruk;Regular;Prosty;Okrągły;AL522O04Q-M12;Standardowa;"Krótki rękaw";;https://www.zalando.pl/alpha-industries-alpha-label-t-t-shirt-z-nadrukiem-frost-green-al522o04q-m12.html;65;zalando.pl;"2026-04-16 07:58:56.341+00";"2026-04-16 07:58:56.470571+00"
1741;"Koszulki z krótkim rękawem (męskie)";"- T-shirt basic";"American Vintage - T-shirt basic";260.00;PLN;30.00;309.00;"100% bawełna";;"Kolor jednolity";"Loose fit";Prosty;Okrągły;AM222O01D-K14;Standardowa;Półrękawek;;https://www.zalando.pl/american-vintage-homme-t-shirt-basic-ciel-vintage-am222o01d-k14.html;65;zalando.pl;"2026-04-16 07:58:27.576+00";"2026-04-16 07:58:27.691689+00"
1740;"Koszulki z krótkim rękawem (męskie)";"- T-shirt basic";"Nike Sportswear - T-shirt basic";179.00;PLN;30.00;199.00;"100% bawełna";;"Kolor jednolity";Regular;Prosty;Okrągły;NI122O18R-M12;Standardowa;"Krótki rękaw";;https://www.zalando.pl/nike-sportswear-tee-t-shirt-basic-silver-sage-ni122o18r-m12.html;65;zalando.pl;"2026-04-16 07:58:05.455+00";"2026-04-16 07:58:05.55521+00"
1739;"Koszulki z krótkim rękawem (męskie)";"ONSAXEL - T-shirt z nadrukiem";"Only &amp; Sons ONSAXEL - T-shirt z nadrukiem";89.00;PLN;30.00;99.00;"100% bawełna";;Nadruk;Nadwymiarowy;Prosty;Okrągły;OS322O1M5-I11;Standardowa;Półrękawek;;https://www.zalando.pl/only-and-sons-onsaxel-sunny-tee-t-shirt-z-nadrukiem-purple-haze-os322o1m5-i11.html;65;zalando.pl;"2026-04-16 07:57:23.934+00";"2026-04-16 07:57:24.220793+00"
1738;"Koszulki z krótkim rękawem (męskie)";"UNISEX - T-shirt basic";"Lacoste UNISEX - T-shirt basic";260.00;PLN;289.00;;"100% bawełna";;"Kolor jednolity";"Loose fit";Prosty;Okrągły;LA221005N-C11;Standardowa;"Krótki rękaw";;https://www.zalando.pl/lacoste-unisex-t-shirt-basic-silver-chine-la221005n-c11.html;65;zalando.pl;"2026-04-16 07:56:43.928+00";"2026-04-16 07:56:44.030248+00"
1737;"Koszulki z krótkim rękawem (męskie)";"- T-shirt z nadrukiem";"Filling Pieces - T-shirt z nadrukiem";469.00;PLN;30.00;449.00;"100% bawełna";;Nadruk;Regular;Prosty;Okrągły;FIB22O01B-A11;Standardowa;"Krótki rękaw";;https://www.zalando.pl/filling-pieces-t-shirt-z-nadrukiem-antique-white-fib22o01b-a11.html;65;zalando.pl;"2026-04-16 07:56:03.321+00";"2026-04-16 07:56:03.578287+00"
1736;"Koszulki z krótkim rękawem (męskie)";"- T-shirt basic";"Jack &amp; Jones - T-shirt basic";74.99;PLN;30.00;211.99;"100% bawełna";;"Kolor jednolity";Regular;Prosty;Okrągły;JA222O2LM-G19;Standardowa;"Krótki rękaw";;https://www.zalando.pl/jack-and-jones-tee-o-neck-t-shirt-basic-peach-parfait-ja222o2lm-g19.html;65;zalando.pl;"2026-04-16 07:55:32.36+00";"2026-04-16 07:55:32.562782+00"
1735;"Koszulki z krótkim rękawem (męskie)";"- Koszulka sportowa";"Quiksilver - Koszulka sportowa";98.00;PLN;109.00;;"100% bawełna";;Nadruk;Regular;Prosty;Okrągły;QU1210056-K13;Standardowa;"Krótki rękaw";;https://www.zalando.pl/quiksilver-ev-comp-logo-ss-t-shirt-z-nadrukiem-riviera-qu1210056-k13.html;65;zalando.pl;"2026-04-16 07:55:12.639+00";"2026-04-16 07:55:12.798642+00"
1734;"Koszulki z krótkim rękawem (męskie)";"- T-shirt basic";"GAP - T-shirt basic";119.00;PLN;30.00;85.00;"100% bawełna";;"Kolor jednolity";Regular;Prosty;Okrągły;GP022O0BM-K11;Standardowa;"Krótki rękaw";;https://www.zalando.pl/gap-original-t-shirt-basic-sail-blue-gp022o0bm-k11.html;65;zalando.pl;"2026-04-16 07:54:34.426+00";"2026-04-16 07:54:34.526632+00"
1733;"Koszulki z krótkim rękawem (męskie)";"- Koszulka polo";"Bershka - Koszulka polo";99.90;PLN;30.00;129.00;"100% bawełna";;;"Loose fit";Prosty;"Wycięcie typu V";BEJ22O1GR-K11;Standardowa;Półrękawek;;https://www.zalando.pl/bershka-koszulka-polo-dark-blue-bej22o1gr-k11.html;65;zalando.pl;"2026-04-16 07:53:49.659+00";"2026-04-16 07:53:49.82064+00"
1732;"Koszulki z krótkim rękawem (męskie)";"- T-shirt z nadrukiem";"SIKSILK - T-shirt z nadrukiem";163.00;PLN;140.00;234.00;"78% nylon, 22% elastan";;Nadruk;Slim;Prosty;Okrągły;SIF22O1BP-C11;Standardowa;"Krótki rękaw";;https://www.zalando.pl/siksilk-t-shirt-z-nadrukiem-grey-sif22o1bp-c11.html;63;zalando.pl;"2026-04-15 21:10:45.229+00";"2026-04-15 21:10:45.361287+00"
1731;"Koszulki z krótkim rękawem (męskie)";"- T-shirt z nadrukiem";"Hackett London - T-shirt z nadrukiem";309.00;PLN;30.00;319.00;"100% bawełna";"100% bawełna";Nadruk;Regular;Prosty;Okrągły;HT622O0AL-K11;Standardowa;"Krótki rękaw";;https://www.zalando.pl/hackett-london-t-shirt-z-nadrukiem-ozzy-blue-ht622o0al-k11.html;63;zalando.pl;"2026-04-15 21:10:11.339+00";"2026-04-15 21:10:11.567611+00"
1730;"Koszulki z krótkim rękawem (męskie)";"- T-shirt z nadrukiem";"Jack &amp; Jones - T-shirt z nadrukiem";64.95;PLN;64.95;99.99;"100% bawełna";;Nadruk;Regular;Prosty;Okrągły;JA222O6CK-A12;Standardowa;"Krótki rękaw";;https://www.zalando.pl/jack-and-jones-t-shirt-z-nadrukiem-bright-white-ja222o6ck-a12.html;63;zalando.pl;"2026-04-15 21:09:34.226+00";"2026-04-15 21:09:34.503893+00"
1729;"Koszulki z krótkim rękawem (męskie)";"- T-shirt z nadrukiem";"Jordan - T-shirt z nadrukiem";161.00;PLN;179.00;;"100% bawełna";;Nadruk;Regular;Prosty;Okrągły;JOC22O0BO-Q11;Standardowa;"Krótki rękaw";;https://www.zalando.pl/jordan-stamp-crew-t-shirt-z-nadrukiem-off-noir-joc22o0bo-q11.html;63;zalando.pl;"2026-04-15 21:09:04.67+00";"2026-04-15 21:09:04.916346+00"
1728;"Koszulki z krótkim rękawem (męskie)";"- Koszulka polo";"Puma - Koszulka polo";134.00;PLN;269.00;;"100% bawełna";;Nadruk;Regular;Prosty;;PU122O17U-Q11;Standardowa;"Krótki rękaw";;https://www.zalando.pl/puma-koszulka-polo-black-pu122o17u-q11.html;61;zalando.pl;"2026-04-15 17:25:35.366+00";"2026-04-15 17:25:35.668392+00"
1727;"Koszulki z krótkim rękawem (męskie)";"- Koszulka polo";"Levi&#x27;s® - Koszulka polo";199.00;PLN;30.00;299.00;"100% bawełna";;"W paski";Regular;Prosty;;LE222P015-K28;Standardowa;"Krótki rękaw";;https://www.zalando.pl/levis-koszulka-polo-navy-blazer-le222p015-k28.html;61;zalando.pl;"2026-04-15 17:24:46.929+00";"2026-04-15 17:24:47.034087+00"
1726;"Koszulki z krótkim rękawem (męskie)";"- T-shirt z nadrukiem";"s.Oliver - T-shirt z nadrukiem";109.99;PLN;30.00;129.99;"100% bawełna";;Nadruk;Regular;Prosty;Okrągły;SO222O2F1-K11;Standardowa;"Krótki rękaw";;https://www.zalando.pl/soliver-t-shirt-z-nadrukiem-navy-so222o2f1-k11.html;61;zalando.pl;"2026-04-15 17:23:52.348+00";"2026-04-15 17:23:52.44995+00"
1725;"Koszulki z krótkim rękawem (męskie)";"- Koszulka polo";"Lyle &amp; Scott - Koszulka polo";175.00;PLN;144.00;319.00;"97% bawełna, 3% elastan";;"Kolor jednolity";Regular;Prosty;;LY222P02I-C14;Standardowa;"Krótki rękaw";;https://www.zalando.pl/lyle-and-scott-plain-koszulka-polo-grey-taupe-ly222p02i-c14.html;61;zalando.pl;"2026-04-15 17:23:19.172+00";"2026-04-15 17:23:19.276881+00"
1724;"Koszulki z krótkim rękawem (męskie)";"3ER-PACK - T-shirt z nadrukiem";"Jack &amp; Jones 3ER-PACK - T-shirt z nadrukiem";125.95;PLN;125.95;179.99;"100% bawełna";;Nadruk;Regular;Prosty;Okrągły;JA222O6GP-M11;Standardowa;"Krótki rękaw";;https://www.zalando.pl/jack-and-jones-t-shirt-z-nadrukiem-black-ja222o6gp-m11.html;61;zalando.pl;"2026-04-15 17:22:51.443+00";"2026-04-15 17:22:51.544813+00"
1723;"Koszulki z krótkim rękawem (męskie)";"- T-shirt z nadrukiem";"adidas Originals - T-shirt z nadrukiem";64.00;PLN;64.00;159.00;"100% bawełna";;"W paski";"Loose fit";Prosty;Okrągły;AD122O15S-N11;Długa;"Krótki rękaw";;https://www.zalando.pl/adidas-originals-grfx-t-shirt-z-nadrukiem-olive-strata-ad122o15s-n11.html;61;zalando.pl;"2026-04-15 17:22:31.421+00";"2026-04-15 17:22:31.525538+00"
1722;"Koszulki z krótkim rękawem (męskie)";"NETHERLANDS 2.0 - Koszulka reprezentacji";"Nike Performance NETHERLANDS 2.0 - Koszulka reprezentacji";339.00;PLN;30.00;449.00;"65% bawełna, 35% poliester";;;Slim;Prosty;;N1242D7QM-Q11;Standardowa;"Krótki rękaw";;https://www.zalando.pl/nike-performance-netherlands-the-20-koszulka-polo-blackhyper-crimson-n1242d7qm-q11.html;61;zalando.pl;"2026-04-15 17:22:06.433+00";"2026-04-15 17:22:06.563243+00"
1721;"Koszulki z krótkim rękawem (męskie)";"CLUELESS MURRAY - T-shirt z nadrukiem";"Henry Tiger CLUELESS MURRAY - T-shirt z nadrukiem";169.99;PLN;;;"100% bawełna";;Nadruk;Regular;Prosty;Okrągły;H3A22O8EM-Q11;Standardowa;"Krótki rękaw";;https://www.zalando.pl/henry-tiger-t-shirt-z-nadrukiem-black-h3a22o8em-q11.html;61;zalando.pl;"2026-04-15 17:21:40.555+00";"2026-04-15 17:21:40.731197+00"
1720;"Koszulki z krótkim rękawem (męskie)";"- T-shirt z nadrukiem";"SIKSILK - T-shirt z nadrukiem";122.00;PLN;122.00;204.00;"100% bawełna";;Nadruk;"Loose fit";Prosty;Okrągły;SIF22O1C6-Q11;Standardowa;Półrękawek;;https://www.zalando.pl/siksilk-t-shirt-z-nadrukiem-black-sif22o1c6-q11.html;61;zalando.pl;"2026-04-15 17:19:10.355+00";"2026-04-15 17:19:10.471052+00"
1719;"Koszulki z krótkim rękawem (męskie)";"REED - Koszulka polo";"Sergio Tacchini REED - Koszulka polo";229.00;PLN;30.00;449.00;"100% bawełna";;Nadruk;Regular;Prosty;;S1622O052-Q11;Standardowa;"Krótki rękaw";;https://www.zalando.pl/sergio-tacchini-reed-025-co-polo-koszulka-polo-blackwhite-s1622o052-q11.html;61;zalando.pl;"2026-04-15 17:18:48.338+00";"2026-04-15 17:18:48.440296+00"
1718;"Koszulki z krótkim rękawem (męskie)";"SLIM FIT - Koszulka polo";"Hackett London SLIM FIT - Koszulka polo";509.00;PLN;30.00;559.00;"100% bawełna";"100% bawełna";"Kolor jednolity";Regular;Prosty;"Wycięcie typu V";HT622O0BF-J11;Standardowa;"Krótki rękaw";;https://www.zalando.pl/hackett-london-logo-koszulka-polo-baby-pink-ht622o0bf-j11.html;61;zalando.pl;"2026-04-15 17:18:08.144+00";"2026-04-15 17:18:08.417758+00"
1717;"Koszulki z krótkim rękawem (męskie)";"- T-shirt basic";"Jack &amp; Jones - T-shirt basic";233.00;PLN;30.00;99.00;"100% bawełna";;"Kolor jednolity";Regular;Prosty;Okrągły;JA222O655-Q11;Standardowa;"Krótki rękaw";;https://www.zalando.pl/jack-and-jones-3-pack-t-shirt-basic-weiss-schwarz-ja222o655-q11.html;61;zalando.pl;"2026-04-15 17:17:49.243+00";"2026-04-15 17:17:49.396751+00"
1716;"Koszulki z krótkim rękawem (męskie)";"- T-shirt z nadrukiem";"Jack &amp; Jones - T-shirt z nadrukiem";71.95;PLN;71.95;89.99;"100% bawełna";;Nadruk;"Loose fit";Prosty;Okrągły;JA222O6DA-N11;Standardowa;"Krótki rękaw";;https://www.zalando.pl/jack-and-jones-t-shirt-z-nadrukiem-silver-sage-ja222o6da-n11.html;61;zalando.pl;"2026-04-15 17:17:27.56+00";"2026-04-15 17:17:27.688293+00"
1715;"Koszulki z krótkim rękawem (męskie)";"FOM - T-shirt z nadrukiem";"Weekend Offender FOM - T-shirt z nadrukiem";103.00;PLN;92.00;229.00;"100% bawełna";;Nadruk;"Regular Fit";Prosty;Okrągły;WE822O02G-Q11;Standardowa;"Krótki rękaw";;https://www.zalando.pl/weekend-offender-fom-t-shirt-z-nadrukiem-black-we822o02g-q11.html;61;zalando.pl;"2026-04-15 17:17:00.529+00";"2026-04-15 17:17:01.070392+00"
1714;"Koszulki z krótkim rękawem (męskie)";"CHALLENGER PRO - Koszulka sportowa";"Under Armour CHALLENGER PRO - Koszulka sportowa";199.00;PLN;;;"100% poliester";;"Kolor jednolity";Regular;Dopasowany;Okrągły;UN242D1BT-H11;Standardowa;"Krótki rękaw";;https://www.zalando.pl/under-armour-challenger-pro-short-sleeve-koszulka-sportowa-orangemidnight-navy-un242d1bt-h11.html;61;zalando.pl;"2026-04-15 17:16:31.035+00";"2026-04-15 17:16:31.191222+00"
1713;"Koszulki z krótkim rękawem (męskie)";"SLIM FIT MESH POLO SHIRT - Koszulka polo";"Polo Ralph Lauren SLIM FIT MESH POLO SHIRT - Koszulka polo";539.00;PLN;419.00;599.00;"100% bawełna";;Melanż;Slim;Prosty;;PO222P0CR-C11;Standardowa;"Krótki rękaw";;https://www.zalando.pl/polo-ralph-lauren-koszulka-polo-barclay-heather-po222p0cr-c11.html;61;zalando.pl;"2026-04-15 17:15:44.162+00";"2026-04-15 17:15:44.290885+00"
1712;"Koszulki z krótkim rękawem (męskie)";"- T-shirt z nadrukiem";"Redefined Rebel - T-shirt z nadrukiem";109.00;PLN;30.00;179.00;"100% bawełna";;Nadruk;"Loose fit";Prosty;Okrągły;R0622O070-Q11;Standardowa;"Krótki rękaw";;https://www.zalando.pl/redefined-rebel-archive-tee-oversized-fit-t-shirt-z-nadrukiem-pirate-black-r0622o070-q11.html;61;zalando.pl;"2026-04-15 17:15:11.245+00";"2026-04-15 17:15:11.400221+00"
1711;"Koszulki z krótkim rękawem (męskie)";"UNISEX - T-shirt z nadrukiem";"Tommy Jeans UNISEX - T-shirt z nadrukiem";85.00;PLN;85.00;169.00;"100% bawełna";;Nadruk;Regular;Prosty;Okrągły;TOB2100I9-K11;Standardowa;"Krótki rękaw";;https://www.zalando.pl/tommy-jeans-blur-script-back-tee-unisex-t-shirt-z-nadrukiem-dark-night-navy-tob2100i9-k11.html;61;zalando.pl;"2026-04-15 17:14:45.045+00";"2026-04-15 17:14:45.200495+00"
1710;"Koszulki z krótkim rękawem (męskie)";"AMBROSIAN - Koszulka polo";"JOOP! Jeans AMBROSIAN - Koszulka polo";379.00;PLN;30.00;146.00;"95% bawełna, 5% elastan";;"Kolor jednolity";Regular;Prosty;"Wycięcie typu V";JOG22O05A-M11;Standardowa;"Krótki rękaw";;https://www.zalando.pl/joop-jeans-ambrosian-koszulka-polo-gruen-jog22o05a-m11.html;61;zalando.pl;"2026-04-15 17:13:57.927+00";"2026-04-15 17:13:58.064513+00"
1709;"Koszulki z krótkim rękawem (męskie)";"CABERRY - T-shirt z nadrukiem";"Pegador CABERRY - T-shirt z nadrukiem";206.00;PLN;229.00;;"100% bawełna";;Nadruk;"Loose fit";Prosty;Okrągły;PEP2100PK-A11;Standardowa;Półrękawek;;https://www.zalando.pl/pegador-caberry-tee-t-shirt-z-nadrukiem-off-white-pep2100pk-a11.html;61;zalando.pl;"2026-04-15 17:13:33.064+00";"2026-04-15 17:13:33.205093+00"
1708;"Koszulki z krótkim rękawem (męskie)";"- T-shirt basic";"R.D.D. ROYAL DENIM DIVISION - T-shirt basic";179.99;PLN;30.00;119.00;"100% bawełna";;"Kolor jednolity";"Loose fit";Prosty;Okrągły;ROW22O00N-C11;Standardowa;Półrękawek;;https://www.zalando.pl/rdd-royal-denim-division-t-shirt-z-nadrukiem-monument-row22o00n-c11.html;61;zalando.pl;"2026-04-15 17:13:08.766+00";"2026-04-15 17:13:08.902201+00"
1707;"Koszulki z krótkim rękawem (męskie)";"PETER - Koszulka polo";"FQ1924 PETER - Koszulka polo";186.00;PLN;200.00;269.00;"96% bawełna, 4% elastan";;"W paski";Regular;Prosty;"Typu Henley";FQ122P00U-B11;Standardowa;"Krótki rękaw";;https://www.zalando.pl/fq1924-koszulka-polo-crockery-fq122p00u-b11.html;61;zalando.pl;"2026-04-15 17:12:39.726+00";"2026-04-15 17:12:39.859545+00"
1706;"Koszulki z krótkim rękawem (męskie)";"PUMA X HYROX - Koszulka sportowa";"Puma PUMA X HYROX - Koszulka sportowa";143.00;PLN;159.00;;"100% poliester";;Gradientowy;Regular;Prosty;Okrągły;PU142D31Z-A11;Standardowa;"Krótki rękaw";;https://www.zalando.pl/puma-puma-x-hyrox-poly-graphic-tee-koszulka-sportowa-whitedeep-plum-pu142d31z-a11.html;61;zalando.pl;"2026-04-15 17:11:53.846+00";"2026-04-15 17:11:53.991403+00"
1705;"Koszulki z krótkim rękawem (męskie)";"JJGEPLAS - T-shirt z nadrukiem";"Jack &amp; Jones JJGEPLAS - T-shirt z nadrukiem";59.99;PLN;30.00;69.00;"100% bawełna";;Nadruk;Regular;Prosty;Okrągły;JA222O6GG-K11;Standardowa;"Krótki rękaw";;https://www.zalando.pl/jack-and-jones-t-shirt-z-nadrukiem-dunkelblau-ja222o6gg-k11.html;61;zalando.pl;"2026-04-15 17:11:09.732+00";"2026-04-15 17:11:09.836674+00"
1704;"Koszulki z krótkim rękawem (męskie)";"- Koszulka polo";"Joules - Koszulka polo";201.00;PLN;30.00;250.00;"100% bawełna";;"Kolor jednolity";Regular;Prosty;;4JO22O018-M13;Standardowa;"Krótki rękaw";;https://www.zalando.pl/joule-regular-fit-koszulka-polo-light-green-4jo22o018-m13.html;60;zalando.pl;"2026-04-15 17:10:22.963+00";"2026-04-15 17:10:23.26033+00"
1703;"Koszulki z krótkim rękawem (męskie)";"SKOG - Koszulka sportowa";"Helly Hansen SKOG - Koszulka sportowa";199.00;PLN;30.00;159.00;"96% poliester, 4% elastan";;Nadruk;Regular;Prosty;Okrągły;HE642D01V-K11;Standardowa;"Krótki rękaw";;https://www.zalando.pl/helly-hansen-skog-graphic-koszulka-sportowa-alpine-frost-he642d01v-k11.html;60;zalando.pl;"2026-04-15 17:10:00.921+00";"2026-04-15 17:10:01.024435+00"
1702;"Koszulki z krótkim rękawem (męskie)";"- T-shirt basic";"On - T-shirt basic";360.00;PLN;30.00;219.00;"100% poliester";"100% poliester";"Kolor jednolity";Regular;Prosty;Okrągły;ONM42D00O-Q11;Długa;"Krótki rękaw";;https://www.zalando.pl/on-t-shirt-z-nadrukiem-black-onm42d00o-q11.html;60;zalando.pl;"2026-04-15 17:09:24.771+00";"2026-04-15 17:09:24.925061+00"
1701;"Koszulki z krótkim rękawem (męskie)";"- T-shirt z nadrukiem";"Tommy Jeans - T-shirt z nadrukiem";90.00;PLN;169.00;;"100% bawełna";;Nadruk;Regular;Prosty;Okrągły;TOB2100HS-L11;Standardowa;"Krótki rękaw";;https://www.zalando.pl/tommy-jeans-stack-back-print-tee-t-shirt-z-nadrukiem-hawaiian-turquoise-tob2100hs-l11.html;60;zalando.pl;"2026-04-15 17:08:45.765+00";"2026-04-15 17:08:45.917309+00"
1700;"Koszulki z krótkim rękawem (męskie)";"- T-shirt basic";"AVX - T-shirt basic";212.50;PLN;30.00;204.00;"100% bawełna";"100% poliester";"Kolor jednolity";Regular;Prosty;Okrągły;AOI22O004-Q11;Standardowa;"Krótki rękaw";;https://www.zalando.pl/avx-t-shirt-basic-black-aoi22o004-q11.html;60;zalando.pl;"2026-04-15 17:08:20.002+00";"2026-04-15 17:08:20.130699+00"
1699;"Koszulki z krótkim rękawem (męskie)";"- T-shirt z nadrukiem";"Thinking Mu - T-shirt z nadrukiem";256.00;PLN;30.00;119.00;"100% bawełna";;Nadruk;Regular;Prosty;Okrągły;T1V22O02V-A11;Standardowa;"Krótki rękaw";;https://www.zalando.pl/thinking-mu-t-shirt-z-nadrukiem-white-t1v22o02v-a11.html;60;zalando.pl;"2026-04-15 17:08:01.455+00";"2026-04-15 17:08:01.557539+00"
1698;"Koszulki z krótkim rękawem (męskie)";"JUVENTUS - Artykuły klubowe";"adidas Performance JUVENTUS - Artykuły klubowe";649.00;PLN;30.00;429.00;"100% poliester";;Nadruk;Regular;Prosty;Okrągły;AD542D5U4-K11;Standardowa;"Krótki rękaw";;https://www.zalando.pl/adidas-performance-juve-t-shirt-z-nadrukiem-ash-blue-ad542d5u4-k11.html;60;zalando.pl;"2026-04-15 17:07:33.764+00";"2026-04-15 17:07:33.918645+00"
1697;"Koszulki z krótkim rękawem (męskie)";"TERRA - T-shirt z nadrukiem";"AllSaints TERRA - T-shirt z nadrukiem";305.00;PLN;271.00;339.00;"100% bawełna";;Nadruk;"Loose fit";Prosty;Okrągły;A0Q22O0YG-Q11;Długa;Półrękawek;;https://www.zalando.pl/allsaints-terra-crew-t-shirt-z-nadrukiem-jet-black-a0q22o0yg-q11.html;60;zalando.pl;"2026-04-15 17:07:11.469+00";"2026-04-15 17:07:11.619169+00"
1696;"Koszulki z krótkim rękawem (męskie)";"FQIVAR - T-shirt z nadrukiem";"FQ1924 FQIVAR - T-shirt z nadrukiem";82.00;PLN;68.00;159.00;"100% bawełna";;Nadruk;Regular;Prosty;Okrągły;FQ122O00P-M11;Standardowa;"Krótki rękaw";;https://www.zalando.pl/fq1924-t-shirt-z-nadrukiem-oil-green-fq122o00p-m11.html;60;zalando.pl;"2026-04-15 17:06:20.938+00";"2026-04-15 17:06:21.21002+00"
1695;"Koszulki z krótkim rękawem (męskie)";"- T-shirt basic";"Weekday - T-shirt basic";109.00;PLN;30.00;85.00;"100% bawełna";;"Kolor jednolity";"Loose fit";Prosty;;WEB22O079-C11;Standardowa;"Krótki rękaw";;https://www.zalando.pl/weekday-great-boxy-t-shirt-basic-grey-web22o079-c11.html;60;zalando.pl;"2026-04-15 17:05:54.621+00";"2026-04-15 17:05:54.721845+00"
1694;"Koszulki z krótkim rękawem (męskie)";"- T-shirt basic";"Marc O&#x27;Polo - T-shirt basic";129.00;PLN;;;"100% bawełna";;"Kolor jednolity";"Loose fit";Prosty;Okrągły;MA322O0VC-G11;Standardowa;"Krótki rękaw";;https://www.zalando.pl/marc-opolo-t-shirt-basic-cedar-wood-ma322o0vc-g11.html;60;zalando.pl;"2026-04-15 17:05:35.932+00";"2026-04-15 17:05:36.033841+00"
1693;"Koszulki z krótkim rękawem (męskie)";"DINKEE - T-shirt z nadrukiem";"HUGO DINKEE - T-shirt z nadrukiem";207.00;PLN;191.00;319.00;"100% bawełna";;Nadruk;"Loose fit";Prosty;Okrągły;HU722O0M9-Q11;Standardowa;Półrękawek;;https://www.zalando.pl/hugo-dinkee-t-shirt-z-nadrukiem-black-hu722o0m9-q11.html;60;zalando.pl;"2026-04-15 17:05:05.027+00";"2026-04-15 17:05:05.13+00"
1692;"Koszulki z krótkim rękawem (męskie)";"- Bluzka z długim rękawem";"adidas Originals - Bluzka z długim rękawem";269.00;PLN;323.00;359.00;"100% bawełna";;"W paski";Regular;Prosty;;AD122O1AN-Q11;Standardowa;"Długi rękaw";;https://www.zalando.pl/adidas-originals-striped-koszulka-polo-utility-blackpure-ruby-ad122o1an-q11.html;60;zalando.pl;"2026-04-15 17:04:21.542+00";"2026-04-15 17:04:21.647239+00"
1691;"Koszulki z krótkim rękawem (męskie)";"BANDA COEN - T-shirt z nadrukiem";"Kappa BANDA COEN - T-shirt z nadrukiem";119.00;PLN;143.00;159.00;"100% bawełna";;Nadruk;Slim;Prosty;Okrągły;10K22O04D-A11;Standardowa;"Krótki rękaw";;https://www.zalando.pl/kappa-banda-coen-slim-t-shirt-z-nadrukiem-white-10k22o04d-a11.html;60;zalando.pl;"2026-04-15 17:03:45.827+00";"2026-04-15 17:03:45.939679+00"
1690;"Koszulki z krótkim rękawem (męskie)";"FULTON - Bluzka z długim rękawem";"Solid FULTON - Bluzka z długim rękawem";149.00;PLN;30.00;79.00;"100% bawełna";;"W kwiatki";"Loose fit";Prosty;Okrągły;SO422O0DU-B11;Długa;"Długi rękaw";;https://www.zalando.pl/solid-fulton-oneck-bluzka-z-dlugim-rekawem-oatmeal-so422o0du-b11.html;60;zalando.pl;"2026-04-15 17:03:16.722+00";"2026-04-15 17:03:16.824512+00"
1689;"Koszulki z krótkim rękawem (męskie)";"Koszulka sportowa";"Nike Performance Koszulka sportowa";116.00;PLN;125.00;129.00;"59% bawełna, 41% poliester";;Nadruk;Regular;Prosty;Okrągły;N1242D1ZB-C13;Standardowa;"Krótki rękaw";;https://www.zalando.pl/nike-performance-solid-koszulka-sportowa-carbon-heather-black-n1242d1zb-c13.html;60;zalando.pl;"2026-04-15 17:02:44.343+00";"2026-04-15 17:02:44.446365+00"
1688;"Koszulki z krótkim rękawem (męskie)";"BRACE - T-shirt basic";"AllSaints BRACE - T-shirt basic";215.00;PLN;30.00;195.00;"100% bawełna";"100% bawełna";"Kolor jednolity";Regular;Prosty;Okrągły;A0Q22O006-M19;Standardowa;"Krótki rękaw";;https://www.zalando.pl/allsaints-t-shirt-basic-green-a0q22o006-m19.html;60;zalando.pl;"2026-04-15 17:02:01.458+00";"2026-04-15 17:02:01.560386+00"
1687;"Koszulki z krótkim rękawem (męskie)";"CLUELESS TAI - T-shirt z nadrukiem";"Henry Tiger CLUELESS TAI - T-shirt z nadrukiem";169.99;PLN;30.00;;"100% bawełna";;"Nadrukowane zdjęcie";Regular;Prosty;Okrągły;H3A22O8F3-Q11;Standardowa;"Krótki rękaw";;https://www.zalando.pl/henry-tiger-t-shirt-z-nadrukiem-black-h3a22o8f3-q11.html;60;zalando.pl;"2026-04-15 17:01:42.86+00";"2026-04-15 17:01:42.965474+00"
1686;"Koszulki z krótkim rękawem (męskie)";"Koszulka polo";"Lacoste Koszulka polo";499.00;PLN;30.00;549.00;"100% bawełna";;"Kolor jednolity";Regular;Dopasowany;"Typu Henley";LA222F001-602;Standardowa;"Krótki rękaw";;https://www.zalando.pl/lacoste-crocodile-caiman-koszulki-polo-zielony-la222f001-602.html;60;zalando.pl;"2026-04-15 17:00:52.35+00";"2026-04-15 17:00:52.452976+00"
1685;"Koszulki z krótkim rękawem (męskie)";"- Koszulka polo";"Patrick - Koszulka polo";136.00;PLN;170.00;;"100% bawełna";"100% poliester";"Kolor jednolity";Regular;Prosty;;PK822O001-Q11;Standardowa;"Krótki rękaw";;https://www.zalando.pl/patrick-harrison-koszulka-polo-black-pk822o001-q11.html;60;zalando.pl;"2026-04-15 17:00:00.068+00";"2026-04-15 17:00:00.173527+00"
1684;"Koszulki z krótkim rękawem (męskie)";"OVERSIZE - T-shirt z nadrukiem";"Merchcode OVERSIZE - T-shirt z nadrukiem";82.00;PLN;139.00;;"100% bawełna";"100% bawełna";Nadruk;Nadwymiarowy;Prosty;Okrągły;MEJ22O12W-A11;"Bardzo długa";Półrękawek;;https://www.zalando.pl/merchcode-t-shirt-z-nadrukiem-white-mej22o12w-a11.html;60;zalando.pl;"2026-04-15 16:59:22.522+00";"2026-04-15 16:59:22.764459+00"
1683;"Koszulki z krótkim rękawem (męskie)";"- T-shirt z nadrukiem";"rockshirts - T-shirt z nadrukiem";279.00;PLN;30.00;99.00;"100% bawełna";;Nadruk;"Regular Fit";Prosty;Okrągły;R8N22O0K8-Q11;Standardowa;"Krótki rękaw";;https://www.zalando.pl/rockshirts-t-shirt-z-nadrukiem-black-r8n22o0k8-q11.html;60;zalando.pl;"2026-04-15 16:58:53.582+00";"2026-04-15 16:58:53.808669+00"
1682;"Koszulki z krótkim rękawem (męskie)";"- T-shirt z nadrukiem";"Mister Tee - T-shirt z nadrukiem";70.00;PLN;67.00;79.00;"100% bawełna";"100% bawełna";Nadruk;Regular;Prosty;Okrągły;M0M22O1A5-A11;Długa;"Krótki rękaw";;https://www.zalando.pl/mister-tee-pancake-club-tee-t-shirt-z-nadrukiem-white-m0m22o1a5-a11.html;60;zalando.pl;"2026-04-15 16:58:24.63+00";"2026-04-15 16:58:24.734464+00"
1681;"Koszulki z krótkim rękawem (męskie)";"- T-shirt z nadrukiem";"Nike Sportswear - T-shirt z nadrukiem";143.00;PLN;159.00;;"100% bawełna";;"Nadrukowane zdjęcie";"Loose fit";Prosty;Okrągły;NI122O192-A11;Długa;"Krótki rękaw";;https://www.zalando.pl/nike-sportswear-tee-fly-above-t-shirt-z-nadrukiem-white-ni122o192-a11.html;60;zalando.pl;"2026-04-15 16:57:32.845+00";"2026-04-15 16:57:32.996765+00"
1680;"Koszulki z krótkim rękawem (męskie)";"- Koszulka polo";"Boggi Milano - Koszulka polo";529.00;PLN;30.00;239.00;"56% bawełna, 39% poliester, 5% elastan";;"Kolor jednolity";Regular;Prosty;;BQ122O049-K11;Standardowa;"Krótki rękaw";;https://www.zalando.pl/boggi-milano-koszulka-polo-navy-blue-bq122o049-k11.html;59;zalando.pl;"2026-04-15 15:00:45.66+00";"2026-04-15 15:00:45.768678+00"
1679;"Koszulki z krótkim rękawem (męskie)";"- Koszulka polo";"Maison Kitsuné - Koszulka polo";499.00;PLN;30.00;529.00;"100% bawełna";;"Kolor jednolity";Regular;Prosty;;KT222O002-K11;Standardowa;"Krótki rękaw";;https://www.zalando.pl/maison-kitsune-fox-head-regular-koszulka-polo-classic-navy-kt222o002-k11.html;59;zalando.pl;"2026-04-15 14:59:52.537+00";"2026-04-15 14:59:52.80193+00"
1678;"Koszulki z krótkim rękawem (męskie)";"- T-shirt z nadrukiem";"The North Face - T-shirt z nadrukiem";139.00;PLN;30.00;149.00;"100% bawełna";;Nadruk;Regular;Prosty;Okrągły;TH342D0A9-M11;Standardowa;"Krótki rękaw";;https://www.zalando.pl/the-north-face-t-shirt-z-nadrukiem-dimmed-algae-th342d0a9-m11.html;59;zalando.pl;"2026-04-15 14:59:09.942+00";"2026-04-15 14:59:10.05359+00"
1677;"Koszulki z krótkim rękawem (męskie)";"- Koszulka polo";"Boggi Milano - Koszulka polo";419.00;PLN;30.00;;"95% bawełna, 5% elastan";;"Kolor jednolity";Regular;Prosty;;BQ122O04R-G11;Standardowa;"Krótki rękaw";;https://www.zalando.pl/boggi-milano-koszulka-polo-rust-bq122o04r-g11.html;59;zalando.pl;"2026-04-15 14:58:29.243+00";"2026-04-15 14:58:29.345322+00"
1676;"Koszulki z krótkim rękawem (męskie)";"- T-shirt z nadrukiem";"2Y Premium - T-shirt z nadrukiem";118.00;PLN;139.00;;"100% bawełna";;Nadruk;"Loose fit";Prosty;Okrągły;2Y222O00P-K11;Długa;Półrękawek;;https://www.zalando.pl/2y-premium-t-shirt-z-nadrukiem-blue-2y222o00p-k11.html;59;zalando.pl;"2026-04-15 14:57:37.271+00";"2026-04-15 14:57:37.55598+00"
1675;"Koszulki z krótkim rękawem (męskie)";"- Koszulka polo";"Napapijri - Koszulka polo";164.00;PLN;150.00;299.00;"100% bawełna";;"Kolor jednolity";Regular;Prosty;Okrągły;ZZO3NLM44-K11;Standardowa;"Krótki rękaw";;https://www.zalando.pl/napapijri-clanis-koszulka-polo-blue-jasper-zzo3nlm44-k11.html;59;zalando.pl;"2026-04-15 14:56:49.536+00";"2026-04-15 14:56:49.636737+00"
1674;"Koszulki z krótkim rękawem (męskie)";"- Bluzka z długim rękawem";"Urban Classics - Bluzka z długim rękawem";76.00;PLN;76.00;119.00;"100% bawełna";;"W paski";Regular;Prosty;Okrągły;UR622O06M-A11;Standardowa;"Długi rękaw";;https://www.zalando.pl/urban-classics-bluzka-z-dlugim-rekawem-whiteblack-ur622o06m-a11.html;59;zalando.pl;"2026-04-15 14:56:20.732+00";"2026-04-15 14:56:20.979136+00"
1673;"Koszulki z krótkim rękawem (męskie)";"JORMONTAUK - T-shirt z nadrukiem";"Jack &amp; Jones JORMONTAUK - T-shirt z nadrukiem";80.00;PLN;89.00;;"100% bawełna";;"Nadrukowane zdjęcie";Regular;Prosty;Okrągły;JA222O6JX-A11;Standardowa;"Krótki rękaw";;https://www.zalando.pl/jack-and-jones-jormontauk-photo-back-tee-t-shirt-z-nadrukiem-bright-white-ja222o6jx-a11.html;59;zalando.pl;"2026-04-15 14:55:30.481+00";"2026-04-15 14:55:30.750763+00"
1672;"Koszulki z krótkim rękawem (męskie)";"- T-shirt basic";"DEF - T-shirt basic";70.00;PLN;64.00;119.00;"100% bawełna";;Melanż;"Loose fit";Prosty;Okrągły;D6622O00B-K12;Długa;Półrękawek;;https://www.zalando.pl/def-t-shirt-basic-blue-d6622o00b-k12.html;59;zalando.pl;"2026-04-15 14:54:40.752+00";"2026-04-15 14:54:40.889485+00"
1671;"Koszulki z krótkim rękawem (męskie)";"- Koszulka polo";"Pepe Jeans - Koszulka polo";295.20;PLN;184.50;369.00;"100% bawełna";;"Kolor jednolity";Regular;Prosty;"Wycięcie typu V";PE122O0OX-A11;Standardowa;"Krótki rękaw";;https://www.zalando.pl/pepe-jeans-bradley-koszulka-polo-white-pe122o0ox-a11.html;59;zalando.pl;"2026-04-15 14:53:58.928+00";"2026-04-15 14:53:59.061816+00"
1670;"Koszulki z krótkim rękawem (męskie)";"UNISEX - T-shirt basic";"Timberland UNISEX - T-shirt basic";169.00;PLN;30.00;139.00;"100% bawełna";;"Kolor jednolity";;;Okrągły;TI122O0C0-J11;Standardowa;Półrękawek;;https://www.zalando.pl/timberland-sunwashed-embroidered-logo-tee-t-shirt-basic-651-dark-pink-ti122o0c0-j11.html;59;zalando.pl;"2026-04-15 14:53:31.064+00";"2026-04-15 14:53:31.195418+00"
1669;"Koszulki z krótkim rękawem (męskie)";"URBAN - T-shirt z nadrukiem";"Jack &amp; Jones URBAN - T-shirt z nadrukiem";79.95;PLN;76.00;109.00;"100% bawełna";;Nadruk;Regular;Prosty;Okrągły;JA222O62X-M11;Standardowa;"Krótki rękaw";;https://www.zalando.pl/jack-and-jones-jjeurban-edge-studio-tee-t-shirt-z-nadrukiem-duffel-bag-ja222o62x-m11.html;59;zalando.pl;"2026-04-15 14:53:04.747+00";"2026-04-15 14:53:05.076165+00"
1668;"Koszulki z krótkim rękawem (męskie)";"- T-shirt z nadrukiem";"Marc O&#x27;Polo DENIM - T-shirt z nadrukiem";139.00;PLN;30.00;159.00;"100% bawełna";;Nadruk;"Loose fit";Prosty;Okrągły;OP522O0BB-C11;Standardowa;"Krótki rękaw";;https://www.zalando.pl/marc-opolo-denim-relaxed-fit-t-shirt-z-nadrukiem-broken-graphite-op522o0bb-c11.html;59;zalando.pl;"2026-04-15 14:52:20.547+00";"2026-04-15 14:52:20.69663+00"
1667;"Koszulki z krótkim rękawem (męskie)";"JORMONTAUK - T-shirt z nadrukiem";"Jack &amp; Jones JORMONTAUK - T-shirt z nadrukiem";159.00;PLN;30.00;79.00;"100% bawełna";;Nadruk;Regular;Prosty;Okrągły;JA222O6MN-A11;Standardowa;"Krótki rękaw";;https://www.zalando.pl/jack-and-jones-jormontauk-front-tee-3-pack-t-shirt-z-nadrukiem-bright-whiteantique-whiteseagrass-ja222o6mn-a11.html;59;zalando.pl;"2026-04-15 14:51:41.055+00";"2026-04-15 14:51:41.190885+00"
1666;"Koszulki z krótkim rękawem (męskie)";"UNISEX - Top";"YOURTURN UNISEX - Top";30.00;PLN;30.00;59.00;"100% poliester";;"Kolor jednolity";Slim;Dopasowany;Okrągły;YO12101VB-Q11;Standardowa;"Bez rękawów";;https://www.zalando.pl/yourturn-unisex-top-true-black-yo12101vb-q11.html;59;zalando.pl;"2026-04-15 14:51:17.731+00";"2026-04-15 14:51:17.90725+00"
1665;"Koszulki z krótkim rękawem (męskie)";"ELIOR - T-shirt z nadrukiem";"Napapijri ELIOR - T-shirt z nadrukiem";179.00;PLN;30.00;269.00;"100% bawełna";;Nadruk;Regular;Prosty;Okrągły;NA622O0CR-J11;Standardowa;"Krótki rękaw";;https://www.zalando.pl/napapijri-elior-t-shirt-z-nadrukiem-pink-na622o0cr-j11.html;59;zalando.pl;"2026-04-15 14:50:51.33+00";"2026-04-15 14:50:51.433626+00"
1664;"Koszulki z krótkim rękawem (męskie)";"UNISEX - T-shirt z nadrukiem";"Versace Jeans Couture UNISEX - T-shirt z nadrukiem";382.00;PLN;458.00;509.00;"100% bawełna";;;Regular;Prosty;Okrągły;VEI21000A-Q11;Standardowa;"Krótki rękaw";;https://www.zalando.pl/versace-jeans-couture-plachet-unisex-t-shirt-z-nadrukiem-blackgold-coloured-vei21000a-q11.html;59;zalando.pl;"2026-04-15 14:50:17.169+00";"2026-04-15 14:50:17.32054+00"
1663;"Koszulki z krótkim rękawem (męskie)";"- T-shirt z nadrukiem";"Harmont &amp; Blaine - T-shirt z nadrukiem";312.00;PLN;30.00;149.00;"100% bawełna";;Nadruk;Regular;Prosty;Okrągły;HR422O062-K11;Standardowa;"Krótki rękaw";;https://www.zalando.pl/harmont-and-blaine-t-shirt-z-nadrukiem-blu-reale-hr422o062-k11.html;59;zalando.pl;"2026-04-15 14:49:33.929+00";"2026-04-15 14:49:34.05018+00"
1662;"Koszulki z krótkim rękawem (męskie)";"- Koszulka polo";"Polo Ralph Lauren - Koszulka polo";599.00;PLN;30.00;339.00;"100% bawełna";;"Kolor jednolity";Regular;Dopasowany;;PO222P0EI-K15;Standardowa;"Krótki rękaw";;https://www.zalando.pl/polo-ralph-lauren-short-sleeve-koszulka-polo-elite-blue-po222p0ei-k15.html;59;zalando.pl;"2026-04-15 14:49:03.738+00";"2026-04-15 14:49:03.840783+00"
1661;"Koszulki z krótkim rękawem (męskie)";"- T-shirt z nadrukiem";"PS Paul Smith - T-shirt z nadrukiem";469.00;PLN;30.00;449.00;"60% bawełna, 40% poliester";;"W kratkę";Regular;Prosty;;PS722O0JT-T11;Standardowa;"Krótki rękaw";;https://www.zalando.pl/ps-paul-smith-casual-fit-t-shirt-z-nadrukiem-multi-coloured-ps722o0jt-t11.html;59;zalando.pl;"2026-04-15 14:48:24.802+00";"2026-04-15 14:48:24.920613+00"
1660;"Koszulki z krótkim rękawem (męskie)";"- T-shirt basic";"Pier One - T-shirt basic";35.00;PLN;35.00;59.00;"100% bawełna";;"Kolor jednolity";Slim;Prosty;Okrągły;PI922O0KZ-E11;Standardowa;"Krótki rękaw";;https://www.zalando.pl/pier-one-t-shirt-basic-light-yellow-pi922o0kz-e11.html;58;zalando.pl;"2026-04-15 14:47:19.742+00";"2026-04-15 14:47:19.84791+00"
1659;"Koszulki z krótkim rękawem (męskie)";"- T-shirt z nadrukiem";"Jack &amp; Jones - T-shirt z nadrukiem";89.99;PLN;30.00;69.00;"100% bawełna";;Nadruk;Regular;Prosty;Okrągły;JA222O3VF-Q23;Długa;"Krótki rękaw";;https://www.zalando.pl/jack-and-jones-o-neck-t-shirt-z-nadrukiem-black-ja222o3vf-q23.html;58;zalando.pl;"2026-04-15 14:46:53.64+00";"2026-04-15 14:46:53.746279+00"
1658;"Koszulki z krótkim rękawem (męskie)";"MANCHESTER UNITED 25/26 COMPETITION - Artykuły klubowe";"adidas Performance MANCHESTER UNITED 25/26 COMPETITION - Artykuły klubowe";305.00;PLN;339.00;;"100% poliester";;Nadruk;Slim;Prosty;Okrągły;AD542D5UT-I11;Standardowa;"Bardzo długi rękaw";;https://www.zalando.pl/adidas-performance-mufc-top-bluzka-z-dlugim-rekawem-aurora-plumwhiteblack-ad542d5ut-i11.html;58;zalando.pl;"2026-04-15 14:46:08.943+00";"2026-04-15 14:46:09.047276+00"
1657;"Koszulki z krótkim rękawem (męskie)";"- T-shirt z nadrukiem";"Kidsuper - T-shirt z nadrukiem";103.00;PLN;103.00;229.00;"100% bawełna";;Nadruk;"Regular Fit";Prosty;Okrągły;K5G22O007-K11;Standardowa;"Krótki rękaw";;https://www.zalando.pl/kidsuper-paint-palette-tee-t-shirt-z-nadrukiem-blue-k5g22o007-k11.html;58;zalando.pl;"2026-04-15 14:45:31.032+00";"2026-04-15 14:45:31.135004+00"
1656;"Koszulki z krótkim rękawem (męskie)";"- Koszulka polo";"THE SET - Koszulka polo";168.00;PLN;30.00;179.00;"100% bawełna";;"Kolor jednolity";Regular;Prosty;;TD322O00U-A11;Standardowa;"Krótki rękaw";;https://www.zalando.pl/the-set-regular-fit-3-pack-koszulka-polo-navy-white-td322o00u-a11.html;58;zalando.pl;"2026-04-15 14:44:53.066+00";"2026-04-15 14:44:53.171075+00"
1655;"Koszulki z krótkim rękawem (męskie)";"RELAXED - T-shirt z nadrukiem";"Scotch &amp; Soda RELAXED - T-shirt z nadrukiem";229.00;PLN;30.00;269.00;"100% bawełna";;Nadruk;"Loose fit";Prosty;Okrągły;SC322O0UO-K11;Standardowa;"Krótki rękaw";;https://www.zalando.pl/scotch-and-soda-front-and-back-artwork-t-shirt-z-nadrukiem-infinity-sc322o0uo-k11.html;58;zalando.pl;"2026-04-15 14:44:31.545+00";"2026-04-15 14:44:31.647078+00"
1654;"Koszulki z krótkim rękawem (męskie)";"- T-shirt z nadrukiem";"JP1880 - T-shirt z nadrukiem";213.99;PLN;239.99;;"100% bawełna";;Nadruk;Regular;Prosty;Okrągły;JP322O17D-K11;Standardowa;"Krótki rękaw";;https://www.zalando.pl/jp1880-2-pack-short-sleeve-t-shirt-z-nadrukiem-deep-sea-blue-jp322o17d-k11.html;58;zalando.pl;"2026-04-15 14:43:47.135+00";"2026-04-15 14:43:47.492716+00"
1653;"Koszulki z krótkim rękawem (męskie)";"- T-shirt z nadrukiem";"Replay - T-shirt z nadrukiem";179.00;PLN;30.00;129.00;"100% bawełna";;Nadruk;Regular;Prosty;Okrągły;RE322O0MS-A11;Standardowa;"Krótki rękaw";;https://www.zalando.pl/replay-motor-sport-tee-shirt-t-shirt-z-nadrukiem-natural-white-re322o0ms-a11.html;58;zalando.pl;"2026-04-15 14:43:28.666+00";"2026-04-15 14:43:28.975595+00"
1652;"Koszulki z krótkim rękawem (męskie)";"BRACE - T-shirt basic";"AllSaints BRACE - T-shirt basic";169.27;PLN;159.00;199.00;"100% bawełna";;"Kolor jednolity";Regular;Prosty;Okrągły;A0Q22O006-Q12;Standardowa;"Krótki rękaw";;https://www.zalando.pl/allsaints-brace-tonic-crew-t-shirt-basic-jet-black-a0q22o006-q12.html;58;zalando.pl;"2026-04-15 14:43:01.724+00";"2026-04-15 14:43:01.976723+00"
1651;"Koszulki z krótkim rękawem (męskie)";"- T-shirt basic";"Lyle &amp; Scott - T-shirt basic";161.00;PLN;125.00;179.00;"100% bawełna";;"Kolor jednolity";Regular;Prosty;Okrągły;LY222O0BF-Q11;Standardowa;"Krótki rękaw";;https://www.zalando.pl/lyle-and-scott-ringer-t-shirt-basic-jet-blackwhite-ly222o0bf-q11.html;58;zalando.pl;"2026-04-15 14:42:34.557+00";"2026-04-15 14:42:34.664169+00"
1650;"Koszulki z krótkim rękawem (męskie)";"- T-shirt basic";"Filippa K - T-shirt basic";269.00;PLN;30.00;379.00;"100% bawełna";;"Kolor jednolity";Regular;Prosty;Okrągły;F1422O01Y-A11;Standardowa;"Krótki rękaw";;https://www.zalando.pl/filippa-k-roll-neck-tee-unisex-t-shirt-basic-white-f1422o01y-a11.html;58;zalando.pl;"2026-04-15 14:41:43.947+00";"2026-04-15 14:41:44.250332+00"
1649;"Koszulki z krótkim rękawem (męskie)";"SET - Spodnie treningowe";"Lonsdale SET - Spodnie treningowe";179.00;PLN;30.00;229.00;"100% bawełna";;Nadruk;Regular;Prosty;Okrągły;L2G210002-N11;;"Krótki rękaw";;https://www.zalando.pl/lonsdale-set-normale-passform-moy-t-shirt-z-nadrukiem-olive-black-l2g210002-n11.html;58;zalando.pl;"2026-04-15 14:41:08.861+00";"2026-04-15 14:41:08.964877+00"
1648;"Koszulki z krótkim rękawem (męskie)";"- T-shirt z nadrukiem";"Bershka - T-shirt z nadrukiem";59.90;PLN;30.00;79.00;"100% bawełna";;Nadruk;"Loose fit";Prosty;Okrągły;BEJ22O1FL-M11;Standardowa;"Krótki rękaw";;https://www.zalando.pl/bershka-t-shirt-z-nadrukiem-dark-green-bej22o1fl-m11.html;58;zalando.pl;"2026-04-15 14:40:31.538+00";"2026-04-15 14:40:31.640704+00"
1647;"Koszulki z krótkim rękawem (męskie)";"- T-shirt basic";"Lacoste - T-shirt basic";269.00;PLN;30.00;339.00;"100% bawełna";;Melanż;Regular;Prosty;Okrągły;LA222O0DK-K13;Standardowa;"Krótki rękaw";;https://www.zalando.pl/lacoste-essential-t-shirt-basic-bleu-clair-g-la222o0dk-k13.html;58;zalando.pl;"2026-04-15 14:39:51.258+00";"2026-04-15 14:39:51.362394+00"
1646;"Koszulki z krótkim rękawem (męskie)";"JJEPAULOS - Koszulka polo";"Jack &amp; Jones JJEPAULOS - Koszulka polo";123.45;PLN;123.45;189.99;"100% bawełna";;Melanż;Regular;Prosty;"Typu Henley";JA222P04U-K89;Długa;"Krótki rękaw";;https://www.zalando.pl/jack-and-jones-jjepaulos-koszulka-polo-oceanview-ja222p04u-k89.html;58;zalando.pl;"2026-04-15 14:39:15.25+00";"2026-04-15 14:39:15.3534+00"
1645;"Koszulki z krótkim rękawem (męskie)";"- T-shirt basic";"Tommy Hilfiger - T-shirt basic";152.00;PLN;169.00;;"100% bawełna";;"Kolor jednolity";Regular;Prosty;Okrągły;TO122O0Z1-M12;Standardowa;"Krótki rękaw";;https://www.zalando.pl/tommy-hilfiger-seasonal-solid-tee-t-shirt-basic-battle-green-to122o0z1-m12.html;58;zalando.pl;"2026-04-15 14:38:22.968+00";"2026-04-15 14:38:23.124091+00"
1644;"Koszulki z krótkim rękawem (męskie)";"- T-shirt basic";"Levi&#x27;s® - T-shirt basic";161.00;PLN;161.00;179.00;"100% bawełna";;"Kolor jednolity";Regular;Prosty;Okrągły;LE222O056-Q11;Standardowa;"Krótki rękaw";;https://www.zalando.pl/levisr-slim-crewneck-2-pack-t-shirt-basic-black-le222o056-q11.html;58;zalando.pl;"2026-04-15 14:37:56.145+00";"2026-04-15 14:37:56.253963+00"
1643;"Koszulki z krótkim rękawem (męskie)";"OLAF - T-shirt z nadrukiem";"Tiger of Sweden OLAF - T-shirt z nadrukiem";359.00;PLN;30.00;1119.00;"100% bawełna";;Nadruk;Regular;Prosty;Okrągły;TI522O05R-Q12;Standardowa;"Krótki rękaw";;https://www.zalando.pl/tiger-of-sweden-olaf-t-shirt-z-nadrukiem-black-ti522o05r-q12.html;58;zalando.pl;"2026-04-15 14:37:30.555+00";"2026-04-15 14:37:30.799238+00"
1642;"Koszulki z krótkim rękawem (męskie)";"- Koszulka polo";"Lyle &amp; Scott - Koszulka polo";287.00;PLN;319.00;;"97% bawełna, 3% elastan";;"Kolor jednolity";Regular;Prosty;;LY222O0E0-C11;Standardowa;"Krótki rękaw";;https://www.zalando.pl/lyle-and-scott-plain-koszulka-polo-graystone-ly222o0e0-c11.html;58;zalando.pl;"2026-04-15 14:37:00.94+00";"2026-04-15 14:37:01.04769+00"
1641;"Koszulki z krótkim rękawem (męskie)";"- Koszulka polo";"BLKVIS - Koszulka polo";323.00;PLN;359.00;;"70% akryl, 30% wełna";;;Regular;Prosty;;BVT22O01N-A11;Standardowa;Półrękawek;;https://www.zalando.pl/blkvis-koszulka-polo-white-bvt22o01n-a11.html;58;zalando.pl;"2026-04-15 14:36:18.868+00";"2026-04-15 14:36:19.027719+00"
1640;"Koszulki z krótkim rękawem (męskie)";"3PK MENS ULTRA SOFT V-NECK TEE - T-shirt basic";"Scotch &amp; Soda 3PK MENS ULTRA SOFT V-NECK TEE - T-shirt basic";206.00;PLN;229.00;;"80% bawełna, 20% wiskoza";;"Kolor jednolity";Regular;Prosty;"Wycięcie typu V";SC322O0V1-Q11;Standardowa;"Krótki rękaw";;https://www.zalando.pl/scotch-and-soda-3pk-mens-ultra-soft-v-neck-tee-t-shirt-basic-black-sc322o0v1-q11.html;58;zalando.pl;"2026-04-15 14:35:43.062+00";"2026-04-15 14:35:43.192419+00"
1639;"Koszulki z krótkim rękawem (męskie)";"- T-shirt basic";"Mister Tee - T-shirt basic";58.00;PLN;55.00;79.00;"100% bawełna";"100% bawełna";"Kolor jednolity";Regular;Prosty;Okrągły;M0M22O1DS-I11;Długa;"Krótki rękaw";;https://www.zalando.pl/mister-tee-glossy-heart-pride-t-shirt-basic-lilac-m0m22o1ds-i11.html;58;zalando.pl;"2026-04-15 14:35:01.067+00";"2026-04-15 14:35:01.222615+00"
1638;"Koszulki z krótkim rękawem (męskie)";"- T-shirt basic";"BOSS - T-shirt basic";287.00;PLN;239.00;319.00;"95% bawełna, 5% elastan";;"Kolor jednolity";"Loose fit";Prosty;;BB122O1D1-Q11;Standardowa;"Krótki rękaw";;https://www.zalando.pl/boss-tee-collar-t-shirt-basic-black-bb122o1d1-q11.html;58;zalando.pl;"2026-04-15 14:34:36.652+00";"2026-04-15 14:34:36.769368+00"
1637;"Koszulki z krótkim rękawem (męskie)";"ESSENTIALS - Bluzka z długim rękawem";"adidas Originals ESSENTIALS - Bluzka z długim rękawem";199.00;PLN;30.00;258.99;"54% poliester, 46% bawełna";;"Kolor jednolity";Regular;Prosty;"Typu Henley";AD122O191-O11;Standardowa;"Długi rękaw";;https://www.zalando.pl/adidas-originals-trefoil-essentials-tee-bluzka-z-dlugim-rekawem-aurora-coffee-ad122o191-o11.html;57;zalando.pl;"2026-04-15 13:55:19.469+00";"2026-04-15 13:55:19.632728+00"
1636;"Koszulki z krótkim rękawem (męskie)";"BANDA STAFEN UNISEX - Koszulka polo";"Kappa BANDA STAFEN UNISEX - Koszulka polo";188.00;PLN;145.00;289.00;"100% poliester";;Nadruk;Regular;Prosty;;10K210035-Q11;Standardowa;"Krótki rękaw";;https://www.zalando.pl/kappa-banda-stafen-unisex-koszulka-polo-black-10k210035-q11.html;57;zalando.pl;"2026-04-15 13:54:59.866+00";"2026-04-15 13:55:00.202551+00"
1635;"Koszulki z krótkim rękawem (męskie)";"- Koszulka polo";"KARL LAGERFELD - Koszulka polo";278.00;PLN;247.00;309.00;"95% bawełna, 5% elastan";;"Kolor jednolity";Regular;Prosty;;K4822O0NS-Q11;Standardowa;"Krótki rękaw";;https://www.zalando.pl/karl-lagerfeld-koszulka-polo-black-k4822o0ns-q11.html;57;zalando.pl;"2026-04-15 13:54:16.825+00";"2026-04-15 13:54:16.96423+00"
1634;"Koszulki z krótkim rękawem (męskie)";"- T-shirt z nadrukiem";"Calvin Klein Jeans - T-shirt z nadrukiem";188.00;PLN;115.00;209.00;"100% bawełna";;Nadruk;Regular;Prosty;Okrągły;C1822O0PG-Q11;Standardowa;"Krótki rękaw";;https://www.zalando.pl/calvin-klein-jeans-racer-stripe-t-shirt-z-nadrukiem-black-c1822o0pg-q11.html;57;zalando.pl;"2026-04-15 13:53:22.772+00";"2026-04-15 13:53:23.086954+00"
1633;"Koszulki z krótkim rękawem (męskie)";"- T-shirt basic";"s.Oliver - T-shirt basic";89.99;PLN;30.00;119.00;"100% bawełna";;Melanż;Regular;Prosty;"Typu Henley";SO222O2FV-Q11;Standardowa;"Krótki rękaw";;https://www.zalando.pl/soliver-t-shirt-t-shirt-basic-schwarz-so222o2fv-q11.html;57;zalando.pl;"2026-04-15 13:52:31.233+00";"2026-04-15 13:52:31.336803+00"
1632;"Koszulki z krótkim rękawem (męskie)";"UNISEX - T-shirt z nadrukiem";"Barrow UNISEX - T-shirt z nadrukiem";649.00;PLN;30.00;689.00;"100% poliester";;Nadruk;"Loose fit";Prosty;"Wycięcie typu V";B7G21009D-K11;Standardowa;"Krótki rękaw";;https://www.zalando.pl/barrow-unisex-t-shirt-z-nadrukiem-royalroyal-blue-b7g21009d-k11.html;57;zalando.pl;"2026-04-15 13:51:58.353+00";"2026-04-15 13:51:58.454358+00"
1631;"Koszulki z krótkim rękawem (męskie)";"UNISEX - T-shirt z nadrukiem";"YOURTURN UNISEX - T-shirt z nadrukiem";71.00;PLN;36.00;89.00;"100% bawełna";;Nadruk;Regular;Prosty;Okrągły;YO12101FG-C11;Długa;"Krótki rękaw";;https://www.zalando.pl/yourturn-unisex-t-shirt-z-nadrukiem-dark-grey-yo12101fg-c11.html;57;zalando.pl;"2026-04-15 13:51:27.464+00";"2026-04-15 13:51:27.567897+00"
1630;"Koszulki z krótkim rękawem (męskie)";"- Koszulka polo";"Tommy Hilfiger - Koszulka polo";279.00;PLN;279.00;399.00;"100% bawełna";;"Kolor jednolity";Regular;Prosty;Kopertowy;TO122P0LY-Q11;Standardowa;"Krótki rękaw";;https://www.zalando.pl/tommy-hilfiger-liquid-essential-koszulka-polo-black-to122p0ly-q11.html;57;zalando.pl;"2026-04-15 13:50:56.827+00";"2026-04-15 13:50:56.960169+00"
1629;"Koszulki z krótkim rękawem (męskie)";"UNISEX - T-shirt basic";"YOURTURN UNISEX - T-shirt basic";35.00;PLN;53.00;59.00;"100% bawełna";;"Kolor jednolity";Nadwymiarowy;Prosty;Okrągły;YO12100WJ-A11;Długa;Półrękawek;;https://www.zalando.pl/yourturn-unisex-t-shirt-basic-white-yo12100wj-a11.html;57;zalando.pl;"2026-04-15 13:50:18.269+00";"2026-04-15 13:50:18.870497+00"
1628;"Koszulki z krótkim rękawem (męskie)";"- T-shirt z nadrukiem";"Casual Friday - T-shirt z nadrukiem";129.00;PLN;30.00;184.00;"100% bawełna";;"W paski";Regular;Prosty;Okrągły;C1A22O04N-A11;Standardowa;"Krótki rękaw";;https://www.zalando.pl/casual-friday-cftangen-t-shirt-z-nadrukiem-marshmallow-with-dark-navy-c1a22o04n-a11.html;57;zalando.pl;"2026-04-15 13:49:57.76+00";"2026-04-15 13:49:57.896987+00"
1627;"Koszulki z krótkim rękawem (męskie)";"- Koszulka polo";"Tommy Hilfiger - Koszulka polo";409.00;PLN;30.00;489.00;"96% bawełna, 4% elastan";;"Kolor jednolity";Regular;Prosty;Okrągły;TO122O18B-K11;Standardowa;"Krótki rękaw";;https://www.zalando.pl/tommy-hilfiger-koszulka-polo-blue-orbit-to122o18b-k11.html;57;zalando.pl;"2026-04-15 13:49:31.048+00";"2026-04-15 13:49:31.175075+00"
1626;"Koszulki z krótkim rękawem (męskie)";"- T-shirt z nadrukiem";"Jack &amp; Jones - T-shirt z nadrukiem";67.45;PLN;67.45;89.99;"100% bawełna";;Nadruk;Regular;Prosty;Okrągły;JA222O6CY-K11;Standardowa;"Krótki rękaw";;https://www.zalando.pl/jack-and-jones-t-shirt-z-nadrukiem-vapor-blue-ja222o6cy-k11.html;57;zalando.pl;"2026-04-15 13:48:56.943+00";"2026-04-15 13:48:57.097652+00"
1625;"Koszulki z krótkim rękawem (męskie)";"- Bluzka z długim rękawem";"BOSS - Bluzka z długim rękawem";649.00;PLN;799.00;999.00;"74% bawełna, 21% poliamid, 5% elastan";;"Kolor jednolity";"Loose fit";Prosty;;BB122S0YG-K11;Standardowa;"Długi rękaw";;https://www.zalando.pl/boss-sota-koszulka-polo-dark-blue-bb122s0yg-k11.html;57;zalando.pl;"2026-04-15 13:48:32.862+00";"2026-04-15 13:48:32.999477+00"
1624;"Koszulki z krótkim rękawem (męskie)";"- T-shirt z nadrukiem";"Ellesse - T-shirt z nadrukiem";89.00;PLN;74.00;99.00;"100% bawełna";;Nadruk;Regular;Prosty;Okrągły;EL922O0GE-K11;Standardowa;"Krótki rękaw";;https://www.zalando.pl/ellesse-fuenti-t-shirt-z-nadrukiem-dunkelblau-el922o0ge-k11.html;57;zalando.pl;"2026-04-15 13:48:00.328+00";"2026-04-15 13:48:00.464069+00"
1623;"Koszulki z krótkim rękawem (męskie)";"- T-shirt basic";"Pepe Jeans - T-shirt basic";60.00;PLN;48.00;119.00;"95% bawełna, 5% elastan";;"Kolor jednolity";Regular;Prosty;Okrągły;PE122O0FG-G12;Standardowa;"Krótki rękaw";;https://www.zalando.pl/pepe-jeans-original-t-shirt-basic-burnt-red-pe122o0fg-g12.html;57;zalando.pl;"2026-04-15 13:47:14.75+00";"2026-04-15 13:47:14.890587+00"
1622;"Koszulki z krótkim rękawem (męskie)";"UNISEX - T-shirt z nadrukiem";"adidas Originals UNISEX - T-shirt z nadrukiem";143.00;PLN;159.00;;"100% bawełna";;Melanż;Regular;Prosty;Okrągły;AD12100KU-C11;Standardowa;"Krótki rękaw";;https://www.zalando.pl/adidas-originals-loose-graphic-unisex-t-shirt-z-nadrukiem-medium-grey-heather-ad12100ku-c11.html;57;zalando.pl;"2026-04-15 13:46:45.439+00";"2026-04-15 13:46:45.591013+00"
1621;"Koszulki z krótkim rękawem (męskie)";"NELSON - T-shirt basic";"Carhartt WIP NELSON - T-shirt basic";219.00;PLN;30.00;269.00;"100% bawełna";;"Kolor jednolity";"Loose fit";Prosty;Okrągły;C1422O0IH-K12;Standardowa;"Krótki rękaw";;https://www.zalando.pl/carhartt-wip-nelson-t-shirt-basic-gentle-blue-c1422o0ih-k12.html;57;zalando.pl;"2026-04-15 13:45:58.539+00";"2026-04-15 13:45:58.691003+00"
1620;"Koszulki z krótkim rękawem (męskie)";"- T-shirt z nadrukiem";"Lost Youth - T-shirt z nadrukiem";118.00;PLN;79.00;159.00;"100% bawełna";"100% bawełna";Nadruk;"Loose fit";Prosty;Okrągły;LNI22O037-I11;Standardowa;"Krótki rękaw";;https://www.zalando.pl/lost-youth-t-shirt-z-nadrukiem-plumpurple-lni22o037-i11.html;57;zalando.pl;"2026-04-15 13:45:20.526+00";"2026-04-15 13:45:20.629261+00"
1619;"Koszulki z krótkim rękawem (męskie)";"ROBIN - T-shirt z nadrukiem";"GmbH ROBIN - T-shirt z nadrukiem";1039.00;PLN;30.00;619.00;"100% bawełna";;;Slim;Prosty;Okrągły;GM522O00Q-A11;Standardowa;"Krótki rękaw";;https://www.zalando.pl/gmbh-robin-patchwork-inserts-t-shirt-z-nadrukiem-off-white-gm522o00q-a11.html;57;zalando.pl;"2026-04-15 13:44:33.736+00";"2026-04-15 13:44:33.838947+00"
1618;"Koszulki z krótkim rękawem (męskie)";"- Koszulka sportowa";"Nike Performance - Koszulka sportowa";319.00;PLN;30.00;179.00;"100% poliester";"100% poliester";Nadruk;Regular;Prosty;Okrągły;N1242D85Q-E11;Standardowa;"Krótki rękaw";;https://www.zalando.pl/nike-performance-koszulki-pilkarskie-gelbschwarz-n1242d85q-e11.html;56;zalando.pl;"2026-04-15 13:44:02.447+00";"2026-04-15 13:44:02.550097+00"
1617;"Koszulki z krótkim rękawem (męskie)";"- T-shirt z nadrukiem";"Jack &amp; Jones - T-shirt z nadrukiem";67.45;PLN;67.45;74.99;"100% bawełna";;Nadruk;Regular;Prosty;Okrągły;JA222O6E7-Q11;Standardowa;"Krótki rękaw";;https://www.zalando.pl/jack-and-jones-gedruckt-t-shirt-z-nadrukiem-black-ja222o6e7-q11.html;56;zalando.pl;"2026-04-15 13:43:34.669+00";"2026-04-15 13:43:34.820736+00"
1616;"Koszulki z krótkim rękawem (męskie)";"- T-shirt z nadrukiem";"Carhartt WIP - T-shirt z nadrukiem";229.00;PLN;259.00;;"100% bawełna";;Nadruk;Regular;Prosty;Okrągły;C14210025-Q11;Standardowa;"Krótki rękaw";;https://www.zalando.pl/carhartt-wip-t-shirt-z-nadrukiem-black-c14210025-q11.html;56;zalando.pl;"2026-04-15 13:42:50.237+00";"2026-04-15 13:42:50.342604+00"
1615;"Koszulki z krótkim rękawem (męskie)";"PADDY - Koszulka polo";"BOSS PADDY - Koszulka polo";404.00;PLN;247.00;449.00;"100% bawełna";;"Kolor jednolity";Regular;Prosty;;BB122O1E9-K11;Standardowa;"Krótki rękaw";;https://www.zalando.pl/boss-paddy-koszulka-polo-open-blue-bb122o1e9-k11.html;56;zalando.pl;"2026-04-15 13:42:22.162+00";"2026-04-15 13:42:22.267347+00"
1614;"Koszulki z krótkim rękawem (męskie)";"- T-shirt basic";"Jack &amp; Jones - T-shirt basic";71.00;PLN;89.99;;"100% bawełna";;"Kolor jednolity";"Loose fit";Prosty;Okrągły;JA222O5NZ-O13;Standardowa;"Krótki rękaw";;https://www.zalando.pl/jack-and-jones-jjeurban-edge-tee-ss-o-neck-noos-t-shirt-basic-monks-robe-ja222o5nz-o13.html;56;zalando.pl;"2026-04-15 13:41:35.425+00";"2026-04-15 13:41:35.533305+00"
1613;"Koszulki z krótkim rękawem (męskie)";"- T-shirt basic";"Les Deux - T-shirt basic";121.00;PLN;94.00;269.00;"100% bawełna";;"Kolor jednolity";"Regular Fit";Prosty;Okrągły;LEP22O06F-K11;Standardowa;"Krótki rękaw";;https://www.zalando.pl/les-deux-hook-t-shirt-basic-dark-navy-blue-lep22o06f-k11.html;56;zalando.pl;"2026-04-15 13:41:01.529+00";"2026-04-15 13:41:01.630607+00"
1612;"Koszulki z krótkim rękawem (męskie)";"- T-shirt basic";"Next - T-shirt basic";292.00;PLN;30.00;169.00;"100% bawełna";;"Kolor jednolity";Regular;Prosty;Okrągły;NX322O1MG-K12;Standardowa;"Krótki rękaw";;https://www.zalando.pl/next-tall-fit-essential-6-pack-t-shirt-basic-multi-nx322o1mg-k12.html;56;zalando.pl;"2026-04-15 13:40:35.053+00";"2026-04-15 13:40:35.155093+00"
1611;"Koszulki z krótkim rękawem (męskie)";"- T-shirt z nadrukiem";"Nils Sundström - T-shirt z nadrukiem";149.95;PLN;30.00;99.99;"100% bawełna";;Nadruk;Regular;Prosty;Okrągły;NIN22O03L-Q12;Standardowa;"Krótki rękaw";;https://www.zalando.pl/nils-sundstroem-t-shirt-z-nadrukiem-schwarz-mehrfarbig-nin22o03l-q12.html;56;zalando.pl;"2026-04-15 13:40:10.671+00";"2026-04-15 13:40:10.825799+00"
1610;"Koszulki z krótkim rękawem (męskie)";"STACY - T-shirt basic";"Farah STACY - T-shirt basic";230.00;PLN;30.00;305.00;"100% bawełna";;"Kolor jednolity";Regular;Prosty;Okrągły;FA522O05C-I11;Standardowa;"Krótki rękaw";;https://www.zalando.pl/farah-t-shirt-basic-dusky-lavender-fa522o05c-i11.html;56;zalando.pl;"2026-04-15 13:39:46.271+00";"2026-04-15 13:39:46.427106+00"
1609;"Koszulki z krótkim rękawem (męskie)";"- T-shirt z nadrukiem";"Market - T-shirt z nadrukiem";106.00;PLN;97.00;179.00;"100% bawełna";"100% bawełna";Nadruk;"Loose fit";Prosty;Okrągły;C7A22O02X-Q11;Standardowa;Półrękawek;;https://www.zalando.pl/market-t-shirt-z-nadrukiem-washed-black-c7a22o02x-q11.html;56;zalando.pl;"2026-04-15 13:39:24.043+00";"2026-04-15 13:39:24.142989+00"
1608;"Koszulki z krótkim rękawem (męskie)";"- Koszulka polo";"Fynch-Hatton - Koszulka polo";127.00;PLN;118.00;199.00;"100% bawełna";"100% bawełna";"Kolor jednolity";Regular;Prosty;Okrągły;FY422O01Z-I11;Standardowa;"Krótki rękaw";;https://www.zalando.pl/fynch-hatton-koszulka-polo-light-purple-fy422o01z-i11.html;56;zalando.pl;"2026-04-15 13:38:49.758+00";"2026-04-15 13:38:49.864681+00"
1607;"Koszulki z krótkim rękawem (męskie)";"- Bluzka z długim rękawem";"BLKVIS - Bluzka z długim rękawem";242.00;PLN;269.00;;"100% bawełna";;"Kolor jednolity";"Loose fit";Prosty;;BVT22O01H-O11;Standardowa;"Długi rękaw";;https://www.zalando.pl/blkvis-script-pointelle-bluzka-z-dlugim-rekawem-madder-brown-bvt22o01h-o11.html;56;zalando.pl;"2026-04-15 13:38:08.335+00";"2026-04-15 13:38:08.439442+00"
1606;"Koszulki z krótkim rękawem (męskie)";"- T-shirt z nadrukiem";"QS - T-shirt z nadrukiem";84.99;PLN;109.99;;"100% bawełna";;Nadruk;Regular;Prosty;Okrągły;QS122O0TL-C11;Standardowa;"Krótki rękaw";;https://www.zalando.pl/qs-t-shirt-z-nadrukiem-schwarz-qs122o0tl-c11.html;56;zalando.pl;"2026-04-15 13:37:43.829+00";"2026-04-15 13:37:43.933171+00"
1605;"Koszulki z krótkim rękawem (męskie)";"- Bluzka z długim rękawem";"Nike ACG - Bluzka z długim rękawem";199.00;PLN;125.00;249.00;"63% poliester, 37% bawełna";;"Kolor jednolity";Regular;Prosty;Okrągły;N8822O006-A11;Standardowa;"Długi rękaw";;https://www.zalando.pl/nike-acg-tee-lungs-bluzka-z-dlugim-rekawem-summit-white-n8822o006-a11.html;56;zalando.pl;"2026-04-15 13:37:16.763+00";"2026-04-15 13:37:16.865018+00"
1604;"Koszulki z krótkim rękawem (męskie)";"- T-shirt z nadrukiem";"New Balance - T-shirt z nadrukiem";139.00;PLN;30.00;159.00;"100% bawełna";;Nadruk;Regular;Prosty;Okrągły;NE222O0DK-C13;Standardowa;"Krótki rękaw";;https://www.zalando.pl/new-balance-linear-graphic-t-shirt-z-nadrukiem-truffle-saltafterglow-ne222o0dk-c13.html;56;zalando.pl;"2026-04-15 13:36:39.332+00";"2026-04-15 13:36:39.435927+00"
1603;"Koszulki z krótkim rękawem (męskie)";"BASE - Bluzka z długim rękawem";"Carhartt WIP BASE - Bluzka z długim rękawem";159.00;PLN;30.00;179.00;"100% bawełna";;"Kolor jednolity";Regular;Prosty;Okrągły;C1422O04H-Q12;Standardowa;"Długi rękaw";;https://www.zalando.pl/carhartt-wip-base-bluzka-z-dlugim-rekawem-blackwhite-c1422o04h-q12.html;56;zalando.pl;"2026-04-15 13:36:08.031+00";"2026-04-15 13:36:08.280148+00"
1602;"Koszulki z krótkim rękawem (męskie)";"OXFORD - Koszulka polo";"Boggi Milano OXFORD - Koszulka polo";419.00;PLN;30.00;164.99;"100% bawełna";;"Kolor jednolity";Regular;Prosty;;BQ122O053-K11;Standardowa;"Krótki rękaw";;https://www.zalando.pl/boggi-milano-koszulka-polo-light-blue-bq122o053-k11.html;56;zalando.pl;"2026-04-15 13:35:31.861+00";"2026-04-15 13:35:32.16131+00"
1601;"Koszulki z krótkim rękawem (męskie)";"- T-shirt z nadrukiem";"BLKVIS - T-shirt z nadrukiem";199.00;PLN;30.00;219.00;"100% bawełna";;"W paski";"Loose fit";Prosty;Okrągły;BVT22O01K-M11;Standardowa;"Krótki rękaw";;https://www.zalando.pl/blkvis-t-shirt-z-nadrukiem-darkest-spruce-bvt22o01k-m11.html;56;zalando.pl;"2026-04-15 13:35:01.761+00";"2026-04-15 13:35:01.865125+00"
1600;"Koszulki z krótkim rękawem (męskie)";"- T-shirt z nadrukiem";"Red Bull Racing x Pepe Jeans - T-shirt z nadrukiem";279.00;PLN;30.00;199.00;"100% bawełna";;Nadruk;"Loose fit";Prosty;Okrągły;RBU22O012-K11;Standardowa;"Krótki rękaw";;https://www.zalando.pl/red-bull-racing-x-pepe-jeans-competing-tee-t-shirt-z-nadrukiem-navy-rbu22o012-k11.html;56;zalando.pl;"2026-04-15 13:34:42.034+00";"2026-04-15 13:34:42.142831+00"
1599;"Koszulki z krótkim rękawem (męskie)";"- Top";"Pier One - Top";62.00;PLN;62.00;89.00;"100% bawełna";;"Kolor jednolity";Regular;Prosty;"Okrągły, głęboko wycięty";PI922O0V8-Q13;Standardowa;"Bez rękawów";;https://www.zalando.pl/pier-one-3-pack-top-blackwhitebordeaux-pi922o0v8-q13.html;56;zalando.pl;"2026-04-15 13:34:03.526+00";"2026-04-15 13:34:03.779483+00"
1598;"Koszulki z krótkim rękawem (męskie)";"- T-shirt z nadrukiem";"J.LINDEBERG - T-shirt z nadrukiem";419.00;PLN;30.00;449.00;"100% bawełna";;Nadruk;Regular;Prosty;Okrągły;JL122O08O-Q11;Standardowa;"Krótki rękaw";;https://www.zalando.pl/jlindeberg-hale-seasonal-logo-t-shirt-z-nadrukiem-black-jl122o08o-q11.html;56;zalando.pl;"2026-04-15 13:33:41.267+00";"2026-04-15 13:33:41.579038+00"
1597;"Koszulki z krótkim rękawem (męskie)";"UNISEX - T-shirt basic";"YOURTURN UNISEX - T-shirt basic";107.00;PLN;77.00;119.00;"100% bawełna";;"Kolor jednolity";"Loose fit";Prosty;Okrągły;YO121023Q-A11;Standardowa;"Krótki rękaw, półrękawek";;https://www.zalando.pl/yourturn-3packunisex-t-shirt-basic-bright-white-leopard-aop-true-black-yo121023q-a11.html;56;zalando.pl;"2026-04-15 13:33:06.546+00";"2026-04-15 13:33:06.648191+00"
1596;"Koszulki z krótkim rękawem (męskie)";"- Koszulka polo";"Polo Ralph Lauren - Koszulka polo";737.00;PLN;819.00;;"100% bawełna";;"Kolor jednolity";Regular;Prosty;;PO222Q0I5-A11;Standardowa;"Krótki rękaw";;https://www.zalando.pl/polo-ralph-lauren-cotton-polo-collar-jumper-sweter-deckwash-white-po222q0i5-a11.html;56;zalando.pl;"2026-04-15 13:32:38.726+00";"2026-04-15 13:32:38.970484+00"
1595;"Koszulki z krótkim rękawem (męskie)";"- T-shirt z nadrukiem";"Ellesse - T-shirt z nadrukiem";148.75;PLN;30.00;309.00;"100% bawełna";"100% poliester";Nadruk;Regular;Prosty;Okrągły;EL922O0PL-K12;Standardowa;"Krótki rękaw";;https://www.zalando.pl/ellesse-t-shirt-z-nadrukiem-light-blue-el922o0pl-k12.html;56;zalando.pl;"2026-04-15 13:32:08.255+00";"2026-04-15 13:32:08.359936+00"
1594;"Koszulki z krótkim rękawem (męskie)";"STAR WARS UNISEX - T-shirt z nadrukiem";"Star Wars STAR WARS UNISEX - T-shirt z nadrukiem";169.99;PLN;30.00;319.00;"100% bawełna";;Nadruk;Regular;Prosty;Okrągły;H3A21006E-Q11;Standardowa;"Krótki rękaw";;https://www.zalando.pl/henry-tiger-t-shirt-z-nadrukiem-black-h3a21006e-q11.html;55;zalando.pl;"2026-04-15 13:21:42.824+00";"2026-04-15 13:21:42.931882+00"
1593;"Koszulki z krótkim rękawem (męskie)";"- T-shirt basic";"GAP - T-shirt basic";119.00;PLN;30.00;129.00;"100% bawełna";;"Kolor jednolity";Regular;Prosty;Okrągły;GP022O0BM-K13;Standardowa;"Krótki rękaw";;https://www.zalando.pl/gap-original-t-shirt-basic-tapestry-navy-gp022o0bm-k13.html;55;zalando.pl;"2026-04-15 13:21:14.752+00";"2026-04-15 13:21:15.048195+00"
1592;"Koszulki z krótkim rękawem (męskie)";"- T-shirt z nadrukiem";"Rip Curl - T-shirt z nadrukiem";126.66;PLN;30.00;159.00;"100% bawełna";"100% bawełna";Nadruk;Regular;Prosty;Okrągły;RI722O09R-J11;Standardowa;"Krótki rękaw";;https://www.zalando.pl/rip-curl-bells-pro-event-tee-t-shirt-z-nadrukiem-bone-ri722o09r-j11.html;55;zalando.pl;"2026-04-15 13:20:24.011+00";"2026-04-15 13:20:24.133855+00"
1591;"Koszulki z krótkim rękawem (męskie)";"UNISEX - T-shirt z nadrukiem";"Wasted Paris UNISEX - T-shirt z nadrukiem";161.00;PLN;179.00;;"100% bawełna";;Nadruk;"Loose fit";Prosty;Okrągły;WAT2100KJ-A11;Standardowa;"Krótki rękaw";;https://www.zalando.pl/wasted-paris-duke-unisex-t-shirt-z-nadrukiem-white-wat2100kj-a11.html;55;zalando.pl;"2026-04-15 13:19:40.365+00";"2026-04-15 13:19:40.471784+00"
1590;"Koszulki z krótkim rękawem (męskie)";"WILBUR - T-shirt basic";"INDICODE JEANS WILBUR - T-shirt basic";89.99;PLN;164.99;;"100% bawełna";;Melanż;Slim;Dopasowany;Okrągły;IJ022O013-K11;Standardowa;"Krótki rękaw";;https://www.zalando.pl/indicode-jeans-wilbur-t-shirt-basic-ij022o013-k11.html;55;zalando.pl;"2026-04-15 13:18:50.954+00";"2026-04-15 13:18:51.064271+00"
1589;"Koszulki z krótkim rękawem (męskie)";"DANGEROUS - T-shirt z nadrukiem";"Dangerous DNGRS DANGEROUS - T-shirt z nadrukiem";49.00;PLN;79.00;;"100% bawełna";"100% bawełna";Nadruk;"Loose fit";Prosty;Okrągły;D6722O01C-C11;Długa;Półrękawek;;https://www.zalando.pl/dangerous-dngrs-t-shirt-z-nadrukiem-grey-d6722o01c-c11.html;55;zalando.pl;"2026-04-15 13:18:03.64+00";"2026-04-15 13:18:03.746079+00"
1588;"Koszulki z krótkim rękawem (męskie)";"V NECK 2 PACK - T-shirt basic";"HUGO V NECK 2 PACK - T-shirt basic";172.00;PLN;172.00;229.00;"96% bawełna, 4% elastan";;"Kolor jednolity";Slim;Prosty;"Wycięcie typu V";HU722O024-A11;Standardowa;"Krótki rękaw";;https://www.zalando.pl/hugo-2-pack-t-shirt-basic-white-hu722o024-a11.html;55;zalando.pl;"2026-04-15 13:17:20.043+00";"2026-04-15 13:17:20.164007+00"
1587;"Koszulki z krótkim rękawem (męskie)";"- T-shirt z nadrukiem";"Les Deux - T-shirt z nadrukiem";242.00;PLN;242.00;269.00;"100% bawełna";;"W kwiatki";Regular;Prosty;Okrągły;LEP22O07C-A11;Standardowa;"Krótki rękaw";;https://www.zalando.pl/les-deux-wild-flower-t-shirt-z-nadrukiem-eggnog-white-lep22o07c-a11.html;55;zalando.pl;"2026-04-15 13:16:30.662+00";"2026-04-15 13:16:30.767583+00"
1586;"Koszulki z krótkim rękawem (męskie)";"PAR - Koszulka polo";"Nike Golf PAR - Koszulka polo";269.00;PLN;30.00;559.00;"100% poliester";;"Kolor jednolity";Regular;Dopasowany;;NI442D096-H11;Standardowa;"Krótki rękaw";;https://www.zalando.pl/nike-golf-par-koszulka-polo-orange-pulse-ni442d096-h11.html;55;zalando.pl;"2026-04-15 13:15:55.732+00";"2026-04-15 13:15:55.835025+00"
1585;"Koszulki z krótkim rękawem (męskie)";"JUMPMAN - Koszulka sportowa";"Jordan JUMPMAN - Koszulka sportowa";139.00;PLN;30.00;139.00;"58% bawełna, 42% poliester";;"Kolor jednolity";Regular;Prosty;Okrągły;JOC42D09J-N11;Standardowa;"Krótki rękaw";;https://www.zalando.pl/jordan-jumpman-crew-koszulka-sportowa-cargo-khakiblack-joc42d09j-n11.html;55;zalando.pl;"2026-04-15 13:15:18.741+00";"2026-04-15 13:15:18.846475+00"
1584;"Koszulki z krótkim rękawem (męskie)";"- T-shirt z nadrukiem";"Nike Sportswear - T-shirt z nadrukiem";104.00;PLN;125.00;139.00;"100% bawełna";;Nadruk;Regular;Prosty;Okrągły;NI122O18T-A11;Standardowa;"Krótki rękaw";;https://www.zalando.pl/nike-sportswear-tee-cloud-t-shirt-z-nadrukiem-sail-ni122o18t-a11.html;55;zalando.pl;"2026-04-15 13:14:37.234+00";"2026-04-15 13:14:37.340028+00"
1583;"Koszulki z krótkim rękawem (męskie)";"- Koszulka sportowa";"Nike Performance - Koszulka sportowa";161.00;PLN;143.00;179.00;"100% poliester";;"Kolor jednolity";Slim;"Dopasowanie do figury";Okrągły;N1242D7EK-K12;Standardowa;"Krótki rękaw";;https://www.zalando.pl/nike-performance-top-koszulka-sportowa-diffused-blueblack-n1242d7ek-k12.html;55;zalando.pl;"2026-04-15 13:14:04.068+00";"2026-04-15 13:14:04.232464+00"
1582;"Koszulki z krótkim rękawem (męskie)";"- T-shirt z nadrukiem";"Pier One - T-shirt z nadrukiem";84.00;PLN;30.00;59.00;"100% bawełna";;Nadruk;Regular;Prosty;Okrągły;PI922O195-A11;Standardowa;"Krótki rękaw";;https://www.zalando.pl/pier-one-t-shirt-z-nadrukiem-whitelight-greynavy-pi922o195-a11.html;55;zalando.pl;"2026-04-15 13:13:20.364+00";"2026-04-15 13:13:20.697283+00"
1581;"Koszulki z krótkim rękawem (męskie)";"5 PACK - T-shirt basic";"Pier One 5 PACK - T-shirt basic";97.00;PLN;89.00;149.00;"100% bawełna";;"Kolor jednolity";Regular;Prosty;Okrągły;PI922O0QX-K11;Standardowa;"Krótki rękaw";;https://www.zalando.pl/pier-one-5-pack-t-shirt-basic-bluedark-bluelight-green-pi922o0qx-k11.html;55;zalando.pl;"2026-04-15 13:12:52.641+00";"2026-04-15 13:12:52.742215+00"
1580;"Koszulki z krótkim rękawem (męskie)";"JORMAINE - T-shirt z nadrukiem";"Jack &amp; Jones JORMAINE - T-shirt z nadrukiem";89.95;PLN;30.00;139.00;"100% bawełna";;Nadruk;"Loose fit";Prosty;Okrągły;JA222O6QI-B11;Standardowa;"Krótki rękaw";;https://www.zalando.pl/jack-and-jones-jack-and-jones-t-shirt-jormaine-t-shirt-z-nadrukiem-beige-ja222o6qi-b11.html;55;zalando.pl;"2026-04-15 13:12:11.945+00";"2026-04-15 13:12:12.04607+00"
1579;"Koszulki z krótkim rękawem (męskie)";"- T-shirt basic";"Superdry &amp; Co - T-shirt basic";169.00;PLN;30.00;109.00;"100% bawełna";;"Kolor jednolity";Regular;Prosty;Okrągły;SU222O32F-M11;Długa;"Krótki rękaw";;https://www.zalando.pl/superdry-micro-logo-t-shirt-basic-stormy-green-su222o32f-m11.html;55;zalando.pl;"2026-04-15 13:11:36.362+00";"2026-04-15 13:11:36.465146+00"
1578;"Koszulki z krótkim rękawem (męskie)";"- T-shirt basic";"Polo Ralph Lauren - T-shirt basic";519.00;PLN;30.00;649.00;"90% bawełna, 10% poliester";;"Kolor jednolity";Regular;Prosty;Okrągły;PO222O0OQ-K11;Standardowa;"Krótki rękaw";;https://www.zalando.pl/polo-ralph-lauren-t-shirt-basic-modern-royal-po222o0oq-k11.html;55;zalando.pl;"2026-04-15 13:11:04.127+00";"2026-04-15 13:11:04.235698+00"
1577;"Koszulki z krótkim rękawem (męskie)";"RELAX - T-shirt z nadrukiem";"Bershka RELAX - T-shirt z nadrukiem";59.90;PLN;30.00;159.00;"100% bawełna";;Nadruk;"Loose fit";Prosty;Okrągły;BEJ22O1H4-Q11;Standardowa;"Krótki rękaw";;https://www.zalando.pl/bershka-t-shirt-z-nadrukiem-black-bej22o1h4-q11.html;55;zalando.pl;"2026-04-15 13:10:13.458+00";"2026-04-15 13:10:13.560719+00"
1576;"Koszulki z krótkim rękawem (męskie)";"MATCH POINT UNISEX - T-shirt z nadrukiem";"Carlo Colucci MATCH POINT UNISEX - T-shirt z nadrukiem";404.00;PLN;359.00;449.00;"100% bawełna";;Nadruk;"Loose fit";Prosty;Okrągły;CAP2100FL-A11;Standardowa;"Krótki rękaw";;https://www.zalando.pl/carlo-colucci-match-point-raglan-unisex-t-shirt-z-nadrukiem-whitenavy-cap2100fl-a11.html;55;zalando.pl;"2026-04-15 13:09:54.527+00";"2026-04-15 13:09:54.630007+00"
1575;"Koszulki z krótkim rękawem (męskie)";"- T-shirt z nadrukiem";"Blauer - T-shirt z nadrukiem";206.00;PLN;229.00;;"100% bawełna";;Nadruk;Regular;Prosty;Okrągły;BM922O046-N11;Standardowa;"Krótki rękaw";;https://www.zalando.pl/blauer-bourn-t-shirt-z-nadrukiem-olive-bm922o046-n11.html;55;zalando.pl;"2026-04-15 13:09:25.645+00";"2026-04-15 13:09:25.789793+00"
1574;"Koszulki z krótkim rękawem (męskie)";"QUENTIN - T-shirt basic";"DRYKORN QUENTIN - T-shirt basic";161.00;PLN;161.00;179.00;"100% bawełna";;"Kolor jednolity";Prosty;;Serek;DR222O007-A11;Standardowa;"Krótki rękaw";;https://www.zalando.pl/drykorn-quentin-t-shirt-basic-dr222o007-a11.html;55;zalando.pl;"2026-04-15 13:09:06.26+00";"2026-04-15 13:09:06.586465+00"
1573;"Koszulki z krótkim rękawem (męskie)";"- Koszulka polo";"Belstaff - Koszulka polo";449.00;PLN;399.00;499.00;"100% bawełna";;;Regular;Prosty;;BE922P00K-B11;Standardowa;"Krótki rękaw";;https://www.zalando.pl/belstaff-tipped-koszulka-polo-silver-birch-be922p00k-b11.html;55;zalando.pl;"2026-04-15 13:08:24.697+00";"2026-04-15 13:08:24.801499+00"
1572;"Koszulki z krótkim rękawem (męskie)";"- T-shirt z nadrukiem";"Tommy Jeans - T-shirt z nadrukiem";90.00;PLN;80.00;199.00;"100% bawełna";;"W paski";Regular;Prosty;Okrągły;TOB2100HM-K11;Standardowa;"Krótki rękaw";;https://www.zalando.pl/tommy-jeans-stripe-tee-t-shirt-z-nadrukiem-blue-moment-tob2100hm-k11.html;54;zalando.pl;"2026-04-15 13:06:25.749+00";"2026-04-15 13:06:25.851444+00"
1571;"Koszulki z krótkim rękawem (męskie)";"VET - T-shirt z nadrukiem";"Former VET - T-shirt z nadrukiem";169.00;PLN;30.00;159.00;"100% bawełna";;Nadruk;"Loose fit";Prosty;Okrągły;F8122O01P-Q11;Długa;"Krótki rękaw";;https://www.zalando.pl/former-vet-t-shirt-z-nadrukiem-washed-black-f8122o01p-q11.html;54;zalando.pl;"2026-04-15 13:05:55.571+00";"2026-04-15 13:05:55.688831+00"
1570;"Koszulki z krótkim rękawem (męskie)";"ONSZIDAN - Koszulka polo";"Only &amp; Sons ONSZIDAN - Koszulka polo";139.00;PLN;30.00;359.00;"100% poliester";;Nadruk;"Loose fit";Prosty;"Wycięcie typu V";OS322O1LT-K11;Standardowa;Półrękawek;;https://www.zalando.pl/only-and-sons-onszidan-resort-tee-koszulka-polo-dazzling-blue-os322o1lt-k11.html;54;zalando.pl;"2026-04-15 13:05:11.453+00";"2026-04-15 13:05:11.561129+00"
1569;"Koszulki z krótkim rękawem (męskie)";"SLHRELAXASPEN - T-shirt basic";"Selected SLHRELAXASPEN - T-shirt basic";159.00;PLN;30.00;119.00;"100% bawełna";;"Kolor jednolity";"Loose fit";Prosty;Okrągły;SE622O0Y2-K11;Standardowa;Półrękawek;;https://www.zalando.pl/selected-homme-slhrelaxaspen-o-neck-t-shirt-basic-blue-mirage-se622o0y2-k11.html;54;zalando.pl;"2026-04-15 13:04:38.951+00";"2026-04-15 13:04:39.05899+00"
1568;"Koszulki z krótkim rękawem (męskie)";"- Artykuły klubowe";"adidas Performance - Artykuły klubowe";299.00;PLN;30.00;429.00;"100% poliester";;Nadruk;Regular;Prosty;Okrągły;AD542D6L6-A11;Standardowa;"Krótki rękaw";;https://www.zalando.pl/adidas-performance-koszulki-pilkarskie-white-black-bold-gold-ad542d6l6-a11.html;54;zalando.pl;"2026-04-15 13:04:03.057+00";"2026-04-15 13:04:03.170168+00"
1567;"Koszulki z krótkim rękawem (męskie)";"T-shirt z nadrukiem";"Nike Performance T-shirt z nadrukiem";161.00;PLN;143.00;179.00;"100% bawełna";;Nadruk;"Loose fit";Prosty;Okrągły;N1242D7MZ-K11;Standardowa;"Krótki rękaw";;https://www.zalando.pl/nike-performance-tee-patch-t-shirt-z-nadrukiem-work-blue-n1242d7mz-k11.html;54;zalando.pl;"2026-04-15 13:03:30.571+00";"2026-04-15 13:03:30.724677+00"
1566;"Koszulki z krótkim rękawem (męskie)";"- Koszulka polo";"Levi&#x27;s® - Koszulka polo";129.00;PLN;139.00;199.00;"100% bawełna";;Melanż;Regular;Prosty;"Wycięcie typu V";LE222P015-C11;Standardowa;"Krótki rękaw";;https://www.zalando.pl/levis-levis-hm-koszulka-polo-medium-grey-heather-le222p015-c11.html;54;zalando.pl;"2026-04-15 13:02:50.343+00";"2026-04-15 13:02:50.445969+00"
1565;"Koszulki z krótkim rękawem (męskie)";"- T-shirt basic";"Tommy Jeans - T-shirt basic";329.00;PLN;30.00;229.00;"100% bawełna";;"Kolor jednolity";Slim;Prosty;Okrągły;TOB22O0T7-A15;Standardowa;"Krótki rękaw";;https://www.zalando.pl/tommy-jeans-slim-tee-3-pack-t-shirt-basic-ecrucitronellablack-tob22o0t7-a15.html;54;zalando.pl;"2026-04-15 13:02:06.151+00";"2026-04-15 13:02:06.257215+00"
1564;"Koszulki z krótkim rękawem (męskie)";"- T-shirt z nadrukiem";"Nike ACG - T-shirt z nadrukiem";162.00;PLN;137.00;249.00;"63% poliester, 37% bawełna";;Nadruk;"Loose fit";Prosty;Okrągły;N8822O00C-N11;Standardowa;Półrękawek;;https://www.zalando.pl/nike-acg-tee-cactus-t-shirt-z-nadrukiem-light-khaki-n8822o00c-n11.html;53;zalando.pl;"2026-04-15 13:00:32.559+00";"2026-04-15 13:00:32.661143+00"
1563;"Koszulki z krótkim rękawem (męskie)";"- Koszulka polo";"Tommy Hilfiger - Koszulka polo";296.00;PLN;329.00;;"96% bawełna, 4% elastan";;"Kolor jednolity";Slim;Prosty;;TO122P0A3-M94;Standardowa;"Krótki rękaw";;https://www.zalando.pl/tommy-hilfiger-slim-core-essentials-koszulka-polo-crushed-mint-to122p0a3-m94.html;53;zalando.pl;"2026-04-15 13:00:05.421+00";"2026-04-15 13:00:05.526165+00"
1562;"Koszulki z krótkim rękawem (męskie)";"- T-shirt z nadrukiem";"Jack &amp; Jones - T-shirt z nadrukiem";67.45;PLN;67.45;74.99;"100% bawełna";;Nadruk;Regular;Prosty;Okrągły;JA222O6I6-B11;Standardowa;"Krótki rękaw";;https://www.zalando.pl/jack-and-jones-gedruckt-t-shirt-z-nadrukiem-desert-taupe-ja222o6i6-b11.html;53;zalando.pl;"2026-04-15 12:59:29.248+00";"2026-04-15 12:59:29.58421+00"
1561;"Koszulki z krótkim rękawem (męskie)";"- Koszulka polo";"Jack &amp; Jones - Koszulka polo";98.00;PLN;109.00;;"100% bawełna";;"Kolor jednolity";Regular;Prosty;"Typu Henley";JA222O6FB-B11;Standardowa;"Krótki rękaw";;https://www.zalando.pl/jack-and-jones-jjearchive-graphic-koszulka-polo-moonbeam-ja222o6fb-b11.html;53;zalando.pl;"2026-04-15 12:59:01.432+00";"2026-04-15 12:59:01.531848+00"
1560;"Koszulki z krótkim rękawem (męskie)";"- Koszulka reprezentacji";"Puma - Koszulka reprezentacji";279.00;PLN;30.00;169.00;"100% poliester";;Nadruk;Regular;Prosty;Okrągły;PU142D3D4-G11;Standardowa;"Krótki rękaw";;https://www.zalando.pl/puma-tschechien-aufwaermtrikot-koszulka-sportowa-dark-cherry-navy-pu142d3d4-g11.html;53;zalando.pl;"2026-04-15 12:58:10.739+00";"2026-04-15 12:58:10.893579+00"
1559;"Koszulki z krótkim rękawem (męskie)";"JACKO - T-shirt basic";"Pepe Jeans JACKO - T-shirt basic";135.00;PLN;30.00;109.00;"100% bawełna";;"Kolor jednolity";Regular;Prosty;Okrągły;PE122O0I2-K16;Standardowa;"Krótki rękaw";;https://www.zalando.pl/pepe-jeans-jacko-t-shirt-basic-washed-navy-blue-pe122o0i2-k16.html;53;zalando.pl;"2026-04-15 12:57:33.371+00";"2026-04-15 12:57:33.563438+00"
1558;"Koszulki z krótkim rękawem (męskie)";"- T-shirt z nadrukiem";"Vans - T-shirt z nadrukiem";149.00;PLN;30.00;129.00;"100% bawełna";"100% bawełna";Nadruk;Regular;Prosty;Okrągły;VA222O117-M11;Standardowa;"Krótki rękaw";;https://www.zalando.pl/vans-t-shirt-z-nadrukiem-medium-green-va222o117-m11.html;53;zalando.pl;"2026-04-15 12:57:01.766+00";"2026-04-15 12:57:01.920283+00"
1557;"Koszulki z krótkim rękawem (męskie)";"JORCATSKILLS - T-shirt z nadrukiem";"Jack &amp; Jones JORCATSKILLS - T-shirt z nadrukiem";62.00;PLN;69.00;;"100% bawełna";;Nadruk;Regular;Prosty;Okrągły;JA222O6KC-A11;Standardowa;"Krótki rękaw";;https://www.zalando.pl/jack-and-jones-jorcatskills-square-branding-tee-t-shirt-z-nadrukiem-bright-white-ja222o6kc-a11.html;53;zalando.pl;"2026-04-15 12:56:16.33+00";"2026-04-15 12:56:16.435205+00"
1556;"Koszulki z krótkim rękawem (męskie)";"BON JOVI SLIPPERY WHEN WET - T-shirt z nadrukiem";"rockshirts BON JOVI SLIPPERY WHEN WET - T-shirt z nadrukiem";99.00;PLN;30.00;539.00;"100% bawełna";;Nadruk;"Regular Fit";Prosty;Okrągły;R8N22O0KW-Q11;Standardowa;"Krótki rękaw";;https://www.zalando.pl/rockshirts-t-shirt-z-nadrukiem-black-r8n22o0kw-q11.html;53;zalando.pl;"2026-04-15 12:55:31.321+00";"2026-04-15 12:55:31.437488+00"
1555;"Koszulki z krótkim rękawem (męskie)";"UNISEX - T-shirt z nadrukiem";"Carlo Colucci UNISEX - T-shirt z nadrukiem";449.00;PLN;30.00;199.00;"100% bawełna";;Nadruk;Regular;Prosty;Okrągły;CAP2100E7-A11;Standardowa;"Krótki rękaw";;https://www.zalando.pl/carlo-colucci-unisex-t-shirt-z-nadrukiem-offwhite-cap2100e7-a11.html;53;zalando.pl;"2026-04-15 12:20:31.343+00";"2026-04-15 12:20:31.490678+00"
1554;"Koszulki z krótkim rękawem (męskie)";"JPRCCJOEL - Koszulka polo";"Jack &amp; Jones PREMIUM JPRCCJOEL - Koszulka polo";179.99;PLN;30.00;179.00;"50% bawełna, 50% poliester";;"Kolor jednolity";Regular;Prosty;"Typu Henley";JAM22Q08M-K11;Standardowa;"Krótki rękaw";;https://www.zalando.pl/jack-and-jones-premium-jprccjoel-koszulka-polo-night-sky-jam22q08m-k11.html;53;zalando.pl;"2026-04-15 12:20:13.049+00";"2026-04-15 12:20:13.193451+00"
1553;"Koszulki z krótkim rękawem (męskie)";"JPRBLUALEX - T-shirt z nadrukiem";"Jack &amp; Jones PREMIUM JPRBLUALEX - T-shirt z nadrukiem";53.00;PLN;59.00;;"100% bawełna";;Nadruk;Regular;Prosty;Okrągły;JA222O6JN-K12;Standardowa;"Krótki rękaw";;https://www.zalando.pl/jack-and-jones-jprblualex-tee-t-shirt-z-nadrukiem-ashley-blue-ja222o6jn-k12.html;53;zalando.pl;"2026-04-15 12:19:25.045+00";"2026-04-15 12:19:25.200045+00"
1552;"Koszulki z krótkim rękawem (męskie)";"NEW ORDER OVERSIZE - T-shirt z nadrukiem";"Upscale by Mister Tee NEW ORDER OVERSIZE - T-shirt z nadrukiem";76.00;PLN;100.00;119.00;"100% bawełna";;Nadruk;Nadwymiarowy;Prosty;Okrągły;UP722O030-Q11;Standardowa;"Krótki rękaw";;https://www.zalando.pl/upscale-by-mister-tee-t-shirt-z-nadrukiem-black-up722o030-q11.html;53;zalando.pl;"2026-04-15 12:19:06.83+00";"2026-04-15 12:19:06.934572+00"
1551;"Koszulki z krótkim rękawem (męskie)";"- Koszulka polo";"Jack &amp; Jones - Koszulka polo";152.95;PLN;152.95;179.99;"80% wiskoza, 20% nylon";;"Kolor jednolity";Regular;Prosty;"Typu Henley";JA222O6AZ-O11;Standardowa;"Krótki rękaw";;https://www.zalando.pl/jack-and-jones-manga-corta-koszulka-polo-elmwood-ja222o6az-o11.html;53;zalando.pl;"2026-04-15 12:18:24.571+00";"2026-04-15 12:18:24.719694+00"
1550;"Koszulki z krótkim rękawem (męskie)";"- T-shirt z nadrukiem";"Jack &amp; Jones - T-shirt z nadrukiem";48.95;PLN;48.95;69.99;"100% bawełna";;Nadruk;"Loose fit";Prosty;Okrągły;JA222O63K-A11;Długa;Półrękawek;;https://www.zalando.pl/jack-and-jones-t-shirt-z-nadrukiem-white-ja222o63k-a11.html;53;zalando.pl;"2026-04-15 12:17:49.855+00";"2026-04-15 12:17:49.959912+00"
1549;"Koszulki z krótkim rękawem (męskie)";"- T-shirt z nadrukiem";"Zadig &amp; Voltaire - T-shirt z nadrukiem";399.00;PLN;30.00;229.00;"100% bawełna";;Nadruk;Regular;Prosty;Okrągły;Z2122O04E-K11;Standardowa;"Krótki rękaw";;https://www.zalando.pl/zadig-and-voltaire-blason-uni-t-shirt-z-nadrukiem-gris-chine-clai-z2122o04e-k11.html;53;zalando.pl;"2026-04-15 12:17:25.747+00";"2026-04-15 12:17:25.848426+00"
1548;"Koszulki z krótkim rękawem (męskie)";"- T-shirt z nadrukiem";"Ellesse - T-shirt z nadrukiem";139.00;PLN;30.00;359.00;"100% bawełna";;Nadruk;"Loose fit";Prosty;Okrągły;EL922O0R2-A11;Standardowa;Półrękawek;;https://www.zalando.pl/ellesse-play-nice-tee-t-shirt-z-nadrukiem-white-el922o0r2-a11.html;53;zalando.pl;"2026-04-15 12:16:50.746+00";"2026-04-15 12:16:50.849382+00"
1547;"Koszulki z krótkim rękawem (męskie)";"PIMA - T-shirt basic";"Boggi Milano PIMA - T-shirt basic";319.00;PLN;30.00;;"100% bawełna";;"Kolor jednolity";Regular;Prosty;Okrągły;BQ122O036-Q11;Długa;"Krótki rękaw";;https://www.zalando.pl/boggi-milano-t-shirt-basic-black-bq122o036-q11.html;53;zalando.pl;"2026-04-15 12:16:09.942+00";"2026-04-15 12:16:10.044642+00"
1546;"Koszulki z krótkim rękawem (męskie)";"JWHJACULA - T-shirt z nadrukiem";"Jack &amp; Jones JWHJACULA - T-shirt z nadrukiem";63.95;PLN;63.95;79.99;"100% bawełna";;Nadruk;Regular;Prosty;Okrągły;ZZO30ED08-Q11;Standardowa;"Krótki rękaw";;https://www.zalando.pl/jack-and-jones-jwhjacula-tee-t-shirt-z-nadrukiem-black-zzo30ed08-q11.html;53;zalando.pl;"2026-04-15 12:15:24.021+00";"2026-04-15 12:15:24.125764+00"
1545;"Koszulki z krótkim rękawem (męskie)";"- T-shirt z nadrukiem";"AllSaints - T-shirt z nadrukiem";325.00;PLN;30.00;229.00;"100% bawełna";;;"Loose fit";Prosty;Okrągły;A0Q22O0SS-K12;Standardowa;Półrękawek;;https://www.zalando.pl/allsaints-redact-crew-t-shirt-z-nadrukiem-blue-a0q22o0ss-k12.html;53;zalando.pl;"2026-04-15 12:15:01.169+00";"2026-04-15 12:15:01.323085+00"
1544;"Koszulki z krótkim rękawem (męskie)";"- T-shirt basic";"The North Face - T-shirt basic";143.00;PLN;159.00;;"100% bawełna";;"Kolor jednolity";"Loose fit";Prosty;Okrągły;TH322O0DW-A11;Standardowa;"Krótki rękaw";;https://www.zalando.pl/the-north-face-essential-center-logo-relaxed-short-sleeve-tee-t-shirt-basic-white-th322o0dw-a11.html;53;zalando.pl;"2026-04-15 12:14:08.459+00";"2026-04-15 12:14:08.56823+00"
1543;"Koszulki z krótkim rękawem (męskie)";"- T-shirt z nadrukiem";"Upscale by Mister Tee - T-shirt z nadrukiem";64.00;PLN;58.00;119.00;"100% bawełna";"100% bawełna";Nadruk;Regular;Prosty;Okrągły;UP722O04V-K11;Długa;"Krótki rękaw";;https://www.zalando.pl/upscale-by-mister-tee-playlit-heavy-t-shirt-z-nadrukiem-balticblue-up722o04v-k11.html;53;zalando.pl;"2026-04-15 12:13:19.367+00";"2026-04-15 12:13:19.536482+00"
1542;"Koszulki z krótkim rękawem (męskie)";"- Koszulka polo";"Polo Ralph Lauren Big &amp; Tall - Koszulka polo";639.00;PLN;30.00;529.00;"100% bawełna";;"Kolor jednolity";Regular;Prosty;;P6222P00G-Q11;Standardowa;"Krótki rękaw";;https://www.zalando.pl/polo-ralph-lauren-big-and-tall-short-sleeve-koszulka-polo-black-p6222p00g-q11.html;53;zalando.pl;"2026-04-15 12:12:43.631+00";"2026-04-15 12:12:43.904972+00"
1541;"Koszulki z krótkim rękawem (męskie)";"- T-shirt z nadrukiem";"PME Legend - T-shirt z nadrukiem";239.00;PLN;30.00;89.00;"100% bawełna";;Nadruk;Regular;Prosty;Okrągły;PG322O09H-K11;Standardowa;"Krótki rękaw";;https://www.zalando.pl/pme-legend-t-shirt-z-nadrukiem-mood-indigo-pg322o09h-k11.html;53;zalando.pl;"2026-04-15 12:12:10.233+00";"2026-04-15 12:12:10.339465+00"
1540;"Koszulki z krótkim rękawem (męskie)";"- Top";"adidas Performance - Top";139.00;PLN;30.00;139.00;"100% poliester";;Nadruk;Regular;Dopasowany;Okrągły;AD542D6AH-Q11;Standardowa;"Bez rękawów";;https://www.zalando.pl/adidas-performance-adi365-top-black-ad542d6ah-q11.html;53;zalando.pl;"2026-04-15 12:11:24.73+00";"2026-04-15 12:11:24.832147+00"
1539;"Koszulki z krótkim rękawem (męskie)";"- T-shirt basic";"Tiger of Sweden - T-shirt basic";309.00;PLN;30.00;559.00;"100% bawełna";;"Kolor jednolity";"Loose fit";Prosty;Okrągły;TI522O068-K11;Standardowa;"Krótki rękaw";;https://www.zalando.pl/tiger-of-sweden-t-shirt-basic-pale-blue-ti522o068-k11.html;53;zalando.pl;"2026-04-15 12:10:44.742+00";"2026-04-15 12:10:45.56021+00"
1538;"Koszulki z krótkim rękawem (męskie)";"- T-shirt basic";"Polo Ralph Lauren Big &amp; Tall - T-shirt basic";379.00;PLN;30.00;529.00;"100% bawełna";;"Kolor jednolity";Slim;Prosty;Okrągły;P6222O000-Q12;Długa;"Krótki rękaw";;https://www.zalando.pl/polo-ralph-lauren-big-and-tall-jersey-crewneck-t-shirt-t-shirt-basic-black-p6222o000-q12.html;53;zalando.pl;"2026-04-15 12:10:23.529+00";"2026-04-15 12:10:23.634218+00"
1537;"Koszulki z krótkim rękawem (męskie)";"ONSFRED - T-shirt z nadrukiem";"Only &amp; Sons ONSFRED - T-shirt z nadrukiem";99.00;PLN;30.00;179.00;"100% bawełna";;"Nadrukowane zdjęcie";"Loose fit";Prosty;Okrągły;OS322O1LA-A11;Standardowa;"Krótki rękaw";;https://www.zalando.pl/only-and-sons-onsfred-eiffel-tee-t-shirt-z-nadrukiem-bright-white-print-eiffel-os322o1la-a11.html;53;zalando.pl;"2026-04-15 12:09:44.364+00";"2026-04-15 12:09:44.521905+00"
1536;"Koszulki z krótkim rękawem (męskie)";"- Koszulka polo";"Façonnable - Koszulka polo";410.00;PLN;30.00;179.99;"100% bawełna";"100% bawełna";Melanż;Regular;Prosty;;FA822O00L-C11;Standardowa;"Krótki rękaw";;https://www.zalando.pl/faconnable-birdie-pima-piq-koszulka-polo-light-grey-marl-fa822o00l-c11.html;53;zalando.pl;"2026-04-15 12:09:11.15+00";"2026-04-15 12:09:11.250365+00"
1535;"Koszulki z krótkim rękawem (męskie)";"- T-shirt basic";"Pier One - T-shirt basic";35.00;PLN;59.00;;"100% bawełna";;Melanż;Slim;Prosty;Okrągły;PI922O0KZ-B11;Standardowa;"Krótki rękaw";;https://www.zalando.pl/pier-one-t-shirt-basic-beige-pi922o0kz-b11.html;53;zalando.pl;"2026-04-15 12:08:49.247+00";"2026-04-15 12:08:49.348796+00"
1534;"Koszulki z krótkim rękawem (męskie)";"DECCA - T-shirt z nadrukiem";"rockshirts DECCA - T-shirt z nadrukiem";109.00;PLN;30.00;99.00;"100% bawełna";;Nadruk;"Regular Fit";Prosty;Okrągły;R8N22O0I1-Q11;Standardowa;"Krótki rękaw";;https://www.zalando.pl/rockshirts-decca-logo-t-shirt-z-nadrukiem-black-r8n22o0i1-q11.html;53;zalando.pl;"2026-04-15 12:08:29.239+00";"2026-04-15 12:08:29.345307+00"
1533;"Koszulki z krótkim rękawem (męskie)";"- T-shirt z nadrukiem";"Jack &amp; Jones - T-shirt z nadrukiem";67.45;PLN;67.45;74.99;"100% bawełna";;Nadruk;Regular;Prosty;Okrągły;JA222O6KN-Q11;Standardowa;"Krótki rękaw";;https://www.zalando.pl/jack-and-jones-t-shirt-z-nadrukiem-black-ja222o6kn-q11.html;53;zalando.pl;"2026-04-15 12:07:43.939+00";"2026-04-15 12:07:44.048185+00"
1532;"Koszulki z krótkim rękawem (męskie)";"- Koszulka polo";"Fynch-Hatton - Koszulka polo";127.00;PLN;139.00;199.00;"100% bawełna";"100% bawełna";"Kolor jednolity";Regular;Prosty;Okrągły;FY422O01Z-E11;Standardowa;"Krótki rękaw";;https://www.zalando.pl/fynch-hatton-koszulka-polo-pale-yellow-fy422o01z-e11.html;52;zalando.pl;"2026-04-15 12:06:51.328+00";"2026-04-15 12:06:51.595213+00"
1531;"Koszulki z krótkim rękawem (męskie)";"- T-shirt z nadrukiem";"Jack &amp; Jones - T-shirt z nadrukiem";89.99;PLN;30.00;289.00;"100% bawełna";;Nadruk;Regular;Prosty;Okrągły;JA222O3VF-C11;Standardowa;"Krótki rękaw";;https://www.zalando.pl/jack-and-jones-jjecorp-logo-tee-o-neck-t-shirt-z-nadrukiem-ultimate-grey-ja222o3vf-c11.html;52;zalando.pl;"2026-04-15 12:06:10.365+00";"2026-04-15 12:06:10.525263+00"
1530;"Koszulki z krótkim rękawem (męskie)";"JPRCCRODNEY - Koszulka polo";"Jack &amp; Jones PREMIUM JPRCCRODNEY - Koszulka polo";116.95;PLN;116.95;129.99;"60% bawełna, 40% poliester";;"Kolor jednolity";Regular;Prosty;"Typu Henley";JAM22P04S-K17;Standardowa;"Krótki rękaw";;https://www.zalando.pl/jack-and-jones-premium-rodney-noos-koszulka-polo-quiet-harbor-jam22p04s-k17.html;52;zalando.pl;"2026-04-15 12:05:24.248+00";"2026-04-15 12:05:24.351408+00"
1529;"Koszulki z krótkim rękawem (męskie)";"- T-shirt basic";"Napapijri - T-shirt basic";116.00;PLN;116.00;129.00;"100% bawełna";;"Kolor jednolity";Regular;Prosty;Okrągły;NA622O0B7-C11;Standardowa;"Krótki rękaw";;https://www.zalando.pl/napapijri-s-small-box-ss-t-shirt-basic-shark-skin-hcb-na622o0b7-c11.html;52;zalando.pl;"2026-04-15 12:05:03.824+00";"2026-04-15 12:05:03.927575+00"
1528;"Koszulki z krótkim rękawem (męskie)";"- T-shirt basic";"Joules - T-shirt basic";134.00;PLN;30.00;119.00;"100% bawełna";;"Kolor jednolity";Regular;Prosty;Okrągły;4JO22O01E-J11;Standardowa;"Krótki rękaw";;https://www.zalando.pl/tom-joule-t-shirt-basic-pink-4jo22o01e-j11.html;52;zalando.pl;"2026-04-15 12:04:40.215+00";"2026-04-15 12:04:40.346721+00"
1527;"Koszulki z krótkim rękawem (męskie)";"DULIVIO - T-shirt z nadrukiem";"HUGO DULIVIO - T-shirt z nadrukiem";161.00;PLN;98.00;179.00;"100% bawełna";;Nadruk;Regular;Prosty;Okrągły;HU722O0AZ-K28;Standardowa;"Krótki rękaw";;https://www.zalando.pl/hugo-dulivio-t-shirt-z-nadrukiem-open-blue-hu722o0az-k28.html;52;zalando.pl;"2026-04-15 11:48:45.447+00";"2026-04-15 11:48:45.556361+00"
1526;"Koszulki z krótkim rękawem (męskie)";"UNISEX - Top";"YOURTURN UNISEX - Top";89.00;PLN;30.00;69.00;"58% bawełna, 37% poliester, 5% elastan";;"Kolor jednolity";Skinny;"Dopasowanie do figury";Okrągły;YO12101VF-A11;Standardowa;"Bez rękawów";;https://www.zalando.pl/yourturn-unisex-2-pack-top-bright-whitetrue-black-yo12101vf-a11.html;52;zalando.pl;"2026-04-15 11:48:10.858+00";"2026-04-15 11:48:10.961517+00"
1525;"Koszulki z krótkim rękawem (męskie)";"RELAXED FIT - Koszulka polo";"Selected RELAXED FIT - Koszulka polo";164.99;PLN;;;"93% bawełna, 7% elastan";;"Kolor jednolity";"Loose fit";Prosty;;0BN22O00X-K11;Standardowa;"Krótki rękaw";;https://www.zalando.pl/selected-koszulka-polo-sky-captain-0bn22o00x-k11.html;52;zalando.pl;"2026-04-15 11:47:29.592+00";"2026-04-15 11:47:29.767734+00"
1524;"Koszulki z krótkim rękawem (męskie)";"- T-shirt z nadrukiem";"DOUBLE A BY W.W. - T-shirt z nadrukiem";250.00;PLN;30.00;250.00;"100% bawełna";"100% bawełna";"W paski";Regular;Prosty;Okrągły;DBR22O004-M11;Standardowa;"Krótki rękaw";;https://www.zalando.pl/double-a-by-wood-wood-t-shirt-z-nadrukiem-grape-leaf-dbr22o004-m11.html;52;zalando.pl;"2026-04-15 11:46:55.642+00";"2026-04-15 11:46:55.788708+00"
1523;"Koszulki z krótkim rękawem (męskie)";"- T-shirt z nadrukiem";"DC Shoes - T-shirt z nadrukiem";104.00;PLN;85.00;189.00;"100% bawełna";;Nadruk;Regular;Prosty;Okrągły;DC122O0LZ-Q11;Standardowa;"Krótki rękaw";;https://www.zalando.pl/dc-shoes-skull-shock-t-shirt-z-nadrukiem-black-dc122o0lz-q11.html;52;zalando.pl;"2026-04-15 11:46:34.448+00";"2026-04-15 11:46:34.589337+00"
1522;"Koszulki z krótkim rękawem (męskie)";"- Koszulka polo";"GAP - Koszulka polo";109.00;PLN;30.00;164.99;"98% bawełna, 2% elastan";;"Kolor jednolity";Regular;Prosty;;GP022P01U-Q11;Standardowa;"Krótki rękaw";;https://www.zalando.pl/gap-logo-koszulka-polo-black-gp022p01u-q11.html;52;zalando.pl;"2026-04-15 11:46:16.462+00";"2026-04-15 11:46:16.594823+00"
1521;"Koszulki z krótkim rękawem (męskie)";"- T-shirt z nadrukiem";"AllSaints - T-shirt z nadrukiem";379.00;PLN;30.00;309.00;"100% bawełna";;;"Loose fit";Prosty;Okrągły;A0Q22O0ZU-M11;Standardowa;"Krótki rękaw";;https://www.zalando.pl/allsaints-insignia-ss-crew-t-shirt-z-nadrukiem-sea-green-a0q22o0zu-m11.html;52;zalando.pl;"2026-04-15 11:45:33.225+00";"2026-04-15 11:45:33.36258+00"
1520;"Koszulki z krótkim rękawem (męskie)";"- Koszulka sportowa";"Puma - Koszulka sportowa";305.00;PLN;305.00;339.00;"100% poliester";;Nadruk;Regular;Prosty;Okrągły;PU142D32H-Q11;Standardowa;"Krótki rękaw";;https://www.zalando.pl/puma-aw25-dhb-away-koszulka-reprezentacji-black-pu142d32h-q11.html;52;zalando.pl;"2026-04-15 11:44:53.521+00";"2026-04-15 11:44:53.632471+00"
1519;"Koszulki z krótkim rękawem (męskie)";"- T-shirt z nadrukiem";"Wrong Friends - T-shirt z nadrukiem";255.00;PLN;30.00;159.00;"100% bawełna";;Nadruk;Regular;Prosty;Okrągły;WRA22O01M-A11;Standardowa;"Krótki rękaw";;https://www.zalando.pl/wrong-friends-t-shirt-z-nadrukiem-coconut-white-wra22o01m-a11.html;52;zalando.pl;"2026-04-15 11:44:20.366+00";"2026-04-15 11:44:20.53674+00"
1518;"Koszulki z krótkim rękawem (męskie)";"UNISEX - Bluzka z długim rękawem";"YOURTURN UNISEX - Bluzka z długim rękawem";129.00;PLN;30.00;199.00;"65% poliester, 35% bawełna";;"Kolor jednolity";Regular;Prosty;Okrągły;YO121018N-C11;Standardowa;"Długi rękaw";;https://www.zalando.pl/yourturn-unisex-3-pack-bluzka-z-dlugim-rekawem-gray-yo121018n-c11.html;52;zalando.pl;"2026-04-15 11:43:35.666+00";"2026-04-15 11:43:35.820932+00"
1517;"Koszulki z krótkim rękawem (męskie)";"2 PACK - Koszulka polo";"Champion 2 PACK - Koszulka polo";179.00;PLN;159.00;199.00;"100% bawełna";;"Kolor jednolity";Regular;Prosty;;C7642D0B4-Q11;Długa;"Krótki rękaw";;https://www.zalando.pl/champion-2-pack-koszulka-polo-nbk-wht-c7642d0b4-q11.html;52;zalando.pl;"2026-04-15 11:43:08.626+00";"2026-04-15 11:43:08.727626+00"
1516;"Koszulki z krótkim rękawem (męskie)";"- T-shirt z nadrukiem";"Puma - T-shirt z nadrukiem";79.00;PLN;69.00;129.00;"100% bawełna";;Nadruk;Regular;Prosty;Okrągły;PU122O192-Q11;Długa;"Krótki rękaw";;https://www.zalando.pl/puma-graphic-water-t-shirt-z-nadrukiem-black-pu122o192-q11.html;52;zalando.pl;"2026-04-15 11:42:25.239+00";"2026-04-15 11:42:25.346241+00"
1515;"Koszulki z krótkim rękawem (męskie)";"- T-shirt z nadrukiem";"Puma - T-shirt z nadrukiem";74.00;PLN;64.00;109.00;"100% bawełna";;Nadruk;Regular;Prosty;Okrągły;PU122O18U-A11;Standardowa;"Krótki rękaw";;https://www.zalando.pl/puma-graphic-stacked-t-shirt-z-nadrukiem-alpine-snow-pu122o18u-a11.html;52;zalando.pl;"2026-04-15 11:41:37.233+00";"2026-04-15 11:41:37.33937+00"
1514;"Koszulki z krótkim rękawem (męskie)";"- Koszulka polo";"GANT - Koszulka polo";479.00;PLN;30.00;359.00;"100% bawełna";;"Kolor jednolity";Regular;Prosty;;GA322O0BR-K12;Standardowa;"Krótki rękaw";;https://www.zalando.pl/gant-koszulka-polo-vintage-blue-ga322o0br-k12.html;52;zalando.pl;"2026-04-15 11:41:18.467+00";"2026-04-15 11:41:18.62123+00"
1513;"Koszulki z krótkim rękawem (męskie)";"JPRBLALUCAS - T-shirt z nadrukiem";"Jack &amp; Jones PREMIUM JPRBLALUCAS - T-shirt z nadrukiem";80.00;PLN;89.00;;"100% bawełna";;"W kwiatki";Regular;Prosty;Okrągły;JA222O6JI-Q11;Standardowa;"Krótki rękaw";;https://www.zalando.pl/jack-and-jones-premium-jprblalucas-graphic-tee-t-shirt-z-nadrukiem-black-ja222o6ji-q11.html;52;zalando.pl;"2026-04-15 11:40:35.065+00";"2026-04-15 11:40:35.222608+00"
1512;"Koszulki z krótkim rękawem (męskie)";"Koszulka polo";"Fred Perry Koszulka polo";449.00;PLN;30.00;449.00;"100% bawełna";;"Kolor jednolity";Regular;Prosty;Okrągły;FR822P016-A11;Standardowa;"Krótki rękaw";;https://www.zalando.pl/fred-perry-koszulka-polo-white-fr822p016-a11.html;52;zalando.pl;"2026-04-15 11:40:01.431+00";"2026-04-15 11:40:01.542299+00"
1511;"Koszulki z krótkim rękawem (męskie)";"TEE 2 PACK - T-shirt basic";"Levi&#x27;s® Plus TEE 2 PACK - T-shirt basic";179.00;PLN;30.00;79.00;"100% bawełna";;"Kolor jednolity";Regular;Prosty;Okrągły;L0M22O00C-Q11;Długa;"Krótki rękaw";;https://www.zalando.pl/levis-plus-tee-2-pack-t-shirt-basic-black-l0m22o00c-q11.html;52;zalando.pl;"2026-04-15 11:39:23.539+00";"2026-04-15 11:39:23.642552+00"
1510;"Koszulki z krótkim rękawem (męskie)";"- Koszulka polo";"Dondup - Koszulka polo";809.00;PLN;30.00;529.00;"100% bawełna";;"Kolor jednolity";Regular;Prosty;;3DD22O03K-K12;Standardowa;"Krótki rękaw";;https://www.zalando.pl/dondup-regular-dyed-treatment-koszulka-polo-navy-3dd22o03k-k12.html;52;zalando.pl;"2026-04-15 11:38:57.344+00";"2026-04-15 11:38:57.662519+00"
1509;"Koszulki z krótkim rękawem (męskie)";"- T-shirt basic";"TOM TAILOR - T-shirt basic";85.00;PLN;30.00;84.00;"100% bawełna";;"Kolor jednolity";Regular;Prosty;Okrągły;TO222O1N7-Q11;Długa;"Krótki rękaw";;https://www.zalando.pl/tom-tailor-t-shirt-basic-black-to222o1n7-q11.html;51;zalando.pl;"2026-04-15 11:37:58.822+00";"2026-04-15 11:37:58.927716+00"
1508;"Koszulki z krótkim rękawem (męskie)";"RELAX - Koszulka polo";"Bershka RELAX - Koszulka polo";129.00;PLN;30.00;109.00;"92% wiskoza, 8% poliester";;;"Loose fit";Prosty;;BEJ22O1HB-Q11;Standardowa;"Krótki rękaw";;https://www.zalando.pl/bershka-koszulka-polo-black-bej22o1hb-q11.html;51;zalando.pl;"2026-04-15 11:37:22.765+00";"2026-04-15 11:37:22.868477+00"
1507;"Koszulki z krótkim rękawem (męskie)";"- T-shirt z nadrukiem";"s.Oliver - T-shirt z nadrukiem";84.99;PLN;109.99;;"60% bawełna, 40% poliester";;Nadruk;Regular;Prosty;Okrągły;SO222O2D2-L11;Standardowa;"Krótki rękaw";;https://www.zalando.pl/soliver-t-shirt-z-nadrukiem-helles-tuerkis-so222o2d2-l11.html;51;zalando.pl;"2026-04-15 11:37:05.129+00";"2026-04-15 11:37:05.380464+00"
1506;"Koszulki z krótkim rękawem (męskie)";"- T-shirt z nadrukiem";"The North Face - T-shirt z nadrukiem";199.99;PLN;229.00;;"100% bawełna";;Nadruk;Regular;Prosty;Okrągły;TH322O0DY-A11;Standardowa;"Krótki rękaw";;https://www.zalando.pl/the-north-face-hort-sleeve-tee-graphic-t-shirt-z-nadrukiem-whitegrey-th322o0dy-a11.html;51;zalando.pl;"2026-04-15 11:36:21.044+00";"2026-04-15 11:36:21.145218+00"
1505;"Koszulki z krótkim rękawem (męskie)";"- T-shirt z nadrukiem";"s.Oliver - T-shirt z nadrukiem";89.99;PLN;30.00;119.00;"100% bawełna";;Nadruk;Regular;Prosty;Okrągły;SO222O2G6-C11;Standardowa;"Krótki rękaw";;https://www.zalando.pl/soliver-t-shirt-z-nadrukiem-grau-meliert-so222o2g6-c11.html;51;zalando.pl;"2026-04-15 11:35:33.941+00";"2026-04-15 11:35:34.044137+00"
1504;"Koszulki z krótkim rękawem (męskie)";"BRIDGE - Koszulka polo";"J.LINDEBERG Sports BRIDGE - Koszulka polo";330.00;PLN;30.00;339.00;"100% poliester";;"Kolor jednolity";Regular;Prosty;;JL242D067-K11;Standardowa;"Krótki rękaw";;https://www.zalando.pl/jlindeberg-sports-bridge-koszulka-polo-navy-jl242d067-k11.html;51;zalando.pl;"2026-04-15 11:34:49.734+00";"2026-04-15 11:34:49.994612+00"
1503;"Koszulki z krótkim rękawem (męskie)";"- Koszulka polo";"SIKSILK - Koszulka polo";102.00;PLN;122.00;204.00;"95% bawełna, 5% elastan";"100% bawełna";"Kolor jednolity";Slim;Prosty;;SIF22O1DH-A11;Standardowa;"Krótki rękaw";;https://www.zalando.pl/siksilk-koszulka-polo-white-sif22o1dh-a11.html;51;zalando.pl;"2026-04-15 11:34:01.446+00";"2026-04-15 11:34:01.683259+00"
1502;"Koszulki z krótkim rękawem (męskie)";"- Koszulka polo";"Lacoste - Koszulka polo";699.00;PLN;30.00;459.00;"100% poliester";;"Kolor jednolity";Regular;Prosty;;LA222O0KD-K11;Standardowa;"Krótki rękaw";;https://www.zalando.pl/lacoste-koszulka-polo-bleu-clair-aey-la222o0kd-k11.html;51;zalando.pl;"2026-04-15 11:33:31.33+00";"2026-04-15 11:33:31.431805+00"
1501;"Koszulki z krótkim rękawem (męskie)";"- Koszulka polo";"Joules - Koszulka polo";201.00;PLN;30.00;299.95;"100% bawełna";;"Kolor jednolity";Regular;Prosty;;4JO22O018-K12;Standardowa;"Krótki rękaw";;https://www.zalando.pl/tom-joule-regular-fit-koszulka-polo-bright-blue-4jo22o018-k12.html;51;zalando.pl;"2026-04-15 11:32:48.153+00";"2026-04-15 11:32:48.258571+00"
1500;"Koszulki z krótkim rękawem (męskie)";"- Bluzka z długim rękawem";"Lindbergh - Bluzka z długim rękawem";199.96;PLN;249.95;;"100% bawełna";;"Kolor jednolity";Regular;Prosty;Okrągły;LG522O045-T11;Standardowa;"Długi rękaw";;https://www.zalando.pl/lindbergh-basic-tee-3-pack-bluzka-z-dlugim-rekawem-blackwhitenavy-lg522o045-t11.html;51;zalando.pl;"2026-04-15 11:31:57.563+00";"2026-04-15 11:31:57.866687+00"
1499;"Koszulki z krótkim rękawem (męskie)";"MATHIS ACTIVE - Bluzka z długim rękawem";"Roark Running MATHIS ACTIVE - Bluzka z długim rękawem";289.00;PLN;30.00;289.00;"85% poliester, 15% bawełna";;Nadruk;Regular;Prosty;Okrągły;RCR42D006-Q11;Standardowa;"Długi rękaw";;https://www.zalando.pl/roark-running-mathis-active-bluzka-z-dlugim-rekawem-charcoal-rcr42d006-q11.html;51;zalando.pl;"2026-04-15 11:31:22.766+00";"2026-04-15 11:31:22.918641+00"
1498;"Koszulki z krótkim rękawem (męskie)";"- T-shirt basic";"s.Oliver - T-shirt basic";229.00;PLN;30.00;164.99;"95% bawełna, 5% elastan";"95% bawełna, 5% elastan";"Kolor jednolity";Regular;Prosty;"Wycięcie typu V";SO282T00A-Q11;Standardowa;"Krótki rękaw";;https://www.zalando.pl/soliver-4er-pack-basic-podkoszulki-schwarz-so282t00a-q11.html;51;zalando.pl;"2026-04-15 11:31:04.95+00";"2026-04-15 11:31:05.05391+00"
1497;"Koszulki z krótkim rękawem (męskie)";"- Koszulka polo";"Paul Smith - Koszulka polo";989.00;PLN;30.00;529.00;"100% bawełna";;"Kolor jednolity";Regular;Prosty;;PS922P018-Q11;Standardowa;"Krótki rękaw";;https://www.zalando.pl/paul-smith-placket-koszulka-polo-black-ps922p018-q11.html;51;zalando.pl;"2026-04-15 11:30:28.86+00";"2026-04-15 11:30:28.963795+00"
1496;"Koszulki z krótkim rękawem (męskie)";"- Bluzka z długim rękawem";"Jack &amp; Jones - Bluzka z długim rękawem";89.99;PLN;30.00;49.00;"100% bawełna";;"Kolor jednolity";Regular;Prosty;Okrągły;JA222O6H1-A11;Standardowa;"Długi rękaw";;https://www.zalando.pl/jack-and-jones-bluzka-z-dlugim-rekawem-white-ja222o6h1-a11.html;51;zalando.pl;"2026-04-15 11:29:42.326+00";"2026-04-15 11:29:42.432545+00"
1495;"Koszulki z krótkim rękawem (męskie)";"MEYER - T-shirt z nadrukiem";"Pepe Jeans MEYER - T-shirt z nadrukiem";159.00;PLN;30.00;139.00;"100% bawełna";;Kolorowy;Regular;Prosty;Okrągły;PE122O0QQ-Q11;Standardowa;"Krótki rękaw";;https://www.zalando.pl/pepe-jeans-meyer-tee-t-shirt-z-nadrukiem-black-pe122o0qq-q11.html;51;zalando.pl;"2026-04-15 11:28:58.729+00";"2026-04-15 11:28:58.833797+00"
1494;"Koszulki z krótkim rękawem (męskie)";"FC BAYERN ICON - T-shirt z nadrukiem";"adidas Originals FC BAYERN ICON - T-shirt z nadrukiem";179.00;PLN;30.00;159.00;"100% bawełna";;Nadruk;Regular;Prosty;Okrągły;AD142D04Z-Q11;Standardowa;"Krótki rękaw";;https://www.zalando.pl/adidas-originals-fc-bayern-icon-artykuly-klubowe-aurora-black-ad142d04z-q11.html;51;zalando.pl;"2026-04-15 11:28:22.749+00";"2026-04-15 11:28:22.960065+00"
1493;"Koszulki z krótkim rękawem (męskie)";"MAHSA - T-shirt z nadrukiem";"Napapijri MAHSA - T-shirt z nadrukiem";161.00;PLN;90.00;179.00;"100% bawełna";;Nadruk;Regular;Prosty;Okrągły;NA622O0CS-K11;Standardowa;"Krótki rękaw";;https://www.zalando.pl/napapijri-mahsa-t-shirt-z-nadrukiem-blu-marine-na622o0cs-k11.html;51;zalando.pl;"2026-04-15 07:03:37.139+00";"2026-04-15 07:03:37.243486+00"
1492;"Koszulki z krótkim rękawem (męskie)";"- T-shirt z nadrukiem";"Billabong - T-shirt z nadrukiem";125.00;PLN;125.00;139.00;"100% bawełna";;Nadruk;"Loose fit";Prosty;Okrągły;BI722O11V-Q11;Standardowa;"Krótki rękaw";;https://www.zalando.pl/billabong-t-shirt-z-nadrukiem-waa-bi722o11v-q11.html;51;zalando.pl;"2026-04-15 07:02:44.834+00";"2026-04-15 07:02:44.95829+00"
1491;"Koszulki z krótkim rękawem (męskie)";"- Koszulka polo";"Massimo Dutti - Koszulka polo";199.00;PLN;30.00;139.00;"100% bawełna";;"Kolor jednolity";Regular;Prosty;"Wycięcie typu V";M3I22Q0RK-M11;Standardowa;"Krótki rękaw";;https://www.zalando.pl/massimo-dutti-koszulka-polo-green-m3i22q0rk-m11.html;51;zalando.pl;"2026-04-15 07:02:10.641+00";"2026-04-15 07:02:10.788645+00"
1490;"Koszulki z krótkim rękawem (męskie)";"- T-shirt basic";"Pier One - T-shirt basic";69.00;PLN;69.00;99.00;"100% bawełna";;"Kolor jednolity";Regular;Prosty;Okrągły;PI922O15T-A11;Standardowa;"Krótki rękaw";;https://www.zalando.pl/pier-one-3-pack-t-shirt-basic-bright-white-pi922o15t-a11.html;51;zalando.pl;"2026-04-15 07:01:52.529+00";"2026-04-15 07:01:52.633344+00"
1489;"Koszulki z krótkim rękawem (męskie)";"- T-shirt z nadrukiem";"Mister Tee - T-shirt z nadrukiem";70.00;PLN;79.00;;"100% bawełna";;Nadruk;Regular;Prosty;Okrągły;M0M22O03M-A11;Standardowa;"Krótki rękaw";;https://www.zalando.pl/mister-tee-la-sketch-t-shirt-z-nadrukiem-white-m0m22o03m-a11.html;51;zalando.pl;"2026-04-15 07:01:09.129+00";"2026-04-15 07:01:09.249844+00"
1488;"Koszulki z krótkim rękawem (męskie)";"CRUISE - Bluzka z długim rękawem";"Calvin Klein Golf CRUISE - Bluzka z długim rękawem";289.00;PLN;30.00;199.00;"91% poliester, 9% elastan";;"W paski";Regular;Prosty;;CK442D01V-K11;Standardowa;"Długi rękaw";;https://www.zalando.pl/calvin-klein-golf-cruise-zip-bluzka-z-dlugim-rekawem-navy-marl-ck442d01v-k11.html;51;zalando.pl;"2026-04-15 07:00:40.03+00";"2026-04-15 07:00:40.159153+00"
1487;"Koszulki z krótkim rękawem (męskie)";"- Koszulka polo";"Tommy Hilfiger - Koszulka polo";327.20;PLN;409.00;;"100% bawełna";;"Kolor jednolity";Regular;Prosty;Okrągły;TO122O17N-K11;Standardowa;"Krótki rękaw";;https://www.zalando.pl/tommy-hilfiger-smart-casual-wide-spread-koszulka-polo-breezy-blue-white-to122o17n-k11.html;51;zalando.pl;"2026-04-15 06:59:54.666+00";"2026-04-15 06:59:54.81877+00"
1486;"Koszulki z krótkim rękawem (męskie)";"- T-shirt z nadrukiem";"Jack &amp; Jones - T-shirt z nadrukiem";79.95;PLN;79.95;99.99;"100% bawełna";;Nadruk;"Loose fit";Prosty;Okrągły;JA222O6IW-A11;Standardowa;"Krótki rękaw";;https://www.zalando.pl/jack-and-jones-t-shirt-z-nadrukiem-bright-white-ja222o6iw-a11.html;51;zalando.pl;"2026-04-15 06:59:04.65+00";"2026-04-15 06:59:04.755796+00"
1485;"Koszulki z krótkim rękawem (męskie)";"- Koszulka polo";"Lacoste - Koszulka polo";609.00;PLN;30.00;449.00;"94% poliester, 6% elastan";;;Regular;Prosty;;LA222O0KW-K11;Standardowa;"Krótki rękaw";;https://www.zalando.pl/lacoste-koszulka-polo-bleu-marine-bleu-blanc-bve-la222o0kw-k11.html;51;zalando.pl;"2026-04-15 06:58:47.159+00";"2026-04-15 06:58:47.26162+00"
1484;"Koszulki z krótkim rękawem (męskie)";"5 PACK - T-shirt basic";"Pier One 5 PACK - T-shirt basic";152.00;PLN;101.00;169.00;"100% bawełna";;Melanż;Regular;Prosty;Okrągły;PI922O0TV-K11;Standardowa;"Krótki rękaw";;https://www.zalando.pl/pier-one-5-pack-t-shirt-basic-mottled-bluelight-greenoff-white-pi922o0tv-k11.html;51;zalando.pl;"2026-04-15 06:58:20.057+00";"2026-04-15 06:58:20.157547+00"
1483;"Koszulki z krótkim rękawem (męskie)";"- T-shirt z nadrukiem";"Jack &amp; Jones - T-shirt z nadrukiem";74.99;PLN;30.00;79.99;"65% bawełna, 35% poliester";;Nadruk;Regular;Prosty;Okrągły;JA222O6RG-M11;Standardowa;"Krótki rękaw";;https://www.zalando.pl/jack-and-jones-t-shirt-z-nadrukiem-aqua-gray-ja222o6rg-m11.html;51;zalando.pl;"2026-04-15 06:57:34.35+00";"2026-04-15 06:57:34.449773+00"
1482;"Koszulki z krótkim rękawem (męskie)";"- T-shirt z nadrukiem";"Mister Tee - T-shirt z nadrukiem";70.00;PLN;61.00;79.00;"100% bawełna";"100% bawełna";Nadruk;Regular;Prosty;Okrągły;M0M22O1FS-K11;Standardowa;"Krótki rękaw";;https://www.zalando.pl/mister-tee-t-shirt-z-nadrukiem-ocean-blue-m0m22o1fs-k11.html;50;zalando.pl;"2026-04-15 06:56:22.745+00";"2026-04-15 06:56:22.8438+00"
1481;"Koszulki z krótkim rękawem (męskie)";"- T-shirt basic";"Solid - T-shirt basic";176.00;PLN;186.00;219.00;"76% bawełna, 20% poliester, 4% elastan";;"Kolor jednolity";"Loose fit";Prosty;Okrągły;SO422O0DO-N11;Długa;Półrękawek;;https://www.zalando.pl/solid-t-shirt-basic-pale-khaki-so422o0do-n11.html;50;zalando.pl;"2026-04-15 06:55:46.366+00";"2026-04-15 06:55:46.515535+00"
1480;"Koszulki z krótkim rękawem (męskie)";"- T-shirt z nadrukiem";"Brandit - T-shirt z nadrukiem";49.00;PLN;30.00;99.00;"100% bawełna";;"Kolor jednolity";Regular;Prosty;Okrągły;BRM22O000-B12;Standardowa;"Krótki rękaw";;https://www.zalando.pl/brandit-t-shirt-basic-beige-brm22o000-b12.html;50;zalando.pl;"2026-04-15 06:55:06.46+00";"2026-04-15 06:55:06.566152+00"
1479;"Koszulki z krótkim rękawem (męskie)";"- T-shirt z nadrukiem";"Jack &amp; Jones - T-shirt z nadrukiem";89.95;PLN;89.95;99.99;"100% bawełna";;Nadruk;Regular;Prosty;Okrągły;JA222O5ZZ-M11;Standardowa;"Krótki rękaw";;https://www.zalando.pl/jack-and-jones-plus-size-logo-t-shirt-z-nadrukiem-iceberg-green-ja222o5zz-m11.html;50;zalando.pl;"2026-04-15 06:54:13.853+00";"2026-04-15 06:54:13.954647+00"
1478;"Koszulki z krótkim rękawem (męskie)";"- T-shirt z nadrukiem";"Terranova - T-shirt z nadrukiem";59.99;PLN;30.00;139.00;"100% bawełna";;Nadruk;Regular;Prosty;Okrągły;TBT22O081-Q11;Standardowa;"Krótki rękaw";;https://www.zalando.pl/terranova-t-shirt-z-nadrukiem-nero-tbt22o081-q11.html;50;zalando.pl;"2026-04-15 06:53:23.265+00";"2026-04-15 06:53:23.421755+00"
1477;"Koszulki z krótkim rękawem (męskie)";"- T-shirt basic";"120% Lino - T-shirt basic";569.00;PLN;30.00;1079.00;"55% len, 45% bawełna";;"Kolor jednolity";Regular;Prosty;"Wycięcie typu V";L1922O01H-Q11;Standardowa;"Krótki rękaw";;https://www.zalando.pl/120-lino-men-v-neck-t-shirt-basic-black-l1922o01h-q11.html;50;zalando.pl;"2026-04-15 06:52:31.139+00";"2026-04-15 06:52:31.239943+00"
1476;"Koszulki z krótkim rękawem (męskie)";"CSC™ - T-shirt basic";"Columbia CSC™ - T-shirt basic";119.00;PLN;30.00;109.00;"100% bawełna";;"Kolor jednolity";Regular;Prosty;Okrągły;C2342D046-Q11;Standardowa;"Krótki rękaw";;https://www.zalando.pl/columbia-csc-tee-t-shirt-basic-black-c2342d046-q11.html;50;zalando.pl;"2026-04-15 06:51:58.751+00";"2026-04-15 06:51:58.853391+00"
1475;"Koszulki z krótkim rękawem (męskie)";"- Koszulka polo";"Boggi Milano - Koszulka polo";479.00;PLN;30.00;;"56% bawełna, 39% poliester, 5% elastan";;"Kolor jednolity";Regular;Prosty;;BQ122O04I-K12;Standardowa;"Krótki rękaw";;https://www.zalando.pl/boggi-milano-b-tech-b-sustainable-high-performance-koszulka-polo-navy-blue-bq122o04i-k12.html;50;zalando.pl;"2026-04-15 06:51:34.333+00";"2026-04-15 06:51:34.575997+00"
1474;"Koszulki z krótkim rękawem (męskie)";"- T-shirt basic";"adidas Originals - T-shirt basic";109.00;PLN;30.00;139.00;"100% bawełna";"100% bawełna";"Kolor jednolity";Regular;Prosty;Okrągły;AD122O154-M13;Długa;"Krótki rękaw";;https://www.zalando.pl/adidas-originals-trefoil-t-shirt-basic-pulse-lime-ad122o154-m13.html;50;zalando.pl;"2026-04-15 06:51:10.421+00";"2026-04-15 06:51:10.521678+00"
1473;"Koszulki z krótkim rękawem (męskie)";"- T-shirt basic";"Calvin Klein Jeans - T-shirt basic";134.00;PLN;82.00;149.00;"100% bawełna";;"Kolor jednolity";Regular;Prosty;Okrągły;C1822O0OH-Q12;Standardowa;"Krótki rękaw";;https://www.zalando.pl/calvin-klein-jeans-classic-monogram-tee-t-shirt-basic-lime-spritz-c1822o0oh-q12.html;50;zalando.pl;"2026-04-15 06:50:52.825+00";"2026-04-15 06:50:52.925499+00"
1472;"Koszulki z krótkim rękawem (męskie)";"- T-shirt z nadrukiem";"s.Oliver - T-shirt z nadrukiem";97.99;PLN;103.99;129.99;"100% bawełna";;;Regular;Prosty;Okrągły;SO222O2CG-M11;Długa;"Krótki rękaw";;https://www.zalando.pl/soliver-t-shirt-z-nadrukiem-tannengruen-so222o2cg-m11.html;50;zalando.pl;"2026-04-15 06:50:17.448+00";"2026-04-15 06:50:17.547767+00"
1471;"Koszulki z krótkim rękawem (męskie)";"- T-shirt z nadrukiem";"SIKSILK - T-shirt z nadrukiem";204.00;PLN;30.00;79.00;"100% bawełna";;Nadruk;"Loose fit";Prosty;Okrągły;SIF22O1I4-G11;Standardowa;Półrękawek;;https://www.zalando.pl/siksilk-t-shirt-z-nadrukiem-burgundy-sif22o1i4-g11.html;50;zalando.pl;"2026-04-15 06:49:34.263+00";"2026-04-15 06:49:34.362389+00"
1470;"Koszulki z krótkim rękawem (męskie)";"MUSCLE - Top";"Colucci MUSCLE - Top";118.00;PLN;124.00;139.00;"100% bawełna";;"Kolor jednolity";Slim;Prosty;Okrągły;CWI22O006-Q11;Standardowa;"Bez rękawów";;https://www.zalando.pl/colucci-body-black-cwi22o006-q11.html;50;zalando.pl;"2026-04-15 06:48:48.644+00";"2026-04-15 06:48:48.746423+00"
1469;"Koszulki z krótkim rękawem (męskie)";"MANCHESTER CITY - Artykuły klubowe";"Puma MANCHESTER CITY - Artykuły klubowe";449.00;PLN;30.00;499.00;"100% poliester";"100% poliester";"W paski";Slim;Prosty;;PU142D2PD-A11;Standardowa;"Długi rękaw";;https://www.zalando.pl/puma-manchester-city-prematch-14-zip-bluzka-z-dlugim-rekawem-white-dark-jasper-pu142d2pd-a11.html;50;zalando.pl;"2026-04-15 06:48:27.323+00";"2026-04-15 06:48:27.458679+00"
1468;"Koszulki z krótkim rękawem (męskie)";"- Koszulka polo";"United Colors of Benetton - Koszulka polo";219.90;PLN;30.00;349.00;"100% bawełna";"100% bawełna";"Kolor jednolity";Regular;Prosty;;4BE22O08J-Q11;Standardowa;"Długi rękaw";;https://www.zalando.pl/united-colors-of-benetton-bluzka-z-dlugim-rekawem-black-4be22o08j-q11.html;50;zalando.pl;"2026-04-15 06:47:57.359+00";"2026-04-15 06:47:57.460092+00"
1467;"Koszulki z krótkim rękawem (męskie)";"DISNEY MICKEY MOUSE MADFACE - T-shirt z nadrukiem";"Re:Covered DISNEY MICKEY MOUSE MADFACE - T-shirt z nadrukiem";134.00;PLN;134.00;151.00;"100% bawełna";;Melanż;Slim;Prosty;Okrągły;R0O22O013-C11;Standardowa;"Krótki rękaw";;https://www.zalando.pl/recovered-disney-mickey-mouse-madface-t-shirt-z-nadrukiem-dunkelgrau-r0o22o013-c11.html;50;zalando.pl;"2026-04-15 06:47:06.153+00";"2026-04-15 06:47:06.260046+00"
1466;"Koszulki z krótkim rękawem (męskie)";"ALDRIDGE - T-shirt z nadrukiem";"Pepe Jeans ALDRIDGE - T-shirt z nadrukiem";148.00;PLN;111.00;185.00;"100% bawełna";"100% bawełna";Nadruk;"Regular Fit";Prosty;Okrągły;PE122O0NZ-A11;Standardowa;"Krótki rękaw";;https://www.zalando.pl/pepe-jeans-t-shirt-z-nadrukiem-ivory-white-pe122o0nz-a11.html;50;zalando.pl;"2026-04-15 06:46:23.264+00";"2026-04-15 06:46:23.390634+00"
1465;"Koszulki z krótkim rękawem (męskie)";"- Koszulka polo";"Lacoste - Koszulka polo";499.00;PLN;30.00;459.00;"100% bawełna";"100% bawełna";"Kolor jednolity";Regular;Prosty;Okrągły;LA222O0KZ-J11;Standardowa;"Krótki rękaw";;https://www.zalando.pl/lacoste-taglio-classico-l1212-original-koszulka-polo-rose-corail-ui2-la222o0kz-j11.html;50;zalando.pl;"2026-04-15 06:45:32.855+00";"2026-04-15 06:45:32.98933+00"
1464;"Koszulki z krótkim rękawem (męskie)";"UNISEX - Top";"Carne Bollente UNISEX - Top";379.00;PLN;30.00;1779.00;"98% bawełna, 2% poliuretan";;Nadruk;Slim;Dopasowany;Okrągły;CTX21002N-A11;Standardowa;"Bez rękawów";;https://www.zalando.pl/carne-bollente-power-bottom-unisex-top-white-ctx21002n-a11.html;50;zalando.pl;"2026-04-15 06:44:51.996+00";"2026-04-15 06:44:52.114822+00"
1463;"Koszulki z krótkim rękawem (męskie)";"- T-shirt z nadrukiem";"Versace Jeans Couture - T-shirt z nadrukiem";637.00;PLN;764.00;849.00;"100% bawełna";;Nadruk;Regular;Prosty;Okrągły;VEI22O0F4-Q12;Standardowa;"Krótki rękaw";;https://www.zalando.pl/versace-jeans-couture-print-t-shirt-z-nadrukiem-blacksea-vei22o0f4-q12.html;50;zalando.pl;"2026-04-15 06:44:20.659+00";"2026-04-15 06:44:20.763081+00"
1462;"Koszulki z krótkim rękawem (męskie)";"- T-shirt basic";"Lyle &amp; Scott - T-shirt basic";143.00;PLN;127.00;159.00;"100% bawełna";;"Kolor jednolity";Regular;Prosty;Okrągły;LY222O048-P11;Standardowa;"Krótki rękaw";;https://www.zalando.pl/lyle-and-scott-plain-t-shirt-basic-rich-teal-ly222o048-p11.html;50;zalando.pl;"2026-04-15 06:43:35.917+00";"2026-04-15 06:43:36.161948+00"
1461;"Koszulki z krótkim rękawem (męskie)";"- Bluzka z długim rękawem";"Carhartt WIP - Bluzka z długim rękawem";289.00;PLN;30.00;249.00;"100% bawełna";;"Nadrukowane zdjęcie";Regular;Prosty;Okrągły;C1422O10G-A11;Standardowa;"Długi rękaw";;https://www.zalando.pl/carhartt-wip-archive-script-bluzka-z-dlugim-rekawem-white-c1422o10g-a11.html;50;zalando.pl;"2026-04-15 06:29:15.547+00";"2026-04-15 06:29:15.65064+00"
1460;"Koszulki z krótkim rękawem (męskie)";"UNISEX - Bluzka z długim rękawem";"Puma UNISEX - Bluzka z długim rękawem";160.00;PLN;319.00;;"100% poliester";;Nadruk;"Loose fit";Prosty;"Wycięcie typu V";PU121004K-E11;Długa;"Długi rękaw";;https://www.zalando.pl/puma-future-archive-relaxed-longsleeve-unisex-bluzka-z-dlugim-rekawem-loden-green-pu121004k-e11.html;50;zalando.pl;"2026-04-15 06:28:35.526+00";"2026-04-15 06:28:35.629469+00"
1459;"Koszulki z krótkim rękawem (męskie)";"- T-shirt z nadrukiem";"BOSS - T-shirt z nadrukiem";399.00;PLN;30.00;269.00;"100% bawełna";;Nadruk;"Loose fit";Prosty;Okrągły;BB122O1HQ-M11;Długa;"Krótki rękaw";;https://www.zalando.pl/boss-t-shirt-z-nadrukiem-open-green-seventeen-bb122o1hq-m11.html;50;zalando.pl;"2026-04-15 06:28:04.95+00";"2026-04-15 06:28:05.184911+00"
1458;"Koszulki z krótkim rękawem (męskie)";"SLHCORMAC - T-shirt basic";"Selected SLHCORMAC - T-shirt basic";242.00;PLN;269.00;;"100% bawełna";;"Kolor jednolity";Regular;Prosty;Okrągły;SE622O0WA-Q11;Standardowa;"Krótki rękaw";;https://www.zalando.pl/selected-homme-slhcormac-o-neck-tee-5-pack-t-shirt-basic-blackbrigh-white-se622o0wa-q11.html;49;zalando.pl;"2026-04-15 06:27:13.748+00";"2026-04-15 06:27:13.852503+00"
1457;"Koszulki z krótkim rękawem (męskie)";"GRAFFITI - T-shirt z nadrukiem";"MJ Gonzales GRAFFITI - T-shirt z nadrukiem";79.00;PLN;79.00;199.00;"100% bawełna";;Nadruk;"Loose fit";Prosty;Okrągły;MRY22O03V-Q11;Długa;Półrękawek;;https://www.zalando.pl/mj-gonzales-t-shirt-z-nadrukiem-black-mry22o03v-q11.html;49;zalando.pl;"2026-04-15 06:26:26.428+00";"2026-04-15 06:26:26.700846+00"
1456;"Koszulki z krótkim rękawem (męskie)";"- T-shirt z nadrukiem";"PULL&amp;BEAR - T-shirt z nadrukiem";69.90;PLN;30.00;249.00;"100% bawełna";;Nadruk;Regular;Prosty;Okrągły;PUC22O2GI-A11;Standardowa;"Krótki rękaw";;https://www.zalando.pl/pullandbear-t-shirt-z-nadrukiem-white-puc22o2gi-a11.html;49;zalando.pl;"2026-04-15 06:25:46.158+00";"2026-04-15 06:25:46.300727+00"
1455;"Koszulki z krótkim rękawem (męskie)";"- Koszulka polo";"PULL&amp;BEAR - Koszulka polo";79.90;PLN;30.00;204.00;"72% wiskoza, 28% poliamid";;"Kolor jednolity";Regular;Prosty;;PUC22Q0DJ-Q11;Standardowa;"Krótki rękaw";;https://www.zalando.pl/pullandbear-koszulka-polo-black-puc22q0dj-q11.html;49;zalando.pl;"2026-04-15 06:25:21.364+00";"2026-04-15 06:25:21.684365+00"
1454;"Koszulki z krótkim rękawem (męskie)";"- Koszulka polo";"Lindbergh - Koszulka polo";134.21;PLN;149.95;;"95% bawełna, 5% elastan";;"Kolor jednolity";Slim;Prosty;"Wycięcie typu V";LG522P01D-J12;Standardowa;"Krótki rękaw";;https://www.zalando.pl/lindbergh-koszulka-polo-dusty-rose-lg522p01d-j12.html;49;zalando.pl;"2026-04-15 06:24:32.424+00";"2026-04-15 06:24:32.686587+00"
1453;"Koszulki z krótkim rękawem (męskie)";"- Bluzka z długim rękawem";"SIKSILK - Bluzka z długim rękawem";163.00;PLN;163.00;234.00;"95% bawełna, 5% elastan";;"Kolor jednolity";Regular;Prosty;;SIF22O1EJ-Q11;Standardowa;"Długi rękaw";;https://www.zalando.pl/siksilk-bluzka-z-dlugim-rekawem-black-sif22o1ej-q11.html;49;zalando.pl;"2026-04-15 06:24:08.855+00";"2026-04-15 06:24:08.95859+00"
1452;"Koszulki z krótkim rękawem (męskie)";"SCREEN - T-shirt z nadrukiem";"Quiksilver SCREEN - T-shirt z nadrukiem";70.00;PLN;70.00;139.00;"100% bawełna";"100% poliester";Nadruk;"Loose fit";Prosty;Okrągły;QU122O14P-M11;Długa;Półrękawek;;https://www.zalando.pl/quiksilver-nature-short-sleeve-screen-t-shirt-z-nadrukiem-gjr-qu122o14p-m11.html;49;zalando.pl;"2026-04-15 06:23:30.856+00";"2026-04-15 06:23:30.958698+00"
1451;"Koszulki z krótkim rękawem (męskie)";"- T-shirt basic";"Timberland - T-shirt basic";125.00;PLN;139.00;;"100% bawełna";;"Kolor jednolity";Regular;Prosty;Okrągły;TI122O0BE-K11;Standardowa;"Krótki rękaw";;https://www.zalando.pl/timberland-short-sleeve-badge-tee-t-shirt-basic-dark-sapphire-ti122o0be-k11.html;49;zalando.pl;"2026-04-15 06:23:11.331+00";"2026-04-15 06:23:11.430814+00"
1450;"Koszulki z krótkim rękawem (męskie)";"- Koszulka sportowa";"adidas Performance - Koszulka sportowa";179.00;PLN;30.00;99.00;"81% poliester, 14% lyocell, 5% elastan";"81% poliester, 14% lyocell, 5% elastan";"Kolor jednolity";Slim;Prosty;Okrągły;AD542D5I3-A11;Standardowa;"Krótki rękaw";;https://www.zalando.pl/adidas-performance-designed-for-training-workout-t-shirt-basic-white-ad542d5i3-a11.html;49;zalando.pl;"2026-04-15 06:22:41.555+00";"2026-04-15 06:22:41.872516+00"
1449;"Koszulki z krótkim rękawem (męskie)";"- T-shirt z nadrukiem";"Next - T-shirt z nadrukiem";156.00;PLN;30.00;79.00;"100% bawełna";;Nadruk;Regular;Prosty;Okrągły;NX322O1S1-A11;Standardowa;"Krótki rękaw";;https://www.zalando.pl/next-regular-fit-peaky-blinders-t-shirt-t-shirt-z-nadrukiem-white-nx322o1s1-a11.html;49;zalando.pl;"2026-04-15 06:22:03.152+00";"2026-04-15 06:22:03.337597+00"
1448;"Koszulki z krótkim rękawem (męskie)";"- T-shirt z nadrukiem";"Dickies - T-shirt z nadrukiem";161.00;PLN;179.00;;"100% bawełna";;"W paski";Regular;Prosty;Okrągły;DI622O05Y-M13;Standardowa;"Krótki rękaw";;https://www.zalando.pl/dickies-rivergrove-tee-t-shirt-z-nadrukiem-cypress-di622o05y-m13.html;49;zalando.pl;"2026-04-15 06:21:41.341+00";"2026-04-15 06:21:41.442515+00"
1447;"Koszulki z krótkim rękawem (męskie)";"- T-shirt basic";"Calvin Klein Jeans - T-shirt basic";134.00;PLN;82.00;149.00;"100% bawełna";;Melanż;Regular;Prosty;Okrągły;C1822O0OH-C12;Standardowa;"Krótki rękaw";;https://www.zalando.pl/calvin-klein-jeans-classic-monogram-tee-t-shirt-basic-med-grey-c1822o0oh-c12.html;49;zalando.pl;"2026-04-15 06:21:22.758+00";"2026-04-15 06:21:22.858542+00"
1446;"Koszulki z krótkim rękawem (męskie)";"4 PACK - T-shirt basic";"WE Fashion 4 PACK - T-shirt basic";289.00;PLN;30.00;149.00;"95% bawełna, 5% elastan";;"Kolor jednolity";Regular;Dopasowany;Okrągły;WF522O094-Q11;Krótka;"Bez rękawów";;https://www.zalando.pl/we-fashion-4-pack-t-shirt-basic-wf522o094-q11.html;49;zalando.pl;"2026-04-15 06:21:05.33+00";"2026-04-15 06:21:05.431046+00"
1445;"Koszulki z krótkim rękawem (męskie)";"UNISEX - T-shirt z nadrukiem";"YOURTURN UNISEX - T-shirt z nadrukiem";79.00;PLN;30.00;84.00;"100% bawełna";;Nadruk;"Loose fit";Prosty;Okrągły;YO12102C7-M11;Standardowa;Półrękawek;;https://www.zalando.pl/yourturn-unisex-t-shirt-z-nadrukiem-light-green-yo12102c7-m11.html;49;zalando.pl;"2026-04-15 06:20:25.744+00";"2026-04-15 06:20:25.844597+00"
1444;"Koszulki z krótkim rękawem (męskie)";"- Koszulka polo";"Boggi Milano - Koszulka polo";639.00;PLN;30.00;449.00;"90% bawełna, 10% jedwab";;"Kolor jednolity";Regular;Prosty;;BQ122O04F-Q11;Standardowa;"Krótki rękaw";;https://www.zalando.pl/boggi-milano-sweter-black-bq122o04f-q11.html;49;zalando.pl;"2026-04-15 06:19:42.46+00";"2026-04-15 06:19:42.564883+00"
1443;"Koszulki z krótkim rękawem (męskie)";"- T-shirt z nadrukiem";"Dickies - T-shirt z nadrukiem";143.00;PLN;159.00;;"100% bawełna";;Nadruk;Regular;Prosty;Okrągły;DI622O0AY-Q11;Standardowa;"Krótki rękaw";;https://www.zalando.pl/dickies-vernal-tee-t-shirt-z-nadrukiem-black-di622o0ay-q11.html;49;zalando.pl;"2026-04-15 06:18:55.326+00";"2026-04-15 06:18:55.427485+00"
1442;"Koszulki z krótkim rękawem (męskie)";"BOWIE - Bluzka z długim rękawem";"Les Deux BOWIE - Bluzka z długim rękawem";189.00;PLN;189.00;539.00;"42% poliester, 40% bawełna, 18% wiskoza";;"W paski";"Loose fit";Prosty;;LEP22O060-Q11;Standardowa;"Długi rękaw";;https://www.zalando.pl/les-deux-bowie-koszulka-polo-black-lep22o060-q11.html;49;zalando.pl;"2026-04-15 06:18:12.224+00";"2026-04-15 06:18:12.328587+00"
1441;"Koszulki z krótkim rękawem (męskie)";"- T-shirt basic";"Barbour - T-shirt basic";121.00;PLN;108.00;269.00;"100% bawełna";;Melanż;Regular;Prosty;Okrągły;BA222O045-K11;Standardowa;"Krótki rękaw";;https://www.zalando.pl/barbour-slub-t-shirt-basic-bleached-blue-ba222o045-k11.html;49;zalando.pl;"2026-04-15 06:17:39.768+00";"2026-04-15 06:17:40.075548+00"
1440;"Koszulki z krótkim rękawem (męskie)";"- Top";"Next - Top";97.00;PLN;30.00;89.00;"100% bawełna";;"Kolor jednolity";"Slim Fit";Prosty;Okrągły;NX322O0QJ-Q11;Krótka;"Bez rękawów";;https://www.zalando.pl/next-top-black-nx322o0qj-q11.html;49;zalando.pl;"2026-04-15 06:17:04.852+00";"2026-04-15 06:17:04.988985+00"
1439;"Koszulki z krótkim rękawem (męskie)";"SLHMATTIS - Koszulka polo";"Selected SLHMATTIS - Koszulka polo";175.00;PLN;242.00;269.00;"65% bawełna, 35% len";;"Kolor jednolity";Regular;Prosty;"Wycięcie typu V";SE622Q0RO-B11;Standardowa;"Krótki rękaw";;https://www.zalando.pl/selected-slhmattis-blend-struc-open-koszulka-polo-oatmeal-se622q0ro-b11.html;49;zalando.pl;"2026-04-15 06:16:17.87+00";"2026-04-15 06:16:18.00448+00"
1438;"Koszulki z krótkim rękawem (męskie)";"UNISEX - T-shirt basic";"YOURTURN UNISEX - T-shirt basic";53.00;PLN;53.00;59.00;"100% bawełna";;"Kolor jednolity";"Loose fit";Prosty;Okrągły;YO12101R2-A11;Standardowa;Półrękawek;;https://www.zalando.pl/yourturn-unisex-t-shirt-basic-bright-white-yo12101r2-a11.html;49;zalando.pl;"2026-04-15 06:15:28.535+00";"2026-04-15 06:15:28.873979+00"
1437;"Koszulki z krótkim rękawem (męskie)";"MORLER - T-shirt z nadrukiem";"INDICODE JEANS MORLER - T-shirt z nadrukiem";110.00;PLN;103.00;129.00;"100% bawełna";;"W paski";Regular;Prosty;Okrągły;IJ022O05S-K11;Długa;"Krótki rękaw";;https://www.zalando.pl/indicode-jeans-t-shirt-z-nadrukiem-navy-ij022o05s-k11.html;49;zalando.pl;"2026-04-15 06:14:45.521+00";"2026-04-15 06:14:45.802048+00"
1436;"Koszulki z krótkim rękawem (męskie)";"UNISEX - Bluzka z długim rękawem";"Hummel UNISEX - Bluzka z długim rękawem";183.60;PLN;204.00;;"100% poliester";"100% poliester";"Kolor jednolity";Regular;Prosty;Okrągły;HU3210034-Q11;Standardowa;"Bardzo długi rękaw";;https://www.zalando.pl/hummel-bluzka-z-dlugim-rekawem-black-asphalt-hu3210034-q11.html;49;zalando.pl;"2026-04-15 06:14:20.37+00";"2026-04-15 06:14:20.75942+00"
1435;"Koszulki z krótkim rękawem (męskie)";"- Top";"Pier One Sport - Top";63.00;PLN;79.00;;"53% bawełna, 47% poliester";;"Kolor jednolity";Regular;Prosty;Okrągły;PHZ42D00N-O11;Standardowa;"Bez rękawów";;https://www.zalando.pl/pier-one-sport-top-brown-phz42d00n-o11.html;49;zalando.pl;"2026-04-15 06:13:44.952+00";"2026-04-15 06:13:45.122024+00"
1434;"Koszulki z krótkim rękawem (męskie)";"- T-shirt z nadrukiem";"s.Oliver - T-shirt z nadrukiem";69.99;PLN;30.00;69.00;"100% bawełna";;Nadruk;Regular;Prosty;Okrągły;SO222O2FW-K11;Standardowa;"Krótki rękaw";;https://www.zalando.pl/soliver-t-shirt-t-shirt-z-nadrukiem-navy-so222o2fw-k11.html;49;zalando.pl;"2026-04-15 00:12:55.427+00";"2026-04-15 00:12:55.525209+00"
1433;"Koszulki z krótkim rękawem (męskie)";"JJELOGO - T-shirt z nadrukiem";"Jack &amp; Jones JJELOGO - T-shirt z nadrukiem";89.99;PLN;30.00;179.00;"100% bawełna";;Nadruk;Regular;Prosty;Okrągły;JA222O6G5-A12;Standardowa;"Krótki rękaw";;https://www.zalando.pl/jack-and-jones-jjelogo-tee-o-neck-t-shirt-z-nadrukiem-bright-white-ja222o6g5-a12.html;49;zalando.pl;"2026-04-15 00:12:32.445+00";"2026-04-15 00:12:32.63112+00"
1432;"Koszulki z krótkim rękawem (męskie)";"PANEL UNISEX - T-shirt z nadrukiem";"YOURTURN PANEL UNISEX - T-shirt z nadrukiem";84.00;PLN;30.00;84.00;"100% bawełna";;Nadruk;Regular;Prosty;Okrągły;YO121029K-Q11;Długa;"Krótki rękaw";;https://www.zalando.pl/yourturn-panel-unisex-t-shirt-z-nadrukiem-blackgrey-yo121029k-q11.html;49;zalando.pl;"2026-04-15 00:12:08.651+00";"2026-04-15 00:12:08.872707+00"
1431;"Koszulki z krótkim rękawem (męskie)";"- T-shirt basic";"Jack &amp; Jones PREMIUM - T-shirt basic";71.95;PLN;71.95;79.99;"60% bawełna, 40% poliester";;Melanż;Regular;Prosty;Okrągły;JAM22O0FY-A11;Standardowa;"Krótki rękaw";;https://www.zalando.pl/jack-and-jones-premium-t-shirt-basic-cloud-dancer-jam22o0fy-a11.html;49;zalando.pl;"2026-04-15 00:11:20.646+00";"2026-04-15 00:11:21.122302+00"
1430;"Koszulki z krótkim rękawem (męskie)";"- T-shirt basic";"Pier One - T-shirt basic";34.00;PLN;34.00;49.00;"100% bawełna";;"Kolor jednolity";Regular;Prosty;Okrągły;PI922O00I-A11;Standardowa;"Krótki rękaw";;https://www.zalando.pl/pier-one-t-shirt-basic-bialy-pi922o00i-a11.html;49;zalando.pl;"2026-04-15 00:10:28.947+00";"2026-04-15 00:10:29.053321+00"
1429;"Koszulki z krótkim rękawem (męskie)";"- T-shirt z nadrukiem";"Puma - T-shirt z nadrukiem";109.00;PLN;30.00;99.00;"100% bawełna";;Nadruk;Regular;Prosty;Okrągły;PU122O1CR-Q11;Standardowa;"Krótki rękaw";;https://www.zalando.pl/puma-graphic-circular-t-shirt-t-shirt-z-nadrukiem-black-pu122o1cr-q11.html;49;zalando.pl;"2026-04-15 00:09:57.039+00";"2026-04-15 00:09:57.137314+00"
1428;"Koszulki z krótkim rękawem (męskie)";"- T-shirt basic";"sandro - T-shirt basic";499.00;PLN;30.00;;"100% bawełna";;"Kolor jednolity";Regular;Prosty;Okrągły;SAD22O02Q-K11;Standardowa;"Krótki rękaw";;https://www.zalando.pl/sandro-retro-classic-tee-t-shirt-basic-marine-sad22o02q-k11.html;49;zalando.pl;"2026-04-15 00:09:28.548+00";"2026-04-15 00:09:28.647483+00"
1427;"Koszulki z krótkim rękawem (męskie)";"- Bluzka z długim rękawem";"Diesel - Bluzka z długim rękawem";271.00;PLN;271.00;339.00;"100% bawełna";;Nadruk;"Loose fit";Prosty;Okrągły;DI122O0RK-Q11;Standardowa;"Długi rękaw";;https://www.zalando.pl/diesel-bluzka-z-dlugim-rekawem-black-di122o0rk-q11.html;49;zalando.pl;"2026-04-15 00:09:07.667+00";"2026-04-15 00:09:07.816382+00"
1426;"Koszulki z krótkim rękawem (męskie)";"TEAMFINAL - Koszulka sportowa";"Puma TEAMFINAL - Koszulka sportowa";179.00;PLN;30.00;169.00;"100% poliester";;;Regular;Dopasowany;Okrągły;PU142D32S-Q11;Standardowa;"Krótki rękaw";;https://www.zalando.pl/puma-teamfinal-training-koszulka-sportowa-blackwhite-pu142d32s-q11.html;49;zalando.pl;"2026-04-15 00:08:16.058+00";"2026-04-15 00:08:16.156494+00"
1425;"Koszulki z krótkim rękawem (męskie)";"- T-shirt z nadrukiem";"Scalpers - T-shirt z nadrukiem";137.35;PLN;30.00;170.00;"100% bawełna";;Nadruk;Regular;Prosty;Okrągły;SCF22O0DQ-C11;Standardowa;"Krótki rękaw";;https://www.zalando.pl/scalpers-urban-stroke-tee-t-shirt-z-nadrukiem-grey-scf22o0dq-c11.html;49;zalando.pl;"2026-04-15 00:07:28.655+00";"2026-04-15 00:07:28.754773+00"
1424;"Koszulki z krótkim rękawem (męskie)";"EDDARD - Koszulka polo";"INDICODE JEANS EDDARD - Koszulka polo";89.99;PLN;89.99;140.99;"100% bawełna";;Melanż;Regular;Prosty;"Wycięcie typu V";IJ022P01D-N11;Standardowa;"Krótki rękaw";;https://www.zalando.pl/indicode-jeans-koszulka-polo-covert-green-ij022p01d-n11.html;49;zalando.pl;"2026-04-15 00:06:38.532+00";"2026-04-15 00:06:38.629541+00"
1423;"Koszulki z krótkim rękawem (męskie)";"- Koszulka polo";"GANT - Koszulka polo";399.95;PLN;30.00;329.00;"100% bawełna";;"Kolor jednolity";Regular;Prosty;;GA322O0DA-K12;Standardowa;"Krótki rękaw";;https://www.zalando.pl/gant-koszulka-polo-hellblau-ga322o0da-k12.html;49;zalando.pl;"2026-04-15 00:06:11.238+00";"2026-04-15 00:06:11.339615+00"
1422;"Koszulki z krótkim rękawem (męskie)";"ORLANDO - T-shirt z nadrukiem";"AllSaints ORLANDO - T-shirt z nadrukiem";278.00;PLN;247.00;309.00;"100% bawełna";"100% bawełna";Nadruk;"Loose fit";Prosty;Okrągły;A0Q22O0TL-Q11;Długa;"Krótki rękaw";;https://www.zalando.pl/allsaints-t-shirt-z-nadrukiem-washed-black-a0q22o0tl-q11.html;49;zalando.pl;"2026-04-15 00:05:24.026+00";"2026-04-15 00:05:24.126487+00"
1421;"Koszulki z krótkim rękawem (męskie)";"- T-shirt z nadrukiem";"Mister Tee - T-shirt z nadrukiem";82.00;PLN;82.00;139.00;"100% bawełna";"100% bawełna";"Nadrukowane zdjęcie";"Loose fit";Prosty;Okrągły;M0M22O1OY-B11;Długa;Półrękawek;;https://www.zalando.pl/mister-tee-t-shirt-z-nadrukiem-wetsand-m0m22o1oy-b11.html;49;zalando.pl;"2026-04-15 00:04:54.752+00";"2026-04-15 00:04:54.85093+00"
1420;"Koszulki z krótkim rękawem (męskie)";"- T-shirt z nadrukiem";"s.Oliver - T-shirt z nadrukiem";69.99;PLN;30.00;169.00;"100% bawełna";;Nadruk;Regular;Prosty;Okrągły;SO222O1Z1-A11;Standardowa;"Krótki rękaw";;https://www.zalando.pl/soliver-t-shirt-z-nadrukiem-weiss-so222o1z1-a11.html;49;zalando.pl;"2026-04-15 00:04:07.852+00";"2026-04-15 00:04:07.951956+00"
1419;"Koszulki z krótkim rękawem (męskie)";"2 PACK - T-shirt basic";"Urban Classics 2 PACK - T-shirt basic";67.00;PLN;139.00;;"100% bawełna";"100% bawełna";"Kolor jednolity";Nadwymiarowy;Prosty;Okrągły;UR622O0A8-Q11;Długa;Półrękawek;;https://www.zalando.pl/urban-classics-t-shirt-basic-black-white-ur622o0a8-q11.html;49;zalando.pl;"2026-04-15 00:03:50.536+00";"2026-04-15 00:03:50.633279+00"
1418;"Koszulki z krótkim rękawem (męskie)";"- Koszulka polo";"Jack &amp; Jones PREMIUM - Koszulka polo";129.99;PLN;30.00;109.00;"100% bawełna";;"Kolor jednolity";Regular;Prosty;Okrągły;JAM22O0GX-K11;Standardowa;"Krótki rękaw";;https://www.zalando.pl/jack-and-jones-premium-koszulka-polo-ashley-blue-jam22o0gx-k11.html;49;zalando.pl;"2026-04-15 00:03:30.061+00";"2026-04-15 00:03:30.359248+00"
1417;"Koszulki z krótkim rękawem (męskie)";"SET - Szorty";"INDICODE JEANS SET - Szorty";129.99;PLN;194.99;258.99;"100% bawełna";;"Kolor jednolity";Regular;Prosty;Okrągły;IJ022F06J-B11;Krótka;"Krótki rękaw";;https://www.zalando.pl/indicode-jeans-comfy-t-shirt-basic-irish-cream-ij022f06j-b11.html;49;zalando.pl;"2026-04-15 00:03:00.241+00";"2026-04-15 00:03:00.342527+00"
1416;"Koszulki z krótkim rękawem (męskie)";"REGULAR FIT - Top";"Seidensticker REGULAR FIT - Top";149.00;PLN;30.00;79.00;"100% bawełna";;"Kolor jednolity";Regular;;Okrągły;3SE22O000-A11;Standardowa;"Bez rękawów";;https://www.zalando.pl/seidensticker-schwarze-rose-top-white-3se22o000-a11.html;49;zalando.pl;"2026-04-15 00:02:12.029+00";"2026-04-15 00:02:12.128625+00"
1415;"Koszulki z krótkim rękawem (męskie)";"UNISEX - T-shirt basic";"PANGAIA UNISEX - T-shirt basic";128.00;PLN;144.00;319.00;"100% bawełna";;;Regular;Prosty;Okrągły;PJL210008-K14;Standardowa;"Krótki rękaw";;https://www.zalando.pl/pangaia-midweight-unisex-t-shirt-z-nadrukiem-blue-pjl210008-k14.html;49;zalando.pl;"2026-04-15 00:01:46.05+00";"2026-04-15 00:01:46.195555+00"
1414;"Koszulki z krótkim rękawem (męskie)";"- Bluzka z długim rękawem";"adidas Performance - Bluzka z długim rękawem";569.00;PLN;30.00;199.00;"100% poliester";;Nadruk;Regular;Prosty;"Wycięcie typu V";AD542D6LS-Q11;Standardowa;"Długi rękaw";;https://www.zalando.pl/adidas-performance-bluzka-z-dlugim-rekawem-black-ad542d6ls-q11.html;49;zalando.pl;"2026-04-15 00:01:06.954+00";"2026-04-15 00:01:07.054915+00"
1413;"Koszulki z krótkim rękawem (męskie)";"- Koszulka polo";"Jack &amp; Jones - Koszulka polo";219.99;PLN;30.00;227.00;"100% poliester";;Nadruk;Regular;Prosty;"Typu Henley";JA222O6HW-Q11;Standardowa;"Krótki rękaw";;https://www.zalando.pl/jack-and-jones-koszulka-polo-black-ja222o6hw-q11.html;49;zalando.pl;"2026-04-15 00:00:31.138+00";"2026-04-15 00:00:31.237378+00"
1412;"Koszulki z krótkim rękawem (męskie)";"- T-shirt z nadrukiem";"Jack &amp; Jones - T-shirt z nadrukiem";71.95;PLN;71.95;89.99;"100% bawełna";;Nadruk;"Loose fit";Prosty;Okrągły;JA222O6D6-C11;Standardowa;"Krótki rękaw";;https://www.zalando.pl/jack-and-jones-t-shirt-z-nadrukiem-gray-dawn-ja222o6d6-c11.html;49;zalando.pl;"2026-04-15 00:00:05.842+00";"2026-04-15 00:00:05.954103+00"
1411;"Koszulki z krótkim rękawem (męskie)";"SPONGEBOB SQUAREPANTS - T-shirt z nadrukiem";"Henry Tiger SPONGEBOB SQUAREPANTS - T-shirt z nadrukiem";169.99;PLN;30.00;;"100% bawełna";;Nadruk;Regular;Prosty;Okrągły;H3A21DDXZ-A11;Standardowa;"Krótki rękaw";;https://www.zalando.pl/henry-tiger-t-shirt-z-nadrukiem-white-h3a21ddxz-a11.html;48;zalando.pl;"2026-04-14 23:59:05.555+00";"2026-04-14 23:59:05.656699+00"
1410;"Koszulki z krótkim rękawem (męskie)";"- T-shirt z nadrukiem";"Levi&#x27;s® - T-shirt z nadrukiem";159.00;PLN;30.00;159.00;"100% bawełna";;"Kolor jednolity";"Loose fit";Prosty;Okrągły;LE221003D-Q11;Standardowa;"Krótki rękaw";;https://www.zalando.pl/levis-tab-vintage-tee-unisex-t-shirt-basic-mineral-black-le221003d-q11.html;48;zalando.pl;"2026-04-14 23:58:47.085+00";"2026-04-14 23:58:47.198088+00"
1409;"Koszulki z krótkim rękawem (męskie)";"- T-shirt z nadrukiem";"Calvin Klein - T-shirt z nadrukiem";152.00;PLN;93.00;169.00;"100% bawełna";;Nadruk;Regular;Prosty;Okrągły;6CA22O0OE-A11;Standardowa;"Krótki rękaw";;https://www.zalando.pl/calvin-klein-distress-monogram-graphic-tee-t-shirt-z-nadrukiem-bright-white-6ca22o0oe-a11.html;48;zalando.pl;"2026-04-14 23:57:55.953+00";"2026-04-14 23:57:56.054766+00"
1408;"Koszulki z krótkim rękawem (męskie)";"- T-shirt z nadrukiem";"Jack &amp; Jones - T-shirt z nadrukiem";69.99;PLN;30.00;79.99;"100% bawełna";;Nadruk;"Loose fit";Prosty;Okrągły;JA222O6NU-M11;Długa;"Krótki rękaw";;https://www.zalando.pl/jack-and-jones-t-shirt-z-nadrukiem-vetiver-ja222o6nu-m11.html;48;zalando.pl;"2026-04-14 23:57:20.022+00";"2026-04-14 23:57:20.12828+00"
1407;"Koszulki z krótkim rękawem (męskie)";"- T-shirt z nadrukiem";"Von Dutch - T-shirt z nadrukiem";159.00;PLN;30.00;79.00;"100% bawełna";;Nadruk;Regular;Prosty;Okrągły;VD122D00N-N11;Standardowa;"Krótki rękaw";;https://www.zalando.pl/von-dutch-lone-t-shirt-z-nadrukiem-khaki-vd122d00n-n11.html;48;zalando.pl;"2026-04-14 23:56:35.628+00";"2026-04-14 23:56:35.737479+00"
1406;"Koszulki z krótkim rękawem (męskie)";"- T-shirt z nadrukiem";"Pier One - T-shirt z nadrukiem";30.00;PLN;24.00;59.00;"100% bawełna";;Nadruk;Regular;Prosty;Okrągły;PI922O0D5-Q11;Standardowa;"Krótki rękaw";;https://www.zalando.pl/pier-one-tee-scribble-t-shirt-z-nadrukiem-pi922o0d5-q11.html;48;zalando.pl;"2026-04-14 23:55:46.186+00";"2026-04-14 23:55:46.349345+00"
1405;"Koszulki z krótkim rękawem (męskie)";"- T-shirt z nadrukiem";"Carhartt WIP - T-shirt z nadrukiem";199.00;PLN;30.00;159.00;"100% bawełna";;Nadruk;"Loose fit";Prosty;Okrągły;C1422O10K-A11;Standardowa;"Krótki rękaw";;https://www.zalando.pl/carhartt-wip-punched-t-shirt-z-nadrukiem-white-c1422o10k-a11.html;48;zalando.pl;"2026-04-14 23:38:45.765+00";"2026-04-14 23:38:45.905158+00"
1404;"Koszulki z krótkim rękawem (męskie)";"TYRESE - T-shirt z nadrukiem";"Solid TYRESE - T-shirt z nadrukiem";82.00;PLN;88.00;109.00;"100% bawełna";;Nadruk;Regular;Prosty;Okrągły;SO421D002-M11;Długa;"Krótki rękaw";;https://www.zalando.pl/solid-tyrese-t-shirt-z-nadrukiem-cilantro-so421d002-m11.html;48;zalando.pl;"2026-04-14 23:38:26.747+00";"2026-04-14 23:38:26.847978+00"
1403;"Koszulki z krótkim rękawem (męskie)";"- T-shirt basic";"Casual Friday - T-shirt basic";129.00;PLN;30.00;109.00;"100% bawełna";;"Kolor jednolity";Regular;Prosty;Okrągły;C1A22O04L-K11;Standardowa;"Krótki rękaw";;https://www.zalando.pl/casual-friday-cfelian-t-shirt-basic-dark-navy-c1a22o04l-k11.html;48;zalando.pl;"2026-04-14 23:37:50.542+00";"2026-04-14 23:37:50.767436+00"
1402;"Koszulki z krótkim rękawem (męskie)";"- T-shirt z nadrukiem";"Scalpers - T-shirt z nadrukiem";137.35;PLN;30.00;319.00;"100% bawełna";;Nadruk;Regular;Prosty;Okrągły;SCF22O0DJ-K11;Standardowa;"Krótki rękaw";;https://www.zalando.pl/scalpers-t-shirt-z-nadrukiem-light-blue-scf22o0dj-k11.html;48;zalando.pl;"2026-04-14 23:37:26.645+00";"2026-04-14 23:37:26.745386+00"
1401;"Koszulki z krótkim rękawem (męskie)";"PEANUTS SNOOPY JOE COOL STENCIL URBAN STREET ART - T-shirt z nadrukiem";"Henry Tiger PEANUTS SNOOPY JOE COOL STENCIL URBAN STREET ART - T-shirt z nadrukiem";109.99;PLN;30.00;1349.00;"100% bawełna";"100% bawełna";Nadruk;Regular;Prosty;Okrągły;H3A22O8E1-Q11;Standardowa;"Krótki rękaw";;https://www.zalando.pl/henry-tiger-t-shirt-z-nadrukiem-black-h3a22o8e1-q11.html;48;zalando.pl;"2026-04-14 23:36:36.252+00";"2026-04-14 23:36:36.349714+00"
1400;"Koszulki z krótkim rękawem (męskie)";"- Koszulka polo";"adidas Originals - Koszulka polo";224.00;PLN;249.00;;"100% poliester";;Nadruk;Regular;Prosty;"Wycięcie typu V";AD12100K1-G11;Standardowa;"Krótki rękaw";;https://www.zalando.pl/adidas-originals-koszulka-polo-better-scarlet-ad12100k1-g11.html;48;zalando.pl;"2026-04-14 23:35:49.407+00";"2026-04-14 23:35:52.642786+00"
1399;"Koszulki z krótkim rękawem (męskie)";"- T-shirt z nadrukiem";"FatFace - T-shirt z nadrukiem";202.00;PLN;30.00;269.00;"100% bawełna";;Nadruk;Regular;Prosty;Okrągły;FAO22O086-A11;Standardowa;"Krótki rękaw";;https://www.zalando.pl/fatface-t-shirt-z-nadrukiem-white-fao22o086-a11.html;48;zalando.pl;"2026-04-14 23:35:01.463+00";"2026-04-14 23:35:01.592577+00"
1398;"Koszulki z krótkim rękawem (męskie)";"- Koszulka polo";"BLKVIS - Koszulka polo";323.00;PLN;359.00;;"70% akryl, 30% wełna";;"W paski";"Loose fit";Prosty;;BVT22O01N-M11;Standardowa;Półrękawek;;https://www.zalando.pl/blkvis-koszulka-polo-hunter-green-bvt22o01n-m11.html;48;zalando.pl;"2026-04-14 23:34:35.921+00";"2026-04-14 23:34:36.060517+00"
1397;"Koszulki z krótkim rękawem (męskie)";"- T-shirt z nadrukiem";"Levi&#x27;s® - T-shirt z nadrukiem";159.00;PLN;30.00;79.00;"100% bawełna";;Nadruk;Regular;Prosty;Okrągły;LE221002G-A56;Standardowa;"Krótki rękaw";;https://www.zalando.pl/levis-t-shirt-z-nadrukiem-white-le221002g-a56.html;48;zalando.pl;"2026-04-14 23:34:02.463+00";"2026-04-14 23:34:02.77851+00"
1396;"Koszulki z krótkim rękawem (męskie)";"UNISEX - T-shirt z nadrukiem";"YOURTURN UNISEX - T-shirt z nadrukiem";79.00;PLN;30.00;99.00;"100% bawełna";;Nadruk;"Loose fit";Prosty;;YO12101FN-A11;Standardowa;Półrękawek;;https://www.zalando.pl/yourturn-unisex-t-shirt-z-nadrukiem-white-yo12101fn-a11.html;48;zalando.pl;"2026-04-14 23:33:32.052+00";"2026-04-14 23:33:32.197142+00"
1395;"Koszulki z krótkim rękawem (męskie)";"- T-shirt z nadrukiem";"HUGO - T-shirt z nadrukiem";349.00;PLN;;;"55% bawełna, 40% poliester, 5% elastan";;"Kolor jednolity";"Loose fit";Prosty;Okrągły;HU722O0UF-Q11;Standardowa;Półrękawek;;https://www.zalando.pl/hugo-t-shirt-z-nadrukiem-black-one-hu722o0uf-q11.html;48;zalando.pl;"2026-04-14 23:32:47.471+00";"2026-04-14 23:32:47.658087+00"
1394;"Koszulki z krótkim rękawem (męskie)";"WAFFLE - Bluzka z długim rękawem";"BLKVIS WAFFLE - Bluzka z długim rękawem";179.00;PLN;119.00;199.00;"100% bawełna";;"Kolor jednolity";"Loose fit";Prosty;Okrągły;BVT22O01I-Q11;Standardowa;"Długi rękaw";;https://www.zalando.pl/blkvis-script-waffle-bluzka-z-dlugim-rekawem-black-bvt22o01i-q11.html;48;zalando.pl;"2026-04-14 23:32:25.542+00";"2026-04-14 23:32:25.688474+00"
1393;"Koszulki z krótkim rękawem (męskie)";"- T-shirt z nadrukiem";"Salsa Jeans - T-shirt z nadrukiem";289.00;PLN;30.00;139.00;"100% bawełna";;Nadruk;"Loose fit";Prosty;Okrągły;SZ022O0AW-Q11;Standardowa;Półrękawek;;https://www.zalando.pl/salsa-jeans-t-shirt-z-nadrukiem-schwarz-sz022o0aw-q11.html;48;zalando.pl;"2026-04-14 23:31:51.355+00";"2026-04-14 23:31:51.488703+00"
1392;"Koszulki z krótkim rękawem (męskie)";"- Koszulka sportowa";"Puma - Koszulka sportowa";129.00;PLN;30.00;129.00;"100% poliester";;Nadruk;Regular;Prosty;Okrągły;PU142D3CI-B11;Standardowa;"Krótki rękaw";;https://www.zalando.pl/puma-t-shirt-z-nadrukiem-sandstone-pu142d3ci-b11.html;48;zalando.pl;"2026-04-14 23:31:27.436+00";"2026-04-14 23:31:27.588585+00"
1391;"Koszulki z krótkim rękawem (męskie)";"- T-shirt basic";"MSGM - T-shirt basic";629.00;PLN;30.00;359.00;"100% bawełna";;"Kolor jednolity";"Loose fit";Prosty;Okrągły;MG622O029-Q11;Standardowa;"Krótki rękaw";;https://www.zalando.pl/msgm-t-shirt-basic-black-mg622o029-q11.html;48;zalando.pl;"2026-04-14 23:30:45.366+00";"2026-04-14 23:30:45.523282+00"
1390;"Koszulki z krótkim rękawem (męskie)";"JUNO - T-shirt z nadrukiem";"BDG Urban Outfitters JUNO - T-shirt z nadrukiem";179.00;PLN;30.00;179.00;"100% bawełna";;Nadruk;Regular;Prosty;Okrągły;QX722O01W-K11;Standardowa;"Krótki rękaw";;https://www.zalando.pl/bdg-urban-outfitters-cafe-juno-tee-t-shirt-z-nadrukiem-blue-qx722o01w-k11.html;48;zalando.pl;"2026-04-14 23:30:03.655+00";"2026-04-14 23:30:03.890808+00"
1389;"Koszulki z krótkim rękawem (męskie)";"- T-shirt basic";"QS - T-shirt basic";109.99;PLN;30.00;129.00;"100% bawełna";;"Kolor jednolity";"Loose fit";Prosty;Okrągły;QS122O0VB-K11;Standardowa;Półrękawek;;https://www.zalando.pl/qs-t-shirt-basic-navy-qs122o0vb-k11.html;48;zalando.pl;"2026-04-14 23:29:40.201+00";"2026-04-14 23:29:40.345216+00"
1388;"Koszulki z krótkim rękawem (męskie)";"VENTUS - T-shirt z nadrukiem";"EA7 Emporio Armani VENTUS - T-shirt z nadrukiem";379.00;PLN;30.00;319.00;"98% poliester, 2% elastan";;"Wzory militarne";Regular;Dopasowany;Okrągły;EA722O0E3-Q11;Standardowa;"Krótki rękaw";;https://www.zalando.pl/ea7-emporio-armani-ventus-running-tee-t-shirt-z-nadrukiem-black-ea722o0e3-q11.html;48;zalando.pl;"2026-04-14 23:29:10.162+00";"2026-04-14 23:29:10.290007+00"
1387;"Koszulki z krótkim rękawem (męskie)";"- T-shirt basic";"Jordan - T-shirt basic";125.00;PLN;111.00;139.00;"100% bawełna";;"Kolor jednolity";Regular;Prosty;Okrągły;JOC22O0BA-A11;Standardowa;"Krótki rękaw";;https://www.zalando.pl/jordan-jumpman-crew-t-shirt-basic-whiteblack-joc22o0ba-a11.html;48;zalando.pl;"2026-04-14 23:28:36.344+00";"2026-04-14 23:28:36.446284+00"
1386;"Koszulki z krótkim rękawem (męskie)";"OVERSIZE - T-shirt z nadrukiem";"Marc O&#x27;Polo OVERSIZE - T-shirt z nadrukiem";229.00;PLN;30.00;359.00;"100% bawełna";;Nadruk;Nadwymiarowy;Prosty;Okrągły;MA322O0TQ-A11;Długa;Półrękawek;;https://www.zalando.pl/marc-opolo-club-67-football-t-shirt-z-nadrukiem-white-cotton-ma322o0tq-a11.html;48;zalando.pl;"2026-04-14 23:28:00.444+00";"2026-04-14 23:28:00.768696+00"
1385;"Koszulki z krótkim rękawem (męskie)";"- T-shirt basic";"Jack &amp; Jones - T-shirt basic";80.95;PLN;80.95;89.99;"100% bawełna";;Melanż;Regular;Prosty;Okrągły;JA222O3SE-M14;Długa;"Krótki rękaw";;https://www.zalando.pl/jack-and-jones-jjebasher-o-neck-t-shirt-basic-iceberg-green-ja222o3se-m14.html;47;zalando.pl;"2026-04-14 23:26:57.253+00";"2026-04-14 23:26:57.353494+00"
1384;"Koszulki z krótkim rękawem (męskie)";"UNISEX - T-shirt z nadrukiem";"Tommy Jeans UNISEX - T-shirt z nadrukiem";152.00;PLN;169.00;;"100% bawełna";;Nadruk;"Loose fit";Prosty;Okrągły;TOB2100KJ-A11;Standardowa;"Krótki rękaw";;https://www.zalando.pl/tommy-jeans-bear-tee-unisex-t-shirt-z-nadrukiem-ancient-white-tob2100kj-a11.html;47;zalando.pl;"2026-04-14 23:26:07.552+00";"2026-04-14 23:26:07.652471+00"
1383;"Koszulki z krótkim rękawem (męskie)";"UNISEX - T-shirt basic";"Polo Ralph Lauren UNISEX - T-shirt basic";379.00;PLN;30.00;719.00;"100% bawełna";;"Kolor jednolity";Regular;Prosty;Okrągły;PO222O0PD-A11;Standardowa;"Krótki rękaw";;https://www.zalando.pl/polo-ralph-lauren-t-shirt-basic-whitecruise-navy-po222o0pd-a11.html;47;zalando.pl;"2026-04-14 23:25:18.237+00";"2026-04-14 23:25:18.336368+00"
1382;"Koszulki z krótkim rękawem (męskie)";"ASTON MARTIN - T-shirt z nadrukiem";"Puma ASTON MARTIN - T-shirt z nadrukiem";339.00;PLN;30.00;329.00;"100% poliester";"100% poliester";Nadruk;Regular;Prosty;Okrągły;PU122O1BC-M11;Długa;Półrękawek;;https://www.zalando.pl/puma-aston-martin-aramco-f1-team-lifestyle-trikot-t-shirt-z-nadrukiem-lime-shimmer-pu122o1bc-m11.html;47;zalando.pl;"2026-04-14 23:24:41.834+00";"2026-04-14 23:24:41.941903+00"
1381;"Koszulki z krótkim rękawem (męskie)";"- T-shirt z nadrukiem";"s.Oliver - T-shirt z nadrukiem";363.00;PLN;30.00;139.00;"100% bawełna";;Nadruk;Regular;Prosty;Okrągły;SO221D38E-A11;Standardowa;"Krótki rękaw";;https://www.zalando.pl/soliver-5-pack-t-shirt-z-nadrukiem-weiss-so221d38e-a11.html;47;zalando.pl;"2026-04-14 23:24:19.178+00";"2026-04-14 23:24:19.323195+00"
1380;"Koszulki z krótkim rękawem (męskie)";"- T-shirt basic";"GANT - T-shirt basic";170.00;PLN;151.00;189.00;"100% bawełna";;"Kolor jednolity";Regular;Prosty;Okrągły;GA322O07F-K12;Standardowa;"Krótki rękaw";;https://www.zalando.pl/gant-printed-archive-shield-t-shirt-basic-evening-blue-ga322o07f-k12.html;47;zalando.pl;"2026-04-14 23:23:44.866+00";"2026-04-14 23:23:44.96766+00"
1379;"Koszulki z krótkim rękawem (męskie)";"3 PACK - Koszulka polo";"Pier One 3 PACK - Koszulka polo";55.00;PLN;76.00;109.00;"100% bawełna";;"Kolor jednolity";Regular;Prosty;;PI922P04I-A12;Długa;"Krótki rękaw";;https://www.zalando.pl/pier-one-2-pack-koszulka-polo-white-pi922p04i-a12.html;47;zalando.pl;"2026-04-14 23:23:16.442+00";"2026-04-14 23:23:16.540748+00"
1378;"Koszulki z krótkim rękawem (męskie)";"YUNGBLUD ON STAGE - T-shirt z nadrukiem";"rockshirts YUNGBLUD ON STAGE - T-shirt z nadrukiem";99.00;PLN;30.00;179.00;"100% bawełna";;Nadruk;Regular;Prosty;Okrągły;R8N22O0O0-Q11;Standardowa;"Krótki rękaw";;https://www.zalando.pl/rockshirts-t-shirt-z-nadrukiem-grey-r8n22o0o0-q11.html;47;zalando.pl;"2026-04-14 23:22:24.044+00";"2026-04-14 23:22:24.142959+00"
1377;"Koszulki z krótkim rękawem (męskie)";"- T-shirt basic";"FatFace - T-shirt basic";202.00;PLN;30.00;119.00;"100% bawełna";;"Kolor jednolity";Regular;Prosty;Okrągły;FAO22O081-E11;Standardowa;"Krótki rękaw";;https://www.zalando.pl/fatface-t-shirt-basic-lemon-yellow-fao22o081-e11.html;47;zalando.pl;"2026-04-14 23:22:01.861+00";"2026-04-14 23:22:02.181074+00"
1376;"Koszulki z krótkim rękawem (męskie)";"- T-shirt z nadrukiem";"s.Oliver - T-shirt z nadrukiem";89.99;PLN;30.00;59.99;"100% bawełna";;Nadruk;Regular;Prosty;Okrągły;SO222O2GZ-K11;Standardowa;"Krótki rękaw";;https://www.zalando.pl/soliver-t-shirt-t-shirt-z-nadrukiem-navy-so222o2gz-k11.html;47;zalando.pl;"2026-04-14 23:21:24.669+00";"2026-04-14 23:21:24.9001+00"
1375;"Koszulki z krótkim rękawem (męskie)";"FUJI UNISEX - T-shirt z nadrukiem";"Edwin FUJI UNISEX - T-shirt z nadrukiem";199.00;PLN;30.00;159.00;"100% bawełna";;Nadruk;Regular;Prosty;Okrągły;ED3210085-A11;Standardowa;"Krótki rękaw";;https://www.zalando.pl/edwin-sunset-on-fuji-san-unisex-t-shirt-basic-white-ed3210085-a11.html;47;zalando.pl;"2026-04-14 23:21:02.443+00";"2026-04-14 23:21:02.545576+00"
1374;"Koszulki z krótkim rękawem (męskie)";"AMON - T-shirt z nadrukiem";"Solid AMON - T-shirt z nadrukiem";129.00;PLN;30.00;229.99;"100% bawełna";;Nadruk;"Loose fit";Prosty;Okrągły;SO421D003-Q11;Długa;Półrękawek;;https://www.zalando.pl/solid-t-shirt-z-nadrukiem-true-black-so421d003-q11.html;47;zalando.pl;"2026-04-14 23:20:44.34+00";"2026-04-14 23:20:44.57192+00"
1373;"Koszulki z krótkim rękawem (męskie)";"- T-shirt z nadrukiem";"Versace Jeans Couture - T-shirt z nadrukiem";552.00;PLN;637.00;849.00;"100% bawełna";;Nadruk;Regular;Prosty;Okrągły;VEI22O0F4-Q11;Standardowa;"Krótki rękaw";;https://www.zalando.pl/versace-jeans-couture-print-t-shirt-z-nadrukiem-blackgold-coloured-vei22o0f4-q11.html;47;zalando.pl;"2026-04-14 23:20:00.223+00";"2026-04-14 23:20:00.459766+00"
1372;"Koszulki z krótkim rękawem (męskie)";"- Top";"Bershka - Top";75.90;PLN;30.00;99.00;"100% bawełna";;"Kolor jednolity";Regular;Prosty;Okrągły;BEJ22O1F1-A11;Standardowa;"Bez rękawów";;https://www.zalando.pl/bershka-top-white-bej22o1f1-a11.html;47;zalando.pl;"2026-04-14 23:19:41.345+00";"2026-04-14 23:19:41.445879+00"
1371;"Koszulki z krótkim rękawem (męskie)";"UNISEX - Top";"YOURTURN UNISEX - Top";69.00;PLN;30.00;89.00;"100% bawełna";;;Regular;Prosty;Okrągły;YO12102BQ-Q11;Standardowa;"Bardzo krótki rękawek";;https://www.zalando.pl/yourturn-unisex-top-black-yo12102bq-q11.html;47;zalando.pl;"2026-04-14 23:19:04.262+00";"2026-04-14 23:19:04.36142+00"
1370;"Koszulki z krótkim rękawem (męskie)";"- T-shirt z nadrukiem";"GAP - T-shirt z nadrukiem";129.00;PLN;30.00;269.00;"100% bawełna";;Nadruk;Regular;Prosty;Okrągły;GP022O0B9-T11;Standardowa;"Krótki rękaw";;https://www.zalando.pl/gap-logo-2-pack-t-shirt-z-nadrukiem-multi-coloured-gp022o0b9-t11.html;47;zalando.pl;"2026-04-14 23:18:22.967+00";"2026-04-14 23:18:23.264122+00"
1369;"Koszulki z krótkim rękawem (męskie)";"- Koszulka polo";"Nike Golf - Koszulka polo";242.00;PLN;269.00;;"100% poliester";;Nadruk;Regular;Dopasowany;;NI442D095-A11;Standardowa;"Krótki rękaw";;https://www.zalando.pl/nike-golf-par-koszulka-polo-whitework-blue-ni442d095-a11.html;47;zalando.pl;"2026-04-14 23:17:31.547+00";"2026-04-14 23:17:31.79765+00"
1368;"Koszulki z krótkim rękawem (męskie)";"BOXY FIT - T-shirt basic";"PULL&amp;BEAR BOXY FIT - T-shirt basic";55.90;PLN;30.00;79.00;"97% bawełna, 3% elastan";;"Kolor jednolity";"Loose fit";Prosty;Okrągły;PUC22O22Q-A11;Standardowa;"Krótki rękaw";;https://www.zalando.pl/pullandbear-t-shirt-basic-white-puc22o22q-a11.html;47;zalando.pl;"2026-04-14 23:17:10.456+00";"2026-04-14 23:17:10.698991+00"
1367;"Koszulki z krótkim rękawem (męskie)";"MONKEY RODEO - T-shirt z nadrukiem";"Henry Tiger MONKEY RODEO - T-shirt z nadrukiem";99.99;PLN;30.00;;"100% bawełna";;Nadruk;Regular;Prosty;Okrągły;H3A22O72Q-K11;Standardowa;"Krótki rękaw";;https://www.zalando.pl/henry-tiger-t-shirt-z-nadrukiem-royal-blue-h3a22o72q-k11.html;47;zalando.pl;"2026-04-14 23:16:32.945+00";"2026-04-14 23:16:33.047334+00"
1366;"Koszulki z krótkim rękawem (męskie)";"- T-shirt basic";"Massimo Dutti - T-shirt basic";129.00;PLN;30.00;179.00;"100% bawełna";;"Kolor jednolity";Regular;Prosty;Okrągły;M3I21D126-A11;Standardowa;"Krótki rękaw";;https://www.zalando.pl/massimo-dutti-t-shirt-basic-white-m3i21d126-a11.html;47;zalando.pl;"2026-04-14 23:15:59.365+00";"2026-04-14 23:15:59.515271+00"
1365;"Koszulki z krótkim rękawem (męskie)";"HOUSEMARK GRAPHIC TEE - T-shirt z nadrukiem";"Levi&#x27;s® HOUSEMARK GRAPHIC TEE - T-shirt z nadrukiem";139.00;PLN;30.00;139.00;"100% bawełna";;Nadruk;Regular;Prosty;Okrągły;LE222O03M-N11;Standardowa;"Krótki rękaw";;https://www.zalando.pl/levisr-housemark-graphic-tee-t-shirt-z-nadrukiem-tech-olive-night-le222o03m-n11.html;47;zalando.pl;"2026-04-14 23:15:24.931+00";"2026-04-14 23:15:25.059815+00"
1364;"Koszulki z krótkim rękawem (męskie)";"- Koszulka sportowa";"adidas Originals - Koszulka sportowa";219.00;PLN;30.00;159.00;"52% bawełna, 48% poliester";;;Regular;Prosty;Okrągły;AD142D072-K12;Standardowa;"Krótki rękaw";;https://www.zalando.pl/adidas-originals-germany-originals-t-shirt-z-nadrukiem-semi-flash-aqua-ad142d072-k12.html;47;zalando.pl;"2026-04-14 23:14:52.33+00";"2026-04-14 23:14:52.473576+00"
1363;"Koszulki z krótkim rękawem (męskie)";"KISS DESTROYER ALBUM - T-shirt z nadrukiem";"Kiss KISS DESTROYER ALBUM - T-shirt z nadrukiem";99.00;PLN;30.00;79.00;"100% bawełna";;Nadruk;"Regular Fit";Prosty;Okrągły;R8N22O0FN-Q11;Standardowa;"Krótki rękaw";;https://www.zalando.pl/rockshirts-kiss-destroyer-album-t-shirt-z-nadrukiem-black-r8n22o0fn-q11.html;47;zalando.pl;"2026-04-14 23:14:06.525+00";"2026-04-14 23:14:06.66245+00"
1362;"Koszulki z krótkim rękawem (męskie)";"- T-shirt z nadrukiem";"Jack &amp; Jones - T-shirt z nadrukiem";84.95;PLN;84.95;99.99;"100% bawełna";;Nadruk;Regular;Prosty;Okrągły;JA222O6IG-A11;Standardowa;"Krótki rękaw";;https://www.zalando.pl/jack-and-jones-t-shirt-z-nadrukiem-bright-white-ja222o6ig-a11.html;47;zalando.pl;"2026-04-14 20:22:57.355+00";"2026-04-14 20:22:57.458752+00"
1361;"Koszulki z krótkim rękawem (męskie)";"UNISEX - T-shirt z nadrukiem";"The Tracksuit Club UNISEX - T-shirt z nadrukiem";126.00;PLN;126.00;279.00;"100% bawełna";;Nadruk;"Loose fit";Prosty;Okrągły;T3Q210011-Q11;Standardowa;"Krótki rękaw";;https://www.zalando.pl/the-tracksuit-club-globe-unisex-t-shirt-z-nadrukiem-black-t3q210011-q11.html;47;zalando.pl;"2026-04-14 20:22:30.472+00";"2026-04-14 20:22:30.625633+00"
1360;"Koszulki z krótkim rękawem (męskie)";"- Koszulka polo";"Nike Sportswear - Koszulka polo";132.00;PLN;189.00;;"100% bawełna";;"Kolor jednolity";Regular;Prosty;;NI122P01R-A11;Standardowa;Półrękawek;;https://www.zalando.pl/nike-sportswear-koszulka-polo-whiteblack-ni122p01r-a11.html;47;zalando.pl;"2026-04-14 20:21:42.523+00";"2026-04-14 20:21:42.632239+00"
1359;"Koszulki z krótkim rękawem (męskie)";"- T-shirt basic";"GCDS - T-shirt basic";739.00;PLN;30.00;439.00;"100% bawełna";;"Kolor jednolity";Regular;Prosty;Okrągły;GC922O03E-A11;Standardowa;"Krótki rękaw";;https://www.zalando.pl/gcds-capsule-mini-logo-t-shirt-basic-optic-whiteblack-gc922o03e-a11.html;47;zalando.pl;"2026-04-14 20:21:21.77+00";"2026-04-14 20:21:21.917138+00"
1358;"Koszulki z krótkim rękawem (męskie)";"- T-shirt basic";"s.Oliver - T-shirt basic";69.99;PLN;30.00;129.00;"100% bawełna";;"Kolor jednolity";Regular;Prosty;"Wycięcie typu V";SO222O2HE-K11;Standardowa;"Krótki rękaw";;https://www.zalando.pl/soliver-t-shirt-basic-navy-so222o2he-k11.html;47;zalando.pl;"2026-04-14 20:20:42.433+00";"2026-04-14 20:20:42.538023+00"
1357;"Koszulki z krótkim rękawem (męskie)";"- T-shirt z nadrukiem";"Patriòt - T-shirt z nadrukiem";311.00;PLN;30.00;;"100% bawełna";"100% bawełna";Nadruk;Regular;Prosty;Okrągły;PKB22O004-Q11;Standardowa;"Krótki rękaw";;https://www.zalando.pl/patriot-t-shirt-z-nadrukiem-black-pkb22o004-q11.html;47;zalando.pl;"2026-04-14 20:19:51.047+00";"2026-04-14 20:19:51.982616+00"
1356;"Koszulki z krótkim rękawem (męskie)";"SILAS - Top";"Les Deux SILAS - Top";359.00;PLN;30.00;489.00;"100% poliester";;Nadruk;Regular;Prosty;Okrągły;LEP22O06P-B11;Standardowa;"Bez rękawów";;https://www.zalando.pl/les-deux-silas-top-light-sand-lep22o06p-b11.html;47;zalando.pl;"2026-04-14 20:19:26.335+00";"2026-04-14 20:19:26.434104+00"
1355;"Koszulki z krótkim rękawem (męskie)";"- Koszulka polo";"Seidensticker - Koszulka polo";299.00;PLN;30.00;129.00;"100% bawełna";;"Kolor jednolity";Slim;Dopasowany;Okrągły;3SE22P003-K11;Standardowa;"Krótki rękaw";;https://www.zalando.pl/seidensticker-koszulka-polo-dunkelblau-3se22p003-k11.html;47;zalando.pl;"2026-04-14 20:18:53.665+00";"2026-04-14 20:18:53.763013+00"
1354;"Koszulki z krótkim rękawem (męskie)";"- Koszulka polo";"Grimey - Koszulka polo";316.32;PLN;30.00;189.00;"100% poliester";;Nadruk;"Loose fit";Prosty;"Wycięcie typu V";GRD22O09J-G11;Standardowa;Półrękawek;;https://www.zalando.pl/grimey-camiseta-de-futbol-machetazos-boxy-red-koszulka-polo-red-grd22o09j-g11.html;47;zalando.pl;"2026-04-14 20:18:34.03+00";"2026-04-14 20:18:34.281783+00"
1353;"Koszulki z krótkim rękawem (męskie)";"- T-shirt basic";"s.Oliver - T-shirt basic";89.99;PLN;30.00;119.00;"100% bawełna";;Melanż;Regular;Prosty;Okrągły;SO222O2FX-M11;Standardowa;"Krótki rękaw";;https://www.zalando.pl/soliver-t-shirt-t-shirt-basic-gruen-so222o2fx-m11.html;47;zalando.pl;"2026-04-14 20:18:04.447+00";"2026-04-14 20:18:04.54455+00"
1352;"Koszulki z krótkim rękawem (męskie)";"BHESWIN - T-shirt basic";"Blend BHESWIN - T-shirt basic";129.00;PLN;30.00;89.00;"100% bawełna";;"Kolor jednolity";Regular;Prosty;Okrągły;BL522O0KY-K11;Standardowa;"Krótki rękaw";;https://www.zalando.pl/blend-bheswin-t-shirt-basic-blue-frost-bl522o0ky-k11.html;47;zalando.pl;"2026-04-14 20:17:31.238+00";"2026-04-14 20:17:31.33882+00"
1351;"Koszulki z krótkim rękawem (męskie)";"WALLO - Koszulka polo";"INDICODE JEANS WALLO - Koszulka polo";109.99;PLN;124.99;211.99;"100% bawełna";"100% bawełna";"Kolor jednolity";Regular;Prosty;"Wycięcie typu V";IJ022P00Z-K11;Długa;"Krótki rękaw";;https://www.zalando.pl/indicode-jeans-koszulka-polo-navy-ij022p00z-k11.html;46;zalando.pl;"2026-04-14 20:16:36.148+00";"2026-04-14 20:16:36.397725+00"
1350;"Koszulki z krótkim rękawem (męskie)";"- Koszulka polo";"Puma - Koszulka polo";399.00;PLN;30.00;309.00;"94% poliester, 6% elastan";;"Kolor jednolity";Regular;Prosty;;PU122O1DM-H11;Standardowa;"Krótki rękaw";;https://www.zalando.pl/puma-puma-x-mclaren-racing-replica-polo-koszulka-polo-papaya-pu122o1dm-h11.html;46;zalando.pl;"2026-04-14 20:15:55.449+00";"2026-04-14 20:15:55.767586+00"
1349;"Koszulki z krótkim rękawem (męskie)";"- T-shirt z nadrukiem";"Tommy Jeans - T-shirt z nadrukiem";170.00;PLN;189.00;;"100% bawełna";;"W paski";Regular;Prosty;Okrągły;TOB22O0WJ-K11;Standardowa;"Krótki rękaw";;https://www.zalando.pl/tommy-jeans-stripe-tee-t-shirt-z-nadrukiem-sweet-blue-tob22o0wj-k11.html;46;zalando.pl;"2026-04-14 20:15:16.64+00";"2026-04-14 20:15:16.787281+00"
1348;"Koszulki z krótkim rękawem (męskie)";"- Bluzka z długim rękawem";"MSGM - Bluzka z długim rękawem";1189.00;PLN;30.00;539.00;"100% bawełna";;"W paski";Regular;Prosty;Okrągły;MG622O02C-A11;Standardowa;"Długi rękaw";;https://www.zalando.pl/msgm-bluzka-z-dlugim-rekawem-off-whiteblue-mg622o02c-a11.html;46;zalando.pl;"2026-04-14 20:14:40.557+00";"2026-04-14 20:14:40.688735+00"
1347;"Koszulki z krótkim rękawem (męskie)";"- T-shirt basic";"Jack &amp; Jones - T-shirt basic";74.99;PLN;30.00;129.00;"100% bawełna";;Melanż;Regular;Prosty;Okrągły;JA222O2LM-C18;Długa;Półrękawek;;https://www.zalando.pl/jack-and-jones-o-neck-noos-t-shirt-basic-ultimate-grey-ja222o2lm-c18.html;46;zalando.pl;"2026-04-14 20:14:10.736+00";"2026-04-14 20:14:10.859189+00"
1346;"Koszulki z krótkim rękawem (męskie)";"UNISEX - T-shirt z nadrukiem";"Calvin Klein Jeans UNISEX - T-shirt z nadrukiem";146.00;PLN;115.00;209.00;"100% bawełna";;Nadruk;"Loose fit";Prosty;Okrągły;C18210210-P11;Standardowa;"Krótki rękaw";;https://www.zalando.pl/calvin-klein-jeans-20s-calvin-roses-graphic-tee-unisex-t-shirt-z-nadrukiem-navy-teal-c18210210-p11.html;46;zalando.pl;"2026-04-14 20:13:39.632+00";"2026-04-14 20:13:39.732868+00"
1345;"Koszulki z krótkim rękawem (męskie)";"- Koszulka polo";"Filippa K - Koszulka polo";409.00;PLN;30.00;529.00;"95% bawełna, 5% elastan";;"Kolor jednolity";Regular;Prosty;"Wycięcie typu V";F1422O03R-Q11;Standardowa;"Krótki rękaw";;https://www.zalando.pl/filippa-k-stretch-koszulka-polo-white-f1422o03r-q11.html;46;zalando.pl;"2026-04-14 20:12:57.235+00";"2026-04-14 20:12:57.491984+00"
1344;"Koszulki z krótkim rękawem (męskie)";"- Top";"HUGO - Top";179.00;PLN;199.00;;"100% bawełna";;"Kolor jednolity";Regular;Prosty;Okrągły;HU722O0JD-Q11;Standardowa;"Bardzo krótki rękawek";;https://www.zalando.pl/hugo-navertz-t-shirt-basic-black-hu722o0jd-q11.html;46;zalando.pl;"2026-04-14 20:12:39.371+00";"2026-04-14 20:12:39.520338+00"
1343;"Koszulki z krótkim rękawem (męskie)";"- T-shirt z nadrukiem";"Jack &amp; Jones - T-shirt z nadrukiem";74.99;PLN;30.00;69.00;"100% bawełna";;Nadruk;Regular;Prosty;Okrągły;JA222O6J8-G11;Standardowa;"Krótki rękaw";;https://www.zalando.pl/jack-and-jones-t-shirt-z-nadrukiem-tibetan-red-ja222o6j8-g11.html;46;zalando.pl;"2026-04-14 20:12:21.579+00";"2026-04-14 20:12:21.768082+00"
1342;"Koszulki z krótkim rękawem (męskie)";"T-shirt z nadrukiem";"Helly Hansen T-shirt z nadrukiem";129.00;PLN;30.00;164.99;"100% bawełna";"100% bawełna";Nadruk;Regular;Prosty;Okrągły;HE622O024-H11;Standardowa;"Krótki rękaw";;https://www.zalando.pl/helly-hansen-t-shirt-z-nadrukiem-nantucket-red-he622o024-h11.html;46;zalando.pl;"2026-04-14 20:11:33.829+00";"2026-04-14 20:11:33.927453+00"
1341;"Koszulki z krótkim rękawem (męskie)";"- T-shirt basic";"camel active - T-shirt basic";139.95;PLN;30.00;119.00;"71% bawełna, 25% poliester, 4% elastan";;"Kolor jednolity";Regular;Prosty;Okrągły;CA542D000-M11;Standardowa;"Krótki rękaw";;https://www.zalando.pl/camel-active-flexxxactive-t-shirt-basic-lagoon-green-ca542d000-m11.html;46;zalando.pl;"2026-04-14 20:10:48.152+00";"2026-04-14 20:10:48.251628+00"
1340;"Koszulki z krótkim rękawem (męskie)";"- T-shirt z nadrukiem";"Diverse - T-shirt z nadrukiem";62.99;PLN;69.99;;"100% bawełna";"100% bawełna";Nadruk;Regular;Prosty;Okrągły;D8D22O0PM-K11;Długa;"Krótki rękaw";;https://www.zalando.pl/diverse-t-shirt-z-nadrukiem-niebieski-d8d22o0pm-k11.html;46;zalando.pl;"2026-04-14 20:10:15.253+00";"2026-04-14 20:10:15.396389+00"
1339;"Koszulki z krótkim rękawem (męskie)";"UNISEX - T-shirt z nadrukiem";"Carne Bollente UNISEX - T-shirt z nadrukiem";180.00;PLN;162.00;359.00;"100% bawełna";;Nadruk;"Loose fit";Prosty;Okrągły;CTX210026-A11;Standardowa;"Krótki rękaw";;https://www.zalando.pl/carne-bollente-take-a-hint-unisex-t-shirt-z-nadrukiem-white-ctx210026-a11.html;46;zalando.pl;"2026-04-14 20:09:26.632+00";"2026-04-14 20:09:26.73054+00"
1338;"Koszulki z krótkim rękawem (męskie)";"- T-shirt z nadrukiem";"Karl Kani - T-shirt z nadrukiem";118.00;PLN;82.00;169.00;"100% bawełna";;"Nadrukowane zdjęcie";"Loose fit";Prosty;Okrągły;KK122O0AC-A11;Długa;"Krótki rękaw";;https://www.zalando.pl/karl-kani-small-signature-logo-t-shirt-z-nadrukiem-white-kk122o0ac-a11.html;46;zalando.pl;"2026-04-14 20:08:39.034+00";"2026-04-14 20:08:39.150478+00"
1337;"Koszulki z krótkim rękawem (męskie)";"- T-shirt z nadrukiem";"Mustang - T-shirt z nadrukiem";128.01;PLN;30.00;139.00;"100% bawełna";;Nadruk;Regular;Prosty;Okrągły;MU322O0T0-Q11;Standardowa;"Krótki rękaw";;https://www.zalando.pl/mustang-t-shirt-z-nadrukiem-schwarz-mu322o0t0-q11.html;46;zalando.pl;"2026-04-14 20:07:53.361+00";"2026-04-14 20:07:53.463168+00"
1336;"Koszulki z krótkim rękawem (męskie)";"- T-shirt z nadrukiem";"PULL&amp;BEAR - T-shirt z nadrukiem";79.90;PLN;30.00;69.00;"100% bawełna";;Nadruk;Regular;Prosty;Okrągły;PUC22O2JA-B11;Standardowa;"Krótki rękaw";;https://www.zalando.pl/pullandbear-t-shirt-z-nadrukiem-sand-puc22o2ja-b11.html;46;zalando.pl;"2026-04-14 20:07:34.832+00";"2026-04-14 20:07:34.933118+00"
1335;"Koszulki z krótkim rękawem (męskie)";"- T-shirt z nadrukiem";"Jack &amp; Jones - T-shirt z nadrukiem";53.95;PLN;53.95;59.99;"100% bawełna";;Nadruk;Regular;Prosty;Okrągły;JA222O6JB-M11;Standardowa;"Krótki rękaw";;https://www.zalando.pl/jack-and-jones-t-shirt-z-nadrukiem-kombu-green-ja222o6jb-m11.html;46;zalando.pl;"2026-04-14 20:06:49.367+00";"2026-04-14 20:06:49.519128+00"
1334;"Koszulki z krótkim rękawem (męskie)";"- T-shirt z nadrukiem";"Jack &amp; Jones - T-shirt z nadrukiem";47.95;PLN;47.95;59.99;"100% bawełna";;Nadruk;Regular;Prosty;Okrągły;JA222D2U1-A11;Standardowa;"Krótki rękaw";;https://www.zalando.pl/jack-and-jones-logo-rundhalsausschnitt-t-shirt-z-nadrukiem-moonbeam-ja222d2u1-a11.html;46;zalando.pl;"2026-04-14 20:06:11.469+00";"2026-04-14 20:06:11.622904+00"
1333;"Koszulki z krótkim rękawem (męskie)";"- Bluzka z długim rękawem";"Dickies - Bluzka z długim rękawem";179.00;PLN;129.00;199.00;"100% bawełna";;Nadruk;"Loose fit";Prosty;Okrągły;DI622O0BI-A11;Standardowa;"Długi rękaw";;https://www.zalando.pl/dickies-nashport-bluzka-z-dlugim-rekawem-white-di622o0bi-a11.html;46;zalando.pl;"2026-04-14 20:05:27.134+00";"2026-04-14 20:05:27.235577+00"
1332;"Koszulki z krótkim rękawem (męskie)";"- T-shirt z nadrukiem";"Karl Kani - T-shirt z nadrukiem";119.00;PLN;30.00;79.00;"100% bawełna";;"W paski";"Loose fit";Prosty;Okrągły;KK122O0G1-O11;Standardowa;Półrękawek;;https://www.zalando.pl/karl-kani-t-shirt-z-nadrukiem-dark-brown-off-white-kk122o0g1-o11.html;46;zalando.pl;"2026-04-14 20:04:43.933+00";"2026-04-14 20:04:44.048587+00"
1331;"Koszulki z krótkim rękawem (męskie)";"OVERSIZE FIT - T-shirt basic";"Dropsize OVERSIZE FIT - T-shirt basic";82.00;PLN;73.00;99.00;"100% bawełna";"100% bawełna";Melanż;"Loose fit";Prosty;Okrągły;DBB22O02E-K11;Standardowa;"Krótki rękaw";;https://www.zalando.pl/dropsize-heavy-t-shirt-basic-black-iris-dbb22o02e-k11.html;46;zalando.pl;"2026-04-14 20:04:02.757+00";"2026-04-14 20:04:02.861312+00"
1330;"Koszulki z krótkim rękawem (męskie)";"NORMALE PASSFORM 2 PACK BANGOR - T-shirt z nadrukiem";"Lonsdale NORMALE PASSFORM 2 PACK BANGOR - T-shirt z nadrukiem";127.00;PLN;118.00;159.00;"100% bawełna";;Nadruk;Regular;Prosty;Okrągły;L2G22O02Y-Q11;Standardowa;"Krótki rękaw";;https://www.zalando.pl/lonsdale-t-shirt-z-nadrukiem-black-olive-l2g22o02y-q11.html;46;zalando.pl;"2026-04-14 20:03:36.459+00";"2026-04-14 20:03:36.566051+00"
1329;"Koszulki z krótkim rękawem (męskie)";"NETHERLANDS 2026/27 HOME - Koszulka sportowa";"Nike Performance NETHERLANDS 2026/27 HOME - Koszulka sportowa";679.00;PLN;30.00;549.00;"100% poliester";;;Slim;Dopasowany;Kopertowy;N1242D7UD-H11;Standardowa;"Krótki rękaw";;https://www.zalando.pl/nike-performance-netherlands-202627-match-home-koszulka-reprezentacji-hyper-crimsonblack-n1242d7ud-h11.html;46;zalando.pl;"2026-04-14 20:03:08.969+00";"2026-04-14 20:03:09.116837+00"
1328;"Koszulki z krótkim rękawem (męskie)";"- T-shirt z nadrukiem";"RETERNITY - T-shirt z nadrukiem";175.00;PLN;205.00;319.00;"100% bawełna";;Nadruk;"Loose fit";Prosty;Okrągły;RCE22O00R-K11;Standardowa;"Krótki rękaw";;https://www.zalando.pl/reternity-t-shirt-z-nadrukiem-heavy-bleached-blue-rce22o00r-k11.html;45;zalando.pl;"2026-04-14 20:02:12.324+00";"2026-04-14 20:02:12.604535+00"
1327;"Koszulki z krótkim rękawem (męskie)";"- Koszulka polo";"Polo Ralph Lauren - Koszulka polo";1009.00;PLN;30.00;699.00;"100% bawełna";;"W paski";"Loose fit";Prosty;;PO222O0JZ-K15;Standardowa;"Długi rękaw";;https://www.zalando.pl/polo-ralph-lauren-long-sleeve-rugby-bluzka-z-dlugim-rekawem-trophy-creamblack-po222o0jz-k15.html;45;zalando.pl;"2026-04-14 20:01:52.322+00";"2026-04-14 20:01:52.423742+00"
1326;"Koszulki z krótkim rękawem (męskie)";"BOLTON UNISEX - T-shirt z nadrukiem";"Edwin BOLTON UNISEX - T-shirt z nadrukiem";249.00;PLN;30.00;289.00;"50% bawełna, 50% poliester";;"W paski";Regular;Prosty;Okrągły;ED321008D-C11;Standardowa;"Krótki rękaw";;https://www.zalando.pl/edwin-bolton-unisex-t-shirt-z-nadrukiem-greywhite-ed321008d-c11.html;45;zalando.pl;"2026-04-14 20:01:04.327+00";"2026-04-14 20:01:04.57445+00"
1325;"Koszulki z krótkim rękawem (męskie)";"OSCAR - Koszulka polo";"Pepe Jeans OSCAR - Koszulka polo";229.00;PLN;30.00;329.00;"100% bawełna";;"Kolor jednolity";Regular;Prosty;"Wycięcie typu V";PE122O0R9-L11;Standardowa;"Krótki rękaw";;https://www.zalando.pl/pepe-jeans-oscar-koszulka-polo-dark-acqua-blue-pe122o0r9-l11.html;45;zalando.pl;"2026-04-14 20:00:32.549+00";"2026-04-14 20:00:32.649077+00"
1324;"Koszulki z krótkim rękawem (męskie)";"- T-shirt z nadrukiem";"Jack &amp; Jones Performance - T-shirt z nadrukiem";89.95;PLN;89.95;99.99;"95% wiskoza, 5% elastan";;Nadruk;"Loose fit";Prosty;Okrągły;JAT42D008-A12;Standardowa;"Krótki rękaw";;https://www.zalando.pl/jack-and-jones-performance-jcocnz-berlin-t-shirt-z-nadrukiem-bright-white-jat42d008-a12.html;45;zalando.pl;"2026-04-14 20:00:04.422+00";"2026-04-14 20:00:04.56532+00"
1323;"Koszulki z krótkim rękawem (męskie)";"- T-shirt z nadrukiem";"Libertine-Libertine - T-shirt z nadrukiem";249.00;PLN;30.00;159.00;"100% bawełna";;Nadruk;Regular;Prosty;Okrągły;LIQ22O021-Q11;Standardowa;"Krótki rękaw";;https://www.zalando.pl/libertine-libertine-broke-pulpo-t-shirt-z-nadrukiem-black-liq22o021-q11.html;45;zalando.pl;"2026-04-14 19:59:28.798+00";"2026-04-14 19:59:28.920704+00"
1322;"Koszulki z krótkim rękawem (męskie)";"GIO - T-shirt z nadrukiem";"Pepe Jeans GIO - T-shirt z nadrukiem";159.00;PLN;30.00;179.00;"100% bawełna";;Nadruk;Regular;Prosty;Okrągły;PE122O0R5-G11;Standardowa;"Krótki rękaw";;https://www.zalando.pl/pepe-jeans-gio-tee-t-shirt-z-nadrukiem-summer-red-pe122o0r5-g11.html;45;zalando.pl;"2026-04-14 19:59:12.047+00";"2026-04-14 19:59:12.146694+00"
1321;"Koszulki z krótkim rękawem (męskie)";"WILBUR - T-shirt basic";"INDICODE JEANS WILBUR - T-shirt basic";89.99;PLN;164.99;;"100% bawełna";;"Kolor jednolity";Slim;Dopasowany;Okrągły;IJ022O013-Q12;Długa;"Krótki rękaw";;https://www.zalando.pl/indicode-jeans-wilbur-t-shirt-basic-ij022o013-q12.html;45;zalando.pl;"2026-04-14 19:58:33.241+00";"2026-04-14 19:58:33.401418+00"
1320;"Koszulki z krótkim rękawem (męskie)";"OVERSIZE - T-shirt z nadrukiem";"Marc O&#x27;Polo OVERSIZE - T-shirt z nadrukiem";229.00;PLN;30.00;179.00;"100% bawełna";;Nadruk;Nadwymiarowy;Prosty;Okrągły;MA322O0TO-A11;Standardowa;"Krótki rękaw";;https://www.zalando.pl/marc-opolo-t-shirt-z-nadrukiem-white-cotton-ma322o0to-a11.html;45;zalando.pl;"2026-04-14 19:58:02.67+00";"2026-04-14 19:58:02.834045+00"
1319;"Koszulki z krótkim rękawem (męskie)";"GARM - T-shirt z nadrukiem";"WRSTBHVR GARM - T-shirt z nadrukiem";238.00;PLN;340.00;;"100% bawełna";;;Nadwymiarowy;Prosty;Okrągły;WR821D02L-A11;Długa;Półrękawek;;https://www.zalando.pl/wrstbhvr-garm-t-shirt-z-nadrukiem-gardenia-wr821d02l-a11.html;45;zalando.pl;"2026-04-14 19:19:42.238+00";"2026-04-14 19:19:42.338768+00"
1318;"Koszulki z krótkim rękawem (męskie)";"- T-shirt basic";"Pier One Sport - T-shirt basic";97.00;PLN;65.00;129.00;"92% poliester, 8% elastan";;"Kolor jednolity";Slim;Dopasowany;Okrągły;PHZ42D026-Q11;Standardowa;"Krótki rękaw";;https://www.zalando.pl/pier-one-sport-3-pack-t-shirt-basic-blackwhitestone-phz42d026-q11.html;45;zalando.pl;"2026-04-14 19:19:17.467+00";"2026-04-14 19:19:17.661057+00"
1317;"Koszulki z krótkim rękawem (męskie)";"UNISEX - T-shirt basic";"YOURTURN UNISEX - T-shirt basic";80.00;PLN;80.00;89.00;"100% bawełna";;"Kolor jednolity";"Loose fit";Prosty;Okrągły;YO12101CQ-A12;Standardowa;Półrękawek;;https://www.zalando.pl/yourturn-2-pack-unisex-t-shirt-basic-whiteblack-yo12101cq-a12.html;45;zalando.pl;"2026-04-14 19:18:23.521+00";"2026-04-14 19:18:23.620868+00"
1316;"Koszulki z krótkim rękawem (męskie)";"JORDIA - T-shirt z nadrukiem";"Jack &amp; Jones JORDIA - T-shirt z nadrukiem";63.95;PLN;63.95;79.99;"100% bawełna";;Nadruk;"Loose fit";Prosty;Okrągły;JA222O6AV-G11;Długa;"Krótki rękaw";;https://www.zalando.pl/jack-and-jones-jordia-graphic-front-crew-neck-t-shirt-z-nadrukiem-tibetan-red-ja222o6av-g11.html;45;zalando.pl;"2026-04-14 19:18:00.863+00";"2026-04-14 19:18:00.963799+00"
1315;"Koszulki z krótkim rękawem (męskie)";"REGULAR FIT - T-shirt basic";"GANT REGULAR FIT - T-shirt basic";205.26;PLN;241.46;;"100% bawełna";;"Kolor jednolity";Regular;Prosty;Okrągły;GA322O0CW-M11;Standardowa;"Krótki rękaw";;https://www.zalando.pl/gant-t-shirt-basic-dry-herb-green-ga322o0cw-m11.html;45;zalando.pl;"2026-04-14 19:17:26.431+00";"2026-04-14 19:17:26.530522+00"
1314;"Koszulki z krótkim rękawem (męskie)";"UNISEX - T-shirt z nadrukiem";"Wasted Paris UNISEX - T-shirt z nadrukiem";90.00;PLN;72.00;179.00;"100% bawełna";;Nadruk;"Regular Fit";Prosty;Okrągły;WAT2100I5-A11;Standardowa;"Krótki rękaw";;https://www.zalando.pl/wasted-paris-know-what-i-mean-unisex-t-shirt-z-nadrukiem-white-wat2100i5-a11.html;45;zalando.pl;"2026-04-14 19:16:42.027+00";"2026-04-14 19:16:42.302335+00"
1313;"Koszulki z krótkim rękawem (męskie)";"- Koszulka polo";"Billionaire Boys Club - Koszulka polo";789.00;PLN;30.00;2519.00;"100% bawełna";;Nadruk;Nadwymiarowy;Prosty;;B0Z22O01M-M11;Standardowa;"Długi rękaw";;https://www.zalando.pl/billionaire-boys-club-world-regatta-oversized-rugby-bluzka-z-dlugim-rekawem-multi-coloured-b0z22o01m-m11.html;45;zalando.pl;"2026-04-14 19:16:13.476+00";"2026-04-14 19:16:13.656986+00"
1312;"Koszulki z krótkim rękawem (męskie)";"- T-shirt z nadrukiem";"Men Plus - T-shirt z nadrukiem";112.99;PLN;125.99;;"100% bawełna";;Nadruk;Regular;Prosty;Okrągły;M8N22O07Q-K11;Standardowa;"Krótki rękaw";;https://www.zalando.pl/men-plus-t-shirt-z-nadrukiem-royal-blue-m8n22o07q-k11.html;45;zalando.pl;"2026-04-14 19:15:30.671+00";"2026-04-14 19:15:30.859402+00"
1311;"Koszulki z krótkim rękawem (męskie)";"MILER - Koszulka sportowa";"Nike Performance MILER - Koszulka sportowa";159.00;PLN;30.00;139.00;"100% poliester";;Melanż;Regular;Dopasowany;Okrągły;N1242D7RG-H11;Standardowa;"Krótki rękaw";;https://www.zalando.pl/nike-performance-miler-koszulka-sportowa-safety-orangecampfire-orange-n1242d7rg-h11.html;45;zalando.pl;"2026-04-14 19:14:42.358+00";"2026-04-14 19:14:42.592873+00"
1310;"Koszulki z krótkim rękawem (męskie)";"ODYSSEY - T-shirt z nadrukiem";"AllSaints ODYSSEY - T-shirt z nadrukiem";278.00;PLN;247.00;309.00;"100% bawełna";;Nadruk;"Loose fit";Prosty;Okrągły;A0Q22O0Y8-A11;Standardowa;Półrękawek;;https://www.zalando.pl/allsaints-odyssey-crew-t-shirt-z-nadrukiem-dusk-white-a0q22o0y8-a11.html;45;zalando.pl;"2026-04-14 19:13:51.541+00";"2026-04-14 19:13:51.6432+00"
1309;"Koszulki z krótkim rękawem (męskie)";"SLHASPEN - T-shirt basic";"Selected SLHASPEN - T-shirt basic";98.00;PLN;109.00;;"100% bawełna";;Melanż;Regular;Prosty;Okrągły;SE622O0TG-N11;Standardowa;"Krótki rękaw";;https://www.zalando.pl/selected-homme-slhaspen-o-neck-tee-t-shirt-basic-vetiver-se622o0tg-n11.html;45;zalando.pl;"2026-04-14 19:13:28.249+00";"2026-04-14 19:13:28.349594+00"
1308;"Koszulki z krótkim rękawem (męskie)";"UNISEX - T-shirt z nadrukiem";"Puma UNISEX - T-shirt z nadrukiem";152.00;PLN;110.00;169.00;"100% bawełna";;"W kwiatki";Regular;Prosty;Okrągły;PU121004P-A11;Standardowa;"Krótki rękaw";;https://www.zalando.pl/puma-boxy-florals-graphic-tee-unisex-t-shirt-z-nadrukiem-white-pu121004p-a11.html;45;zalando.pl;"2026-04-14 19:12:51.957+00";"2026-04-14 19:12:52.288556+00"
1307;"Koszulki z krótkim rękawem (męskie)";"BHOrtwin - T-shirt z nadrukiem";"Blend BHOrtwin - T-shirt z nadrukiem";60.00;PLN;62.00;99.00;"100% bawełna";;Nadruk;Regular;Prosty;Okrągły;BL522O0CW-H11;Standardowa;"Krótki rękaw";;https://www.zalando.pl/blend-t-shirt-z-nadrukiem-mango-bl522o0cw-h11.html;45;zalando.pl;"2026-04-14 19:12:19.632+00";"2026-04-14 19:12:20.596502+00"
1306;"Koszulki z krótkim rękawem (męskie)";"- T-shirt z nadrukiem";"Superdry &amp; Co - T-shirt z nadrukiem";169.00;PLN;30.00;169.00;"100% bawełna";;Nadruk;Regular;Prosty;Okrągły;SU222O351-G11;Standardowa;"Krótki rękaw";;https://www.zalando.pl/superdry-lo-fi-outdoors-t-shirt-z-nadrukiem-deep-red-su222o351-g11.html;45;zalando.pl;"2026-04-14 19:11:53.471+00";"2026-04-14 19:11:53.659124+00"
1305;"Koszulki z krótkim rękawem (męskie)";"- T-shirt z nadrukiem";"Jack &amp; Jones - T-shirt z nadrukiem";69.99;PLN;30.00;79.00;"100% bawełna";;Nadruk;"Loose fit";Prosty;Okrągły;JA222O6LC-Q11;Standardowa;Półrękawek;;https://www.zalando.pl/jack-and-jones-t-shirt-z-nadrukiem-black-ja222o6lc-q11.html;45;zalando.pl;"2026-04-14 19:11:10.646+00";"2026-04-14 19:11:10.891463+00"
1304;"Koszulki z krótkim rękawem (męskie)";"KAMIL - T-shirt basic";"Blend KAMIL - T-shirt basic";69.00;PLN;30.00;79.00;"100% bawełna";;"Kolor jednolity";"Loose fit";Prosty;Okrągły;BL522O0KS-A11;Standardowa;"Krótki rękaw";;https://www.zalando.pl/blend-t-shirt-z-nadrukiem-vanilla-ice-bl522o0ks-a11.html;45;zalando.pl;"2026-04-14 19:10:19.559+00";"2026-04-14 19:10:19.688193+00"
1303;"Koszulki z krótkim rękawem (męskie)";"BHTEE - T-shirt z nadrukiem";"Blend BHTEE - T-shirt z nadrukiem";80.00;PLN;76.00;119.00;"100% bawełna";;Nadruk;Regular;Prosty;Okrągły;BL522O0F4-K11;Standardowa;"Krótki rękaw";;https://www.zalando.pl/blend-t-shirt-z-nadrukiem-dusty-blue-bl522o0f4-k11.html;44;zalando.pl;"2026-04-14 19:09:20.83+00";"2026-04-14 19:09:20.931718+00"
1302;"Koszulki z krótkim rękawem (męskie)";"BORUSSIA DORTMUND FTBLCULTURE - Artykuły klubowe";"Puma BORUSSIA DORTMUND FTBLCULTURE - Artykuły klubowe";129.00;PLN;30.00;129.00;"100% bawełna";;Nadruk;Regular;Prosty;Okrągły;PU142D339-Q11;Standardowa;"Krótki rękaw";;https://www.zalando.pl/puma-borussia-dortmund-tee-t-shirt-z-nadrukiem-blackfaster-yellow-pu142d339-q11.html;44;zalando.pl;"2026-04-14 19:08:36.035+00";"2026-04-14 19:08:36.138001+00"
1301;"Koszulki z krótkim rękawem (męskie)";"- Koszulka polo";"Polo Ralph Lauren Big &amp; Tall - Koszulka polo";609.00;PLN;30.00;529.00;"100% bawełna";;"Kolor jednolity";Regular;Prosty;;P6222P00A-G26;Standardowa;"Krótki rękaw";;https://www.zalando.pl/polo-ralph-lauren-big-and-tall-the-iconic-mesh-polo-shirt-koszulka-polo-austin-blue-p6222p00a-g26.html;44;zalando.pl;"2026-04-14 19:07:58.309+00";"2026-04-14 19:07:58.422171+00"
1300;"Koszulki z krótkim rękawem (męskie)";"CREDITS OVERSIZE - T-shirt z nadrukiem";"Upscale by Mister Tee CREDITS OVERSIZE - T-shirt z nadrukiem";76.00;PLN;70.00;119.00;"100% bawełna";;Nadruk;Regular;Prosty;Okrągły;UP722O027-A11;Standardowa;"Krótki rękaw";;https://www.zalando.pl/upscale-by-mister-tee-t-shirt-z-nadrukiem-white-up722o027-a11.html;44;zalando.pl;"2026-04-14 19:07:32.55+00";"2026-04-14 19:07:32.834611+00"
1299;"Koszulki z krótkim rękawem (męskie)";"KURZARM - T-shirt basic";"camel active KURZARM - T-shirt basic";99.95;PLN;30.00;129.00;"50% bawełna, 50% poliester";;Melanż;Regular;Prosty;"Wycięcie typu V";CA522O05H-K11;Standardowa;"Krótki rękaw";;https://www.zalando.pl/camel-active-t-shirt-basic-night-blue-ca522o05h-k11.html;44;zalando.pl;"2026-04-14 19:06:39.933+00";"2026-04-14 19:06:40.038844+00"
1298;"Koszulki z krótkim rękawem (męskie)";"- T-shirt z nadrukiem";"Jack &amp; Jones - T-shirt z nadrukiem";67.45;PLN;67.45;89.99;"100% bawełna";;Nadruk;Regular;Prosty;Okrągły;JA222O6BA-Q11;Standardowa;"Krótki rękaw";;https://www.zalando.pl/jack-and-jones-t-shirt-z-nadrukiem-black-ja222o6ba-q11.html;44;zalando.pl;"2026-04-14 19:05:53.352+00";"2026-04-14 19:05:53.453178+00"
1297;"Koszulki z krótkim rękawem (męskie)";"WILEY UFO - T-shirt z nadrukiem";"No Problemo WILEY UFO - T-shirt z nadrukiem";181.00;PLN;181.00;279.00;"100% bawełna";;Nadruk;Regular;Prosty;Okrągły;N8G22O009-A11;Standardowa;"Krótki rękaw";;https://www.zalando.pl/no-problemo-wiley-ufo-tee-t-shirt-z-nadrukiem-white-n8g22o009-a11.html;44;zalando.pl;"2026-04-14 19:05:06.338+00";"2026-04-14 19:05:06.777849+00"
1296;"Koszulki z krótkim rękawem (męskie)";"UNISEX - Koszulka polo";"Kappa UNISEX - Koszulka polo";155.00;PLN;309.00;;"100% poliester";;"W paski";"Loose fit";Prosty;;10K210033-Q11;Standardowa;"Krótki rękaw";;https://www.zalando.pl/kappa-authentic-winston-unisex-koszulka-polo-blackred-racingyellow-buttercup-10k210033-q11.html;44;zalando.pl;"2026-04-14 19:04:43.057+00";"2026-04-14 19:04:43.159814+00"
1295;"Koszulki z krótkim rękawem (męskie)";"PRIllian - Koszulka polo";"11 Project PRIllian - Koszulka polo";82.00;PLN;84.00;129.00;"100% bawełna";;"Kolor jednolity";Regular;Prosty;;11322P000-Q11;Standardowa;"Krótki rękaw";;https://www.zalando.pl/11-project-koszulka-polo-black-11322p000-q11.html;44;zalando.pl;"2026-04-14 19:04:04.459+00";"2026-04-14 19:04:04.558384+00"
1294;"Koszulki z krótkim rękawem (męskie)";"MILER - Bluzka z długim rękawem";"Nike Performance MILER - Bluzka z długim rękawem";249.00;PLN;30.00;259.00;"100% poliester";;Nadruk;Regular;Dopasowany;;N1242D7RF-Q11;Standardowa;"Bardzo długi rękaw";;https://www.zalando.pl/nike-performance-miler-bluzka-z-dlugim-rekawem-black-n1242d7rf-q11.html;44;zalando.pl;"2026-04-14 19:03:41.144+00";"2026-04-14 19:03:41.245195+00"
1293;"Koszulki z krótkim rękawem (męskie)";"- T-shirt z nadrukiem";"Bershka - T-shirt z nadrukiem";59.90;PLN;30.00;79.00;"100% bawełna";;Nadruk;Regular;Prosty;Okrągły;BEJ21D2K4-Q11;Standardowa;"Krótki rękaw";;https://www.zalando.pl/bershka-t-shirt-z-nadrukiem-black-bej21d2k4-q11.html;44;zalando.pl;"2026-04-14 19:02:58.822+00";"2026-04-14 19:02:58.923392+00"
1292;"Koszulki z krótkim rękawem (męskie)";"- T-shirt z nadrukiem";"MOSCHINO - T-shirt z nadrukiem";879.00;PLN;30.00;359.00;"100% bawełna";;Nadruk;Regular;Prosty;Okrągły;6MO22O0B1-Q11;Standardowa;"Krótki rękaw";;https://www.zalando.pl/moschino-logo-sport-t-shirt-z-nadrukiem-nero-6mo22o0b1-q11.html;44;zalando.pl;"2026-04-14 19:02:35.428+00";"2026-04-14 19:02:35.529683+00"
1291;"Koszulki z krótkim rękawem (męskie)";"- T-shirt z nadrukiem";"Henry Tiger - T-shirt z nadrukiem";99.99;PLN;30.00;;"100% bawełna";;Nadruk;Regular;Prosty;Okrągły;H3A22O8AX-A11;Standardowa;"Krótki rękaw";;https://www.zalando.pl/henry-tiger-t-shirt-z-nadrukiem-white-h3a22o8ax-a11.html;44;zalando.pl;"2026-04-14 19:01:45.558+00";"2026-04-14 19:01:45.660926+00"
1290;"Koszulki z krótkim rękawem (męskie)";"- T-shirt z nadrukiem";"Carhartt WIP - T-shirt z nadrukiem";219.00;PLN;30.00;159.00;"100% bawełna";;Nadruk;"Loose fit";Prosty;Okrągły;C1422O11L-K11;Standardowa;"Krótki rękaw";;https://www.zalando.pl/carhartt-wip-wild-life-t-shirt-z-nadrukiem-gentle-blue-c1422o11l-k11.html;44;zalando.pl;"2026-04-14 19:00:54.451+00";"2026-04-14 19:00:54.557012+00"
1289;"Koszulki z krótkim rękawem (męskie)";"- Bluzka z długim rękawem";"Nike ACG - Bluzka z długim rękawem";206.00;PLN;229.00;;"63% poliester, 37% bawełna";;"Kolor jednolity";"Loose fit";Prosty;Okrągły;N8822O00M-I11;Standardowa;"Długi rękaw";;https://www.zalando.pl/nike-acg-bluzka-z-dlugim-rekawem-bold-berrysummit-white-n8822o00m-i11.html;44;zalando.pl;"2026-04-14 19:00:04.039+00";"2026-04-14 19:00:04.155864+00"
1288;"Koszulki z krótkim rękawem (męskie)";"JPRBLALUCAS - T-shirt z nadrukiem";"Jack &amp; Jones PREMIUM JPRBLALUCAS - T-shirt z nadrukiem";80.00;PLN;89.00;;"100% bawełna";;"W kwiatki";Regular;Prosty;Okrągły;JA222O6JI-A11;Standardowa;"Krótki rękaw";;https://www.zalando.pl/jack-and-jones-premium-jprblalucas-graphic-tee-t-shirt-z-nadrukiem-bright-white-ja222o6ji-a11.html;44;zalando.pl;"2026-04-14 18:59:36.265+00";"2026-04-14 18:59:36.445594+00"
1287;"Koszulki z krótkim rękawem (męskie)";"MUUSMO - T-shirt basic";"Rukka MUUSMO - T-shirt basic";139.00;PLN;30.00;199.00;"100% poliester";;"Kolor jednolity";Regular;Prosty;Okrągły;RUA41D02I-M11;Standardowa;"Krótki rękaw";;https://www.zalando.pl/rukka-muusmo-t-shirt-basic-antikgruen-rua41d02i-m11.html;44;zalando.pl;"2026-04-14 18:58:51.26+00";"2026-04-14 18:58:51.419093+00"
1286;"Koszulki z krótkim rękawem (męskie)";"- T-shirt z nadrukiem";"RIPNDIP - T-shirt z nadrukiem";219.00;PLN;30.00;229.00;"100% bawełna";;Nadruk;Regular;Prosty;Okrągły;RIA22O08L-A11;Standardowa;"Krótki rękaw";;https://www.zalando.pl/ripndip-t-shirt-z-nadrukiem-bone-ria22o08l-a11.html;44;zalando.pl;"2026-04-14 18:58:10.691+00";"2026-04-14 18:58:10.808352+00"
1285;"Koszulki z krótkim rękawem (męskie)";"MIT STICKEREI RACING TEAM - Koszulka polo";"CARISMA MIT STICKEREI RACING TEAM - Koszulka polo";266.51;PLN;337.69;;"100% bawełna";;Nadruk;Regular;Prosty;;CEY22P004-Q11;Standardowa;"Długi rękaw";;https://www.zalando.pl/carisma-bluzka-z-dlugim-rekawem-schwarz-cey22p004-q11.html;43;zalando.pl;"2026-04-14 18:57:12.558+00";"2026-04-14 18:57:12.869974+00"
1284;"Koszulki z krótkim rękawem (męskie)";"- T-shirt z nadrukiem";"Jack &amp; Jones - T-shirt z nadrukiem";79.95;PLN;79.95;99.99;"100% bawełna";;Nadruk;Regular;Prosty;Okrągły;JA222O631-B11;Standardowa;"Krótki rękaw";;https://www.zalando.pl/jack-and-jones-jjedover-tee-crew-neck-t-shirt-z-nadrukiem-monks-robe-ja222o631-b11.html;43;zalando.pl;"2026-04-14 18:56:38.844+00";"2026-04-14 18:56:38.945543+00"
1283;"Koszulki z krótkim rękawem (męskie)";"DINKEE - T-shirt z nadrukiem";"HUGO DINKEE - T-shirt z nadrukiem";132.00;PLN;132.00;329.00;"100% bawełna";;Nadruk;"Loose fit";Prosty;Okrągły;HU722O0M9-M11;Standardowa;Półrękawek;;https://www.zalando.pl/hugo-dinkee-t-shirt-z-nadrukiem-open-green-hu722o0m9-m11.html;43;zalando.pl;"2026-04-14 18:55:50.238+00";"2026-04-14 18:55:50.342013+00"
1282;"Koszulki z krótkim rękawem (męskie)";"- T-shirt z nadrukiem";"Calvin Klein - T-shirt z nadrukiem";164.00;PLN;197.00;219.00;"100% bawełna";;Nadruk;"Loose fit";Prosty;Okrągły;6CA22O0MN-A12;Standardowa;Półrękawek;;https://www.zalando.pl/calvin-klein-standard-logo-tee-t-shirt-z-nadrukiem-bright-white-6ca22o0mn-a12.html;43;zalando.pl;"2026-04-14 18:55:18.154+00";"2026-04-14 18:55:18.289762+00"
1281;"Koszulki z krótkim rękawem (męskie)";"6.0 UNISEX - Bluzka z długim rękawem";"ARKK Copenhagen 6.0 UNISEX - Bluzka z długim rękawem";278.00;PLN;309.00;;"100% bawełna";;Nadruk;"Loose fit";Prosty;Okrągły;ARG21002E-K11;Standardowa;"Długi rękaw";;https://www.zalando.pl/arkk-copenhagen-long-sleeve-60-unisex-bluzka-z-dlugim-rekawem-vintage-blue-arg21002e-k11.html;43;zalando.pl;"2026-04-14 18:54:45.551+00";"2026-04-14 18:54:45.651457+00"
1280;"Koszulki z krótkim rękawem (męskie)";"UNISEX - T-shirt basic";"YOURTURN UNISEX - T-shirt basic";79.00;PLN;30.00;119.00;"60% bawełna, 35% poliester, 5% elastan";;Melanż;"Loose fit";Prosty;Okrągły;YO12102B0-K11;Standardowa;"Krótki rękaw";;https://www.zalando.pl/yourturn-unisex-t-shirt-basic-blue-yo12102b0-k11.html;43;zalando.pl;"2026-04-14 18:54:24.659+00";"2026-04-14 18:54:24.758491+00"
1279;"Koszulki z krótkim rękawem (męskie)";"BH3Pack - T-shirt z nadrukiem";"Blend BH3Pack - T-shirt z nadrukiem";116.00;PLN;126.00;189.00;"100% bawełna";;Nadruk;Regular;Prosty;Okrągły;BL522O0EX-T11;Standardowa;"Krótki rękaw";;https://www.zalando.pl/blend-t-shirt-z-nadrukiem-black-stone-mix-green-eye-bl522o0ex-t11.html;43;zalando.pl;"2026-04-14 18:54:07.124+00";"2026-04-14 18:54:07.228399+00"
1278;"Koszulki z krótkim rękawem (męskie)";"JACKO - T-shirt basic";"Pepe Jeans JACKO - T-shirt basic";135.00;PLN;30.00;109.00;"100% bawełna";"100% bawełna";"Kolor jednolity";Regular;Prosty;Okrągły;PE122O0I2-H12;Standardowa;"Krótki rękaw";;https://www.zalando.pl/pepe-jeans-t-shirt-basic-dark-coral-orange-pe122o0i2-h12.html;43;zalando.pl;"2026-04-14 18:14:37.552+00";"2026-04-14 18:14:37.65168+00"
1277;"Koszulki z krótkim rękawem (męskie)";"- T-shirt z nadrukiem";"HUGO - T-shirt z nadrukiem";229.00;PLN;30.00;139.00;"100% bawełna";;"Nadrukowane zdjęcie";Regular;Prosty;Okrągły;HU722O0TF-Q11;Standardowa;"Krótki rękaw";;https://www.zalando.pl/hugo-t-shirt-z-nadrukiem-black-one-hu722o0tf-q11.html;43;zalando.pl;"2026-04-14 18:14:07.031+00";"2026-04-14 18:14:07.132585+00"
1276;"Koszulki z krótkim rękawem (męskie)";"- T-shirt z nadrukiem";"Levi&#x27;s® - T-shirt z nadrukiem";109.00;PLN;30.00;289.00;"100% bawełna";;"Kolor jednolity";Regular;Prosty;Okrągły;LE222O0AD-B12;Długa;"Krótki rękaw";;https://www.zalando.pl/levis-original-tee-t-shirt-basic-fields-of-rye-le222o0ad-b12.html;43;zalando.pl;"2026-04-14 18:13:44.866+00";"2026-04-14 18:13:45.017041+00"
1275;"Koszulki z krótkim rękawem (męskie)";"- T-shirt z nadrukiem";"Seaside - T-shirt z nadrukiem";89.99;PLN;99.99;;"95% bawełna, 5% elastan";;Nadruk;Regular;Prosty;Okrągły;00F22O000-A11;Długa;"Krótki rękaw";;https://www.zalando.pl/seaside-nautical-tee-t-shirt-z-nadrukiem-white-00f22o000-a11.html;43;zalando.pl;"2026-04-14 18:13:09.024+00";"2026-04-14 18:13:09.125229+00"
1274;"Koszulki z krótkim rękawem (męskie)";"- T-shirt z nadrukiem";"Calvin Klein Jeans - T-shirt z nadrukiem";125.00;PLN;76.00;139.00;"100% bawełna";;Nadruk;Regular;Prosty;Okrągły;C1822O0PY-B11;Standardowa;"Krótki rękaw";;https://www.zalando.pl/calvin-klein-jeans-graphic-tee-t-shirt-z-nadrukiem-oatmeal-c1822o0py-b11.html;43;zalando.pl;"2026-04-14 18:12:51.188+00";"2026-04-14 18:12:51.296028+00"
1273;"Koszulki z krótkim rękawem (męskie)";"AMERICAN CLASSIC - T-shirt basic";"PME Legend AMERICAN CLASSIC - T-shirt basic";149.00;PLN;30.00;211.99;"95% bawełna, 5% elastan";;"Kolor jednolity";Regular;Prosty;Okrągły;PG322O00X-K12;Standardowa;"Krótki rękaw";;https://www.zalando.pl/pme-legend-american-classic-guyver-t-shirt-basic-airy-blue-pg322o00x-k12.html;43;zalando.pl;"2026-04-14 18:12:11.257+00";"2026-04-14 18:12:11.360151+00"
1272;"Koszulki z krótkim rękawem (męskie)";"SPACE DYE - Bluzka z długim rękawem";"Pier One SPACE DYE - Bluzka z długim rękawem";67.00;PLN;48.00;74.00;"60% bawełna, 40% poliester";;Melanż;Slim;Dopasowany;"Typu Henley";PI922O175-K11;Standardowa;"Długi rękaw";;https://www.zalando.pl/pier-one-space-dye-bluzka-z-dlugim-rekawem-blue-pi922o175-k11.html;43;zalando.pl;"2026-04-14 18:11:37.951+00";"2026-04-14 18:11:38.050503+00"
1271;"Koszulki z krótkim rękawem (męskie)";"- T-shirt z nadrukiem";"EA7 Emporio Armani - T-shirt z nadrukiem";379.00;PLN;30.00;129.00;"78% poliester, 22% elastan";"92% poliamid, 8% elastan";Nadruk;Regular;Prosty;Okrągły;EA722O0DU-Q11;Standardowa;"Krótki rękaw";;https://www.zalando.pl/ea7-emporio-armani-train-logo-series-tee-t-shirt-basic-black-ea722o0du-q11.html;43;zalando.pl;"2026-04-14 18:11:14.142+00";"2026-04-14 18:11:14.241873+00"
1270;"Koszulki z krótkim rękawem (męskie)";"DUNE - T-shirt z nadrukiem";"Diverse DUNE - T-shirt z nadrukiem";99.99;PLN;30.00;159.00;"100% bawełna";"100% bawełna";Nadruk;Regular;Prosty;Okrągły;D8D22O0Q7-Q11;Standardowa;Półrękawek;;https://www.zalando.pl/diverse-cltn-sk8-dune-t-shirt-z-nadrukiem-czarny-d8d22o0q7-q11.html;43;zalando.pl;"2026-04-14 18:10:54.369+00";"2026-04-14 18:10:54.519136+00"
1269;"Koszulki z krótkim rękawem (męskie)";"- T-shirt z nadrukiem";"Jack &amp; Jones - T-shirt z nadrukiem";67.45;PLN;67.45;74.99;"100% bawełna";;Nadruk;Regular;Prosty;Okrągły;JA222O68H-K11;Standardowa;"Krótki rękaw";;https://www.zalando.pl/jack-and-jones-rundhalsausschnitt-t-shirt-z-nadrukiem-navy-blazer-ja222o68h-k11.html;43;zalando.pl;"2026-04-14 18:10:31.141+00";"2026-04-14 18:10:31.461906+00"
1268;"Koszulki z krótkim rękawem (męskie)";"- T-shirt z nadrukiem";"Jordan - T-shirt z nadrukiem";143.00;PLN;159.00;;"100% bawełna";;Nadruk;"Loose fit";Prosty;Okrągły;JOC22O0B9-Q11;Standardowa;"Krótki rękaw";;https://www.zalando.pl/jordan-crew-t-shirt-z-nadrukiem-black-joc22o0b9-q11.html;43;zalando.pl;"2026-04-14 18:10:00.832+00";"2026-04-14 18:10:00.935787+00"
1267;"Koszulki z krótkim rękawem (męskie)";"- Koszulka polo";"CLOSED - Koszulka polo";589.00;PLN;30.00;499.00;"83% bawełna, 17% poliester";;"Kolor jednolity";Regular;Prosty;;CL322O01T-G11;Standardowa;"Krótki rękaw";;https://www.zalando.pl/closed-short-sleeve-koszulka-polo-laser-red-cl322o01t-g11.html;43;zalando.pl;"2026-04-14 18:09:14.026+00";"2026-04-14 18:09:14.127105+00"
1266;"Koszulki z krótkim rękawem (męskie)";"- T-shirt z nadrukiem";"Scalpers - T-shirt z nadrukiem";121.50;PLN;105.21;151.88;"100% bawełna";"100% bawełna";"W paski";"Regular Fit";Prosty;Okrągły;SCF22O0CT-N11;Standardowa;"Krótki rękaw";;https://www.zalando.pl/scalpers-t-shirt-z-nadrukiem-khaki-scf22o0ct-n11.html;43;zalando.pl;"2026-04-14 18:08:55.652+00";"2026-04-14 18:08:55.789051+00"
1265;"Koszulki z krótkim rękawem (męskie)";"- T-shirt z nadrukiem";"Jack &amp; Jones - T-shirt z nadrukiem";62.95;PLN;62.95;69.99;"100% bawełna";;Nadruk;Regular;Prosty;Okrągły;JA222O625-N11;Standardowa;"Krótki rękaw";;https://www.zalando.pl/jack-and-jones-logo-rundhals-t-shirt-z-nadrukiem-duffel-bag-ja222o625-n11.html;43;zalando.pl;"2026-04-14 18:08:31.256+00";"2026-04-14 18:08:31.359258+00"
1264;"Koszulki z krótkim rękawem (męskie)";"- T-shirt z nadrukiem";"The North Face - T-shirt z nadrukiem";149.00;PLN;30.00;159.00;"100% bawełna";;Nadruk;Regular;Prosty;Okrągły;TH322O0EZ-M11;Długa;"Krótki rękaw";;https://www.zalando.pl/the-north-face-north-faces-reg-tee-graphic-t-shirt-z-nadrukiem-new-taupegreen-th322o0ez-m11.html;43;zalando.pl;"2026-04-14 18:07:53.732+00";"2026-04-14 18:07:53.847622+00"
1263;"Koszulki z krótkim rękawem (męskie)";"UNISEX - T-shirt z nadrukiem";"Rip Curl UNISEX - T-shirt z nadrukiem";125.00;PLN;139.00;;"100% bawełna";;Nadruk;Regular;Prosty;Okrągły;RI721002K-K12;Standardowa;"Krótki rękaw";;https://www.zalando.pl/rip-curl-dazed-and-tubed-tee-unisex-t-shirt-z-nadrukiem-light-aqua-ri721002k-k12.html;43;zalando.pl;"2026-04-14 18:07:27.352+00";"2026-04-14 18:07:27.452109+00"
1262;"Koszulki z krótkim rękawem (męskie)";"- T-shirt z nadrukiem";"Calvin Klein Jeans - T-shirt z nadrukiem";116.00;PLN;90.00;129.00;"100% bawełna";;Nadruk;Regular;Prosty;Okrągły;C1822O0PJ-A11;Standardowa;"Krótki rękaw";;https://www.zalando.pl/calvin-klein-jeans-graphic-t-shirt-z-nadrukiem-white-greige-c1822o0pj-a11.html;43;zalando.pl;"2026-04-14 18:06:50.258+00";"2026-04-14 18:06:50.360176+00"
1261;"Koszulki z krótkim rękawem (męskie)";"- T-shirt z nadrukiem";"YOURTURN - T-shirt z nadrukiem";69.00;PLN;30.00;159.00;"100% bawełna";;"Nadrukowane zdjęcie";"Loose fit";Prosty;Okrągły;YO1210103-A11;Długa;Półrękawek;;https://www.zalando.pl/yourturn-cherry-tee-unisex-t-shirt-z-nadrukiem-white-yo1210103-a11.html;43;zalando.pl;"2026-04-14 18:06:27.136+00";"2026-04-14 18:06:27.238054+00"
1260;"Koszulki z krótkim rękawem (męskie)";"UNISEX - T-shirt z nadrukiem";"Santa Cruz UNISEX - T-shirt z nadrukiem";66.00;PLN;76.00;189.00;"100% bawełna";;Nadruk;Regular;Prosty;Okrągły;7SA2100N0-Q11;Standardowa;"Krótki rękaw";;https://www.zalando.pl/santa-cruz-reason-for-living-soundtrack-unisex-t-shirt-z-nadrukiem-black-7sa2100n0-q11.html;43;zalando.pl;"2026-04-14 18:06:02.729+00";"2026-04-14 18:06:02.831212+00"
1259;"Koszulki z krótkim rękawem (męskie)";"- Koszulka polo";"Polo Ralph Lauren - Koszulka polo";539.00;PLN;419.00;599.00;"100% bawełna";;"Kolor jednolity";Regular;Prosty;;PO222P095-K35;Standardowa;"Krótki rękaw";;https://www.zalando.pl/polo-ralph-lauren-the-iconic-mesh-polo-shirt-koszulka-polo-bristol-bluec1359-po222p095-k35.html;43;zalando.pl;"2026-04-14 18:05:12.265+00";"2026-04-14 18:05:12.388174+00"
1258;"Koszulki z krótkim rękawem (męskie)";"TIRO26 - Koszulka polo";"adidas Performance TIRO26 - Koszulka polo";179.00;PLN;30.00;269.00;"70% bawełna, 30% poliester";;;Regular;Prosty;;AD542D69J-K11;Długa;"Krótki rękaw";;https://www.zalando.pl/adidas-performance-tiro26-league-koszulka-polo-team-navy-bluewhite-ad542d69j-k11.html;43;zalando.pl;"2026-04-14 18:04:41.745+00";"2026-04-14 18:04:42.085924+00"
1257;"Koszulki z krótkim rękawem (męskie)";"- T-shirt basic";"Balmohk - T-shirt basic";79.99;PLN;30.00;99.00;"100% bawełna";;Melanż;"Loose fit";Prosty;Okrągły;BZO22O00E-C11;Standardowa;"Krótki rękaw";;https://www.zalando.pl/balmohk-t-shirt-basic-medium-grey-melange-bzo22o00e-c11.html;43;zalando.pl;"2026-04-14 18:04:24.147+00";"2026-04-14 18:04:24.248051+00"
1256;"Koszulki z krótkim rękawem (męskie)";"JJINDIANA - T-shirt z nadrukiem";"Jack &amp; Jones JJINDIANA - T-shirt z nadrukiem";69.00;PLN;30.00;69.00;"100% bawełna";;Nadruk;Regular;Prosty;Okrągły;JA222O6EZ-C11;Standardowa;"Krótki rękaw";;https://www.zalando.pl/jack-and-jones-jjindiana-tee-crew-neck-t-shirt-z-nadrukiem-glacier-gray-ja222o6ez-c11.html;42;zalando.pl;"2026-04-14 18:03:09.422+00";"2026-04-14 18:03:09.522506+00"
1255;"Koszulki z krótkim rękawem (męskie)";"IRON MAIDEN EDDIE LIVE FLAMES - T-shirt z nadrukiem";"rockshirts IRON MAIDEN EDDIE LIVE FLAMES - T-shirt z nadrukiem";109.00;PLN;30.00;139.00;"100% bawełna";;Nadruk;Regular;Prosty;Okrągły;R8N22O0IP-Q11;Standardowa;"Krótki rękaw";;https://www.zalando.pl/rockshirts-t-shirt-z-nadrukiem-black-r8n22o0ip-q11.html;42;zalando.pl;"2026-04-14 18:02:22.565+00";"2026-04-14 18:02:22.665111+00"
1254;"Koszulki z krótkim rękawem (męskie)";"SDFIGOS - T-shirt basic";"Solid SDFIGOS - T-shirt basic";60.00;PLN;72.00;119.00;"100% bawełna";;Melanż;Regular;Prosty;Okrągły;SO422O053-K11;Standardowa;"Krótki rękaw";;https://www.zalando.pl/solid-figos-t-shirt-basic-sky-blue-so422o053-k11.html;42;zalando.pl;"2026-04-14 18:01:54.269+00";"2026-04-14 18:01:54.419217+00"
1253;"Koszulki z krótkim rękawem (męskie)";"- T-shirt basic";"s.Oliver - T-shirt basic";76.99;PLN;89.99;;"100% bawełna";;"Kolor jednolity";Regular;Prosty;Okrągły;SO222O2D4-N11;Standardowa;"Krótki rękaw";;https://www.zalando.pl/soliver-t-shirt-basic-olivgruen-so222o2d4-n11.html;42;zalando.pl;"2026-04-14 18:01:34.767+00";"2026-04-14 18:01:34.929513+00"
1252;"Koszulki z krótkim rękawem (męskie)";"- T-shirt z nadrukiem";"BOSS - T-shirt z nadrukiem";349.00;PLN;;;"100% bawełna";;Nadruk;"Loose fit";Prosty;Okrągły;BB122O1J2-Q11;Długa;Półrękawek;;https://www.zalando.pl/boss-t-shirt-z-nadrukiem-black-one-bb122o1j2-q11.html;42;zalando.pl;"2026-04-14 16:56:40.247+00";"2026-04-14 16:56:40.349783+00"
1251;"Koszulki z krótkim rękawem (męskie)";"HEATH - Koszulka polo";"J.LINDEBERG Sports HEATH - Koszulka polo";359.00;PLN;30.00;399.00;"100% poliester";;Nadruk;"Regular Fit";Prosty;;JL242D052-K12;Długa;"Krótki rękaw";;https://www.zalando.pl/jlindeberg-sports-heath-koszulka-polo-navy-jl242d052-k12.html;42;zalando.pl;"2026-04-14 16:55:59.596+00";"2026-04-14 16:55:59.896926+00"
1250;"Koszulki z krótkim rękawem (męskie)";"- T-shirt basic";"Levi&#x27;s® - T-shirt basic";107.00;PLN;119.00;;"100% bawełna";;"W paski";Regular;Prosty;Okrągły;LE2210035-Q12;Standardowa;"Krótki rękaw";;https://www.zalando.pl/levis-original-tee-t-shirt-basic-andor-stripe-jet-black-le2210035-q12.html;42;zalando.pl;"2026-04-14 16:55:22.151+00";"2026-04-14 16:55:22.25121+00"
1249;"Koszulki z krótkim rękawem (męskie)";"- T-shirt z nadrukiem";"adidas Originals - T-shirt z nadrukiem";134.00;PLN;149.00;;"100% bawełna";;Nadruk;Regular;Prosty;Okrągły;AD122O19K-M11;Standardowa;"Krótki rękaw";;https://www.zalando.pl/adidas-originals-ringer-t-shirt-z-nadrukiem-collegiate-green-ad122o19k-m11.html;42;zalando.pl;"2026-04-14 16:54:52.721+00";"2026-04-14 16:54:52.8254+00"
1248;"Koszulki z krótkim rękawem (męskie)";"DARRO - T-shirt z nadrukiem";"HUGO DARRO - T-shirt z nadrukiem";359.00;PLN;30.00;229.00;"100% bawełna";;"Kolor jednolity";"Loose fit";Prosty;Okrągły;HU722O0RG-M11;Standardowa;"Krótki rękaw";;https://www.zalando.pl/hugo-darro-t-shirt-basic-pastel-green-hu722o0rg-m11.html;42;zalando.pl;"2026-04-14 16:54:24.329+00";"2026-04-14 16:54:24.460579+00"
1247;"Koszulki z krótkim rękawem (męskie)";"WALSH - Bluzka z długim rękawem";"J.LINDEBERG WALSH - Bluzka z długim rękawem";669.00;PLN;30.00;379.00;"100% bawełna";;Nadruk;"Loose fit";Prosty;Okrągły;JL122O09C-A11;Standardowa;"Bardzo długi rękaw";;https://www.zalando.pl/jlindeberg-walsh-print-bluzka-z-dlugim-rekawem-white-jl122o09c-a11.html;42;zalando.pl;"2026-04-14 16:54:05.926+00";"2026-04-14 16:54:06.028778+00"
1246;"Koszulki z krótkim rękawem (męskie)";"JJECORP - T-shirt z nadrukiem";"Jack &amp; Jones JJECORP - T-shirt z nadrukiem";59.99;PLN;30.00;69.00;"100% bawełna";;Nadruk;Regular;Prosty;Okrągły;JA222O57J-K13;Standardowa;"Krótki rękaw";;https://www.zalando.pl/jack-and-jones-jjecorp-logo-play-ss-o-neck-t-shirt-z-nadrukiem-navy-blazer-ja222o57j-k13.html;42;zalando.pl;"2026-04-14 16:53:47.639+00";"2026-04-14 16:53:47.740481+00"
1245;"Koszulki z krótkim rękawem (męskie)";"- T-shirt z nadrukiem";"Holzweiler - T-shirt z nadrukiem";719.00;PLN;30.00;1039.00;"100% bawełna";;Nadruk;"Loose fit";Prosty;Okrągły;HO022O048-K11;Długa;Półrękawek;;https://www.zalando.pl/holzweiler-ranger-national-tee-t-shirt-z-nadrukiem-dark-blue-ho022o048-k11.html;42;zalando.pl;"2026-04-14 16:53:19.233+00";"2026-04-14 16:53:19.3592+00"
1244;"Koszulki z krótkim rękawem (męskie)";"UNISEX - T-shirt z nadrukiem";"YOURTURN UNISEX - T-shirt z nadrukiem";35.00;PLN;28.00;69.00;"100% bawełna";;Nadruk;"Loose fit";Prosty;Okrągły;YO12101VW-A11;Standardowa;Półrękawek;;https://www.zalando.pl/yourturn-unisex-t-shirt-z-nadrukiem-bright-white-yo12101vw-a11.html;42;zalando.pl;"2026-04-14 16:52:48.26+00";"2026-04-14 16:52:48.392828+00"
1243;"Koszulki z krótkim rękawem (męskie)";"SET - Koszulka sportowa";"Hummel SET - Koszulka sportowa";136.00;PLN;30.00;179.00;"100% poliester";"100% poliester";Nadruk;Regular;Prosty;Okrągły;HU342D0IO-M12;;"Krótki rękaw";;https://www.zalando.pl/hummel-logo-set-t-shirt-z-nadrukiem-atlantis-hu342d0io-m12.html;42;zalando.pl;"2026-04-14 16:52:09.853+00";"2026-04-14 16:52:10.008376+00"
1242;"Koszulki z krótkim rękawem (męskie)";"- Koszulka polo";"Tommy Jeans - Koszulka polo";216.00;PLN;232.00;309.00;"100% bawełna";;"Kolor jednolity";Regular;Prosty;;TOB22O0W9-K11;Standardowa;"Krótki rękaw";;https://www.zalando.pl/tommy-jeans-unisex-koszulka-polo-dark-night-navy-tob22o0w9-k11.html;42;zalando.pl;"2026-04-14 16:51:38.64+00";"2026-04-14 16:51:38.79897+00"
1241;"Koszulki z krótkim rękawem (męskie)";"UNISEX - Bluzka z długim rękawem";"HALO UNISEX - Bluzka z długim rękawem";295.00;PLN;30.00;119.00;"100% bawełna";;Nadruk;Regular;Prosty;Okrągły;HAJ21D009-K11;Długa;"Bardzo długi rękaw";;https://www.zalando.pl/halo-bluzka-z-dlugim-rekawem-baja-blue-haj21d009-k11.html;42;zalando.pl;"2026-04-14 16:50:45.632+00";"2026-04-14 16:50:45.765554+00"
1240;"Koszulki z krótkim rękawem (męskie)";"- Koszulka sportowa";"Danish Endurance - Koszulka sportowa";259.00;PLN;30.00;519.00;"80% wełna, 20% poliamid";;"Kolor jednolity";Skinny;"Dopasowanie do figury";Okrągły;DAX42D00H-K11;Standardowa;"Krótki rękaw";;https://www.zalando.pl/danish-endurance-koszulka-sportowa-dark-navy-dax42d00h-k11.html;42;zalando.pl;"2026-04-14 16:49:59.928+00";"2026-04-14 16:50:00.02699+00"
1239;"Koszulki z krótkim rękawem (męskie)";"AC DC - T-shirt z nadrukiem";"rockshirts AC DC - T-shirt z nadrukiem";109.00;PLN;30.00;139.00;"100% bawełna";;Nadruk;Regular;Prosty;Okrągły;R8N22O0I4-Q11;Standardowa;"Krótki rękaw";;https://www.zalando.pl/rockshirts-acdc-back-in-black-tour-1980-t-shirt-z-nadrukiem-black-r8n22o0i4-q11.html;42;zalando.pl;"2026-04-14 16:49:34.937+00";"2026-04-14 16:49:35.044647+00"
1238;"Koszulki z krótkim rękawem (męskie)";"- T-shirt z nadrukiem";"Henry Tiger - T-shirt z nadrukiem";99.99;PLN;30.00;;"100% bawełna";;Nadruk;Regular;Prosty;Okrągły;H3A22O8AP-K11;Standardowa;"Krótki rękaw";;https://www.zalando.pl/henry-tiger-t-shirt-z-nadrukiem-french-navy-h3a22o8ap-k11.html;42;zalando.pl;"2026-04-14 16:48:44.15+00";"2026-04-14 16:48:44.560084+00"
1237;"Koszulki z krótkim rękawem (męskie)";"- T-shirt z nadrukiem";"Diverse - T-shirt z nadrukiem";53.99;PLN;59.99;;"100% bawełna";"100% bawełna";Nadruk;Regular;Prosty;Okrągły;D8D22O0ON-Q11;Standardowa;"Krótki rękaw";;https://www.zalando.pl/diverse-t-shirt-z-nadrukiem-czarny-d8d22o0on-q11.html;42;zalando.pl;"2026-04-14 16:48:24.526+00";"2026-04-14 16:48:24.78107+00"
1236;"Koszulki z krótkim rękawem (męskie)";"1985 REGULAR FIT PIQUE POLO SHIRT - Koszulka polo";"Tommy Hilfiger 1985 REGULAR FIT PIQUE POLO SHIRT - Koszulka polo";332.00;PLN;332.00;369.00;"96% bawełna, 4% elastan";;"Kolor jednolity";Regular;Prosty;Okrągły;TO122P0GL-M11;Standardowa;"Krótki rękaw";;https://www.zalando.pl/tommy-hilfiger-koszulka-polo-army-green-to122p0gl-m11.html;42;zalando.pl;"2026-04-14 16:47:50.663+00";"2026-04-14 16:47:50.988189+00"
1235;"Koszulki z krótkim rękawem (męskie)";"- T-shirt z nadrukiem";"Henry Tiger - T-shirt z nadrukiem";109.99;PLN;30.00;;"100% bawełna";"100% bawełna";Nadruk;Regular;Prosty;Okrągły;H3A22O889-C11;Standardowa;"Krótki rękaw";;https://www.zalando.pl/henry-tiger-t-shirt-z-nadrukiem-oxford-grey-h3a22o889-c11.html;42;zalando.pl;"2026-04-14 16:47:32.83+00";"2026-04-14 16:47:32.932773+00"
1234;"Koszulki z krótkim rękawem (męskie)";"- T-shirt z nadrukiem";"KARL LAGERFELD - T-shirt z nadrukiem";233.00;PLN;259.00;;"95% bawełna, 5% elastan";;Nadruk;Regular;Prosty;Okrągły;K4822O0QY-Q13;Standardowa;"Krótki rękaw";;https://www.zalando.pl/karl-lagerfeld-crew-neck-t-shirt-z-nadrukiem-gold-coloured-k4822o0qy-q13.html;42;zalando.pl;"2026-04-14 16:47:08.225+00";"2026-04-14 16:47:08.327046+00"
1233;"Koszulki z krótkim rękawem (męskie)";"- T-shirt basic";"Polo Ralph Lauren - T-shirt basic";419.00;PLN;30.00;339.00;"100% bawełna";;"Kolor jednolity";Regular;Prosty;Okrągły;PO222O09Z-A11;Standardowa;"Krótki rękaw";;https://www.zalando.pl/polo-ralph-lauren-short-sleeve-t-shirt-basic-white-po222o09z-a11.html;42;zalando.pl;"2026-04-14 16:46:47.662+00";"2026-04-14 16:46:47.771231+00"
1232;"Koszulki z krótkim rękawem (męskie)";"- T-shirt z nadrukiem";"KARL LAGERFELD - T-shirt z nadrukiem";389.00;PLN;30.00;169.00;"100% bawełna";;"Kolor jednolity";Regular;Prosty;Okrągły;K4822O0KH-B11;Standardowa;"Krótki rękaw";;https://www.zalando.pl/karl-lagerfeld-t-shirt-z-nadrukiem-twill-k4822o0kh-b11.html;42;zalando.pl;"2026-04-14 16:46:24.239+00";"2026-04-14 16:46:24.337923+00"
1231;"Koszulki z krótkim rękawem (męskie)";"- T-shirt basic";"OFF-WHITE - T-shirt basic";879.00;PLN;30.00;439.00;"100% bawełna";;"Kolor jednolity";Regular;Prosty;Okrągły;OF522O01H-Q11;Standardowa;"Krótki rękaw";;https://www.zalando.pl/off-white-logo-slim-tee-t-shirt-basic-black-of522o01h-q11.html;42;zalando.pl;"2026-04-14 16:45:44.523+00";"2026-04-14 16:45:44.622397+00"
1230;"Koszulki z krótkim rękawem (męskie)";"- T-shirt z nadrukiem";"Blend - T-shirt z nadrukiem";56.00;PLN;72.00;119.00;"50% poliester, 38% bawełna, 12% wiskoza";;Nadruk;Regular;Prosty;Okrągły;BL522O06X-C12;Standardowa;"Krótki rękaw";;https://www.zalando.pl/blend-florens-t-shirt-z-nadrukiem-chip-grey-bl522o06x-c12.html;42;zalando.pl;"2026-04-14 16:44:54.225+00";"2026-04-14 16:44:54.324731+00"
1229;"Koszulki z krótkim rękawem (męskie)";"- T-shirt z nadrukiem";"Alpha Industries - T-shirt z nadrukiem";170.00;PLN;95.00;189.00;"100% bawełna";;Nadruk;Regular;Prosty;Okrągły;AL522O048-Q13;Standardowa;"Krótki rękaw";;https://www.zalando.pl/alpha-industries-label-2-pack-t-shirt-z-nadrukiem-blackwhite-al522o048-q13.html;42;zalando.pl;"2026-04-14 16:44:18.723+00";"2026-04-14 16:44:18.825435+00"
1228;"Koszulki z krótkim rękawem (męskie)";"- T-shirt z nadrukiem";"adidas Originals - T-shirt z nadrukiem";139.00;PLN;30.00;149.00;"100% bawełna";;Nadruk;Regular;Prosty;Okrągły;AD122O19K-K11;Długa;"Krótki rękaw";;https://www.zalando.pl/adidas-originals-3s-ringer-t-t-shirt-z-nadrukiem-night-indigo-ad122o19k-k11.html;41;zalando.pl;"2026-04-14 16:43:27.736+00";"2026-04-14 16:43:27.868542+00"
1227;"Koszulki z krótkim rękawem (męskie)";"- T-shirt z nadrukiem";"Good For Nothing - T-shirt z nadrukiem";93.50;PLN;93.50;191.04;"100% bawełna";;Nadruk;"Loose fit";Prosty;Okrągły;GOG22O0A9-A11;Standardowa;"Krótki rękaw";;https://www.zalando.pl/good-for-nothing-t-shirt-z-nadrukiem-white-gog22o0a9-a11.html;41;zalando.pl;"2026-04-14 16:42:52.248+00";"2026-04-14 16:42:52.347678+00"
1226;"Koszulki z krótkim rękawem (męskie)";"- T-shirt z nadrukiem";"Superdry &amp; Co - T-shirt z nadrukiem";169.00;PLN;30.00;99.00;"100% bawełna";;Nadruk;Regular;Prosty;Okrągły;SU222O340-Q11;Standardowa;"Krótki rękaw";;https://www.zalando.pl/superdry-tap-room-t-shirt-z-nadrukiem-black-su222o340-q11.html;41;zalando.pl;"2026-04-14 16:42:01.922+00";"2026-04-14 16:42:02.024269+00"
1225;"Koszulki z krótkim rękawem (męskie)";"- Koszulka polo";"Polo Ralph Lauren - Koszulka polo";1099.00;PLN;30.00;839.00;"100% bawełna";;Nadruk;Regular;Prosty;;PO222O0Q2-Q11;Standardowa;"Krótki rękaw";;https://www.zalando.pl/polo-ralph-lauren-classic-fit-mesh-graphic-polo-shirt-koszulka-polo-polo-society-poster-art-po222o0q2-q11.html;41;zalando.pl;"2026-04-14 16:41:42.567+00";"2026-04-14 16:41:42.672788+00"
1224;"Koszulki z krótkim rękawem (męskie)";"PINK FLOYD DARK SIDE OF THE MOON - T-shirt z nadrukiem";"Mister Tee PINK FLOYD DARK SIDE OF THE MOON - T-shirt z nadrukiem";70.00;PLN;76.00;119.00;"100% bawełna";;Nadruk;Regular;;Okrągły;M0M22O01H-Q11;Standardowa;"Krótki rękaw";;https://www.zalando.pl/mister-tee-pink-floyd-dark-side-of-the-moon-t-shirt-z-nadrukiem-black-m0m22o01h-q11.html;41;zalando.pl;"2026-04-14 16:41:01.45+00";"2026-04-14 16:41:01.550896+00"
1223;"Koszulki z krótkim rękawem (męskie)";"- Bluzka z długim rękawem";"BORGIO - Bluzka z długim rękawem";229.00;PLN;349.00;;"100% bawełna";"100% bawełna";"Kolor jednolity";Regular;Prosty;Okrągły;B6A22O00J-Q11;Standardowa;"Długi rękaw";;https://www.zalando.pl/borgio-bluzka-z-dlugim-rekawem-czarny-b6a22o00j-q11.html;41;zalando.pl;"2026-04-14 16:40:44.363+00";"2026-04-14 16:40:44.463566+00"
1222;"Koszulki z krótkim rękawem (męskie)";"2 PACK - T-shirt basic";"U.S. Polo Assn. 2 PACK - T-shirt basic";128.00;PLN;212.00;;"100% bawełna";;"Kolor jednolity";Regular;Prosty;Okrągły;US222O06G-Q11;Standardowa;"Krótki rękaw";;https://www.zalando.pl/us-polo-assn-2-pack-t-shirt-basic-schwarz-us222o06g-q11.html;41;zalando.pl;"2026-04-14 16:40:23.662+00";"2026-04-14 16:40:23.766473+00"
1221;"Koszulki z krótkim rękawem (męskie)";"- Koszulka polo";"Camp David - Koszulka polo";151.50;PLN;303.00;;"65% poliester, 35% bawełna";;Nadruk;Regular;Prosty;Okrągły;CD422P090-M11;Standardowa;"Krótki rękaw";;https://www.zalando.pl/camp-david-pikee-mit-label-applikationen-koszulka-polo-neon-lime-cd422p090-m11.html;41;zalando.pl;"2026-04-14 16:39:58.943+00";"2026-04-14 16:39:59.208628+00"
1220;"Koszulki z krótkim rękawem (męskie)";"RESET - Koszulka sportowa";"Nike Performance RESET - Koszulka sportowa";116.00;PLN;103.00;129.00;"100% poliester";;Melanż;Slim;Prosty;Okrągły;N1242D5DL-C11;Długa;"Krótki rękaw";;https://www.zalando.pl/nike-performance-tee-reset-koszulka-sportowa-tumbled-greyflt-silver-heatherblack-n1242d5dl-c11.html;41;zalando.pl;"2026-04-14 16:39:11.872+00";"2026-04-14 16:39:12.169028+00"
1219;"Koszulki z krótkim rękawem (męskie)";"- T-shirt basic";"Petrol Industries - T-shirt basic";125.00;PLN;30.00;146.00;"100% bawełna";;Melanż;Regular;Prosty;"Wycięcie typu V";P6822O0XF-L11;Standardowa;"Krótki rękaw";;https://www.zalando.pl/petrol-industries-t-shirt-basic-green-aqua-p6822o0xf-l11.html;41;zalando.pl;"2026-04-14 16:38:33.452+00";"2026-04-14 16:38:33.87245+00"
1218;"Koszulki z krótkim rękawem (męskie)";"- Koszulka sportowa";"Calvin Klein Golf - Koszulka sportowa";149.00;PLN;30.00;139.00;"100% poliester";;"Kolor jednolity";Regular;Prosty;Okrągły;CK442D019-A11;Standardowa;"Krótki rękaw";;https://www.zalando.pl/calvin-klein-golf-tech-2-pack-t-shirt-basic-whiteair-blue-ck442d019-a11.html;41;zalando.pl;"2026-04-14 16:38:14.538+00";"2026-04-14 16:38:14.991205+00"
1217;"Koszulki z krótkim rękawem (męskie)";"- Bluzka z długim rękawem";"Lindbergh - Bluzka z długim rękawem";242.00;PLN;135.00;269.00;"100% bawełna";;"Kolor jednolity";Regular;Prosty;Okrągły;LG522O045-T12;Standardowa;"Długi rękaw";;https://www.zalando.pl/lindbergh-basic-tee-3-pack-bluzka-z-dlugim-rekawem-blackwhiteolive-lg522o045-t12.html;41;zalando.pl;"2026-04-14 16:37:57.28+00";"2026-04-14 16:37:57.392473+00"
1216;"Koszulki z krótkim rękawem (męskie)";"- Koszulka polo";"s.Oliver - Koszulka polo";263.00;PLN;30.00;249.00;"100% bawełna";;"Kolor jednolity";Regular;Prosty;"Wycięcie typu V";SO222O2DR-K13;Standardowa;"Krótki rękaw";;https://www.zalando.pl/soliver-koszulka-polo-weiss-blau-so222o2dr-k13.html;41;zalando.pl;"2026-04-14 16:37:26.843+00";"2026-04-14 16:37:27.117191+00"
1215;"Koszulki z krótkim rękawem (męskie)";"- Koszulka polo";"Blend - Koszulka polo";89.00;PLN;30.00;139.00;"100% bawełna";;"Kolor jednolity";Regular;Dopasowany;"Typu Henley";BL522P00F-K13;Standardowa;"Krótki rękaw";;https://www.zalando.pl/blend-koszulka-polo-regatta-bl522p00f-k13.html;41;zalando.pl;"2026-04-14 16:36:38.359+00";"2026-04-14 16:36:38.46186+00"
1214;"Koszulki z krótkim rękawem (męskie)";"- T-shirt basic";"Abercrombie &amp; Fitch - T-shirt basic";99.00;PLN;30.00;129.00;"100% bawełna";;"Kolor jednolity";Regular;Prosty;Okrągły;A0F22O0JJ-B11;Standardowa;"Krótki rękaw";;https://www.zalando.pl/abercrombie-and-fitch-t-shirt-basic-beige-a0f22o0jj-b11.html;41;zalando.pl;"2026-04-14 16:36:05.66+00";"2026-04-14 16:36:05.7889+00"
1213;"Koszulki z krótkim rękawem (męskie)";"- T-shirt z nadrukiem";"Jack &amp; Jones - T-shirt z nadrukiem";79.99;PLN;30.00;79.00;"100% bawełna";;Nadruk;Regular;Prosty;Okrągły;JA222O6N7-A12;Standardowa;"Krótki rękaw";;https://www.zalando.pl/jack-and-jones-t-shirt-z-nadrukiem-bright-white-ja222o6n7-a12.html;41;zalando.pl;"2026-04-14 16:35:32.021+00";"2026-04-14 16:35:32.132928+00"
1212;"Koszulki z krótkim rękawem (męskie)";"- T-shirt z nadrukiem";"Puma - T-shirt z nadrukiem";109.00;PLN;30.00;139.00;"100% bawełna";;Nadruk;Regular;Prosty;Okrągły;PU122O1CR-M11;Standardowa;"Krótki rękaw";;https://www.zalando.pl/puma-graphic-circular-t-shirt-t-shirt-z-nadrukiem-apple-spritz-pu122o1cr-m11.html;41;zalando.pl;"2026-04-14 16:22:05.164+00";"2026-04-14 16:22:06.273974+00"
1211;"Koszulki z krótkim rękawem (męskie)";"- T-shirt z nadrukiem";"GCDS - T-shirt z nadrukiem";679.00;PLN;;;"100% bawełna";;Nadruk;Regular;Prosty;Okrągły;GC922O039-A11;Standardowa;"Krótki rękaw";;https://www.zalando.pl/gcds-black-label-apple-t-shirt-z-nadrukiem-optic-whitepink-gc922o039-a11.html;41;zalando.pl;"2026-04-14 16:21:11.352+00";"2026-04-14 16:21:11.492684+00"
1210;"Koszulki z krótkim rękawem (męskie)";"- T-shirt basic";"Puma - T-shirt basic";99.00;PLN;30.00;99.00;"100% bawełna";;"Kolor jednolity";Regular;Prosty;Okrągły;PU122O1BA-K11;Długa;"Krótki rękaw";;https://www.zalando.pl/puma-essentials-small-no-logo-t-shirt-basic-seafoam-pu122o1ba-k11.html;41;zalando.pl;"2026-04-14 16:20:34.031+00";"2026-04-14 16:20:34.163773+00"
1209;"Koszulki z krótkim rękawem (męskie)";"- T-shirt basic";"Terranova - T-shirt basic";59.99;PLN;30.00;159.00;"100% bawełna";"100% bawełna";Melanż;"Loose fit";Prosty;Okrągły;TBT22O0BC-Q11;Standardowa;"Krótki rękaw";;https://www.zalando.pl/terranova-t-shirt-basic-antracite-tbt22o0bc-q11.html;41;zalando.pl;"2026-04-14 16:19:53.756+00";"2026-04-14 16:19:53.888009+00"
1208;"Koszulki z krótkim rękawem (męskie)";"- T-shirt z nadrukiem";"Jack &amp; Jones - T-shirt z nadrukiem";89.99;PLN;30.00;109.00;"100% bawełna";;Nadruk;Regular;Prosty;Okrągły;JA222O6QS-B11;Standardowa;"Krótki rękaw";;https://www.zalando.pl/jack-and-jones-t-shirt-z-nadrukiem-antique-white-ja222o6qs-b11.html;41;zalando.pl;"2026-04-14 16:19:23.621+00";"2026-04-14 16:19:23.76249+00"
1207;"Koszulki z krótkim rękawem (męskie)";"- Koszulka reprezentacji";"adidas Performance - Koszulka reprezentacji";479.00;PLN;30.00;339.00;"100% poliester";;"Kolor jednolity";Slim;Prosty;Okrągły;AD542D6JC-G11;Długa;"Długi rękaw";;https://www.zalando.pl/adidas-performance-bluzka-z-dlugim-rekawem-team-coll-burgundy-ad542d6jc-g11.html;41;zalando.pl;"2026-04-14 16:18:32.123+00";"2026-04-14 16:18:32.260646+00"
1206;"Koszulki z krótkim rękawem (męskie)";"- T-shirt z nadrukiem";"Jack &amp; Jones - T-shirt z nadrukiem";89.99;PLN;30.00;79.00;"100% bawełna";;Nadruk;Regular;Prosty;Okrągły;JA222O6O7-Q11;Standardowa;"Krótki rękaw";;https://www.zalando.pl/jack-and-jones-t-shirt-z-nadrukiem-phantom-ja222o6o7-q11.html;41;zalando.pl;"2026-04-14 16:18:01.453+00";"2026-04-14 16:18:01.593132+00"
1205;"Koszulki z krótkim rękawem (męskie)";"- T-shirt z nadrukiem";"Balmohk - T-shirt z nadrukiem";119.99;PLN;30.00;159.00;"100% bawełna";;Nadruk;"Loose fit";Prosty;Okrągły;BZO22O00C-C11;Standardowa;Półrękawek;;https://www.zalando.pl/balmohk-t-shirt-z-nadrukiem-charcoal-art-bzo22o00c-c11.html;40;zalando.pl;"2026-04-14 16:16:47.829+00";"2026-04-14 16:16:47.931823+00"
1204;"Koszulki z krótkim rękawem (męskie)";"- Bluzka z długim rękawem";"Hummel - Bluzka z długim rękawem";154.80;PLN;172.00;;"100% poliamid";"100% poliamid";Nadruk;Skinny;Zwężany;Okrągły;HU342D0KD-M11;Standardowa;"Długi rękaw";;https://www.zalando.pl/hummel-comfort-20-bluzka-z-dlugim-rekawem-jelly-bean-hu342d0kd-m11.html;40;zalando.pl;"2026-04-14 16:15:56.134+00";"2026-04-14 16:15:56.234581+00"
1203;"Koszulki z krótkim rękawem (męskie)";"UNISEX - T-shirt z nadrukiem";"Kaotiko UNISEX - T-shirt z nadrukiem";116.00;PLN;81.00;179.00;"100% bawełna";;Nadruk;"Loose fit";Prosty;Okrągły;KAI2100TC-Q11;Standardowa;Półrękawek;;https://www.zalando.pl/kaotiko-too-many-rules-t-shirt-z-nadrukiem-stone-kai2100tc-q11.html;40;zalando.pl;"2026-04-14 16:15:10.456+00";"2026-04-14 16:15:10.556437+00"
1202;"Koszulki z krótkim rękawem (męskie)";"- T-shirt z nadrukiem";"Scotch &amp; Soda - T-shirt z nadrukiem";229.00;PLN;30.00;159.00;"100% bawełna";;Nadruk;Regular;Prosty;Okrągły;SC322O0UI-Q11;Standardowa;"Krótki rękaw";;https://www.zalando.pl/scotch-and-soda-front-and-back-artwork-regular-fit-t-shirt-z-nadrukiem-meteorite-sc322o0ui-q11.html;40;zalando.pl;"2026-04-14 16:14:29.871+00";"2026-04-14 16:14:30.019456+00"
1201;"Koszulki z krótkim rękawem (męskie)";"- T-shirt z nadrukiem";"Jack &amp; Jones - T-shirt z nadrukiem";103.45;PLN;103.45;114.99;"100% bawełna";;;"Loose fit";Prosty;Okrągły;JA222O6GT-B11;Standardowa;"Krótki rękaw";;https://www.zalando.pl/jack-and-jones-t-shirt-z-nadrukiem-antique-white-ja222o6gt-b11.html;40;zalando.pl;"2026-04-14 16:13:50.259+00";"2026-04-14 16:13:50.36312+00"
1200;"Koszulki z krótkim rękawem (męskie)";"- T-shirt z nadrukiem";"Puma - T-shirt z nadrukiem";239.00;PLN;30.00;129.00;"100% bawełna";;Nadruk;"Loose fit";Prosty;Okrągły;PU122O1CM-Q11;Długa;"Krótki rękaw";;https://www.zalando.pl/puma-aston-martin-aramco-f1-t7-t-shirt-z-nadrukiem-black-pu122o1cm-q11.html;40;zalando.pl;"2026-04-14 16:13:12.222+00";"2026-04-14 16:13:12.321507+00"
1199;"Koszulki z krótkim rękawem (męskie)";"- T-shirt z nadrukiem";"Guess Jeans - T-shirt z nadrukiem";159.00;PLN;30.00;359.00;"100% bawełna";;"Kolor jednolity";Slim;Prosty;Okrągły;G8522O005-G11;Standardowa;"Krótki rękaw";;https://www.zalando.pl/guess-jeans-slim-logo-embro-t-shirt-z-nadrukiem-rot-g8522o005-g11.html;40;zalando.pl;"2026-04-14 16:12:38.465+00";"2026-04-14 16:12:38.571224+00"
1198;"Koszulki z krótkim rękawem (męskie)";"UNISEX - T-shirt z nadrukiem";"EA7 Emporio Armani UNISEX - T-shirt z nadrukiem";319.00;PLN;30.00;159.00;"100% bawełna";;;Regular;Prosty;Okrągły;EA722O0ER-A11;Standardowa;"Krótki rękaw";;https://www.zalando.pl/ea7-emporio-armani-train-logo-series-tee-unisex-t-shirt-z-nadrukiem-white-ea722o0er-a11.html;40;zalando.pl;"2026-04-14 16:11:53.36+00";"2026-04-14 16:11:53.462141+00"
1197;"Koszulki z krótkim rękawem (męskie)";"- T-shirt basic";"Jack &amp; Jones - T-shirt basic";62.95;PLN;62.95;89.99;"100% bawełna";;Melanż;Regular;Prosty;Okrągły;JA222O3SE-O14;Standardowa;"Krótki rękaw";;https://www.zalando.pl/jack-and-jones-ebasher-t-shirt-basic-curry-ja222o3se-o14.html;40;zalando.pl;"2026-04-14 16:11:30.94+00";"2026-04-14 16:11:31.042779+00"
1196;"Koszulki z krótkim rękawem (męskie)";"- T-shirt z nadrukiem";"adidas Originals - T-shirt z nadrukiem";679.00;PLN;30.00;449.00;"100% poliester";;Nadruk;"Loose fit";Prosty;"Wycięcie typu V";AD122O19S-K11;Standardowa;Półrękawek;;https://www.zalando.pl/adidas-originals-t-shirt-z-nadrukiem-power-bluewhitered-ad122o19s-k11.html;40;zalando.pl;"2026-04-14 16:10:47.261+00";"2026-04-14 16:10:47.366384+00"
1195;"Koszulki z krótkim rękawem (męskie)";"UNISEX - T-shirt z nadrukiem";"Forgotten Faces UNISEX - T-shirt z nadrukiem";106.00;PLN;124.00;179.00;"100% bawełna";;Nadruk;"Loose fit";Prosty;Okrągły;F6K22O00A-Q11;Długa;"Krótki rękaw";;https://www.zalando.pl/forgotten-faces-oversized-t-shirt-z-nadrukiem-black-f6k22o00a-q11.html;40;zalando.pl;"2026-04-14 16:10:09.837+00";"2026-04-14 16:10:09.938379+00"
1194;"Koszulki z krótkim rękawem (męskie)";"- T-shirt z nadrukiem";"KARL LAGERFELD - T-shirt z nadrukiem";233.00;PLN;207.00;259.00;"100% bawełna";;Nadruk;Regular;Prosty;Okrągły;K4822O0NP-Q13;Standardowa;"Krótki rękaw";;https://www.zalando.pl/karl-lagerfeld-crew-neck-t-shirt-z-nadrukiem-black-k4822o0np-q13.html;40;zalando.pl;"2026-04-14 16:09:25.535+00";"2026-04-14 16:09:25.639051+00"
1193;"Koszulki z krótkim rękawem (męskie)";"- T-shirt z nadrukiem";"KARL LAGERFELD - T-shirt z nadrukiem";350.00;PLN;389.00;;"100% bawełna";;Nadruk;Regular;Prosty;Okrągły;K4822O0NT-A11;Standardowa;"Krótki rękaw";;https://www.zalando.pl/karl-lagerfeld-crewneck-t-shirt-z-nadrukiem-white-k4822o0nt-a11.html;40;zalando.pl;"2026-04-14 16:08:50.421+00";"2026-04-14 16:08:50.522092+00"
1192;"Koszulki z krótkim rękawem (męskie)";"Koszulka polo";"Pier One Koszulka polo";30.00;PLN;24.00;59.00;"100% bawełna";;"Kolor jednolity";Regular;Prosty;;PI922P052-Q11;Standardowa;"Krótki rękaw";;https://www.zalando.pl/pier-one-koszulka-polo-tap-shoe-pi922p052-q11.html;40;zalando.pl;"2026-04-14 16:08:04.816+00";"2026-04-14 16:08:04.924065+00"
1191;"Koszulki z krótkim rękawem (męskie)";"- Bluzka z długim rękawem";"U.S. Polo Assn. - Bluzka z długim rękawem";168.00;PLN;342.00;;"95% bawełna, 5% elastan";;"Kolor jednolity";Regular;Prosty;;US222D04D-Q11;Standardowa;"Długi rękaw";;https://www.zalando.pl/us-polo-assn-koszulka-polo-schwarz-us222d04d-q11.html;40;zalando.pl;"2026-04-14 16:07:16.547+00";"2026-04-14 16:07:16.647187+00"
1190;"Koszulki z krótkim rękawem (męskie)";"ELBAS - Koszulka polo";"Napapijri ELBAS - Koszulka polo";269.00;PLN;194.00;299.00;"100% bawełna";;"Kolor jednolity";Regular;Prosty;;NA622P03H-A11;Standardowa;"Krótki rękaw";;https://www.zalando.pl/napapijri-elbas-koszulka-polo-weiss-na622p03h-a11.html;40;zalando.pl;"2026-04-14 16:06:41.155+00";"2026-04-14 16:06:41.256031+00"
1189;"Koszulki z krótkim rękawem (męskie)";"- T-shirt z nadrukiem";"Blend - T-shirt z nadrukiem";64.00;PLN;62.00;79.00;"100% bawełna";;"Kolor jednolity";Regular;Prosty;Okrągły;BL522O0IT-M11;Standardowa;"Krótki rękaw";;https://www.zalando.pl/blend-t-shirt-z-nadrukiem-oil-green-bl522o0it-m11.html;40;zalando.pl;"2026-04-14 16:06:01.073+00";"2026-04-14 16:06:01.178983+00"
1188;"Koszulki z krótkim rękawem (męskie)";"- T-shirt basic";"KARL LAGERFELD - T-shirt basic";265.28;PLN;295.08;;"95% bawełna, 5% elastan";;"Kolor jednolity";Regular;Prosty;Okrągły;K4822O0M9-Q11;Standardowa;"Krótki rękaw";;https://www.zalando.pl/karl-lagerfeld-crewneck-t-shirt-basic-gold-coloured-k4822o0m9-q11.html;40;zalando.pl;"2026-04-14 16:05:31.653+00";"2026-04-14 16:05:31.753371+00"
1187;"Koszulki z krótkim rękawem (męskie)";"JORUPSTATE - T-shirt z nadrukiem";"Jack &amp; Jones JORUPSTATE - T-shirt z nadrukiem";80.00;PLN;89.00;;"50% bawełna, 50% poliester";;Nadruk;Regular;Prosty;Okrągły;JA222O6KF-A11;Standardowa;"Krótki rękaw";;https://www.zalando.pl/jack-and-jones-jorupstate-typo-front-tee-t-shirt-z-nadrukiem-antique-white-ja222o6kf-a11.html;40;zalando.pl;"2026-04-14 16:04:49.441+00";"2026-04-14 16:04:49.541768+00"
1186;"Koszulki z krótkim rękawem (męskie)";"- Bluzka z długim rękawem";"Under Armour - Bluzka z długim rękawem";179.00;PLN;179.00;199.00;"100% poliester";;"Kolor jednolity";Slim;Dopasowany;;UN242G056-M12;Standardowa;"Długi rękaw";;https://www.zalando.pl/under-armour-tech-zip-bluzka-z-dlugim-rekawem-marine-greenblack-un242g056-m12.html;40;zalando.pl;"2026-04-14 16:04:14.233+00";"2026-04-14 16:04:14.343945+00"
1185;"Koszulki z krótkim rękawem (męskie)";"GAME CREW - T-shirt z nadrukiem";"Jordan GAME CREW - T-shirt z nadrukiem";381.00;PLN;30.00;279.00;"100% bawełna";;Nadruk;"Regular Fit";Prosty;Okrągły;JOC22O05D-A11;Standardowa;"Krótki rękaw";;https://www.zalando.pl/jordan-game-crew-t-shirt-z-nadrukiem-white-joc22o05d-a11.html;40;zalando.pl;"2026-04-14 16:03:48.029+00";"2026-04-14 16:03:48.129667+00"
1184;"Koszulki z krótkim rękawem (męskie)";"- T-shirt z nadrukiem";"Calvin Klein Jeans - T-shirt z nadrukiem";129.00;PLN;30.00;129.00;"100% bawełna";;Nadruk;Regular;Prosty;Okrągły;C1822O0PM-Q11;Standardowa;"Krótki rękaw";;https://www.zalando.pl/calvin-klein-jeans-graphic-tee-t-shirt-z-nadrukiem-black-c1822o0pm-q11.html;40;zalando.pl;"2026-04-14 16:03:02.939+00";"2026-04-14 16:03:03.040981+00"
1183;"Koszulki z krótkim rękawem (męskie)";"KOMBAT 25 - Artykuły klubowe";"Kappa Gara KOMBAT 25 - Artykuły klubowe";559.00;PLN;30.00;379.00;"92% poliester, 8% elastan";;Nadruk;Slim;Dopasowany;Okrągły;K5F42D038-A11;Standardowa;Półrękawek;;https://www.zalando.pl/kappa-gara-kombat-pro-25-racing-t-shirt-z-nadrukiem-whiteblue-k5f42d038-a11.html;40;zalando.pl;"2026-04-14 16:02:30.858+00";"2026-04-14 16:02:30.960471+00"
1182;"Koszulki z krótkim rękawem (męskie)";"2 PACK - T-shirt basic";"s.Oliver 2 PACK - T-shirt basic";159.99;PLN;30.00;229.00;"100% bawełna";;Melanż;Regular;Prosty;"Wycięcie typu V";SO222O1ZZ-A11;Standardowa;"Krótki rękaw";;https://www.zalando.pl/soliver-t-shirt-basic-mehrfarbig-so222o1zz-a11.html;39;zalando.pl;"2026-04-14 16:01:35.048+00";"2026-04-14 16:01:35.148424+00"
1181;"Koszulki z krótkim rękawem (męskie)";"- T-shirt basic";"Marc O&#x27;Polo - T-shirt basic";429.00;PLN;;;"90% bawełna, 10% len";;Melanż;Regular;Prosty;Okrągły;MA322O0VA-A11;Standardowa;"Krótki rękaw";;https://www.zalando.pl/marc-opolo-t-shirt-basic-chalky-sand-ma322o0va-a11.html;39;zalando.pl;"2026-04-14 16:00:52.355+00";"2026-04-14 16:00:52.454424+00"
1180;"Koszulki z krótkim rękawem (męskie)";"CLASSIFIED - T-shirt z nadrukiem";"Stance CLASSIFIED - T-shirt z nadrukiem";70.00;PLN;70.00;139.00;"100% bawełna";;Nadruk;"Regular Fit";Prosty;Okrągły;T5722O022-Q11;Standardowa;"Krótki rękaw";;https://www.zalando.pl/stance-classified-t-shirt-z-nadrukiem-black-t5722o022-q11.html;39;zalando.pl;"2026-04-14 16:00:04.164+00";"2026-04-14 16:00:04.266684+00"
1179;"Koszulki z krótkim rękawem (męskie)";"- T-shirt z nadrukiem";"Henry Tiger - T-shirt z nadrukiem";169.99;PLN;30.00;;"100% bawełna";;Nadruk;Regular;Prosty;Okrągły;H3A22O8CF-C11;Standardowa;"Krótki rękaw";;https://www.zalando.pl/henry-tiger-t-shirt-z-nadrukiem-light-heather-h3a22o8cf-c11.html;39;zalando.pl;"2026-04-14 15:59:37.546+00";"2026-04-14 15:59:37.648054+00"
1178;"Koszulki z krótkim rękawem (męskie)";"ONSFRED - T-shirt z nadrukiem";"Only &amp; Sons ONSFRED - T-shirt z nadrukiem";89.00;PLN;30.00;79.00;"100% bawełna";;Nadruk;"Loose fit";Prosty;Okrągły;OS322O1LP-Q11;Standardowa;"Krótki rękaw";;https://www.zalando.pl/only-and-sons-onsfred-tee-t-shirt-z-nadrukiem-black-os322o1lp-q11.html;39;zalando.pl;"2026-04-14 15:58:50.342+00";"2026-04-14 15:58:50.443903+00"
1177;"Koszulki z krótkim rękawem (męskie)";"BOBBY - T-shirt basic";"WOOD WOOD BOBBY - T-shirt basic";319.00;PLN;30.00;449.00;"100% bawełna";;"Kolor jednolity";Regular;Prosty;Okrągły;WO422O08N-Q11;Standardowa;"Krótki rękaw";;https://www.zalando.pl/wood-wood-bobby-tee-taxi-t-shirt-basic-black-wo422o08n-q11.html;39;zalando.pl;"2026-04-14 15:58:20.15+00";"2026-04-14 15:58:20.47686+00"
1176;"Koszulki z krótkim rękawem (męskie)";"BOB MARLEY - T-shirt z nadrukiem";"adidas Originals BOB MARLEY - T-shirt z nadrukiem";259.00;PLN;30.00;159.00;"100% bawełna";;"W paski";Regular;Prosty;Okrągły;AD142D06U-T11;Długa;"Krótki rękaw";;https://www.zalando.pl/adidas-originals-bob-marley-t-shirt-z-nadrukiem-multi-coloured-ad142d06u-t11.html;39;zalando.pl;"2026-04-14 15:57:46.864+00";"2026-04-14 15:57:46.965581+00"
1175;"Koszulki z krótkim rękawem (męskie)";"- T-shirt z nadrukiem";"PULL&amp;BEAR - T-shirt z nadrukiem";69.90;PLN;30.00;79.00;"100% bawełna";;Nadruk;"Loose fit";Prosty;Okrągły;PUC22O2IV-Q11;Standardowa;"Krótki rękaw";;https://www.zalando.pl/pullandbear-t-shirt-z-nadrukiem-black-puc22o2iv-q11.html;39;zalando.pl;"2026-04-14 15:50:42.327+00";"2026-04-14 15:50:42.434222+00"
1174;"Koszulki z krótkim rękawem (męskie)";"- T-shirt z nadrukiem";"Michael Kors - T-shirt z nadrukiem";242.00;PLN;269.00;;"100% bawełna";;Nadruk;Regular;Prosty;Okrągły;1MI22O08K-A11;Standardowa;"Krótki rękaw";;https://www.zalando.pl/michael-kors-modern-logo-tee-t-shirt-z-nadrukiem-white-1mi22o08k-a11.html;39;zalando.pl;"2026-04-14 15:49:45.366+00";"2026-04-14 15:49:46.37722+00"
1173;"Koszulki z krótkim rękawem (męskie)";"- T-shirt basic";"Volcom - T-shirt basic";149.00;PLN;30.00;69.00;"100% bawełna";"100% bawełna";"Kolor jednolity";"Loose fit";Prosty;Okrągły;ZZO3U7F24-L00;Standardowa;"Krótki rękaw";;https://www.zalando.pl/volcom-pistol-stone-lse-sst-t-shirt-basic-pale-aqua-zzo3u7f24-l00.html;39;zalando.pl;"2026-04-14 15:49:00.64+00";"2026-04-14 15:49:00.742127+00"
1172;"Koszulki z krótkim rękawem (męskie)";"- Bluzka z długim rękawem";"On - Bluzka z długim rękawem";405.00;PLN;30.00;289.00;"90% poliester, 10% elastan";;;Regular;Prosty;Okrągły;ONM42D007-Q11;Długa;"Długi rękaw";;https://www.zalando.pl/on-running-performance-bluzka-z-dlugim-rekawem-black-eclipse-onm42d007-q11.html;39;zalando.pl;"2026-04-14 15:48:22.631+00";"2026-04-14 15:48:22.887702+00"
1171;"Koszulki z krótkim rękawem (męskie)";"- Bluzka z długim rękawem";"Weekday - Bluzka z długim rękawem";139.00;PLN;30.00;109.00;"95% bawełna, 5% elastan";;"Kolor jednolity";Slim;Prosty;Okrągły;WEB22O07N-A11;Standardowa;"Długi rękaw";;https://www.zalando.pl/weekday-long-sleeve-bluzka-z-dlugim-rekawem-white-web22o07n-a11.html;39;zalando.pl;"2026-04-14 15:47:37.026+00";"2026-04-14 15:47:37.128386+00"
1170;"Koszulki z krótkim rękawem (męskie)";"V-NECK - T-shirt basic";"mey V-NECK - T-shirt basic";209.00;PLN;30.00;59.00;"57% bawełna, 38% poliester, 5% elastan";;"Kolor jednolity";Slim;Prosty;"Wycięcie typu V";M9322O011-Q12;Długa;"Krótki rękaw";;https://www.zalando.pl/mey-v-neck-t-shirt-basic-schwarz-m9322o011-q12.html;39;zalando.pl;"2026-04-14 15:46:46.855+00";"2026-04-14 15:46:46.957513+00"
1169;"Koszulki z krótkim rękawem (męskie)";"- T-shirt z nadrukiem";"Les Deux - T-shirt z nadrukiem";242.00;PLN;242.00;269.00;"100% bawełna";;"W kwiatki";Regular;Prosty;Okrągły;LEP22O07C-Q11;Standardowa;"Krótki rękaw";;https://www.zalando.pl/les-deux-wild-flower-t-shirt-z-nadrukiem-black-lep22o07c-q11.html;39;zalando.pl;"2026-04-14 15:46:10.467+00";"2026-04-14 15:46:10.779214+00"
1168;"Koszulki z krótkim rękawem (męskie)";"MARVEL UNISEX TEAM NEON - T-shirt z nadrukiem";"Marvel MARVEL UNISEX TEAM NEON - T-shirt z nadrukiem";98.99;PLN;109.99;;"100% bawełna";;Nadruk;Regular;Prosty;Okrągły;H3A210067-Q11;Standardowa;"Krótki rękaw";;https://www.zalando.pl/henry-tiger-t-shirt-z-nadrukiem-black-h3a210067-q11.html;39;zalando.pl;"2026-04-14 15:45:33.341+00";"2026-04-14 15:45:33.445595+00"
1167;"Koszulki z krótkim rękawem (męskie)";"- T-shirt z nadrukiem";"Jack &amp; Jones - T-shirt z nadrukiem";74.99;PLN;30.00;69.00;"100% bawełna";;Nadruk;Regular;Prosty;Okrągły;JA222O6J8-Q11;Standardowa;"Krótki rękaw";;https://www.zalando.pl/jack-and-jones-t-shirt-z-nadrukiem-black-ja222o6j8-q11.html;39;zalando.pl;"2026-04-14 15:44:44.338+00";"2026-04-14 15:44:44.488997+00"
1166;"Koszulki z krótkim rękawem (męskie)";"- T-shirt z nadrukiem";"No Problemo - T-shirt z nadrukiem";289.00;PLN;30.00;449.00;"100% bawełna";;Nadruk;"Loose fit";Prosty;Okrągły;N8G22O00I-G11;Standardowa;"Krótki rękaw";;https://www.zalando.pl/no-problemo-wave-tee-t-shirt-z-nadrukiem-coral-n8g22o00i-g11.html;39;zalando.pl;"2026-04-14 15:44:13.44+00";"2026-04-14 15:44:13.69753+00"
1165;"Koszulki z krótkim rękawem (męskie)";"USTANCE - T-shirt z nadrukiem";"Solid USTANCE - T-shirt z nadrukiem";109.00;PLN;30.00;129.00;"100% bawełna";;Nadruk;"Loose fit";Prosty;Okrągły;SO422O0E9-B11;Standardowa;"Krótki rękaw";;https://www.zalando.pl/solid-t-shirt-z-nadrukiem-peyote-so422o0e9-b11.html;39;zalando.pl;"2026-04-14 15:43:40.547+00";"2026-04-14 15:43:40.696422+00"
1164;"Koszulki z krótkim rękawem (męskie)";"UNISEX - Bluzka z długim rękawem";"ARKK Copenhagen UNISEX - Bluzka z długim rękawem";124.00;PLN;124.00;309.00;"100% bawełna";;Nadruk;Regular;Prosty;Okrągły;ARG21000X-Q11;Standardowa;"Długi rękaw";;https://www.zalando.pl/arkk-copenhagen-long-sleeve-unisex-bluzka-z-dlugim-rekawem-black-arg21000x-q11.html;39;zalando.pl;"2026-04-14 15:42:47.265+00";"2026-04-14 15:42:47.701125+00"
1163;"Koszulki z krótkim rękawem (męskie)";"- T-shirt z nadrukiem";"s.Oliver - T-shirt z nadrukiem";89.99;PLN;30.00;169.00;"100% bawełna";;Nadruk;Regular;Prosty;Okrągły;SO222O2EM-Q11;Standardowa;"Krótki rękaw";;https://www.zalando.pl/soliver-t-shirt-z-nadrukiem-schwarz-so222o2em-q11.html;39;zalando.pl;"2026-04-14 15:41:56.626+00";"2026-04-14 15:41:56.726973+00"
1162;"Koszulki z krótkim rękawem (męskie)";"- T-shirt basic";"s.Oliver - T-shirt basic";69.99;PLN;30.00;211.99;"100% bawełna";;"Kolor jednolity";Regular;Prosty;Okrągły;SO222O2FO-Q11;Standardowa;"Krótki rękaw";;https://www.zalando.pl/soliver-t-shirt-t-shirt-basic-schwarz-so222o2fo-q11.html;39;zalando.pl;"2026-04-14 15:41:31.143+00";"2026-04-14 15:41:31.556306+00"
1161;"Koszulki z krótkim rękawem (męskie)";"- T-shirt z nadrukiem";"adidas Originals - T-shirt z nadrukiem";103.00;PLN;64.00;159.00;"100% bawełna";;Nadruk;Regular;Prosty;Okrągły;AD122O17N-O11;Standardowa;"Krótki rękaw";;https://www.zalando.pl/adidas-originals-graphic-t-shirt-z-nadrukiem-gold-ochre-ad122o17n-o11.html;39;zalando.pl;"2026-04-14 15:40:42.26+00";"2026-04-14 15:40:42.416387+00"
1160;"Koszulki z krótkim rękawem (męskie)";"FERRARI - T-shirt z nadrukiem";"Puma FERRARI - T-shirt z nadrukiem";197.00;PLN;153.00;219.00;"100% bawełna";;Kolorowy;Regular;Prosty;Okrągły;PU122O16V-Q11;Standardowa;"Krótki rękaw";;https://www.zalando.pl/puma-ferrari-mt-tee-t-shirt-z-nadrukiem-puma-black-pu122o16v-q11.html;38;zalando.pl;"2026-04-14 15:39:42.15+00";"2026-04-14 15:39:42.250608+00"
1159;"Koszulki z krótkim rękawem (męskie)";"DANIEL - T-shirt z nadrukiem";"INDICODE JEANS DANIEL - T-shirt z nadrukiem";56.00;PLN;72.00;89.00;"100% bawełna";;Nadruk;Regular;Prosty;Okrągły;IJ022O06V-K12;Standardowa;"Krótki rękaw";;https://www.zalando.pl/indicode-jeans-iddaniel-t-shirt-z-nadrukiem-navy-ij022o06v-k12.html;38;zalando.pl;"2026-04-14 15:39:19.569+00";"2026-04-14 15:39:19.72275+00"
1158;"Koszulki z krótkim rękawem (męskie)";"- T-shirt z nadrukiem";"Pier One - T-shirt z nadrukiem";84.00;PLN;30.00;129.00;"100% bawełna";;Nadruk;"Loose fit";Prosty;Okrągły;PI922O1C3-A11;Standardowa;Półrękawek;;https://www.zalando.pl/pier-one-t-shirt-z-nadrukiem-oatmeal-pi922o1c3-a11.html;38;zalando.pl;"2026-04-14 15:38:32.757+00";"2026-04-14 15:38:32.862025+00"
1157;"Koszulki z krótkim rękawem (męskie)";"BRADY - Bluzka z długim rękawem";"Les Deux BRADY - Bluzka z długim rękawem";278.00;PLN;216.00;309.00;"97% bawełna, 3% elastan";;Nadruk;Regular;Prosty;Okrągły;LEP22O06W-O11;Standardowa;"Długi rękaw";;https://www.zalando.pl/les-deux-brady-skyline-waffle-bluzka-z-dlugim-rekawem-mountain-grey-brown-lep22o06w-o11.html;38;zalando.pl;"2026-04-14 15:37:39.724+00";"2026-04-14 15:37:39.830359+00"
1156;"Koszulki z krótkim rękawem (męskie)";"- T-shirt z nadrukiem";"Fast and Bright - T-shirt z nadrukiem";124.00;PLN;115.00;179.00;"100% bawełna";"100% bawełna";Nadruk;"Loose fit";Prosty;Okrągły;F6J22O007-B11;Standardowa;Półrękawek;;https://www.zalando.pl/fast-and-bright-tee-t-shirt-z-nadrukiem-beige-f6j22o007-b11.html;38;zalando.pl;"2026-04-14 15:37:08.222+00";"2026-04-14 15:37:08.350092+00"
1155;"Koszulki z krótkim rękawem (męskie)";"- T-shirt z nadrukiem";"Superdry &amp; Co - T-shirt z nadrukiem";152.10;PLN;169.00;;"60% bawełna, 40% poliester";;Melanż;Regular;Prosty;Okrągły;SU222O32B-K11;Standardowa;"Krótki rękaw";;https://www.zalando.pl/superdry-t-shirt-basic-pottery-blue-marl-su222o32b-k11.html;38;zalando.pl;"2026-04-14 15:36:39.533+00";"2026-04-14 15:36:39.675822+00"
1154;"Koszulki z krótkim rękawem (męskie)";"UNISEX - T-shirt z nadrukiem";"Calvin Klein Jeans UNISEX - T-shirt z nadrukiem";269.00;PLN;30.00;609.00;"100% bawełna";;Nadruk;"Loose fit";Prosty;Okrągły;C18210217-A11;Standardowa;"Krótki rękaw";;https://www.zalando.pl/calvin-klein-jeans-april-graphic-seasonal-unisex-t-shirt-z-nadrukiem-bright-white-c18210217-a11.html;38;zalando.pl;"2026-04-14 15:35:49.445+00";"2026-04-14 15:35:49.545954+00"
1153;"Koszulki z krótkim rękawem (męskie)";"- T-shirt z nadrukiem";"Henry Tiger - T-shirt z nadrukiem";109.99;PLN;30.00;;"100% bawełna";;Nadruk;Regular;Prosty;Okrągły;H3A22O67K-A11;Standardowa;"Krótki rękaw";;https://www.zalando.pl/henry-tiger-skateboard-magazine-skull-t-shirt-z-nadrukiem-white-h3a22o67k-a11.html;38;zalando.pl;"2026-04-14 15:35:05.852+00";"2026-04-14 15:35:05.959137+00"
1152;"Koszulki z krótkim rękawem (męskie)";"- T-shirt z nadrukiem";"Jack &amp; Jones - T-shirt z nadrukiem";67.95;PLN;67.95;79.99;"100% bawełna";;Nadruk;Regular;Prosty;Okrągły;JA222O6E6-Q11;Standardowa;"Krótki rękaw";;https://www.zalando.pl/jack-and-jones-t-shirt-z-nadrukiem-black-ja222o6e6-q11.html;38;zalando.pl;"2026-04-14 15:34:21.948+00";"2026-04-14 15:34:22.048706+00"
1151;"Koszulki z krótkim rękawem (męskie)";"JORNORREBRO - T-shirt basic";"Jack &amp; Jones JORNORREBRO - T-shirt basic";67.95;PLN;67.95;79.99;"100% bawełna";;"Kolor jednolity";"Loose fit";Prosty;Okrągły;JA222O67F-O12;Standardowa;"Krótki rękaw";;https://www.zalando.pl/jack-and-jones-jornorrebro-emb-tee-ss-crew-neck-noos-t-shirt-z-nadrukiem-argan-oil-ja222o67f-o12.html;38;zalando.pl;"2026-04-14 15:33:46.443+00";"2026-04-14 15:33:46.548274+00"
1150;"Koszulki z krótkim rękawem (męskie)";"- T-shirt basic";"Abercrombie &amp; Fitch - T-shirt basic";99.00;PLN;30.00;179.00;"100% bawełna";;"Kolor jednolity";Regular;Prosty;Okrągły;A0F22O0JK-M11;Standardowa;"Krótki rękaw";;https://www.zalando.pl/abercrombie-and-fitch-t-shirt-basic-green-a0f22o0jk-m11.html;38;zalando.pl;"2026-04-14 15:33:20.244+00";"2026-04-14 15:33:20.350295+00"
1149;"Koszulki z krótkim rękawem (męskie)";"UNISEX - T-shirt z nadrukiem";"Lacoste UNISEX - T-shirt z nadrukiem";269.00;PLN;233.00;359.00;"100% bawełna";;Nadruk;Regular;Prosty;Okrągły;LA221005H-A11;Standardowa;"Krótki rękaw";;https://www.zalando.pl/lacoste-unisex-t-shirt-z-nadrukiem-farine-la221005h-a11.html;38;zalando.pl;"2026-04-14 15:32:30.927+00";"2026-04-14 15:32:31.027236+00"
1148;"Koszulki z krótkim rękawem (męskie)";"- Top";"Blend - Top";68.00;PLN;80.00;99.00;"100% bawełna";;Nadruk;Regular;Prosty;Okrągły;BL522O0JN-A11;Standardowa;"Bez rękawów";;https://www.zalando.pl/blend-top-snow-white-bl522o0jn-a11.html;38;zalando.pl;"2026-04-14 15:32:08.466+00";"2026-04-14 15:32:08.635116+00"
1147;"Koszulki z krótkim rękawem (męskie)";"- T-shirt z nadrukiem";"Jack &amp; Jones - T-shirt z nadrukiem";79.99;PLN;30.00;69.00;"100% bawełna";;Nadruk;"Loose fit";Prosty;Okrągły;JA222O6N7-C11;Standardowa;"Krótki rękaw";;https://www.zalando.pl/jack-and-jones-t-shirt-z-nadrukiem-asphalt-ja222o6n7-c11.html;38;zalando.pl;"2026-04-14 15:31:27.046+00";"2026-04-14 15:31:27.146014+00"
1146;"Koszulki z krótkim rękawem (męskie)";"- Bluzka z długim rękawem";"U.S. Polo Assn. - Bluzka z długim rękawem";126.00;PLN;214.00;;"100% bawełna";;"Kolor jednolity";Regular;Prosty;Okrągły;US222O06Q-Q11;Standardowa;"Długi rękaw";;https://www.zalando.pl/us-polo-assn-bluzka-z-dlugim-rekawem-schwarz-us222o06q-q11.html;38;zalando.pl;"2026-04-14 15:30:45.033+00";"2026-04-14 15:30:45.13687+00"
1145;"Koszulki z krótkim rękawem (męskie)";"- T-shirt z nadrukiem";"Pepe Jeans - T-shirt z nadrukiem";127.20;PLN;95.39;159.00;"100% bawełna";"100% bawełna";Nadruk;Regular;Prosty;Okrągły;PE122O0NA-A11;Standardowa;"Krótki rękaw";;https://www.zalando.pl/pepe-jeans-t-shirt-z-nadrukiem-white-pe122o0na-a11.html;38;zalando.pl;"2026-04-14 15:30:02.153+00";"2026-04-14 15:30:02.25502+00"
1144;"Koszulki z krótkim rękawem (męskie)";"PLAYERS - Bluzka z długim rękawem";"J.LINDEBERG Sports PLAYERS - Bluzka z długim rękawem";589.00;PLN;30.00;289.00;"85% poliester, 15% elastan";;Nadruk;Regular;Dopasowany;;JL242D04W-K12;Standardowa;"Długi rękaw";;https://www.zalando.pl/jlindeberg-sports-players-mid-layer-bluzka-z-dlugim-rekawem-blue-haze-jl242d04w-k12.html;38;zalando.pl;"2026-04-14 15:29:17.94+00";"2026-04-14 15:29:18.042715+00"
1143;"Koszulki z krótkim rękawem (męskie)";"LIAM UNISEX - T-shirt z nadrukiem";"DOUBLE A BY W.W. LIAM UNISEX - T-shirt z nadrukiem";319.00;PLN;30.00;359.00;"100% bawełna";;Nadruk;"Loose fit";Prosty;Okrągły;DBR21002F-A11;Długa;Półrękawek;;https://www.zalando.pl/double-a-by-ww-liam-tee-moss-unisex-t-shirt-z-nadrukiem-bright-white-dbr21002f-a11.html;38;zalando.pl;"2026-04-14 15:28:42.046+00";"2026-04-14 15:28:42.147659+00"
1142;"Koszulki z krótkim rękawem (męskie)";"- T-shirt z nadrukiem";"Mads Nørgaard - T-shirt z nadrukiem";242.00;PLN;215.00;269.00;"100% bawełna";;Nadruk;Regular;Prosty;Okrągły;M1422O03I-Q11;Standardowa;"Krótki rękaw";;https://www.zalando.pl/mads-noergaard-big-logo-frode-tee-t-shirt-z-nadrukiem-black-m1422o03i-q11.html;38;zalando.pl;"2026-04-14 15:27:53.529+00";"2026-04-14 15:27:53.631141+00"
1141;"Koszulki z krótkim rękawem (męskie)";"JORVARENNA - Koszulka polo";"Jack &amp; Jones JORVARENNA - Koszulka polo";125.00;PLN;76.00;139.00;"100% bawełna";;"Kolor jednolity";"Loose fit";Prosty;"Wycięcie typu V";JA222Q1KO-A11;Standardowa;"Krótki rękaw";;https://www.zalando.pl/jack-and-jones-jorvarenna-split-neck-koszulka-polo-sea-salt-ja222q1ko-a11.html;38;zalando.pl;"2026-04-14 15:27:21.341+00";"2026-04-14 15:27:21.649202+00"
1140;"Koszulki z krótkim rękawem (męskie)";"DULIVIO - T-shirt z nadrukiem";"HUGO DULIVIO - T-shirt z nadrukiem";116.00;PLN;134.00;179.00;"100% bawełna";;Nadruk;Regular;Prosty;Okrągły;HU722O0AZ-K12;Standardowa;"Krótki rękaw";;https://www.zalando.pl/hugo-dulivio-t-shirt-z-nadrukiem-dark-blue-hu722o0az-k12.html;38;zalando.pl;"2026-04-14 15:26:41.432+00";"2026-04-14 15:26:41.563319+00"
1139;"Koszulki z krótkim rękawem (męskie)";"- T-shirt z nadrukiem";"Jack &amp; Jones - T-shirt z nadrukiem";67.45;PLN;67.45;74.99;"100% bawełna";;Nadruk;"Regular Fit";Prosty;Okrągły;JA222O6DG-O11;Standardowa;"Krótki rękaw";;https://www.zalando.pl/jack-and-jones-t-shirt-z-nadrukiem-summer-fig-ja222o6dg-o11.html;37;zalando.pl;"2026-04-14 15:26:03.572+00";"2026-04-14 15:26:03.721543+00"
1138;"Koszulki z krótkim rękawem (męskie)";"- T-shirt z nadrukiem";"Jack &amp; Jones - T-shirt z nadrukiem";67.45;PLN;67.45;74.99;"100% bawełna";;Nadruk;Regular;Prosty;Okrągły;JA222O6C9-C11;Standardowa;"Krótki rękaw";;https://www.zalando.pl/jack-and-jones-t-shirt-z-nadrukiem-asphalt-ja222o6c9-c11.html;37;zalando.pl;"2026-04-14 15:25:30.365+00";"2026-04-14 15:25:30.53012+00"
1137;"Koszulki z krótkim rękawem (męskie)";"DECATUR - T-shirt basic";"American Vintage DECATUR - T-shirt basic";185.00;PLN;30.00;199.00;"100% bawełna";;"Kolor jednolity";Regular;Prosty;Okrągły;AM222O00X-A11;Standardowa;"Krótki rękaw";;https://www.zalando.pl/american-vintage-t-shirt-basic-blanc-am222o00x-a11.html;37;zalando.pl;"2026-04-14 15:11:50.133+00";"2026-04-14 15:11:50.2338+00"
1136;"Koszulki z krótkim rękawem (męskie)";"- T-shirt z nadrukiem";"Next - T-shirt z nadrukiem";74.00;PLN;30.00;;"100% bawełna";;Nadruk;Regular;Prosty;Okrągły;NX324G3QM-O11;Standardowa;"Krótki rękaw";;https://www.zalando.pl/next-t-shirt-z-nadrukiem-tan-brown-nx324g3qm-o11.html;37;zalando.pl;"2026-04-14 15:11:22.629+00";"2026-04-14 15:11:22.729498+00"
1135;"Koszulki z krótkim rękawem (męskie)";"- T-shirt z nadrukiem";"Obey Clothing - T-shirt z nadrukiem";259.00;PLN;30.00;269.00;"100% bawełna";;Nadruk;Regular;Prosty;Okrągły;OB022O0IC-M11;Standardowa;"Krótki rękaw";;https://www.zalando.pl/obey-clothing-bold-icon-face-t-shirt-z-nadrukiem-rainforest-ob022o0ic-m11.html;37;zalando.pl;"2026-04-14 15:11:04.171+00";"2026-04-14 15:11:04.271471+00"
1134;"Koszulki z krótkim rękawem (męskie)";"ZHOU UNISEX - T-shirt z nadrukiem";"Jacker ZHOU UNISEX - T-shirt z nadrukiem";199.00;PLN;30.00;179.00;"100% bawełna";;Nadruk;Regular;Prosty;Okrągły;J3Z21007X-K11;Standardowa;"Krótki rękaw";;https://www.zalando.pl/jacker-zhou-unisex-t-shirt-z-nadrukiem-blue-j3z21007x-k11.html;37;zalando.pl;"2026-04-14 15:10:22.154+00";"2026-04-14 15:10:22.256112+00"
1133;"Koszulki z krótkim rękawem (męskie)";"- Koszulka sportowa";"Danish Endurance - Koszulka sportowa";235.00;PLN;30.00;269.00;"95% poliester, 5% elastan";;"Kolor jednolity";Regular;Prosty;Okrągły;DAX42D00E-Q12;Standardowa;"Krótki rękaw";;https://www.zalando.pl/danish-endurance-t-shirt-basic-black-olive-dax42d00e-q12.html;37;zalando.pl;"2026-04-14 15:09:53.648+00";"2026-04-14 15:09:53.749543+00"
1132;"Koszulki z krótkim rękawem (męskie)";"STEGE - T-shirt z nadrukiem";"Pegador STEGE - T-shirt z nadrukiem";206.00;PLN;229.00;;"100% bawełna";;Nadruk;Nadwymiarowy;Prosty;Okrągły;PEP22O04Q-A11;Długa;Półrękawek;;https://www.zalando.pl/pegador-stege-t-shirt-z-nadrukiem-washed-warm-white-pep22o04q-a11.html;37;zalando.pl;"2026-04-14 15:09:34.933+00";"2026-04-14 15:09:35.033332+00"
1131;"Koszulki z krótkim rękawem (męskie)";"ACADEMY - Bluzka z długim rękawem";"Nike Performance ACADEMY - Bluzka z długim rękawem";327.00;PLN;30.00;249.00;"100% poliester";;Melanż;Slim;Dopasowany;;N1242G0X4-Q11;Standardowa;"Bardzo długi rękaw";;https://www.zalando.pl/nike-performance-academy-hoodie-bluzka-z-dlugim-rekawem-black-sunset-glow-n1242g0x4-q11.html;37;zalando.pl;"2026-04-14 15:08:52.57+00";"2026-04-14 15:08:52.720339+00"
1130;"Koszulki z krótkim rękawem (męskie)";"BHKARIM GRAPHIC - T-shirt z nadrukiem";"Blend BHKARIM GRAPHIC - T-shirt z nadrukiem";109.00;PLN;30.00;229.99;"100% bawełna";;Nadruk;"Loose fit";Prosty;Okrągły;BL522O0L1-B11;Standardowa;Półrękawek;;https://www.zalando.pl/blend-bhkarim-graphic-t-shirt-z-nadrukiem-crockery-bl522o0l1-b11.html;37;zalando.pl;"2026-04-14 15:08:18.362+00";"2026-04-14 15:08:18.462789+00"
1129;"Koszulki z krótkim rękawem (męskie)";"GRAPHIC SET-IN NECK TEE - T-shirt z nadrukiem";"Levi&#x27;s® GRAPHIC SET-IN NECK TEE - T-shirt z nadrukiem";111.92;PLN;139.90;;"100% bawełna";;Nadruk;Regular;Dopasowany;Okrągły;LE222O00R-Q11;Standardowa;"Krótki rękaw";;https://www.zalando.pl/levi-s-t-shirt-z-nadrukiem-graphic-black-le222o00r-q11.html;37;zalando.pl;"2026-04-14 15:07:52.423+00";"2026-04-14 15:07:52.52637+00"
1128;"Koszulki z krótkim rękawem (męskie)";"DAVIDE - T-shirt basic";"Casual Friday DAVIDE - T-shirt basic";169.00;PLN;30.00;179.00;"95% bawełna, 5% elastan";;"Kolor jednolity";Regular;Prosty;Okrągły;C1A22O04T-A11;Standardowa;"Krótki rękaw";;https://www.zalando.pl/casual-friday-cfdavide-2-pack-t-shirt-basic-bright-white-c1a22o04t-a11.html;37;zalando.pl;"2026-04-14 15:07:31.049+00";"2026-04-14 15:07:31.160514+00"
1127;"Koszulki z krótkim rękawem (męskie)";"- T-shirt basic";"Pako Lorente - T-shirt basic";119.99;PLN;30.00;129.00;"100% bawełna";;"Kolor jednolity";Regular;Prosty;Okrągły;P2X22O02I-K12;Standardowa;"Krótki rękaw";;https://www.zalando.pl/pako-lorente-t-shirt-basic-granatowy-p2x22o02i-k12.html;37;zalando.pl;"2026-04-14 15:06:56.724+00";"2026-04-14 15:06:56.980263+00"
1126;"Koszulki z krótkim rękawem (męskie)";"JORTOAST - T-shirt z nadrukiem";"Jack &amp; Jones JORTOAST - T-shirt z nadrukiem";71.00;PLN;79.00;;"100% bawełna";;Nadruk;Regular;Prosty;Okrągły;JA222O5LX-J11;Długa;"Krótki rękaw";;https://www.zalando.pl/jack-and-jones-jortoast-tee-crew-neck-t-shirt-z-nadrukiem-pink-nectar-ja222o5lx-j11.html;37;zalando.pl;"2026-04-14 15:06:38.654+00";"2026-04-14 15:06:38.755115+00"
1125;"Koszulki z krótkim rękawem (męskie)";"2 PACK - T-shirt basic";"Calvin Klein Jeans 2 PACK - T-shirt basic";174.00;PLN;187.00;249.00;"100% bawełna";;"Kolor jednolity";Regular;Prosty;Okrągły;C1822O0Q1-Q11;Standardowa;"Krótki rękaw";;https://www.zalando.pl/calvin-klein-jeans-classic-micro-monologo-2-pack-t-shirt-basic-blackbright-white-c1822o0q1-q11.html;37;zalando.pl;"2026-04-14 15:06:21.461+00";"2026-04-14 15:06:21.562347+00"
1124;"Koszulki z krótkim rękawem (męskie)";"- Bluzka z długim rękawem";"MM6 Maison Margiela - Bluzka z długim rękawem";1309.00;PLN;30.00;1829.00;"100% bawełna";;;Regular;Prosty;Okrągły;MMA22O01D-A11;Standardowa;"Długi rękaw";;https://www.zalando.pl/mm6-maison-margiela-long-sleeved-bluzka-z-dlugim-rekawem-off-white-mma22o01d-a11.html;37;zalando.pl;"2026-04-14 15:06:03.33+00";"2026-04-14 15:06:03.430514+00"
1123;"Koszulki z krótkim rękawem (męskie)";"- T-shirt z nadrukiem";"s.Oliver - T-shirt z nadrukiem";89.99;PLN;30.00;69.99;"100% bawełna";;Nadruk;Regular;Prosty;Okrągły;SO222O2HD-O11;Standardowa;"Krótki rękaw";;https://www.zalando.pl/soliver-t-shirt-z-nadrukiem-dunkelbraun-so222o2hd-o11.html;37;zalando.pl;"2026-04-14 15:05:35.355+00";"2026-04-14 15:05:35.482205+00"
1122;"Koszulki z krótkim rękawem (męskie)";"- T-shirt basic";"Marc O&#x27;Polo - T-shirt basic";129.95;PLN;30.00;109.00;"100% bawełna";;"Kolor jednolity";Regular;Prosty;Okrągły;MA322O0OI-N11;Standardowa;"Krótki rękaw";;https://www.zalando.pl/marc-opolo-short-sleeve-logo-print-t-shirt-basic-mangrove-ma322o0oi-n11.html;37;zalando.pl;"2026-04-14 15:05:01.057+00";"2026-04-14 15:05:01.298323+00"
1121;"Koszulki z krótkim rękawem (męskie)";"- Koszulka polo";"EA7 Emporio Armani - Koszulka polo";629.00;PLN;30.00;1079.00;"100% poliester";;Nadruk;Regular;Prosty;"Wycięcie typu V";EA722O0E8-Q11;Standardowa;"Długi rękaw";;https://www.zalando.pl/ea7-emporio-armani-train-soccer-bluzka-z-dlugim-rekawem-black-ea722o0e8-q11.html;37;zalando.pl;"2026-04-14 15:04:23.93+00";"2026-04-14 15:04:24.188791+00"
1120;"Koszulki z krótkim rękawem (męskie)";"- T-shirt basic";"Carhartt WIP - T-shirt basic";219.00;PLN;30.00;159.00;"100% bawełna";;"Kolor jednolity";"Loose fit";Prosty;Okrągły;C1422O11I-I11;Standardowa;Półrękawek;;https://www.zalando.pl/carhartt-wip-t-shirt-basic-calla-c1422o11i-i11.html;37;zalando.pl;"2026-04-14 15:03:34.067+00";"2026-04-14 15:03:34.224074+00"
1119;"Koszulki z krótkim rękawem (męskie)";"GOMES - T-shirt basic";"Redefined Rebel GOMES - T-shirt basic";71.00;PLN;79.00;;"100% bawełna";;"Kolor jednolity";"Loose fit";Prosty;Okrągły;R0621003Q-B11;Standardowa;Półrękawek;;https://www.zalando.pl/redefined-rebel-rrgomes-tee-unisex-t-shirt-basic-pristine-r0621003q-b11.html;37;zalando.pl;"2026-04-14 15:03:10.742+00";"2026-04-14 15:03:10.841469+00"
1118;"Koszulki z krótkim rękawem (męskie)";"- T-shirt z nadrukiem";"Guess - T-shirt z nadrukiem";194.95;PLN;30.00;359.00;"100% bawełna";"100% bawełna";Nadruk;Regular;Prosty;Okrągły;GU122O1LN-Q11;Standardowa;"Krótki rękaw";;https://www.zalando.pl/guess-t-shirt-z-nadrukiem-jet-black-a-gu122o1ln-q11.html;37;zalando.pl;"2026-04-14 15:02:21.93+00";"2026-04-14 15:02:22.032104+00"
1117;"Koszulki z krótkim rękawem (męskie)";"- T-shirt z nadrukiem";"Calvin Klein Jeans - T-shirt z nadrukiem";110.00;PLN;110.00;219.00;"100% bawełna";;Nadruk;Regular;Prosty;Okrągły;C1822O0OW-M11;Standardowa;"Krótki rękaw";;https://www.zalando.pl/calvin-klein-jeans-all-graphic-tee-t-shirt-z-nadrukiem-online-lime-c1822o0ow-m11.html;37;zalando.pl;"2026-04-14 15:01:32.064+00";"2026-04-14 15:01:32.367199+00"
1116;"Koszulki z krótkim rękawem (męskie)";"- T-shirt z nadrukiem";"Jack &amp; Jones - T-shirt z nadrukiem";126.00;PLN;126.00;229.00;"100% bawełna";;Nadruk;Regular;Prosty;Okrągły;JA222O6E9-Q11;Standardowa;"Krótki rękaw";;https://www.zalando.pl/jack-and-jones-jjelogo-tee-ss-oneck-2-col-aw25-3pk-pls-t-shirt-z-nadrukiem-cloud-dancer-sky-captain-black-ja222o6e9-q11.html;37;zalando.pl;"2026-04-14 15:01:08.429+00";"2026-04-14 15:01:08.560059+00"
1115;"Koszulki z krótkim rękawem (męskie)";"ALPINE 2 - Koszulka sportowa";"Dynafit ALPINE 2 - Koszulka sportowa";249.00;PLN;30.00;199.00;"100% poliester";;Nadruk;Regular;Dopasowany;Okrągły;DY042D00J-K13;Standardowa;"Krótki rękaw";;https://www.zalando.pl/dynafit-alpine-2-tee-koszulka-sportowa-smoke-blue-dy042d00j-k13.html;36;zalando.pl;"2026-04-14 15:00:37.846+00";"2026-04-14 15:00:38.709936+00"
1114;"Koszulki z krótkim rękawem (męskie)";"- Koszulka polo";"Tommy Jeans - Koszulka polo";216.00;PLN;216.00;309.00;"100% bawełna";;"Kolor jednolity";Regular;Prosty;;TOB22O0W9-Q11;Standardowa;"Krótki rękaw";;https://www.zalando.pl/tommy-jeans-unisex-koszulka-polo-black-tob22o0w9-q11.html;36;zalando.pl;"2026-04-14 14:59:50.068+00";"2026-04-14 14:59:51.241984+00"
1113;"Koszulki z krótkim rękawem (męskie)";"- T-shirt z nadrukiem";"Balmohk - T-shirt z nadrukiem";119.99;PLN;30.00;219.00;"100% bawełna";;Nadruk;"Loose fit";Prosty;Okrągły;BZO22O00G-A11;Standardowa;"Krótki rękaw";;https://www.zalando.pl/balmohk-t-shirt-z-nadrukiem-white-bzo22o00g-a11.html;36;zalando.pl;"2026-04-14 14:59:08.641+00";"2026-04-14 14:59:08.743798+00"
1112;"Koszulki z krótkim rękawem (męskie)";"- T-shirt basic";"camel active - T-shirt basic";129.95;PLN;30.00;129.00;"100% bawełna";"100% bawełna";"Kolor jednolity";Regular;Prosty;Okrągły;CA522O02M-K11;Standardowa;"Krótki rękaw";;https://www.zalando.pl/camel-active-t-shirt-basic-night-blue-ca522o02m-k11.html;36;zalando.pl;"2026-04-14 14:44:00.73+00";"2026-04-14 14:44:00.858892+00"
1111;"Koszulki z krótkim rękawem (męskie)";"BHTEE - T-shirt basic";"Blend BHTEE - T-shirt basic";89.00;PLN;30.00;179.00;"60% bawełna, 40% poliester";;Melanż;Regular;Prosty;Okrągły;BL522O0EL-K12;Standardowa;"Krótki rękaw";;https://www.zalando.pl/blend-bhwilton-t-shirt-basic-dress-blues-bl522o0el-k12.html;36;zalando.pl;"2026-04-14 14:43:36.826+00";"2026-04-14 14:43:37.064304+00"
1110;"Koszulki z krótkim rękawem (męskie)";"- T-shirt z nadrukiem";"EA7 Emporio Armani - T-shirt z nadrukiem";323.00;PLN;251.00;359.00;"100% bawełna";;;Regular;Prosty;Okrągły;EA722O0ED-A11;Standardowa;"Krótki rękaw";;https://www.zalando.pl/ea7-emporio-armani-train-logo-series-man-tee-tape-t-shirt-z-nadrukiem-white-ea722o0ed-a11.html;36;zalando.pl;"2026-04-14 14:42:59.553+00";"2026-04-14 14:42:59.690561+00"
1109;"Koszulki z krótkim rękawem (męskie)";"- T-shirt basic";"s.Oliver - T-shirt basic";69.99;PLN;30.00;211.99;"100% bawełna";;Melanż;Regular;Prosty;Okrągły;SO222O2FO-K11;Standardowa;"Krótki rękaw";;https://www.zalando.pl/soliver-t-shirt-basic-navy-so222o2fo-k11.html;36;zalando.pl;"2026-04-14 14:42:19.527+00";"2026-04-14 14:42:19.628404+00"
1108;"Koszulki z krótkim rękawem (męskie)";"IDRONNY - T-shirt z nadrukiem";"INDICODE JEANS IDRONNY - T-shirt z nadrukiem";56.00;PLN;66.00;89.00;"100% bawełna";;Nadruk;Regular;Prosty;Okrągły;IJ022O06K-Q11;Standardowa;"Krótki rękaw";;https://www.zalando.pl/indicode-jeans-idronny-t-shirt-z-nadrukiem-black-ij022o06k-q11.html;36;zalando.pl;"2026-04-14 14:41:52.158+00";"2026-04-14 14:41:52.259178+00"
1107;"Koszulki z krótkim rękawem (męskie)";"- T-shirt basic";"Calvin Klein - T-shirt basic";169.00;PLN;30.00;359.00;"64% bawełna, 36% poliester";;"Kolor jednolity";Regular;Prosty;Okrągły;6CA22O0ON-Q11;Standardowa;"Krótki rękaw";;https://www.zalando.pl/calvin-klein-active-icon-t-shirt-basic-black-6ca22o0on-q11.html;36;zalando.pl;"2026-04-14 14:41:18.244+00";"2026-04-14 14:41:18.346498+00"
1106;"Koszulki z krótkim rękawem (męskie)";"- T-shirt z nadrukiem";"OCHNIK - T-shirt z nadrukiem";89.90;PLN;;;"100% bawełna";;Nadruk;Regular;Prosty;Okrągły;OC922O034-A11;Standardowa;"Krótki rękaw";;https://www.zalando.pl/ochnik-t-shirt-z-nadrukiem-b-white-oc922o034-a11.html;36;zalando.pl;"2026-04-14 14:40:32.556+00";"2026-04-14 14:40:32.657326+00"
1105;"Koszulki z krótkim rękawem (męskie)";"ROCKER GRAPHIC - T-shirt z nadrukiem";"Superdry &amp; Co ROCKER GRAPHIC - T-shirt z nadrukiem";179.10;PLN;199.00;;"100% bawełna";;Nadruk;Regular;Prosty;Okrągły;SU222O2VA-Q12;Standardowa;"Krótki rękaw";;https://www.zalando.pl/superdry-retro-rocker-graphic-t-shirt-z-nadrukiem-washed-black-su222o2va-q12.html;36;zalando.pl;"2026-04-14 14:40:00.842+00";"2026-04-14 14:40:00.944177+00"
1104;"Koszulki z krótkim rękawem (męskie)";"MONARCH - T-shirt z nadrukiem";"Key Largo MONARCH - T-shirt z nadrukiem";169.99;PLN;30.00;79.00;"100% bawełna";;"Nadrukowane zdjęcie";Regular;Prosty;Okrągły;1KE22O0H7-H11;Standardowa;"Krótki rękaw";;https://www.zalando.pl/key-largo-key-largo-t-shirt-mt-klmonarch-beach-round-t-shirt-z-nadrukiem-salmon-1ke22o0h7-h11.html;36;zalando.pl;"2026-04-14 14:39:39.144+00";"2026-04-14 14:39:39.246471+00"
1103;"Koszulki z krótkim rękawem (męskie)";"- Top";"Levi&#x27;s® - Top";89.00;PLN;30.00;119.00;"100% bawełna";;"Kolor jednolity";Regular;Prosty;"Okrągły, głęboko wycięty";LE222O0C8-B12;Standardowa;"Bez rękawów";;https://www.zalando.pl/levis-housemark-tank-top-pumice-stone-le222o0c8-b12.html;36;zalando.pl;"2026-04-14 14:39:17.243+00";"2026-04-14 14:39:17.343616+00"
1102;"Koszulki z krótkim rękawem (męskie)";"- T-shirt z nadrukiem";"Henry Tiger - T-shirt z nadrukiem";179.99;PLN;30.00;319.00;"100% bawełna";;Nadruk;Regular;Prosty;Okrągły;H3A22O8C5-J11;Standardowa;"Krótki rękaw";;https://www.zalando.pl/henry-tiger-basketball-logo-t-shirt-z-nadrukiem-cotton-pink-h3a22o8c5-j11.html;36;zalando.pl;"2026-04-14 14:38:43.466+00";"2026-04-14 14:38:43.615819+00"
1101;"Koszulki z krótkim rękawem (męskie)";"- Koszulka polo";"J.LINDEBERG Sports - Koszulka polo";449.00;PLN;30.00;409.00;"91% poliester, 9% elastan";;"Wzory militarne";Regular;Prosty;;JL242D05T-T11;Standardowa;"Krótki rękaw";;https://www.zalando.pl/jlindeberg-sports-bridger-tour-print-koszulka-polo-tour-multi-l-jl242d05t-t11.html;36;zalando.pl;"2026-04-14 14:37:54.031+00";"2026-04-14 14:37:54.139643+00"
1100;"Koszulki z krótkim rękawem (męskie)";"COLOMBIA - Koszulka reprezentacji";"adidas Originals COLOMBIA - Koszulka reprezentacji";219.00;PLN;30.00;159.00;"52% bawełna, 48% poliester";;"Kolor jednolity";Regular;Prosty;Okrągły;AD142D071-P11;Standardowa;"Krótki rękaw";;https://www.zalando.pl/adidas-originals-colombia-t-shirt-z-nadrukiem-mystery-petrol-ad142d071-p11.html;36;zalando.pl;"2026-04-14 14:37:23.634+00";"2026-04-14 14:37:23.744536+00"
1099;"Koszulki z krótkim rękawem (męskie)";"- T-shirt z nadrukiem";"Jack &amp; Jones - T-shirt z nadrukiem";67.45;PLN;67.45;74.99;"100% bawełna";;Nadruk;Regular;Prosty;Okrągły;JA222O6DG-K11;Standardowa;"Krótki rękaw";;https://www.zalando.pl/jack-and-jones-t-shirt-z-nadrukiem-navy-blazer-ja222o6dg-k11.html;36;zalando.pl;"2026-04-14 14:36:56.947+00";"2026-04-14 14:36:57.048826+00"
1098;"Koszulki z krótkim rękawem (męskie)";"- T-shirt z nadrukiem";"Marc O&#x27;Polo - T-shirt z nadrukiem";219.00;PLN;30.00;79.00;"100% bawełna";;Nadruk;"Loose fit";Prosty;Okrągły;MA322O0ST-I11;Standardowa;"Krótki rękaw";;https://www.zalando.pl/marc-opolo-t-shirt-short-sleeve-relaxed-fit-seasonal-artwork-t-shirt-z-nadrukiem-scattered-orchid-ma322o0st-i11.html;36;zalando.pl;"2026-04-14 14:36:11.233+00";"2026-04-14 14:36:11.471758+00"
1097;"Koszulki z krótkim rękawem (męskie)";"- T-shirt z nadrukiem";"Salsa Jeans - T-shirt z nadrukiem";189.00;PLN;30.00;179.00;"100% bawełna";;Nadruk;Regular;Prosty;Okrągły;SZ022O0AH-A11;Standardowa;"Krótki rękaw";;https://www.zalando.pl/salsa-jeans-t-shirt-z-nadrukiem-weiss-sz022o0ah-a11.html;36;zalando.pl;"2026-04-14 14:35:26.828+00";"2026-04-14 14:35:26.92721+00"
1096;"Koszulki z krótkim rękawem (męskie)";"AC/DC BACK IN BLACK - T-shirt z nadrukiem";"rockshirts AC/DC BACK IN BLACK - T-shirt z nadrukiem";99.00;PLN;30.00;99.00;"100% bawełna";;Nadruk;Regular;Prosty;Okrągły;R8N22O06P-Q11;Standardowa;"Krótki rękaw";;https://www.zalando.pl/rockshirts-t-shirt-z-nadrukiem-black-r8n22o06p-q11.html;36;zalando.pl;"2026-04-14 14:34:41.77+00";"2026-04-14 14:34:41.919007+00"
1095;"Koszulki z krótkim rękawem (męskie)";"- T-shirt z nadrukiem";"Jack &amp; Jones - T-shirt z nadrukiem";62.95;PLN;62.95;69.99;"100% bawełna";;Nadruk;Regular;Prosty;Okrągły;JA222O6B9-M11;Standardowa;"Krótki rękaw";;https://www.zalando.pl/jack-and-jones-t-shirt-z-nadrukiem-aqua-gray-ja222o6b9-m11.html;36;zalando.pl;"2026-04-14 14:34:00.558+00";"2026-04-14 14:34:00.657145+00"
1094;"Koszulki z krótkim rękawem (męskie)";"- Koszulka polo";"Mango - Koszulka polo";209.99;PLN;30.00;191.21;"81% bawełna, 19% poliester";"81% bawełna, 19% poliester";"W paski";Regular;Prosty;;M9122O0ZA-K11;Standardowa;"Długi rękaw";;https://www.zalando.pl/mango-bluzka-z-dlugim-rekawem-navy-m9122o0za-k11.html;36;zalando.pl;"2026-04-14 14:33:37.354+00";"2026-04-14 14:33:37.461932+00"
1093;"Koszulki z krótkim rękawem (męskie)";"Koszulka polo";"Pier One Koszulka polo";45.00;PLN;41.00;69.00;"100% bawełna";;"Kolor jednolity";Prosty;;;PI922D01Q-G12;Standardowa;"Krótki rękaw";;https://www.zalando.pl/pier-one-koszulka-polo-czerwony-pi922d01q-g12.html;36;zalando.pl;"2026-04-14 14:32:52.07+00";"2026-04-14 14:32:52.219185+00"
1092;"Koszulki z krótkim rękawem (męskie)";"- T-shirt z nadrukiem";"KARL LAGERFELD - T-shirt z nadrukiem";337.30;PLN;30.00;419.00;"100% bawełna";;"Kolor jednolity";Regular;Prosty;Okrągły;K4822O0MB-Q11;Standardowa;"Krótki rękaw";;https://www.zalando.pl/karl-lagerfeld-crew-neck-t-shirt-z-nadrukiem-black-k4822o0mb-q11.html;36;zalando.pl;"2026-04-14 14:32:02.229+00";"2026-04-14 14:32:02.329133+00"
1091;"Koszulki z krótkim rękawem (męskie)";"- T-shirt z nadrukiem";"Nike Sportswear - T-shirt z nadrukiem";159.00;PLN;30.00;179.00;"100% bawełna";;Nadruk;"Loose fit";Prosty;Okrągły;NI122O1A4-Q11;Standardowa;"Krótki rękaw";;https://www.zalando.pl/nike-sportswear-tee-t-shirt-z-nadrukiem-black-ni122o1a4-q11.html;36;zalando.pl;"2026-04-14 14:31:25.655+00";"2026-04-14 14:31:25.757809+00"
1090;"Koszulki z krótkim rękawem (męskie)";"- T-shirt z nadrukiem";"JOOP! - T-shirt z nadrukiem";170.19;PLN;30.00;229.00;"96% bawełna, 4% elastan";;Nadruk;Regular;Prosty;Okrągły;JO922O04F-K11;Standardowa;"Krótki rękaw";;https://www.zalando.pl/joop-t-shirt-z-nadrukiem-blau-jo922o04f-k11.html;36;zalando.pl;"2026-04-14 14:30:53.234+00";"2026-04-14 14:30:53.393289+00"
1089;"Koszulki z krótkim rękawem (męskie)";"- Bluzka z długim rękawem";"Champion - Bluzka z długim rękawem";234.00;PLN;30.00;159.00;"78% poliester, 22% elastan";"78% poliester, 22% elastan";"Wzory militarne";Regular;Prosty;Okrągły;C7622O0AR-M11;Standardowa;"Długi rękaw";;https://www.zalando.pl/champion-long-sleeve-crewneck-bluzka-z-dlugim-rekawem-green-c7622o0ar-m11.html;36;zalando.pl;"2026-04-14 14:30:18.233+00";"2026-04-14 14:30:18.3391+00"
1088;"Koszulki z krótkim rękawem (męskie)";"- T-shirt basic";"R.D.D. ROYAL DENIM DIVISION - T-shirt basic";179.99;PLN;30.00;119.00;"100% bawełna";;"Kolor jednolity";"Loose fit";Prosty;Okrągły;ROW22O00N-M11;Standardowa;"Krótki rękaw";;https://www.zalando.pl/rdd-royal-denim-division-t-shirt-z-nadrukiem-agave-green-row22o00n-m11.html;35;zalando.pl;"2026-04-14 14:29:11.866+00";"2026-04-14 14:29:11.988155+00"
1087;"Koszulki z krótkim rękawem (męskie)";"JJEJEFF - T-shirt z nadrukiem";"Jack &amp; Jones JJEJEFF - T-shirt z nadrukiem";116.00;PLN;129.00;;"100% bawełna";;Nadruk;Regular;Prosty;Okrągły;JA222O6FQ-Q11;Standardowa;"Krótki rękaw";;https://www.zalando.pl/jack-and-jones-jjejeff-tee-2-pack-t-shirt-z-nadrukiem-black-ja222o6fq-q11.html;35;zalando.pl;"2026-04-14 14:28:22.925+00";"2026-04-14 14:28:23.091163+00"
1086;"Koszulki z krótkim rękawem (męskie)";"- T-shirt z nadrukiem";"Nike Sportswear - T-shirt z nadrukiem";109.00;PLN;30.00;99.00;"100% bawełna";;Nadruk;Regular;Prosty;Okrągły;NI122O0C8-M18;Standardowa;"Krótki rękaw";;https://www.zalando.pl/nike-sportswear-tee-icon-futura-t-shirt-z-nadrukiem-green-ni122o0c8-m18.html;35;zalando.pl;"2026-04-14 14:27:59.068+00";"2026-04-14 14:27:59.220372+00"
1085;"Koszulki z krótkim rękawem (męskie)";"BHNERO - T-shirt z nadrukiem";"Blend BHNERO - T-shirt z nadrukiem";58.00;PLN;60.00;99.00;"60% bawełna, 40% poliester";;Nadruk;Regular;Prosty;Okrągły;BL522O05Q-C11;Długa;"Krótki rękaw";;https://www.zalando.pl/blend-t-shirt-z-nadrukiem-four-leaf-clover-bl522o05q-c11.html;35;zalando.pl;"2026-04-14 14:27:37.564+00";"2026-04-14 14:27:37.688717+00"
1084;"Koszulki z krótkim rękawem (męskie)";"JORMONTAUK - T-shirt z nadrukiem";"Jack &amp; Jones JORMONTAUK - T-shirt z nadrukiem";109.00;PLN;30.00;159.00;"100% bawełna";;Nadruk;Regular;Prosty;Okrągły;JA222O6KU-Q11;Standardowa;"Krótki rękaw";;https://www.zalando.pl/jack-and-jones-jormontauk-tee-crew-neck-t-shirt-z-nadrukiem-black-ja222o6ku-q11.html;35;zalando.pl;"2026-04-14 14:27:14.463+00";"2026-04-14 14:27:14.567299+00"
1083;"Koszulki z krótkim rękawem (męskie)";"- T-shirt z nadrukiem";"Rocawear - T-shirt z nadrukiem";119.00;PLN;30.00;79.00;"100% bawełna";;Nadruk;"Loose fit";Prosty;Okrągły;RC122O043-K11;Długa;Półrękawek;;https://www.zalando.pl/rocawear-simple-t-shirt-z-nadrukiem-brunnerablue-rc122o043-k11.html;35;zalando.pl;"2026-04-14 14:26:49.448+00";"2026-04-14 14:26:49.558199+00"
1082;"Koszulki z krótkim rękawem (męskie)";"EXTENDED GYM TEE - T-shirt basic";"SIKSILK EXTENDED GYM TEE - T-shirt basic";103.00;PLN;159.00;;"95% bawełna, 5% elastan";;"Kolor jednolity";"Regular Fit";Prosty;Okrągły;SIF22O0NB-A11;Standardowa;"Krótki rękaw";;https://www.zalando.pl/siksilk-extended-gym-tee-t-shirt-basic-white-sif22o0nb-a11.html;35;zalando.pl;"2026-04-14 14:26:07.761+00";"2026-04-14 14:26:07.987203+00"
1081;"Koszulki z krótkim rękawem (męskie)";"BOXY - T-shirt basic";"Bershka BOXY - T-shirt basic";59.90;PLN;30.00;129.00;"100% bawełna";;Melanż;"Loose fit";Prosty;Okrągły;BEJ22O1F7-G11;Standardowa;"Krótki rękaw";;https://www.zalando.pl/bershka-boxy-short-sleeve-t-shirt-basic-coral-bej22o1f7-g11.html;35;zalando.pl;"2026-04-14 13:55:28.655+00";"2026-04-14 13:55:28.769099+00"
1080;"Koszulki z krótkim rękawem (męskie)";"- T-shirt z nadrukiem";"Jack &amp; Jones - T-shirt z nadrukiem";67.45;PLN;67.45;74.99;"100% bawełna";;Nadruk;Regular;Prosty;Okrągły;JA222O6HQ-G11;Standardowa;"Krótki rękaw";;https://www.zalando.pl/jack-and-jones-t-shirt-z-nadrukiem-tibetan-red-ja222o6hq-g11.html;35;zalando.pl;"2026-04-14 13:54:53.56+00";"2026-04-14 13:54:53.659024+00"
1079;"Koszulki z krótkim rękawem (męskie)";"CLUELESS - T-shirt z nadrukiem";"Henry Tiger CLUELESS - T-shirt z nadrukiem";169.99;PLN;30.00;;"100% bawełna";;Nadruk;Regular;Prosty;Okrągły;H3A22O8FV-A11;Standardowa;"Krótki rękaw";;https://www.zalando.pl/henry-tiger-t-shirt-z-nadrukiem-white-h3a22o8fv-a11.html;35;zalando.pl;"2026-04-14 13:54:24.923+00";"2026-04-14 13:54:25.066264+00"
1078;"Koszulki z krótkim rękawem (męskie)";"TH X CADILLAC FORMULA 1 UNISEX - Koszulka polo";"Tommy Hilfiger TH X CADILLAC FORMULA 1 UNISEX - Koszulka polo";409.00;PLN;30.00;409.00;"96% bawełna, 4% elastan";;Nadruk;Regular;Prosty;;TO122O16X-A11;Standardowa;"Krótki rękaw";;https://www.zalando.pl/tommy-hilfiger-cadillac-formula-team-replica-polo-koszulka-polo-white-to122o16x-a11.html;35;zalando.pl;"2026-04-14 13:53:33.48+00";"2026-04-14 13:53:33.580973+00"
1077;"Koszulki z krótkim rękawem (męskie)";"JCOCREST - T-shirt z nadrukiem";"Jack &amp; Jones JCOCREST - T-shirt z nadrukiem";89.99;PLN;30.00;89.00;"100% bawełna";;Nadruk;"Loose fit";Prosty;Okrągły;JA222O6AG-A12;Standardowa;"Krótki rękaw";;https://www.zalando.pl/jack-and-jones-jcocrest-back-print-tee-crew-neck-t-shirt-z-nadrukiem-white-melange-ja222o6ag-a12.html;35;zalando.pl;"2026-04-14 13:52:26.561+00";"2026-04-14 13:53:08.283556+00"
1076;"Koszulki z krótkim rękawem (męskie)";"UNISEX - T-shirt z nadrukiem";"Kaotiko UNISEX - T-shirt z nadrukiem";209.00;PLN;30.00;159.00;"100% bawełna";;Nadruk;Regular;Prosty;Okrągły;KAI2100X9-A11;Standardowa;"Krótki rękaw";;https://www.zalando.pl/kaotiko-coffee-culture-unisex-t-shirt-z-nadrukiem-ivory-kai2100x9-a11.html;35;zalando.pl;"2026-04-14 13:51:18.441+00";"2026-04-14 13:51:18.590189+00"
1075;"Koszulki z krótkim rękawem (męskie)";"UNISEX - Koszulka polo";"Umbro UNISEX - Koszulka polo";269.00;PLN;30.00;279.00;"100% poliester";;Nadruk;Regular;Prosty;;UM121000F-A12;Standardowa;"Krótki rękaw";;https://www.zalando.pl/umbro-football-unisex-koszulka-polo-brilliant-whiteblackgoji-berry-um121000f-a12.html;35;zalando.pl;"2026-04-14 13:50:51.721+00";"2026-04-14 13:50:51.86009+00"
1074;"Koszulki z krótkim rękawem (męskie)";"- T-shirt z nadrukiem";"Hollister Co. - T-shirt z nadrukiem";159.00;PLN;30.00;79.00;"100% bawełna";;Nadruk;Regular;Prosty;Okrągły;H0422O0KP-C11;Standardowa;"Krótki rękaw";;https://www.zalando.pl/hollister-co-cartoon-tee-t-shirt-z-nadrukiem-grey-h0422o0kp-c11.html;35;zalando.pl;"2026-04-14 13:50:21.35+00";"2026-04-14 13:50:21.521052+00"
1073;"Koszulki z krótkim rękawem (męskie)";"- T-shirt z nadrukiem";"The North Face - T-shirt z nadrukiem";179.00;PLN;30.00;159.00;"100% bawełna";;Nadruk;Regular;Prosty;Okrągły;TH322O0FK-J11;Standardowa;"Krótki rękaw";;https://www.zalando.pl/the-north-face-t-shirt-z-nadrukiem-metal-pink-th322o0fk-j11.html;35;zalando.pl;"2026-04-14 13:49:59.523+00";"2026-04-14 13:49:59.869822+00"
1072;"Koszulki z krótkim rękawem (męskie)";"- T-shirt basic";"Tommy Jeans - T-shirt basic";206.00;PLN;160.00;229.00;"100% bawełna";;"Kolor jednolity";Regular;Prosty;Okrągły;TOB22O0S8-Q12;Standardowa;"Krótki rękaw";;https://www.zalando.pl/tommy-jeans-tee-2-pack-t-shirt-basic-blackecru-tob22o0s8-q12.html;35;zalando.pl;"2026-04-14 13:49:26.067+00";"2026-04-14 13:49:26.222221+00"
1071;"Koszulki z krótkim rękawem (męskie)";"- T-shirt z nadrukiem";"Jordan - T-shirt z nadrukiem";179.00;PLN;30.00;119.00;"100% bawełna";;Nadruk;Regular;Prosty;Okrągły;JOC22O0BK-A11;Standardowa;Półrękawek;;https://www.zalando.pl/jordan-crew-t-shirt-z-nadrukiem-white-joc22o0bk-a11.html;35;zalando.pl;"2026-04-14 13:48:44.828+00";"2026-04-14 13:48:44.95925+00"
1070;"Koszulki z krótkim rękawem (męskie)";"- Bluzka z długim rękawem";"GAP - Bluzka z długim rękawem";159.00;PLN;30.00;79.00;"100% bawełna";;Nadruk;"Loose fit";Prosty;Okrągły;GP022O0DE-Q11;Standardowa;"Długi rękaw";;https://www.zalando.pl/gap-logo-tee-bluzka-z-dlugim-rekawem-moonless-night-gp022o0de-q11.html;35;zalando.pl;"2026-04-14 13:48:20.73+00";"2026-04-14 13:48:20.834569+00"
1069;"Koszulki z krótkim rękawem (męskie)";"- T-shirt z nadrukiem";"Lacoste - T-shirt z nadrukiem";319.00;PLN;30.00;129.00;"100% bawełna";;Nadruk;Regular;Prosty;Okrągły;LA222O0IE-Q11;Standardowa;"Krótki rękaw";;https://www.zalando.pl/lacoste-t-shirt-z-nadrukiem-black-la222o0ie-q11.html;35;zalando.pl;"2026-04-14 13:47:33.455+00";"2026-04-14 13:47:33.59348+00"
1068;"Koszulki z krótkim rękawem (męskie)";"- T-shirt basic";"s.Oliver - T-shirt basic";303.00;PLN;30.00;179.00;"100% bawełna";;"Kolor jednolity";Regular;Prosty;Okrągły;SO222O2DT-K11;Standardowa;"Krótki rękaw";;https://www.zalando.pl/soliver-t-shirt-basic-blau-so222o2dt-k11.html;35;zalando.pl;"2026-04-14 13:46:40.433+00";"2026-04-14 13:46:40.559482+00"
1067;"Koszulki z krótkim rękawem (męskie)";"- T-shirt z nadrukiem";"Carhartt WIP - T-shirt z nadrukiem";219.00;PLN;30.00;219.00;"100% bawełna";;"W paski";"Loose fit";Prosty;Okrągły;C1422O111-O11;Standardowa;Półrękawek;;https://www.zalando.pl/carhartt-wip-t-shirt-z-nadrukiem-brownpeanut-c1422o111-o11.html;35;zalando.pl;"2026-04-14 13:45:49.256+00";"2026-04-14 13:45:49.390176+00"
1066;"Koszulki z krótkim rękawem (męskie)";"- T-shirt z nadrukiem";"Jack &amp; Jones - T-shirt z nadrukiem";74.99;PLN;30.00;69.00;"100% bawełna";;Nadruk;Regular;Prosty;Okrągły;JA222O6KN-K11;Standardowa;"Krótki rękaw";;https://www.zalando.pl/jack-and-jones-gedruckt-t-shirt-z-nadrukiem-navy-blazer-ja222o6kn-k11.html;35;zalando.pl;"2026-04-14 13:45:10.427+00";"2026-04-14 13:45:10.565949+00"
1065;"Koszulki z krótkim rękawem (męskie)";"- T-shirt z nadrukiem";"Lindbergh - T-shirt z nadrukiem";87.00;PLN;82.00;109.00;"80% bawełna, 20% poliester";;Nadruk;Regular;Prosty;Okrągły;LG522O036-M11;Standardowa;"Krótki rękaw";;https://www.zalando.pl/lindbergh-ciao-tee-t-shirt-z-nadrukiem-light-green-melange-lg522o036-m11.html;35;zalando.pl;"2026-04-14 13:44:38.926+00";"2026-04-14 13:44:39.059761+00"
1064;"Koszulki z krótkim rękawem (męskie)";"- Koszulka polo";"KARL LAGERFELD - Koszulka polo";463.00;PLN;30.00;409.00;"75% wiskoza, 25% poliester";;"Kolor jednolity";Regular;Prosty;"Wycięcie typu V";K4822O0R3-A11;Standardowa;"Krótki rękaw";;https://www.zalando.pl/karl-lagerfeld-koszulka-polo-white-k4822o0r3-a11.html;34;zalando.pl;"2026-04-14 13:43:41.358+00";"2026-04-14 13:43:41.577841+00"
1063;"Koszulki z krótkim rękawem (męskie)";"T-shirt basic";"camel active T-shirt basic";99.95;PLN;30.00;140.99;"100% bawełna";;"Kolor jednolity";Regular;;Okrągły;CA522O01V-K11;Standardowa;"Krótki rękaw";;https://www.zalando.pl/camel-active-t-shirt-basic-navy-ca522o01v-k11.html;34;zalando.pl;"2026-04-14 13:43:17.724+00";"2026-04-14 13:43:17.830682+00"
1062;"Koszulki z krótkim rękawem (męskie)";"- T-shirt z nadrukiem";"DC Shoes - T-shirt z nadrukiem";97.49;PLN;134.99;149.99;"100% bawełna";"100% poliester";Nadruk;Regular;Prosty;Okrągły;DC122O0MK-Q11;Standardowa;"Krótki rękaw";;https://www.zalando.pl/dc-shoes-t-shirt-z-nadrukiem-kvj-black-dc122o0mk-q11.html;34;zalando.pl;"2026-04-14 13:42:42.843+00";"2026-04-14 13:42:42.943225+00"
1061;"Koszulki z krótkim rękawem (męskie)";"BHPOLO - Koszulka polo";"Blend BHPOLO - Koszulka polo";72.00;PLN;76.00;119.00;"95% bawełna, 5% elastan";;"Kolor jednolity";Regular;Prosty;Kopertowy;BL522P02D-A11;Standardowa;"Krótki rękaw";;https://www.zalando.pl/blend-koszulka-polo-snow-white-bl522p02d-a11.html;34;zalando.pl;"2026-04-14 13:41:58.039+00";"2026-04-14 13:41:58.139906+00"
1060;"Koszulki z krótkim rękawem (męskie)";"- T-shirt z nadrukiem";"Weekend Offender - T-shirt z nadrukiem";179.00;PLN;199.00;;"100% bawełna";;Nadruk;Regular;Prosty;Okrągły;WE822O02S-Q11;Standardowa;"Krótki rękaw";;https://www.zalando.pl/weekend-offender-cite-la-noe-t-shirt-z-nadrukiem-black-we822o02s-q11.html;34;zalando.pl;"2026-04-14 13:41:15.225+00";"2026-04-14 13:41:15.327228+00"
1059;"Koszulki z krótkim rękawem (męskie)";"- T-shirt z nadrukiem";"Jack &amp; Jones - T-shirt z nadrukiem";62.95;PLN;62.95;69.99;"100% bawełna";;Nadruk;Regular;Prosty;Okrągły;JA222O6D8-Q11;Standardowa;"Krótki rękaw";;https://www.zalando.pl/jack-and-jones-t-shirt-z-nadrukiem-black-ja222o6d8-q11.html;34;zalando.pl;"2026-04-14 13:40:38.921+00";"2026-04-14 13:40:39.020755+00"
1058;"Koszulki z krótkim rękawem (męskie)";"- Koszulka polo";"HUGO - Koszulka polo";409.00;PLN;503.00;629.00;"100% bawełna";;Nadruk;"Loose fit";Prosty;;HU722S0J2-O11;Standardowa;"Długi rękaw";;https://www.zalando.pl/hugo-dimolox-bluzka-z-dlugim-rekawem-open-brown-hu722s0j2-o11.html;34;zalando.pl;"2026-04-14 13:40:14.442+00";"2026-04-14 13:40:14.542405+00"
1057;"Koszulki z krótkim rękawem (męskie)";"- Koszulka polo";"Abercrombie &amp; Fitch - Koszulka polo";159.00;PLN;30.00;229.00;"98% bawełna, 2% elastan";;"Kolor jednolity";Regular;Prosty;;A0F22O0IN-G11;Standardowa;"Krótki rękaw";;https://www.zalando.pl/abercrombie-and-fitch-icon-koszulka-polo-500-a0f22o0in-g11.html;34;zalando.pl;"2026-04-14 13:39:51.668+00";"2026-04-14 13:39:51.816842+00"
1056;"Koszulki z krótkim rękawem (męskie)";"- T-shirt z nadrukiem";"PULL&amp;BEAR - T-shirt z nadrukiem";69.90;PLN;30.00;79.00;"100% bawełna";;Nadruk;"Loose fit";Prosty;Okrągły;PUC22O2IU-C11;Standardowa;Półrękawek;;https://www.zalando.pl/pullandbear-t-shirt-z-nadrukiem-light-grey-puc22o2iu-c11.html;34;zalando.pl;"2026-04-14 13:39:17.334+00";"2026-04-14 13:39:17.434566+00"
1055;"Koszulki z krótkim rękawem (męskie)";"- T-shirt z nadrukiem";"Ksubi - T-shirt z nadrukiem";619.00;PLN;30.00;1379.00;"100% bawełna";;;Regular;Prosty;Okrągły;KS322O01M-A11;Standardowa;"Krótki rękaw";;https://www.zalando.pl/ksubi-prestige-biggie-tee-antique-t-shirt-z-nadrukiem-white-ks322o01m-a11.html;34;zalando.pl;"2026-04-14 13:38:55.947+00";"2026-04-14 13:38:56.050757+00"
1054;"Koszulki z krótkim rękawem (męskie)";"- T-shirt z nadrukiem";"Scalpers - T-shirt z nadrukiem";115.38;PLN;164.83;;"100% bawełna";;Nadruk;Regular;Prosty;Okrągły;SCF21D0DZ-G11;Standardowa;"Krótki rękaw";;https://www.zalando.pl/scalpers-athletic-tee-t-shirt-z-nadrukiem-burgundy-scf21d0dz-g11.html;34;zalando.pl;"2026-04-14 13:38:14.656+00";"2026-04-14 13:38:14.956278+00"
1053;"Koszulki z krótkim rękawem (męskie)";"- Koszulka polo";"s.Oliver - Koszulka polo";129.99;PLN;30.00;129.99;"100% bawełna";;"Kolor jednolity";Regular;Prosty;"Wycięcie typu V";SO222O2GC-M11;Standardowa;"Krótki rękaw";;https://www.zalando.pl/soliver-polo-shirt-koszulka-polo-hellgruen-so222o2gc-m11.html;34;zalando.pl;"2026-04-14 13:37:44.226+00";"2026-04-14 13:37:44.33309+00"
1052;"Koszulki z krótkim rękawem (męskie)";"TASTE TALK - T-shirt z nadrukiem";"Scalpers TASTE TALK - T-shirt z nadrukiem";101.25;PLN;84.16;126.56;"100% bawełna";;Nadruk;"Regular Fit";Prosty;Okrągły;SCF22O0CH-G11;Standardowa;"Krótki rękaw";;https://www.zalando.pl/scalpers-t-shirt-z-nadrukiem-burgundy-scf22o0ch-g11.html;34;zalando.pl;"2026-04-14 13:36:56.466+00";"2026-04-14 13:36:56.61937+00"
1051;"Koszulki z krótkim rękawem (męskie)";"- Koszulka polo";"Napapijri - Koszulka polo";278.00;PLN;309.00;;"100% bawełna";;"Kolor jednolity";Regular;Prosty;;NA622P045-K15;Standardowa;"Krótki rękaw";;https://www.zalando.pl/napapijri-ealis-koszulka-polo-blue-jasper-na622p045-k15.html;34;zalando.pl;"2026-04-14 13:36:16.947+00";"2026-04-14 13:36:17.050894+00"
1050;"Koszulki z krótkim rękawem (męskie)";"- T-shirt basic";"camel active - T-shirt basic";129.95;PLN;30.00;249.00;"100% bawełna";"100% bawełna";"Kolor jednolity";Regular;Prosty;Okrągły;CA522O02M-Q11;Standardowa;"Krótki rękaw";;https://www.zalando.pl/camel-active-t-shirt-basic-asphalt-ca522o02m-q11.html;34;zalando.pl;"2026-04-14 13:35:27.63+00";"2026-04-14 13:35:27.730059+00"
1049;"Koszulki z krótkim rękawem (męskie)";"- Top";"Bershka - Top";55.90;PLN;30.00;89.00;"58% bawełna, 40% modal, 2% elastan";;"Kolor jednolity";Regular;Prosty;"Okrągły, głęboko wycięty";BEJ22O1ED-Q11;Standardowa;"Bez rękawów";;https://www.zalando.pl/bershka-strappy-top-black-bej22o1ed-q11.html;34;zalando.pl;"2026-04-14 13:35:08.232+00";"2026-04-14 13:35:08.334037+00"
1048;"Koszulki z krótkim rękawem (męskie)";"- T-shirt z nadrukiem";"Casual Friday - T-shirt z nadrukiem";72.00;PLN;76.00;129.00;"100% bawełna";;Nadruk;Regular;Prosty;Okrągły;C1A22O03I-K11;Standardowa;"Krótki rękaw";;https://www.zalando.pl/casual-friday-cftue-relaxed-fit-with-chest-t-shirt-z-nadrukiem-dark-navy-c1a22o03i-k11.html;34;zalando.pl;"2026-04-14 13:34:36.567+00";"2026-04-14 13:34:36.721306+00"
1047;"Koszulki z krótkim rękawem (męskie)";"- T-shirt z nadrukiem";"Replay - T-shirt z nadrukiem";179.00;PLN;30.00;539.00;"100% bawełna";;Nadruk;Regular;Prosty;Okrągły;RE322O0N8-A11;Standardowa;"Krótki rękaw";;https://www.zalando.pl/replay-t-shirt-z-nadrukiem-natural-white-re322o0n8-a11.html;34;zalando.pl;"2026-04-14 13:33:51.644+00";"2026-04-14 13:33:51.743433+00"
1046;"Koszulki z krótkim rękawem (męskie)";"- T-shirt z nadrukiem";"Emporio Armani - T-shirt z nadrukiem";499.00;PLN;30.00;510.00;"100% bawełna";;Nadruk;Regular;Prosty;Okrągły;EA822O0MS-K11;Standardowa;"Krótki rękaw";;https://www.zalando.pl/emporio-armani-t-shirt-z-nadrukiem-navy-ea822o0ms-k11.html;34;zalando.pl;"2026-04-14 13:33:17.548+00";"2026-04-14 13:33:17.646867+00"
1045;"Koszulki z krótkim rękawem (męskie)";"- T-shirt basic";"EA7 Emporio Armani - T-shirt basic";242.00;PLN;242.00;269.00;"95% bawełna, 5% elastan";;"Kolor jednolity";Regular;Prosty;"Wycięcie typu V";EA722O09X-A11;Standardowa;"Krótki rękaw";;https://www.zalando.pl/ea7-emporio-armani-t-shirt-basic-white-ea722o09x-a11.html;34;zalando.pl;"2026-04-14 13:32:50.63+00";"2026-04-14 13:32:50.730982+00"
1044;"Koszulki z krótkim rękawem (męskie)";"UNISEX - T-shirt z nadrukiem";"Tommy Jeans UNISEX - T-shirt z nadrukiem";152.00;PLN;169.00;;"100% bawełna";;Nadruk;Regular;Prosty;Okrągły;TOB2100JC-O11;Standardowa;"Krótki rękaw";;https://www.zalando.pl/tommy-jeans-unisex-t-shirt-z-nadrukiem-black-walnut-tob2100jc-o11.html;34;zalando.pl;"2026-04-14 13:32:03.326+00";"2026-04-14 13:32:03.427144+00"
1043;"Koszulki z krótkim rękawem (męskie)";"ARJUN - T-shirt basic";"U.S. Polo Assn. ARJUN - T-shirt basic";212.99;PLN;350.00;;"100% bawełna";;"Kolor jednolity";Regular;Prosty;Okrągły;US222O03W-M12;Standardowa;"Krótki rękaw";;https://www.zalando.pl/us-polo-assn-arjun-3-pack-t-shirt-basic-white-forest-night-crockery-us222o03w-m12.html;33;zalando.pl;"2026-04-14 13:30:30.562+00";"2026-04-14 13:30:30.676447+00"
1042;"Koszulki z krótkim rękawem (męskie)";"KARTER - T-shirt z nadrukiem";"Blend KARTER - T-shirt z nadrukiem";79.00;PLN;30.00;69.00;"100% bawełna";;Nadruk;Regular;Prosty;Okrągły;BL522O0KL-K11;Standardowa;"Krótki rękaw";;https://www.zalando.pl/blend-karter-t-shirt-z-nadrukiem-salute-bl522o0kl-k11.html;33;zalando.pl;"2026-04-14 13:30:06.15+00";"2026-04-14 13:30:06.250673+00"
1041;"Koszulki z krótkim rękawem (męskie)";"- T-shirt z nadrukiem";"Schott - T-shirt z nadrukiem";210.00;PLN;30.00;129.99;"100% bawełna";;Nadruk;Regular;Prosty;Okrągły;S3722O04K-A11;Standardowa;"Krótki rękaw";;https://www.zalando.pl/schott-t-shirt-biker-cartoon-t-shirt-z-nadrukiem-blanc-casse-s3722o04k-a11.html;33;zalando.pl;"2026-04-14 13:29:22.855+00";"2026-04-14 13:29:22.956851+00"
1040;"Koszulki z krótkim rękawem (męskie)";"- T-shirt z nadrukiem";"Bareen - T-shirt z nadrukiem";289.00;PLN;30.00;179.00;"100% bawełna";;Nadruk;"Loose fit";Prosty;Okrągły;BWU22O00P-Q11;Standardowa;Półrękawek;;https://www.zalando.pl/bareen-box-fit-moto-t-shirt-z-nadrukiem-black-bwu22o00p-q11.html;33;zalando.pl;"2026-04-14 13:28:41.651+00";"2026-04-14 13:28:41.765515+00"
1039;"Koszulki z krótkim rękawem (męskie)";"- T-shirt z nadrukiem";"PME Legend - T-shirt z nadrukiem";199.00;PLN;30.00;159.00;"100% bawełna";;Nadruk;Regular;Prosty;Okrągły;PG322O09B-M11;Standardowa;"Krótki rękaw";;https://www.zalando.pl/pme-legend-t-shirt-z-nadrukiem-dark-army-pg322o09b-m11.html;33;zalando.pl;"2026-04-14 13:26:31.062+00";"2026-04-14 13:26:31.367308+00"
1038;"Koszulki z krótkim rękawem (męskie)";"- T-shirt z nadrukiem";"Tommy Jeans - T-shirt z nadrukiem";134.00;PLN;82.00;149.00;"100% bawełna";;Nadruk;Regular;Prosty;Okrągły;TOB22O0WC-Q11;Standardowa;"Krótki rękaw";;https://www.zalando.pl/tommy-jeans-signature-t-shirt-z-nadrukiem-black-tob22o0wc-q11.html;33;zalando.pl;"2026-04-14 13:25:55.227+00";"2026-04-14 13:25:55.365737+00"
1037;"Koszulki z krótkim rękawem (męskie)";"UNISEX - T-shirt z nadrukiem";"adidas Originals UNISEX - T-shirt z nadrukiem";103.00;PLN;143.00;159.00;"100% bawełna";;Nadruk;"Loose fit";Prosty;Okrągły;AD12100LE-Q11;Długa;Półrękawek;;https://www.zalando.pl/adidas-originals-ski-club-unisex-t-shirt-z-nadrukiem-carbon-ad12100le-q11.html;33;zalando.pl;"2026-04-14 13:25:27.968+00";"2026-04-14 13:25:28.160456+00"
1036;"Koszulki z krótkim rękawem (męskie)";"UNISEX - T-shirt z nadrukiem";"Calvin Klein Jeans UNISEX - T-shirt z nadrukiem";116.00;PLN;71.00;129.00;"100% bawełna";;Nadruk;Regular;Prosty;Okrągły;C18210219-K11;Standardowa;"Krótki rękaw";;https://www.zalando.pl/calvin-klein-jeans-graphics-unisex-t-shirt-z-nadrukiem-plein-air-c18210219-k11.html;33;zalando.pl;"2026-04-14 13:25:01.521+00";"2026-04-14 13:25:01.661484+00"
1035;"Koszulki z krótkim rękawem (męskie)";"RAMONES - T-shirt z nadrukiem";"GAP RAMONES - T-shirt z nadrukiem";183.00;PLN;80.00;229.00;"100% bawełna";;Nadruk;"Regular Fit";Prosty;Okrągły;GP022O0C1-K11;Standardowa;"Krótki rękaw";;https://www.zalando.pl/gap-ramones-crop-t-shirt-z-nadrukiem-shirting-blue-gp022o0c1-k11.html;33;zalando.pl;"2026-04-14 13:24:35.245+00";"2026-04-14 13:24:35.393693+00"
1034;"Koszulki z krótkim rękawem (męskie)";"- T-shirt z nadrukiem";"Tommy Jeans - T-shirt z nadrukiem";104.00;PLN;82.00;149.00;"100% bawełna";;Nadruk;Regular;Prosty;Okrągły;TOB22O0WC-A11;Standardowa;"Krótki rękaw";;https://www.zalando.pl/tommy-jeans-signature-t-shirt-z-nadrukiem-ecru-tob22o0wc-a11.html;33;zalando.pl;"2026-04-14 13:24:05.245+00";"2026-04-14 13:24:05.399097+00"
1033;"Koszulki z krótkim rękawem (męskie)";"ROTOR DIAMOND - T-shirt z nadrukiem";"Billabong ROTOR DIAMOND - T-shirt z nadrukiem";103.20;PLN;103.20;129.00;"100% bawełna";;Nadruk;"Loose fit";Prosty;Okrągły;BI722O0WF-I11;Długa;"Krótki rękaw";;https://www.zalando.pl/billabong-rotor-diamond-short-sleeve-t-shirt-z-nadrukiem-lilac-bi722o0wf-i11.html;33;zalando.pl;"2026-04-14 13:23:19.861+00";"2026-04-14 13:23:20.305455+00"
1032;"Koszulki z krótkim rękawem (męskie)";"- T-shirt z nadrukiem";"Pepe Jeans - T-shirt z nadrukiem";139.00;PLN;30.00;139.00;"100% bawełna";;Nadruk;Regular;Prosty;Okrągły;PE122O0QR-G11;Standardowa;"Krótki rękaw";;https://www.zalando.pl/pepe-jeans-eggo-t-shirt-z-nadrukiem-currant-red-pe122o0qr-g11.html;33;zalando.pl;"2026-04-14 13:22:33.568+00";"2026-04-14 13:22:33.761073+00"
1031;"Koszulki z krótkim rękawem (męskie)";"NALFTEE - T-shirt z nadrukiem";"HUGO NALFTEE - T-shirt z nadrukiem";287.00;PLN;319.00;;"100% bawełna";;Nadruk;"Loose fit";Prosty;Okrągły;HU722O0QD-A11;Standardowa;Półrękawek;;https://www.zalando.pl/hugo-nalftee-t-shirt-z-nadrukiem-open-white-hu722o0qd-a11.html;33;zalando.pl;"2026-04-14 13:21:59.57+00";"2026-04-14 13:21:59.72272+00"
1030;"Koszulki z krótkim rękawem (męskie)";"- T-shirt z nadrukiem";"Puma - T-shirt z nadrukiem";127.00;PLN;114.00;179.00;"100% bawełna";;Nadruk;"Loose fit";Prosty;Okrągły;PU122O0O4-G11;Długa;Półrękawek;;https://www.zalando.pl/puma-staple-graphic-tee-t-shirt-z-nadrukiem-dark-jasper-pu122o0o4-g11.html;33;zalando.pl;"2026-04-14 13:21:37.247+00";"2026-04-14 13:21:37.569132+00"
1029;"Koszulki z krótkim rękawem (męskie)";"- T-shirt z nadrukiem";"Henry Tiger - T-shirt z nadrukiem";99.99;PLN;30.00;;"100% bawełna";;Nadruk;Regular;Prosty;Okrągły;H3A22O8AU-A11;Standardowa;"Krótki rękaw";;https://www.zalando.pl/henry-tiger-t-shirt-z-nadrukiem-white-h3a22o8au-a11.html;33;zalando.pl;"2026-04-14 13:20:46.452+00";"2026-04-14 13:20:46.691298+00"
1028;"Koszulki z krótkim rękawem (męskie)";"- T-shirt z nadrukiem";"AllSaints - T-shirt z nadrukiem";278.00;PLN;247.00;309.00;"100% bawełna";;Nadruk;"Loose fit";Prosty;Okrągły;A0Q22O0LN-J13;Standardowa;Półrękawek;;https://www.zalando.pl/allsaints-underground-crew-t-shirt-z-nadrukiem-sunbaked-pink-a0q22o0ln-j13.html;33;zalando.pl;"2026-04-14 13:19:57.847+00";"2026-04-14 13:19:57.947809+00"
1027;"Koszulki z krótkim rękawem (męskie)";"DISNEY KEVIN ALLEIN ZU HAUS PREMIUM FILM MOVIE TV COMIC FAN ME - T-shirt z nadrukiem";"F4NT4STIC DISNEY KEVIN ALLEIN ZU HAUS PREMIUM FILM MOVIE TV COMIC FAN ME - T-shirt z nadrukiem";67.00;PLN;149.00;;"100% bawełna";;"Nadrukowane zdjęcie";Regular;Prosty;Okrągły;FAG22O00A-A11;Standardowa;"Krótki rękaw";;https://www.zalando.pl/f4nt4stic-disney-kevin-allein-t-shirt-z-nadrukiem-white-fag22o00a-a11.html;33;zalando.pl;"2026-04-14 13:19:34.026+00";"2026-04-14 13:19:34.129943+00"
1026;"Koszulki z krótkim rękawem (męskie)";"- Bluzka z długim rękawem";"Polo Ralph Lauren - Bluzka z długim rękawem";699.00;PLN;30.00;2229.00;"100% bawełna";;Nadruk;Regular;Prosty;"Typu Henley";PO222O0QP-C11;Standardowa;"Długi rękaw";;https://www.zalando.pl/polo-ralph-lauren-polo-ralph-lauren-yankees-henley-shirt-bluzka-z-dlugim-rekawem-soho-heatherannapolis-blue-po222o0qp-c11.html;33;zalando.pl;"2026-04-14 13:18:44.322+00";"2026-04-14 13:18:44.423942+00"
1025;"Koszulki z krótkim rękawem (męskie)";"- T-shirt basic";"Levi&#x27;s® Workwear - T-shirt basic";139.00;PLN;30.00;119.00;"100% bawełna";;"Kolor jednolity";"Loose fit";Prosty;Okrągły;LGV22O000-A11;Standardowa;"Krótki rękaw";;https://www.zalando.pl/levis-workwear-tee-t-shirt-basic-bright-white-lgv22o000-a11.html;33;zalando.pl;"2026-04-14 13:18:26.567+00";"2026-04-14 13:18:26.866665+00"
1024;"Koszulki z krótkim rękawem (męskie)";"JUMBO - Bluzka z długim rękawem";"Icecream JUMBO - Bluzka z długim rękawem";279.00;PLN;30.00;219.00;"100% bawełna";;Nadruk;Regular;Prosty;Okrągły;IC522O01L-A11;Standardowa;"Długi rękaw";;https://www.zalando.pl/icecream-jumbo-running-dog-bluzka-z-dlugim-rekawem-white-ic522o01l-a11.html;33;zalando.pl;"2026-04-14 13:17:36.756+00";"2026-04-14 13:17:37.067039+00"
1023;"Koszulki z krótkim rękawem (męskie)";"JORNANTUCKET - T-shirt z nadrukiem";"Jack &amp; Jones JORNANTUCKET - T-shirt z nadrukiem";80.00;PLN;89.00;;"100% bawełna";;;Regular;Prosty;Okrągły;JA222O6KI-M11;Standardowa;"Krótki rękaw";;https://www.zalando.pl/jack-and-jones-jornantucket-tee-crew-neck-t-shirt-z-nadrukiem-seagrass-ja222o6ki-m11.html;33;zalando.pl;"2026-04-14 13:17:06.223+00";"2026-04-14 13:17:06.327857+00"
1022;"Koszulki z krótkim rękawem (męskie)";"- T-shirt z nadrukiem";"camel active - T-shirt z nadrukiem";149.95;PLN;30.00;79.00;"100% bawełna";;Nadruk;Regular;Prosty;Okrągły;CA522O06N-K11;Standardowa;"Krótki rękaw";;https://www.zalando.pl/camel-active-t-shirt-z-nadrukiem-elemental-blue-ca522o06n-k11.html;33;zalando.pl;"2026-04-14 13:16:18.45+00";"2026-04-14 13:16:18.552457+00"
1021;"Koszulki z krótkim rękawem (męskie)";"SBENNE - T-shirt basic";"Only &amp; Sons SBENNE - T-shirt basic";74.00;PLN;30.00;64.00;"100% bawełna";;"Kolor jednolity";Regular;Prosty;"Wycięcie typu V";OS322O1L7-Q11;Długa;"Krótki rękaw";;https://www.zalando.pl/only-and-sons-onsbenne-longy-v-neck-tee-t-shirt-basic-black-os322o1l7-q11.html;33;zalando.pl;"2026-04-14 13:15:52.27+00";"2026-04-14 13:15:52.423847+00"
1020;"Koszulki z krótkim rękawem (męskie)";"- T-shirt z nadrukiem";"adidas Originals - T-shirt z nadrukiem";161.00;PLN;179.00;;"100% bawełna";;Nadruk;Regular;Prosty;Okrągły;AD122O19Z-O11;Standardowa;"Krótki rękaw";;https://www.zalando.pl/adidas-originals-shoemaker-tee-t-shirt-z-nadrukiem-aurora-coffee-ad122o19z-o11.html;33;zalando.pl;"2026-04-14 13:15:25.951+00";"2026-04-14 13:15:26.055241+00"
1019;"Koszulki z krótkim rękawem (męskie)";"ROUND - T-shirt basic";"HUGO ROUND - T-shirt basic";137.00;PLN;149.00;229.00;"96% bawełna, 4% elastan";;"Kolor jednolity";Slim;;Okrągły;HU722O05L-Q11;Standardowa;"Krótki rękaw";;https://www.zalando.pl/hugo-round-t-shirt-basic-blackwhite-hu722o05l-q11.html;33;zalando.pl;"2026-04-14 13:14:51.259+00";"2026-04-14 13:14:51.361237+00"
1018;"Koszulki z krótkim rękawem (męskie)";"REG CHAMBRAY RUGGER - Koszulka polo";"GANT REG CHAMBRAY RUGGER - Koszulka polo";521.00;PLN;434.00;579.00;"100% bawełna";;"W paski";Regular;Prosty;;GA322P09W-A11;Standardowa;"Długi rękaw";;https://www.zalando.pl/gant-reg-chambray-stripe-heavy-rugger-koszulka-polo-eggshell-ga322p09w-a11.html;33;zalando.pl;"2026-04-14 13:14:29.753+00";"2026-04-14 13:14:29.853078+00"
1017;"Koszulki z krótkim rękawem (męskie)";"- Koszulka polo";"Fred Perry - Koszulka polo";499.00;PLN;30.00;249.00;"100% bawełna";;"Kolor jednolity";Regular;Prosty;;FR822P05V-Q11;Standardowa;"Długi rękaw";;https://www.zalando.pl/fred-perry-plain-bluzka-z-dlugim-rekawem-black-fr822p05v-q11.html;33;zalando.pl;"2026-04-14 13:13:44.843+00";"2026-04-14 13:13:44.947495+00"
1016;"Koszulki z krótkim rękawem (męskie)";"- T-shirt basic";"camel active - T-shirt basic";129.95;PLN;30.00;79.00;"100% bawełna";"100% bawełna";"Kolor jednolity";Regular;Prosty;Okrągły;CA522O02M-A11;Standardowa;"Krótki rękaw";;https://www.zalando.pl/camel-active-t-shirt-basic-broke-white-ca522o02m-a11.html;32;zalando.pl;"2026-04-14 13:12:33.332+00";"2026-04-14 13:12:33.571738+00"
1015;"Koszulki z krótkim rękawem (męskie)";"- T-shirt z nadrukiem";"Puma - T-shirt z nadrukiem";149.00;PLN;30.00;109.00;"100% poliester";"100% poliester";Nadruk;Regular;Prosty;Okrągły;PU142D37L-K11;Standardowa;"Krótki rękaw";;https://www.zalando.pl/puma-individual-graphic-padel-t-shirt-basic-vivid-blue-white-pu142d37l-k11.html;32;zalando.pl;"2026-04-14 13:11:48.141+00";"2026-04-14 13:11:48.243021+00"
1014;"Koszulki z krótkim rękawem (męskie)";"- T-shirt basic";"Jack &amp; Jones - T-shirt basic";257.00;PLN;30.00;149.00;"92% bawełna, 8% elastan";"92% bawełna, 8% elastan";"Kolor jednolity";Regular;Prosty;Okrągły;JA222O65C-K12;Standardowa;"Krótki rękaw";;https://www.zalando.pl/jack-and-jones-t-shirt-basic-navy-blue-ja222o65c-k12.html;32;zalando.pl;"2026-04-14 13:10:59.17+00";"2026-04-14 13:10:59.321351+00"
1013;"Koszulki z krótkim rękawem (męskie)";"- T-shirt z nadrukiem";"Diesel - T-shirt z nadrukiem";160.00;PLN;172.00;229.00;"100% bawełna";;Nadruk;Regular;Prosty;Okrągły;DI122O0RU-Q11;Standardowa;"Krótki rękaw";;https://www.zalando.pl/diesel-adjust-t-shirt-z-nadrukiem-black-di122o0ru-q11.html;32;zalando.pl;"2026-04-14 13:10:14.123+00";"2026-04-14 13:10:14.226051+00"
1012;"Koszulki z krótkim rękawem (męskie)";"- T-shirt z nadrukiem";"Rip Curl - T-shirt z nadrukiem";126.66;PLN;30.00;139.00;"100% bawełna";"100% bawełna";Nadruk;Regular;Prosty;Okrągły;RI722O09C-J11;Standardowa;"Krótki rękaw";;https://www.zalando.pl/rip-curl-t-shirt-z-nadrukiem-bone-ri722o09c-j11.html;32;zalando.pl;"2026-04-14 13:09:34.863+00";"2026-04-14 13:09:35.192032+00"
1011;"Koszulki z krótkim rękawem (męskie)";"- T-shirt basic";"Pier One - T-shirt basic";54.00;PLN;30.00;59.00;"100% bawełna";;Melanż;Regular;Prosty;Okrągły;PI922O1AH-K11;Standardowa;"Krótki rękaw";;https://www.zalando.pl/pier-one-t-shirt-basic-blue-pi922o1ah-k11.html;32;zalando.pl;"2026-04-14 13:09:12.941+00";"2026-04-14 13:09:13.044161+00"
1010;"Koszulki z krótkim rękawem (męskie)";"- T-shirt z nadrukiem";"Nike Performance - T-shirt z nadrukiem";159.00;PLN;30.00;179.00;"100% bawełna";;Nadruk;"Loose fit";Prosty;Okrągły;N1242D7T7-Q11;Standardowa;"Bardzo krótki rękawek";;https://www.zalando.pl/nike-performance-tee-train-t-shirt-z-nadrukiem-black-n1242d7t7-q11.html;32;zalando.pl;"2026-04-14 13:08:53.033+00";"2026-04-14 13:08:53.285976+00"
1009;"Koszulki z krótkim rękawem (męskie)";"- Bluzka z długim rękawem";"Tommy Jeans - Bluzka z długim rękawem";127.00;PLN;118.00;169.00;"100% bawełna";;"Kolor jednolity";Regular;Prosty;Okrągły;TOB22O0UH-K11;Standardowa;"Długi rękaw";;https://www.zalando.pl/tommy-jeans-slim-chest-linear-tee-bluzka-z-dlugim-rekawem-dark-night-navy-tob22o0uh-k11.html;32;zalando.pl;"2026-04-14 13:08:16.875+00";"2026-04-14 13:08:17.000194+00"
1008;"Koszulki z krótkim rękawem (męskie)";"- T-shirt z nadrukiem";"Diverse - T-shirt z nadrukiem";99.99;PLN;30.00;319.00;"100% bawełna";"100% bawełna";Nadruk;"Loose fit";Prosty;Okrągły;D8D22O0QK-A11;Długa;Półrękawek;;https://www.zalando.pl/diverse-t-shirt-z-nadrukiem-bialy-d8d22o0qk-a11.html;32;zalando.pl;"2026-04-14 13:07:30.125+00";"2026-04-14 13:07:30.231999+00"
1007;"Koszulki z krótkim rękawem (męskie)";"- T-shirt basic";"Lyle &amp; Scott - T-shirt basic";97.00;PLN;104.00;139.00;"100% bawełna";;"Kolor jednolity";Regular;Prosty;Okrągły;LY222O041-M12;Standardowa;"Krótki rękaw";;https://www.zalando.pl/lyle-and-scott-plain-t-shirt-basic-dark-green-ly222o041-m12.html;32;zalando.pl;"2026-04-14 13:06:35.631+00";"2026-04-14 13:06:35.736374+00"
1006;"Koszulki z krótkim rękawem (męskie)";"DISNEY GOOFY - T-shirt z nadrukiem";"Re:Covered DISNEY GOOFY - T-shirt z nadrukiem";120.99;PLN;120.99;151.00;"100% bawełna";;Nadruk;Regular;Prosty;Okrągły;R0O22O02E-C11;Długa;"Krótki rękaw";;https://www.zalando.pl/recovered-t-shirt-z-nadrukiem-charcoal-r0o22o02e-c11.html;32;zalando.pl;"2026-04-14 13:06:19.065+00";"2026-04-14 13:06:19.19679+00"
1005;"Koszulki z krótkim rękawem (męskie)";"- T-shirt z nadrukiem";"Jack &amp; Jones - T-shirt z nadrukiem";67.45;PLN;67.45;89.99;"100% bawełna";;Nadruk;"Loose fit";Prosty;Okrągły;JA222O6C1-Q11;Standardowa;"Krótki rękaw";;https://www.zalando.pl/jack-and-jones-t-shirt-z-nadrukiem-black-ja222o6c1-q11.html;32;zalando.pl;"2026-04-14 13:05:52.257+00";"2026-04-14 13:05:52.423299+00"
1004;"Koszulki z krótkim rękawem (męskie)";"- Koszulka polo";"BOSS - Koszulka polo";239.00;PLN;239.00;399.00;"95% bawełna, 5% elastan";;"Kolor jednolity";Regular;Prosty;;BB122P0RW-A11;Standardowa;"Krótki rękaw";;https://www.zalando.pl/boss-passenger-koszulka-polo-white-bb122p0rw-a11.html;32;zalando.pl;"2026-04-14 11:37:06.724+00";"2026-04-14 11:37:06.860065+00"
1003;"Koszulki z krótkim rękawem (męskie)";"UNISEX - T-shirt z nadrukiem";"EA7 Emporio Armani UNISEX - T-shirt z nadrukiem";319.00;PLN;30.00;249.00;"100% bawełna";;Nadruk;"Loose fit";Prosty;Okrągły;EA722O0DV-A11;Standardowa;"Krótki rękaw";;https://www.zalando.pl/ea7-emporio-armani-train-graphic-series-tee-sports-t-shirt-z-nadrukiem-sugar-swizzle-ea722o0dv-a11.html;32;zalando.pl;"2026-04-14 11:36:36.826+00";"2026-04-14 11:36:36.980606+00"
1002;"Koszulki z krótkim rękawem (męskie)";"- T-shirt z nadrukiem";"Henry Tiger - T-shirt z nadrukiem";169.99;PLN;30.00;;"100% bawełna";;Nadruk;Regular;Prosty;Okrągły;H3A22O8CK-C11;Standardowa;"Krótki rękaw";;https://www.zalando.pl/henry-tiger-star-wars-classic-crew-line-up-t-shirt-z-nadrukiem-light-heather-h3a22o8ck-c11.html;32;zalando.pl;"2026-04-14 11:36:18.245+00";"2026-04-14 11:36:18.348248+00"
1001;"Koszulki z krótkim rękawem (męskie)";"GIO - T-shirt z nadrukiem";"Pepe Jeans GIO - T-shirt z nadrukiem";159.00;PLN;30.00;159.00;"100% bawełna";"100% bawełna";Nadruk;Regular;Prosty;Okrągły;PE122O0R5-K11;Standardowa;"Krótki rękaw";;https://www.zalando.pl/pepe-jeans-gio-tee-t-shirt-z-nadrukiem-washed-navy-blue-pe122o0r5-k11.html;32;zalando.pl;"2026-04-14 11:35:36.146+00";"2026-04-14 11:35:36.290196+00"
1000;"Koszulki z krótkim rękawem (męskie)";"- T-shirt basic";"Pier One - T-shirt basic";59.00;PLN;59.00;99.00;"60% bawełna, 40% poliester";;Melanż;Regular;Prosty;Okrągły;PI922O0GQ-Q16;Standardowa;"Krótki rękaw";;https://www.zalando.pl/pier-one-3-pack-t-shirt-basic-blackmottled-dark-greybordeaux-pi922o0gq-q16.html;32;zalando.pl;"2026-04-14 11:34:50.931+00";"2026-04-14 11:34:51.215156+00"
999;"Koszulki z krótkim rękawem (męskie)";"T-shirt basic";"camel active T-shirt basic";99.95;PLN;30.00;169.00;"100% bawełna";;"Kolor jednolity";Regular;;Okrągły;CA522O01V-C12;Standardowa;"Krótki rękaw";;https://www.zalando.pl/camel-active-t-shirt-basic-grey-ca522o01v-c12.html;32;zalando.pl;"2026-04-14 11:34:18.769+00";"2026-04-14 11:34:18.877718+00"
998;"Koszulki z krótkim rękawem (męskie)";"UNISEX - T-shirt basic";"YOURTURN UNISEX - T-shirt basic";119.00;PLN;30.00;79.00;"95% bawełna, 5% wiskoza";;"Kolor jednolity";"Loose fit";Prosty;Okrągły;YO12100DJ-Q15;Standardowa;Półrękawek;;https://www.zalando.pl/yourturn-unisex-3pack-t-shirt-basic-true-black-yo12100dj-q15.html;32;zalando.pl;"2026-04-14 11:33:27.469+00";"2026-04-14 11:33:27.623578+00"
997;"Koszulki z krótkim rękawem (męskie)";"- T-shirt z nadrukiem";"Jack &amp; Jones PREMIUM - T-shirt z nadrukiem";67.45;PLN;67.45;74.99;"100% bawełna";;Nadruk;Regular;Prosty;Okrągły;JAM22O0GB-Q11;Standardowa;"Krótki rękaw";;https://www.zalando.pl/jack-and-jones-premium-gedruckt-t-shirt-z-nadrukiem-black-jam22o0gb-q11.html;32;zalando.pl;"2026-04-14 11:32:37.94+00";"2026-04-14 11:32:38.045124+00"
996;"Koszulki z krótkim rękawem (męskie)";"PARK - Koszulka sportowa";"Nike Performance PARK - Koszulka sportowa";99.99;PLN;30.00;169.00;"100% bawełna";;"Kolor jednolity";Regular;Prosty;Okrągły;N1242D85V-Q11;Standardowa;"Krótki rękaw";;https://www.zalando.pl/nike-performance-koszulka-sportowa-nero-n1242d85v-q11.html;31;zalando.pl;"2026-04-14 11:31:45.938+00";"2026-04-14 11:31:46.045189+00"
995;"Koszulki z krótkim rękawem (męskie)";"- Koszulka polo";"Mango - Koszulka polo";139.99;PLN;30.00;269.00;"43% bawełna, 35% poliester, 22% poliamid";"43% bawełna, 35% poliester, 22% poliamid";"Kolor jednolity";Regular;Prosty;;M9122O0ZY-B11;Standardowa;"Krótki rękaw";;https://www.zalando.pl/mango-koszulka-polo-beige-m9122o0zy-b11.html;31;zalando.pl;"2026-04-14 11:30:54.144+00";"2026-04-14 11:30:54.255699+00"
994;"Koszulki z krótkim rękawem (męskie)";"LONGSLEEVE UND STICKEREI EXPLORER - Koszulka polo";"CARISMA LONGSLEEVE UND STICKEREI EXPLORER - Koszulka polo";335.00;PLN;30.00;339.00;"100% bawełna";;Nadruk;Regular;Prosty;;CEY22P005-Q11;Standardowa;"Długi rękaw";;https://www.zalando.pl/carisma-bluzka-z-dlugim-rekawem-schwarz-cey22p005-q11.html;31;zalando.pl;"2026-04-14 11:30:20.367+00";"2026-04-14 11:30:20.521068+00"
993;"Koszulki z krótkim rękawem (męskie)";"- T-shirt z nadrukiem";"EA7 Emporio Armani - T-shirt z nadrukiem";359.00;PLN;30.00;319.00;"60% bawełna, 40% poliester";;Nadruk;Regular;Prosty;Okrągły;EA722O0DZ-Q11;Standardowa;"Krótki rękaw";;https://www.zalando.pl/ea7-emporio-armani-train-logo-series-tee-round-logo-t-shirt-z-nadrukiem-black-ea722o0dz-q11.html;31;zalando.pl;"2026-04-14 11:29:34.564+00";"2026-04-14 11:29:34.669045+00"
992;"Koszulki z krótkim rękawem (męskie)";"- T-shirt z nadrukiem";"Puma - T-shirt z nadrukiem";114.00;PLN;109.00;179.00;"100% bawełna";;Nadruk;Regular;Prosty;Okrągły;PU122O12A-A11;Standardowa;"Krótki rękaw";;https://www.zalando.pl/puma-logo-tee-t-shirt-z-nadrukiem-white-pu122o12a-a11.html;31;zalando.pl;"2026-04-14 11:28:49.893+00";"2026-04-14 11:28:50.006686+00"
991;"Koszulki z krótkim rękawem (męskie)";"- T-shirt z nadrukiem";"Terranova - T-shirt z nadrukiem";59.99;PLN;30.00;179.00;"100% bawełna";;"W kwiatki";"Loose fit";Prosty;Okrągły;TBT22O050-A11;Standardowa;"Krótki rękaw";;https://www.zalando.pl/terranova-stampa-t-shirt-z-nadrukiem-bianco-ottico-tbt22o050-a11.html;31;zalando.pl;"2026-04-14 11:28:17.048+00";"2026-04-14 11:28:17.149621+00"
990;"Koszulki z krótkim rękawem (męskie)";"KISS CREATURES OF THE NIGHT - T-shirt z nadrukiem";"Kiss KISS CREATURES OF THE NIGHT - T-shirt z nadrukiem";99.00;PLN;30.00;99.00;"100% bawełna";;Nadruk;Regular;Prosty;Okrągły;R8N22O0GP-Q11;Standardowa;"Krótki rękaw";;https://www.zalando.pl/rockshirts-t-shirt-z-nadrukiem-black-r8n22o0gp-q11.html;31;zalando.pl;"2026-04-14 11:27:27.666+00";"2026-04-14 11:27:27.794458+00"
989;"Koszulki z krótkim rękawem (męskie)";"UNISEX - Bluzka z długim rękawem";"Tommy Jeans UNISEX - Bluzka z długim rękawem";366.75;PLN;489.00;;"100% bawełna";;"W paski";Regular;Prosty;Okrągły;TOB2100JI-K11;Standardowa;"Długi rękaw";;https://www.zalando.pl/tommy-jeans-stripe-graphic-koszulka-polo-nordic-iris-stripe-tob2100ji-k11.html;31;zalando.pl;"2026-04-14 11:26:54.669+00";"2026-04-14 11:26:54.821565+00"
988;"Koszulki z krótkim rękawem (męskie)";"AC MILAN - T-shirt z nadrukiem";"Puma AC MILAN - T-shirt z nadrukiem";129.00;PLN;30.00;199.00;"100% bawełna";;Nadruk;Regular;Prosty;Okrągły;PU142D338-G11;Długa;"Krótki rękaw";;https://www.zalando.pl/puma-ac-milan-ftblculture-tee-t-shirt-z-nadrukiem-for-all-time-redblack-pu142d338-g11.html;31;zalando.pl;"2026-04-14 11:26:18.338+00";"2026-04-14 11:26:18.447755+00"
987;"Koszulki z krótkim rękawem (męskie)";"- T-shirt z nadrukiem";"GCDS - T-shirt z nadrukiem";807.50;PLN;30.00;2079.00;"100% bawełna";;Nadruk;"Loose fit";Prosty;Okrągły;GC922O036-A11;Długa;Półrękawek;;https://www.zalando.pl/gcds-capsule-logo-band-logo-loose-t-shirt-z-nadrukiem-boneblack-gc922o036-a11.html;31;zalando.pl;"2026-04-14 11:25:38.457+00";"2026-04-14 11:25:38.561091+00"
986;"Koszulki z krótkim rękawem (męskie)";"- T-shirt z nadrukiem";"adidas Originals - T-shirt z nadrukiem";97.00;PLN;134.00;149.00;"100% bawełna";;Nadruk;Regular;Prosty;Okrągły;AD122O19M-Q11;Standardowa;"Krótki rękaw";;https://www.zalando.pl/adidas-originals-teamgeist-tee-t-shirt-z-nadrukiem-blackbetter-scarlet-ad122o19m-q11.html;31;zalando.pl;"2026-04-14 11:24:56.149+00";"2026-04-14 11:24:56.249969+00"
985;"Koszulki z krótkim rękawem (męskie)";"- T-shirt basic";"Carhartt WIP - T-shirt basic";159.00;PLN;30.00;359.00;"100% bawełna";;"Kolor jednolity";Regular;Prosty;Okrągły;C1422O0G6-B13;Standardowa;"Krótki rękaw";;https://www.zalando.pl/carhartt-wip-pocket-t-shirt-basic-beige-c1422o0g6-b13.html;31;zalando.pl;"2026-04-14 11:24:32.723+00";"2026-04-14 11:24:32.8235+00"
984;"Koszulki z krótkim rękawem (męskie)";"- T-shirt z nadrukiem";"Hackett London - T-shirt z nadrukiem";359.00;PLN;30.00;249.00;"100% bawełna";"100% bawełna";Nadruk;Regular;Prosty;Okrągły;HT622O0B4-M11;Standardowa;"Krótki rękaw";;https://www.zalando.pl/hackett-london-hs-game-tee-t-shirt-z-nadrukiem-sage-green-ht622o0b4-m11.html;31;zalando.pl;"2026-04-14 11:24:14.55+00";"2026-04-14 11:24:14.65069+00"
983;"Koszulki z krótkim rękawem (męskie)";"- T-shirt z nadrukiem";"Jordan - T-shirt z nadrukiem";143.00;PLN;159.00;;"100% bawełna";;Nadruk;Regular;Prosty;Okrągły;JOC22O0BJ-Q11;Standardowa;"Krótki rękaw";;https://www.zalando.pl/jordan-crew-t-shirt-z-nadrukiem-black-joc22o0bj-q11.html;31;zalando.pl;"2026-04-14 11:23:30.35+00";"2026-04-14 11:23:30.450197+00"
982;"Koszulki z krótkim rękawem (męskie)";"- T-shirt z nadrukiem";"GANT - T-shirt z nadrukiem";249.00;PLN;30.00;159.00;"100% bawełna";;;Regular;Prosty;Okrągły;GA322O0CA-K12;Standardowa;"Krótki rękaw";;https://www.zalando.pl/gant-t-shirt-z-nadrukiem-college-blue-ga322o0ca-k12.html;31;zalando.pl;"2026-04-14 11:22:56.136+00";"2026-04-14 11:22:56.236733+00"
981;"Koszulki z krótkim rękawem (męskie)";"- Bluzka z długim rękawem";"Nike Performance - Bluzka z długim rękawem";199.00;PLN;30.00;249.00;"100% poliester";;"Kolor jednolity";Regular;Prosty;;N1242D6YV-Q11;Standardowa;"Bardzo długi rękaw";;https://www.zalando.pl/nike-performance-top-bluzka-z-dlugim-rekawem-blackwhite-n1242d6yv-q11.html;31;zalando.pl;"2026-04-14 11:22:21.657+00";"2026-04-14 11:22:21.908288+00"
980;"Koszulki z krótkim rękawem (męskie)";"- T-shirt z nadrukiem";"Dickies - T-shirt z nadrukiem";143.00;PLN;159.00;;"100% bawełna";;Nadruk;"Loose fit";Prosty;Okrągły;DI622O0BB-Q11;Standardowa;"Krótki rękaw";;https://www.zalando.pl/dickies-icon-tee-t-shirt-z-nadrukiem-black-di622o0bb-q11.html;31;zalando.pl;"2026-04-14 11:21:48.569+00";"2026-04-14 11:21:48.722742+00"
979;"Koszulki z krótkim rękawem (męskie)";"- T-shirt z nadrukiem";"adidas Originals - T-shirt z nadrukiem";404.00;PLN;449.00;;"100% poliester";;;"Loose fit";Prosty;;AD122O1AP-Q11;Standardowa;Półrękawek;;https://www.zalando.pl/adidas-originals-t-shirt-z-nadrukiem-utility-black-ad122o1ap-q11.html;31;zalando.pl;"2026-04-14 11:21:01.343+00";"2026-04-14 11:21:01.446087+00"
978;"Koszulki z krótkim rękawem (męskie)";"RÉTRO - Koszulka polo";"Schott RÉTRO - Koszulka polo";291.00;PLN;30.00;125.00;"96% bawełna, 4% elastan";;"Kolor jednolity";Regular;Prosty;;S3722P016-Q11;Standardowa;"Krótki rękaw";;https://www.zalando.pl/schott-koszulka-polo-noir-s3722p016-q11.html;31;zalando.pl;"2026-04-14 11:20:10.958+00";"2026-04-14 11:20:11.066295+00"
977;"Koszulki z krótkim rękawem (męskie)";"UNISEX - T-shirt z nadrukiem";"YOURTURN UNISEX - T-shirt z nadrukiem";69.00;PLN;30.00;69.00;"100% bawełna";;;"Loose fit";Prosty;Okrągły;YO12102B1-A11;Standardowa;Półrękawek;;https://www.zalando.pl/yourturn-unisex-t-shirt-z-nadrukiem-bright-whitetrue-black-yo12102b1-a11.html;31;zalando.pl;"2026-04-14 11:19:49.253+00";"2026-04-14 11:19:49.353569+00"
976;"Koszulki z krótkim rękawem (męskie)";"- T-shirt basic";"GANT - T-shirt basic";151.00;PLN;143.00;179.00;"100% bawełna";;"Kolor jednolity";Regular;Prosty;Okrągły;GA322O07F-Q11;Standardowa;"Krótki rękaw";;https://www.zalando.pl/gant-printed-archive-shield-t-shirt-basic-black-ga322o07f-q11.html;31;zalando.pl;"2026-04-14 11:19:31.637+00";"2026-04-14 11:19:31.73978+00"
975;"Koszulki z krótkim rękawem (męskie)";"UNISEX 5 PACK - T-shirt basic";"YOURTURN UNISEX 5 PACK - T-shirt basic";142.00;PLN;123.00;189.00;"100% bawełna";;"Kolor jednolity";Regular;Prosty;Okrągły;YO12100L9-Q12;Standardowa;"Krótki rękaw";;https://www.zalando.pl/yourturn-5-pack-unisex-t-shirt-basic-black-yo12100l9-q12.html;31;zalando.pl;"2026-04-14 11:19:03.348+00";"2026-04-14 11:19:03.489411+00"
974;"Koszulki z krótkim rękawem (męskie)";"- T-shirt z nadrukiem";"Jack &amp; Jones - T-shirt z nadrukiem";59.95;PLN;99.99;;"100% bawełna";;"Kolor jednolity";"Loose fit";Prosty;Okrągły;JA222O62O-B11;Standardowa;"Krótki rękaw";;https://www.zalando.pl/jack-and-jones-t-shirt-basic-humus-ja222o62o-b11.html;31;zalando.pl;"2026-04-14 11:18:14.225+00";"2026-04-14 11:18:14.360686+00"
973;"Koszulki z krótkim rękawem (męskie)";"- T-shirt basic";"EA7 Emporio Armani - T-shirt basic";368.00;PLN;368.00;409.00;"60% wiskoza, 35% poliamid, 5% elastan";;"Kolor jednolity";Regular;Prosty;Okrągły;EA722O0AS-A11;Standardowa;"Krótki rękaw";;https://www.zalando.pl/ea7-emporio-armani-t-shirt-basic-white-ea722o0as-a11.html;31;zalando.pl;"2026-04-14 11:17:42.751+00";"2026-04-14 11:17:42.851882+00"
972;"Koszulki z krótkim rękawem (męskie)";"- T-shirt z nadrukiem";"Levi&#x27;s® Plus - T-shirt z nadrukiem";139.00;PLN;30.00;69.00;"100% bawełna";;Nadruk;Regular;Prosty;Okrągły;LEF22O005-Q15;Standardowa;"Krótki rękaw";;https://www.zalando.pl/levis-plus-big-graphic-tee-t-shirt-z-nadrukiem-black-lef22o005-q15.html;30;zalando.pl;"2026-04-14 11:17:03.432+00";"2026-04-14 11:17:03.688701+00"
971;"Koszulki z krótkim rękawem (męskie)";"- T-shirt z nadrukiem";"Casual Friday - T-shirt z nadrukiem";74.00;PLN;76.00;129.00;"100% bawełna";;Nadruk;Regular;Prosty;Okrągły;C1A22O03I-A11;Standardowa;Półrękawek;;https://www.zalando.pl/casual-friday-cftue-relaxed-fit-with-chest-t-shirt-z-nadrukiem-snow-white-c1a22o03i-a11.html;30;zalando.pl;"2026-04-14 11:16:39.73+00";"2026-04-14 11:16:39.856285+00"
970;"Koszulki z krótkim rękawem (męskie)";"TROS ME - Top";"Blend TROS ME - Top";58.00;PLN;74.00;99.00;"100% bawełna";;Nadruk;Regular;Prosty;Okrągły;BL522O0FH-T11;Standardowa;"Bez rękawów";;https://www.zalando.pl/blend-bhtros-top-sea-foam-bl522o0fh-t11.html;30;zalando.pl;"2026-04-14 11:16:09.675+00";"2026-04-14 11:16:09.827641+00"
969;"Koszulki z krótkim rękawem (męskie)";"- T-shirt z nadrukiem";"Jack &amp; Jones - T-shirt z nadrukiem";80.95;PLN;89.99;;"100% bawełna";;Nadruk;"Loose fit";Prosty;Okrągły;JA222O6LD-O11;Standardowa;"Krótki rękaw";;https://www.zalando.pl/jack-and-jones-t-shirt-z-nadrukiem-potting-soil-ja222o6ld-o11.html;30;zalando.pl;"2026-04-14 11:08:19.159+00";"2026-04-14 11:08:19.260838+00"
968;"Koszulki z krótkim rękawem (męskie)";"- T-shirt basic";"s.Oliver - T-shirt basic";229.00;PLN;30.00;249.00;"95% bawełna, 5% elastan";"95% bawełna, 5% elastan";"Kolor jednolity";Regular;Prosty;"Wycięcie typu V";SO282T00A-K11;Standardowa;"Krótki rękaw";;https://www.zalando.pl/soliver-4er-pack-basic-podkoszulki-marine-so282t00a-k11.html;30;zalando.pl;"2026-04-14 11:07:40.046+00";"2026-04-14 11:07:40.146935+00"
967;"Koszulki z krótkim rękawem (męskie)";"BOB MARLEY - T-shirt z nadrukiem";"adidas Originals BOB MARLEY - T-shirt z nadrukiem";199.00;PLN;30.00;159.00;"100% bawełna";;"Nadrukowane zdjęcie";"Loose fit";Prosty;Okrągły;AD142D06N-Q11;Długa;"Krótki rękaw";;https://www.zalando.pl/adidas-originals-bob-marley-t-shirt-z-nadrukiem-black-ad142d06n-q11.html;30;zalando.pl;"2026-04-14 11:07:00.067+00";"2026-04-14 11:07:00.221028+00"
966;"Koszulki z krótkim rękawem (męskie)";"- Bluzka z długim rękawem";"Jack &amp; Jones - Bluzka z długim rękawem";89.95;PLN;89.95;99.99;"90% poliester, 10% elastan";;"Kolor jednolity";Slim;Prosty;Okrągły;JA222O6HJ-A11;Standardowa;"Długi rękaw";;https://www.zalando.pl/jack-and-jones-bluzka-z-dlugim-rekawem-bright-white-ja222o6hj-a11.html;30;zalando.pl;"2026-04-14 11:06:38.648+00";"2026-04-14 11:06:38.752622+00"
965;"Koszulki z krótkim rękawem (męskie)";"- T-shirt basic";"CASAMODA - T-shirt basic";285.00;PLN;30.00;89.00;"100% bawełna";"100% bawełna";"Kolor jednolity";Regular;Prosty;Okrągły;1CM22O034-M13;Standardowa;"Krótki rękaw";;https://www.zalando.pl/casamoda-t-shirt-basic-gruenhellgruenbeige-1cm22o034-m13.html;30;zalando.pl;"2026-04-14 11:06:15.035+00";"2026-04-14 11:06:15.138466+00"
964;"Koszulki z krótkim rękawem (męskie)";"UNISEX - T-shirt z nadrukiem";"adidas Originals UNISEX - T-shirt z nadrukiem";159.00;PLN;30.00;159.00;"100% bawełna";;Nadruk;"Loose fit";Prosty;Okrągły;AD12100KR-Q11;Standardowa;"Krótki rękaw";;https://www.zalando.pl/adidas-originals-mia-city-tee-unisex-t-shirt-z-nadrukiem-blackpulse-aqua-ad12100kr-q11.html;30;zalando.pl;"2026-04-14 11:05:24.855+00";"2026-04-14 11:05:24.979706+00"
963;"Koszulki z krótkim rękawem (męskie)";"BELGIUM - Koszulka reprezentacji";"adidas Originals BELGIUM - Koszulka reprezentacji";219.00;PLN;30.00;219.00;"52% bawełna, 48% poliester";;"Kolor jednolity";Regular;Prosty;Okrągły;AD142D074-Q11;Standardowa;"Krótki rękaw";;https://www.zalando.pl/adidas-originals-belgium-originals-t-shirt-z-nadrukiem-black-ad142d074-q11.html;30;zalando.pl;"2026-04-14 11:04:59.767+00";"2026-04-14 11:04:59.916989+00"
962;"Koszulki z krótkim rękawem (męskie)";"- T-shirt z nadrukiem";"Obey Clothing - T-shirt z nadrukiem";149.00;PLN;100.00;199.00;"100% bawełna";;Nadruk;Regular;Prosty;Okrągły;OB022O0IG-A11;Standardowa;"Krótki rękaw";;https://www.zalando.pl/obey-clothing-house-of-subversion-t-shirt-z-nadrukiem-white-ob022o0ig-a11.html;30;zalando.pl;"2026-04-14 11:04:27.751+00";"2026-04-14 11:04:27.894074+00"
961;"Koszulki z krótkim rękawem (męskie)";"- T-shirt z nadrukiem";"camel active - T-shirt z nadrukiem";149.95;PLN;30.00;119.00;"100% bawełna";;Nadruk;Regular;Prosty;Okrągły;CA522O06N-M11;Standardowa;"Krótki rękaw";;https://www.zalando.pl/camel-active-t-shirt-z-nadrukiem-leaf-green-ca522o06n-m11.html;30;zalando.pl;"2026-04-14 11:04:01.552+00";"2026-04-14 11:04:01.694525+00"
960;"Koszulki z krótkim rękawem (męskie)";"- T-shirt z nadrukiem";"Pepe Jeans - T-shirt z nadrukiem";139.00;PLN;30.00;129.00;"100% bawełna";;Nadruk;Regular;Prosty;Okrągły;PE122O0QR-A11;Standardowa;"Krótki rękaw";;https://www.zalando.pl/pepe-jeans-eggo-t-shirt-z-nadrukiem-ivory-white-pe122o0qr-a11.html;30;zalando.pl;"2026-04-14 11:03:14.121+00";"2026-04-14 11:03:14.223896+00"
959;"Koszulki z krótkim rękawem (męskie)";"5 PACK - T-shirt basic";"Pier One 5 PACK - T-shirt basic";101.00;PLN;85.00;169.00;"100% bawełna";;"Kolor jednolity";Regular;Prosty;Okrągły;PI922O0TV-I11;Długa;"Krótki rękaw";;https://www.zalando.pl/pier-one-5-pack-t-shirt-basic-lilacdark-brownstonewhite-pi922o0tv-i11.html;29;zalando.pl;"2026-04-14 11:02:16.566+00";"2026-04-14 11:02:16.719241+00"
958;"Koszulki z krótkim rękawem (męskie)";"- T-shirt z nadrukiem";"Jack &amp; Jones - T-shirt z nadrukiem";62.95;PLN;62.95;69.99;"100% bawełna";;Nadruk;"Regular Fit";Prosty;Okrągły;JA222O6D8-A11;Standardowa;"Krótki rękaw";;https://www.zalando.pl/jack-and-jones-t-shirt-z-nadrukiem-bright-white-ja222o6d8-a11.html;29;zalando.pl;"2026-04-14 11:01:40.072+00";"2026-04-14 11:01:40.221985+00"
957;"Koszulki z krótkim rękawem (męskie)";"- T-shirt z nadrukiem";"Puma - T-shirt z nadrukiem";129.00;PLN;30.00;109.00;"100% bawełna";;Nadruk;Regular;Prosty;Okrągły;PU122O1CW-B11;Standardowa;"Krótki rękaw";;https://www.zalando.pl/puma-graphic-retro-washed-t-shirt-t-shirt-z-nadrukiem-pebble-gray-pu122o1cw-b11.html;29;zalando.pl;"2026-04-14 11:01:09.448+00";"2026-04-14 11:01:09.681228+00"
956;"Koszulki z krótkim rękawem (męskie)";"- T-shirt z nadrukiem";"GAP - T-shirt z nadrukiem";79.00;PLN;30.00;129.00;"100% bawełna";;Nadruk;Regular;Prosty;Okrągły;GP022O0BL-Q14;Standardowa;"Krótki rękaw";;https://www.zalando.pl/gap-everyday-soft-original-arch-t-shirt-z-nadrukiem-true-black-gp022o0bl-q14.html;29;zalando.pl;"2026-04-14 11:00:20.036+00";"2026-04-14 11:00:20.16773+00"
955;"Koszulki z krótkim rękawem (męskie)";"- T-shirt basic";"SIKSILK - T-shirt basic";159.00;PLN;30.00;159.00;"95% bawełna, 5% elastan";;"Kolor jednolity";Regular;Prosty;Okrągły;SIF22O1H1-Q11;Standardowa;"Krótki rękaw";;https://www.zalando.pl/siksilk-essentials-t-shirt-basic-black-sif22o1h1-q11.html;30;zalando.pl;"2026-04-14 10:54:45.801+00";"2026-04-14 10:54:46.094906+00"
954;"Koszulki z krótkim rękawem (męskie)";"- T-shirt z nadrukiem";"Jack &amp; Jones - T-shirt z nadrukiem";63.95;PLN;63.95;79.99;"91% poliester, 9% elastan";;Nadruk;"Regular Fit";Prosty;Okrągły;JA222O6GF-Q11;Standardowa;"Krótki rękaw";;https://www.zalando.pl/jack-and-jones-t-shirt-z-nadrukiem-black-ja222o6gf-q11.html;30;zalando.pl;"2026-04-14 10:53:54.136+00";"2026-04-14 10:53:54.240387+00"
953;"Koszulki z krótkim rękawem (męskie)";"- T-shirt z nadrukiem";"Jack &amp; Jones - T-shirt z nadrukiem";63.95;PLN;63.95;79.99;"100% bawełna";;Nadruk;Regular;Prosty;Okrągły;JA222O6E6-B11;Standardowa;"Krótki rękaw";;https://www.zalando.pl/jack-and-jones-t-shirt-z-nadrukiem-antique-white-ja222o6e6-b11.html;30;zalando.pl;"2026-04-14 10:53:27.56+00";"2026-04-14 10:53:27.687855+00"
952;"Koszulki z krótkim rękawem (męskie)";"UNISEX - T-shirt z nadrukiem";"The North Face UNISEX - T-shirt z nadrukiem";269.00;PLN;30.00;239.00;"100% poliester";;;"Loose fit";Prosty;Okrągły;TH321002H-Q11;Standardowa;Półrękawek;;https://www.zalando.pl/the-north-face-lightrange-tee-unisex-t-shirt-z-nadrukiem-black-th321002h-q11.html;30;zalando.pl;"2026-04-14 10:53:02.159+00";"2026-04-14 10:53:02.288054+00"
951;"Koszulki z krótkim rękawem (męskie)";"UNISEX - T-shirt z nadrukiem";"Santa Cruz UNISEX - T-shirt z nadrukiem";143.00;PLN;159.00;;"100% bawełna";;Nadruk;Regular;Prosty;Okrągły;7SA2100O1-I11;Standardowa;"Krótki rękaw";;https://www.zalando.pl/santa-cruz-retreat-dot-unisex-t-shirt-z-nadrukiem-purple-haze-7sa2100o1-i11.html;30;zalando.pl;"2026-04-14 10:52:18.829+00";"2026-04-14 10:52:18.959059+00"
950;"Koszulki z krótkim rękawem (męskie)";"TIRO26 - Bluzka z długim rękawem";"adidas Performance TIRO26 - Bluzka z długim rękawem";206.00;PLN;149.00;229.00;"100% poliester";;Nadruk;Regular;Prosty;;AD542F1TJ-G11;Standardowa;"Długi rękaw";;https://www.zalando.pl/adidas-performance-tiro26-league-kurtka-sportowa-team-power-redwhite-ad542f1tj-g11.html;30;zalando.pl;"2026-04-14 10:51:53.63+00";"2026-04-14 10:51:53.759636+00"
949;"Koszulki z krótkim rękawem (męskie)";"GIDEON - T-shirt z nadrukiem";"Pepe Jeans GIDEON - T-shirt z nadrukiem";179.00;PLN;30.00;135.00;"100% bawełna";;Nadruk;Regular;Prosty;Okrągły;PE122O0RE-C11;Standardowa;"Krótki rękaw";;https://www.zalando.pl/pepe-jeans-gideon-tee-t-shirt-z-nadrukiem-light-grey-marl-pe122o0re-c11.html;30;zalando.pl;"2026-04-14 10:51:21.051+00";"2026-04-14 10:51:21.188881+00"
948;"Koszulki z krótkim rękawem (męskie)";"RIOT UNISEX - T-shirt z nadrukiem";"Vertere Berlin RIOT UNISEX - T-shirt z nadrukiem";199.00;PLN;30.00;179.00;"100% bawełna";;Nadruk;"Loose fit";Prosty;Okrągły;VEN22O015-Q11;Długa;Półrękawek;;https://www.zalando.pl/vertere-berlin-rio-t-shirt-z-nadrukiem-black-ven22o015-q11.html;30;zalando.pl;"2026-04-14 10:50:43.76+00";"2026-04-14 10:50:44.104651+00"
947;"Koszulki z krótkim rękawem (męskie)";"- Bluzka z długim rękawem";"Tommy Hilfiger - Bluzka z długim rękawem";188.00;PLN;125.00;209.00;"100% bawełna";;"Kolor jednolity";Regular;Prosty;Okrągły;TO122O134-Q11;Standardowa;"Długi rękaw";;https://www.zalando.pl/tommy-hilfiger-brand-love-tee-bluzka-z-dlugim-rekawem-black-to122o134-q11.html;30;zalando.pl;"2026-04-14 10:49:52.668+00";"2026-04-14 10:49:52.859632+00"
946;"Koszulki z krótkim rękawem (męskie)";"- T-shirt z nadrukiem";"Schott - T-shirt z nadrukiem";210.00;PLN;30.00;129.99;"100% bawełna";;Nadruk;Regular;Prosty;Okrągły;S3722O04J-A11;Standardowa;"Krótki rękaw";;https://www.zalando.pl/schott-t-shirt-z-nadrukiem-blanc-casse-s3722o04j-a11.html;30;zalando.pl;"2026-04-14 10:49:28.223+00";"2026-04-14 10:49:28.362036+00"
945;"Koszulki z krótkim rękawem (męskie)";"UNISEX - T-shirt z nadrukiem";"Versace Jeans Couture UNISEX - T-shirt z nadrukiem";467.00;PLN;503.00;719.00;"100% bawełna";"95% bawełna, 5% elastan";Nadruk;Regular;Prosty;Okrągły;VEI21000C-F11;Standardowa;"Krótki rękaw";;https://www.zalando.pl/versace-jeans-couture-baroque-wave-unisex-t-shirt-z-nadrukiem-blackgold-coloured-vei21000c-f11.html;30;zalando.pl;"2026-04-14 10:48:51.426+00";"2026-04-14 10:48:51.558176+00"
944;"Koszulki z krótkim rękawem (męskie)";"- T-shirt z nadrukiem";"Jack &amp; Jones - T-shirt z nadrukiem";80.45;PLN;80.45;114.99;"50% bawełna, 50% poliester";;Nadruk;Regular;Prosty;Okrągły;JA222O6E5-B11;Standardowa;"Krótki rękaw";;https://www.zalando.pl/jack-and-jones-t-shirt-z-nadrukiem-antique-white-ja222o6e5-b11.html;30;zalando.pl;"2026-04-14 10:48:25.622+00";"2026-04-14 10:48:25.760724+00"
943;"Koszulki z krótkim rękawem (męskie)";"JCOUNION - T-shirt z nadrukiem";"Jack &amp; Jones JCOUNION - T-shirt z nadrukiem";67.45;PLN;67.45;89.99;"100% bawełna";;Nadruk;"Loose fit";Prosty;Okrągły;JA222O5ZM-M11;Standardowa;"Krótki rękaw";;https://www.zalando.pl/jack-and-jones-jcounion-back-ss-crew-noos-t-shirt-z-nadrukiem-shadow-ja222o5zm-m11.html;30;zalando.pl;"2026-04-14 10:47:51.726+00";"2026-04-14 10:47:51.827404+00"
942;"Koszulki z krótkim rękawem (męskie)";"PETER - Koszulka polo";"FQ1924 PETER - Koszulka polo";84.00;PLN;146.00;229.00;"100% bawełna";;"W paski";Regular;Prosty;"Typu Henley";FQ122P00S-K11;Standardowa;"Krótki rękaw";;https://www.zalando.pl/fq1924-fqpeter-koszulka-polo-dark-denim-fq122p00s-k11.html;30;zalando.pl;"2026-04-14 10:47:04.729+00";"2026-04-14 10:47:04.83866+00"
941;"Koszulki z krótkim rękawem (męskie)";"- Bluzka z długim rękawem";"Mustang - Bluzka z długim rękawem";169.00;PLN;30.00;59.00;"100% bawełna";;"Kolor jednolity";Regular;Prosty;Okrągły;MU322O0SF-K11;Standardowa;"Długi rękaw";;https://www.zalando.pl/mustang-style-asheville-bluzka-z-dlugim-rekawem-blau-mu322o0sf-k11.html;29;zalando.pl;"2026-04-14 10:46:29.46+00";"2026-04-14 10:46:29.562073+00"
940;"Koszulki z krótkim rękawem (męskie)";"- T-shirt z nadrukiem";"Karl Kani - T-shirt z nadrukiem";127.00;PLN;199.00;;"100% poliester";;Nadruk;Slim;Prosty;Okrągły;KK122O0CR-Q11;Standardowa;"Krótki rękaw";;https://www.zalando.pl/karl-kani-t-shirt-z-nadrukiem-black-lightblue-kk122o0cr-q11.html;29;zalando.pl;"2026-04-14 10:45:38.028+00";"2026-04-14 10:45:38.130006+00"
939;"Koszulki z krótkim rękawem (męskie)";"UNISEX - T-shirt z nadrukiem";"Nike SB UNISEX - T-shirt z nadrukiem";134.00;PLN;161.00;179.00;"100% bawełna";;Nadruk;"Loose fit";Prosty;Okrągły;NS421003A-A11;Standardowa;"Krótki rękaw";;https://www.zalando.pl/nike-sb-tee-stickers-unisex-t-shirt-z-nadrukiem-white-ns421003a-a11.html;29;zalando.pl;"2026-04-14 10:45:09.75+00";"2026-04-14 10:45:09.851728+00"
938;"Koszulki z krótkim rękawem (męskie)";"- T-shirt basic";"Jack &amp; Jones - T-shirt basic";67.45;PLN;67.45;89.99;"100% bawełna";;"Kolor jednolity";Regular;Prosty;Okrągły;JA222O6BB-K12;Długa;"Krótki rękaw";;https://www.zalando.pl/jack-and-jones-t-shirt-basic-pacific-coast-ja222o6bb-k12.html;29;zalando.pl;"2026-04-14 10:44:34.152+00";"2026-04-14 10:44:34.320477+00"
937;"Koszulki z krótkim rękawem (męskie)";"JORMONTAUK - T-shirt z nadrukiem";"Jack &amp; Jones JORMONTAUK - T-shirt z nadrukiem";71.00;PLN;79.00;;"100% bawełna";;Nadruk;Regular;Prosty;Okrągły;JA222O6K5-M11;Standardowa;"Krótki rękaw";;https://www.zalando.pl/jack-and-jones-jormontauk-type-front-tee-t-shirt-z-nadrukiem-seagrass-ja222o6k5-m11.html;29;zalando.pl;"2026-04-14 10:44:01.742+00";"2026-04-14 10:44:01.845265+00"
936;"Koszulki z krótkim rękawem (męskie)";"- T-shirt z nadrukiem";"Calvin Klein Jeans - T-shirt z nadrukiem";98.00;PLN;98.00;179.00;"100% bawełna";;Nadruk;Regular;Prosty;Okrągły;C1822O0NE-C11;Standardowa;"Krótki rękaw";;https://www.zalando.pl/calvin-klein-jeans-t-shirt-z-nadrukiem-moss-gray-c1822o0ne-c11.html;29;zalando.pl;"2026-04-14 10:43:10.223+00";"2026-04-14 10:43:10.324193+00"
935;"Koszulki z krótkim rękawem (męskie)";"- Koszulka polo";"Schott - Koszulka polo";291.00;PLN;30.00;409.00;"96% bawełna, 4% elastan";;"Kolor jednolity";Regular;Prosty;;S3722P010-Q11;Standardowa;"Krótki rękaw";;https://www.zalando.pl/schott-psmilton-koszulka-polo-blackorange-s3722p010-q11.html;29;zalando.pl;"2026-04-14 10:42:25.804+00";"2026-04-14 10:42:26.066352+00"
934;"Koszulki z krótkim rękawem (męskie)";"- T-shirt basic";"FAVELA - T-shirt basic";179.00;PLN;30.00;359.00;"100% bawełna";;"Kolor jednolity";"Loose fit";Prosty;;F8622O031-J11;Standardowa;Półrękawek;;https://www.zalando.pl/favela-cross-patches-t-shirt-basic-pink-f8622o031-j11.html;29;zalando.pl;"2026-04-14 10:41:38.347+00";"2026-04-14 10:41:38.595219+00"
933;"Koszulki z krótkim rękawem (męskie)";"- T-shirt basic";"Jack &amp; Jones - T-shirt basic";63.95;PLN;63.95;79.99;"100% bawełna";;"Kolor jednolity";"Loose fit";Prosty;Okrągły;JA222O6GB-Q11;Standardowa;"Krótki rękaw";;https://www.zalando.pl/jack-and-jones-t-shirt-basic-black-ja222o6gb-q11.html;29;zalando.pl;"2026-04-14 10:41:03.145+00";"2026-04-14 10:41:03.246356+00"
932;"Koszulki z krótkim rękawem (męskie)";"UNISEX - Koszulka polo";"House of Sunny UNISEX - Koszulka polo";679.00;PLN;30.00;299.00;"100% bawełna";;"W paski";Regular;Prosty;;H06210010-M11;Standardowa;"Długi rękaw";;https://www.zalando.pl/house-of-sunny-rugby-unisex-bluzka-z-dlugim-rekawem-emerald-h06210010-m11.html;29;zalando.pl;"2026-04-14 10:40:36.851+00";"2026-04-14 10:40:36.951996+00"
931;"Koszulki z krótkim rękawem (męskie)";"- T-shirt z nadrukiem";"Jack &amp; Jones PREMIUM - T-shirt z nadrukiem";67.45;PLN;74.99;;"100% bawełna";;Nadruk;Regular;Prosty;Okrągły;JAM22O0G4-J11;Standardowa;"Krótki rękaw";;https://www.zalando.pl/jack-and-jones-premium-gedruckt-rundhalsausschnitt-t-shirt-z-nadrukiem-adobe-rose-jam22o0g4-j11.html;29;zalando.pl;"2026-04-14 10:40:07.538+00";"2026-04-14 10:40:07.638486+00"
930;"Koszulki z krótkim rękawem (męskie)";"- T-shirt z nadrukiem";"Calvin Klein Jeans - T-shirt z nadrukiem";152.00;PLN;110.00;169.00;"100% bawełna";;Nadruk;Regular;Prosty;Okrągły;C1822O0PL-Q11;Standardowa;"Krótki rękaw";;https://www.zalando.pl/calvin-klein-jeans-box-graphic-t-shirt-z-nadrukiem-pirate-black-c1822o0pl-q11.html;29;zalando.pl;"2026-04-14 10:39:29.737+00";"2026-04-14 10:39:29.837543+00"
929;"Koszulki z krótkim rękawem (męskie)";"- T-shirt z nadrukiem";"Jack &amp; Jones PREMIUM - T-shirt z nadrukiem";67.45;PLN;67.45;74.99;"100% bawełna";;Nadruk;Regular;Prosty;Okrągły;JAM22O0G8-O11;Standardowa;"Krótki rękaw";;https://www.zalando.pl/jack-and-jones-premium-t-shirt-basic-partridge-jam22o0g8-o11.html;29;zalando.pl;"2026-04-14 10:39:04.452+00";"2026-04-14 10:39:04.650257+00"
928;"Koszulki z krótkim rękawem (męskie)";"- Bluzka z długim rękawem";"adidas Performance - Bluzka z długim rękawem";345.00;PLN;30.00;179.00;"100% poliester";"100% poliester";"W paski";Regular;Prosty;;AD542G1OV-Q11;Standardowa;"Bardzo długi rękaw";;https://www.zalando.pl/adidas-performance-tiro-competition-bluza-schwarzgrau-ad542g1ov-q11.html;29;zalando.pl;"2026-04-14 10:38:26.744+00";"2026-04-14 10:38:26.844121+00"
927;"Koszulki z krótkim rękawem (męskie)";"- T-shirt basic";"Pier One - T-shirt basic";35.00;PLN;38.00;59.00;"100% bawełna";;"Kolor jednolity";Slim;Dopasowany;Okrągły;PI922O0KZ-K11;Standardowa;"Krótki rękaw";;https://www.zalando.pl/pier-one-t-shirt-basic-dark-blue-pi922o0kz-k11.html;29;zalando.pl;"2026-04-14 10:37:51.971+00";"2026-04-14 10:37:52.1597+00"
926;"Koszulki z krótkim rękawem (męskie)";"RRKIAN - Koszulka polo";"Redefined Rebel RRKIAN - Koszulka polo";159.00;PLN;30.00;269.00;"70% bawełna, 30% poliester";;"Kolor jednolity";Regular;Prosty;;R0622O086-Q11;Standardowa;"Długi rękaw";;https://www.zalando.pl/redefined-rebel-rrkian-koszulka-polo-black-r0622o086-q11.html;29;zalando.pl;"2026-04-14 10:37:25.662+00";"2026-04-14 10:37:25.81759+00"
925;"Koszulki z krótkim rękawem (męskie)";"- Bluzka z długim rękawem";"Star Wars - Bluzka z długim rękawem";122.99;PLN;141.99;;"100% bawełna";"100% bawełna";Nadruk;Regular;Prosty;Okrągły;S0M22O08W-C11;Standardowa;"Długi rękaw";;https://www.zalando.pl/star-wars-bluzka-z-dlugim-rekawem-grau-s0m22o08w-c11.html;29;zalando.pl;"2026-04-14 10:36:51.182+00";"2026-04-14 10:36:51.280726+00"
924;"Koszulki z krótkim rękawem (męskie)";"- T-shirt basic";"TEESHOPPEN - T-shirt basic";150.00;PLN;30.00;204.00;"100% bawełna";;"Kolor jednolity";Regular;Prosty;Okrągły;TEQ22O007-Q11;Standardowa;"Krótki rękaw";;https://www.zalando.pl/teeshoppen-t-shirt-basic-black-teq22o007-q11.html;29;zalando.pl;"2026-04-14 10:36:22.462+00";"2026-04-14 10:36:22.617651+00"
923;"Koszulki z krótkim rękawem (męskie)";"- T-shirt z nadrukiem";"Calvin Klein Jeans - T-shirt z nadrukiem";110.00;PLN;120.00;219.00;"100% bawełna";;Nadruk;Regular;Prosty;Okrągły;C1822O0OW-Q11;Standardowa;"Krótki rękaw";;https://www.zalando.pl/calvin-klein-jeans-all-graphic-tee-t-shirt-z-nadrukiem-black-c1822o0ow-q11.html;29;zalando.pl;"2026-04-14 10:36:05.625+00";"2026-04-14 10:36:05.967198+00"
922;"Koszulki z krótkim rękawem (męskie)";"- T-shirt z nadrukiem";"Jack &amp; Jones - T-shirt z nadrukiem";59.99;PLN;30.00;74.99;"100% bawełna";;Nadruk;Regular;Prosty;Okrągły;JA222O6KS-B11;Standardowa;Półrękawek;;https://www.zalando.pl/jack-and-jones-t-shirt-z-nadrukiem-monks-robe-ja222o6ks-b11.html;29;zalando.pl;"2026-04-14 10:35:18.569+00";"2026-04-14 10:35:18.880293+00"
921;"Koszulki z krótkim rękawem (męskie)";"- T-shirt z nadrukiem";"Colucci - T-shirt z nadrukiem";157.00;PLN;178.00;199.00;"100% poliester";;Kolorowy;"Loose fit";Prosty;Okrągły;CWI22O007-T11;Długa;Półrękawek;;https://www.zalando.pl/colucci-t-shirt-z-nadrukiem-aop-multicolor-cwi22o007-t11.html;29;zalando.pl;"2026-04-14 10:34:37.951+00";"2026-04-14 10:34:38.273282+00"
920;"Koszulki z krótkim rękawem (męskie)";"- Bluzka z długim rękawem";"Barbour - Bluzka z długim rękawem";323.00;PLN;359.00;;"100% bawełna";;"W paski";Regular;Prosty;Okrągły;BA222O04O-K11;Standardowa;"Długi rękaw";;https://www.zalando.pl/barbour-barbour-plaistow-ls-striped-tailored-t-shirt-bluzka-z-dlugim-rekawem-navy-ba222o04o-k11.html;29;zalando.pl;"2026-04-14 10:33:49.071+00";"2026-04-14 10:33:49.465211+00"
919;"Koszulki z krótkim rękawem (męskie)";"- T-shirt z nadrukiem";"GAP - T-shirt z nadrukiem";129.00;PLN;30.00;69.00;"100% bawełna";;Nadruk;Regular;Prosty;Okrągły;GP022O0B9-Q11;Standardowa;"Krótki rękaw";;https://www.zalando.pl/gap-logo-2-pack-t-shirt-z-nadrukiem-blue-gp022o0b9-q11.html;28;zalando.pl;"2026-04-14 10:07:50.55+00";"2026-04-14 10:07:50.650819+00"
918;"Koszulki z krótkim rękawem (męskie)";"- T-shirt z nadrukiem";"Jack &amp; Jones - T-shirt z nadrukiem";53.95;PLN;53.95;59.99;"100% bawełna";;Nadruk;Regular;Prosty;Okrągły;JA222O6IZ-A11;Standardowa;"Krótki rękaw";;https://www.zalando.pl/jack-and-jones-t-shirt-z-nadrukiem-white-ja222o6iz-a11.html;28;zalando.pl;"2026-04-14 10:07:07.058+00";"2026-04-14 10:07:07.160367+00"
917;"Koszulki z krótkim rękawem (męskie)";"- T-shirt z nadrukiem";"Jack &amp; Jones - T-shirt z nadrukiem";86.20;PLN;86.20;114.99;"100% bawełna";;Nadruk;"Loose fit";Prosty;Okrągły;JA222O6HT-Q11;Standardowa;"Krótki rękaw";;https://www.zalando.pl/jack-and-jones-t-shirt-z-nadrukiem-black-ja222o6ht-q11.html;28;zalando.pl;"2026-04-14 10:06:41.468+00";"2026-04-14 10:06:41.621626+00"
916;"Koszulki z krótkim rękawem (męskie)";"- T-shirt basic";"s.Oliver - T-shirt basic";303.00;PLN;30.00;250.00;"100% bawełna";;"Kolor jednolity";Regular;Prosty;Okrągły;SO222O2DT-K12;Standardowa;"Krótki rękaw";;https://www.zalando.pl/soliver-t-shirt-basic-weiss-blau-so222o2dt-k12.html;28;zalando.pl;"2026-04-14 10:06:16.762+00";"2026-04-14 10:06:17.083531+00"
915;"Koszulki z krótkim rękawem (męskie)";"- T-shirt basic";"Pier One - T-shirt basic";76.00;PLN;87.00;109.00;"95% bawełna, 5% elastan";;"Kolor jednolity";Skinny;"Dopasowanie do figury";Okrągły;PI922O0Y9-A11;Standardowa;"Krótki rękaw";;https://www.zalando.pl/pier-one-5-pack-t-shirt-basic-white-pi922o0y9-a11.html;28;zalando.pl;"2026-04-14 10:05:35.237+00";"2026-04-14 10:05:35.345046+00"
914;"Koszulki z krótkim rękawem (męskie)";"- Bluzka z długim rękawem";"Holzweiler - Bluzka z długim rękawem";539.00;PLN;30.00;989.00;"50% wełna, 50% poliester";;"Kolor jednolity";Slim;Prosty;Okrągły;HO022O043-Q11;Standardowa;"Długi rękaw";;https://www.zalando.pl/holzweiler-ski-capsule-tryvann-bluzka-z-dlugim-rekawem-black-ho022o043-q11.html;28;zalando.pl;"2026-04-14 10:04:58.051+00";"2026-04-14 10:04:58.154619+00"
913;"Koszulki z krótkim rękawem (męskie)";"P-6 RESPONSIBILI-TEE - Bluzka z długim rękawem";"Patagonia P-6 RESPONSIBILI-TEE - Bluzka z długim rękawem";249.00;PLN;30.00;159.99;"50% bawełna, 50% poliester";;Nadruk;Regular;Prosty;Okrągły;PA942D01M-C11;Standardowa;"Długi rękaw";;https://www.zalando.pl/patagonia-logo-tee-bluzka-z-dlugim-rekawem-gravel-heather-pa942d01m-c11.html;28;zalando.pl;"2026-04-14 10:04:28.829+00";"2026-04-14 10:04:29.044896+00"
912;"Koszulki z krótkim rękawem (męskie)";"CARANTEC MARINIÈRE - T-shirt z nadrukiem";"Armor lux CARANTEC MARINIÈRE - T-shirt z nadrukiem";276.10;PLN;30.00;229.00;"96% bawełna, 4% elastan";;"Kolor jednolity";;Dopasowany;Okrągły;A2222O02G-A11;Standardowa;"Krótki rękaw";;https://www.zalando.pl/armor-lux-carantec-mariniere-t-shirt-basic-blanc-a2222o02g-a11.html;28;zalando.pl;"2026-04-14 10:04:02.145+00";"2026-04-14 10:04:02.246035+00"
911;"Koszulki z krótkim rękawem (męskie)";"- Bluzka z długim rękawem";"Emporio Armani - Bluzka z długim rękawem";609.00;PLN;30.00;609.00;"100% bawełna";;Nadruk;Regular;Prosty;Okrągły;EA822O0ML-A11;Standardowa;"Długi rękaw";;https://www.zalando.pl/emporio-armani-bluzka-z-dlugim-rekawem-off-white-ea822o0ml-a11.html;28;zalando.pl;"2026-04-14 10:03:20.954+00";"2026-04-14 10:03:21.053792+00"
910;"Koszulki z krótkim rękawem (męskie)";"- T-shirt basic";"Puma - T-shirt basic";149.00;PLN;30.00;99.00;"100% bawełna";;"Kolor jednolity";Regular;Prosty;Okrągły;PU122O1CQ-C11;Standardowa;"Krótki rękaw";;https://www.zalando.pl/puma-t-shirt-basic-gray-sky-pu122o1cq-c11.html;28;zalando.pl;"2026-04-14 10:02:47.138+00";"2026-04-14 10:02:47.240878+00"
909;"Koszulki z krótkim rękawem (męskie)";"- Koszulka polo";"GANT - Koszulka polo";530.00;PLN;589.00;;"50% modal, 50% bawełna";;"Kolor jednolity";Regular;Prosty;;GA322Q0FH-K11;Standardowa;"Krótki rękaw";;https://www.zalando.pl/gant-koszulka-polo-evening-blue-ga322q0fh-k11.html;28;zalando.pl;"2026-04-14 10:02:27.543+00";"2026-04-14 10:02:27.688618+00"
908;"Koszulki z krótkim rękawem (męskie)";"CREW NECK - T-shirt basic";"Jack &amp; Jones CREW NECK - T-shirt basic";71.95;PLN;71.95;89.99;"100% bawełna";;"Kolor jednolity";Regular;Prosty;Okrągły;JA222O5K2-A11;Standardowa;"Krótki rękaw";;https://www.zalando.pl/jack-and-jones-t-shirt-z-nadrukiem-white-ja222o5k2-a11.html;28;zalando.pl;"2026-04-14 10:01:50.552+00";"2026-04-14 10:01:50.654832+00"
907;"Koszulki z krótkim rękawem (męskie)";"- Koszulka sportowa";"Norrøna - Koszulka sportowa";489.00;PLN;30.00;299.00;"100% poliester";"100% poliester";Nadruk;Regular;Prosty;Okrągły;NOO42D00S-Q11;Długa;"Krótki rękaw";;https://www.zalando.pl/norroena-senja-equaliser-lightweight-koszulka-sportowa-caviar-noo42d00s-q11.html;28;zalando.pl;"2026-04-14 10:01:00.152+00";"2026-04-14 10:01:00.255526+00"
906;"Koszulki z krótkim rękawem (męskie)";"ROCKWALL - Koszulka polo";"MCS ROCKWALL - Koszulka polo";169.99;PLN;350.00;;"100% bawełna";;"Kolor jednolity";Regular;Prosty;;M2622O028-K12;Standardowa;"Długi rękaw";;https://www.zalando.pl/mcs-rockwall-bluzka-z-dlugim-rekawem-dark-sapphire-m2622o028-k12.html;28;zalando.pl;"2026-04-14 10:00:21.771+00";"2026-04-14 10:00:21.93365+00"
905;"Koszulki z krótkim rękawem (męskie)";"- T-shirt basic";"Polo Ralph Lauren - T-shirt basic";341.00;PLN;265.00;379.00;"100% bawełna";;Melanż;Regular;Prosty;Okrągły;PO222O03F-B16;Standardowa;"Krótki rękaw";;https://www.zalando.pl/polo-ralph-lauren-t-shirt-basic-expedition-dune-po222o03f-b16.html;28;zalando.pl;"2026-04-14 09:59:48.822+00";"2026-04-14 09:59:48.924059+00"
904;"Koszulki z krótkim rękawem (męskie)";"- T-shirt z nadrukiem";"Michael Kors - T-shirt z nadrukiem";309.00;PLN;30.00;509.00;"100% bawełna";;Nadruk;Regular;Prosty;Okrągły;1MI22O08J-K11;Standardowa;"Krótki rękaw";;https://www.zalando.pl/michael-kors-split-victory-tee-promo-t-shirt-z-nadrukiem-midnight-1mi22o08j-k11.html;28;zalando.pl;"2026-04-14 09:59:02.457+00";"2026-04-14 09:59:02.558578+00"
903;"Koszulki z krótkim rękawem (męskie)";"- T-shirt basic";"Oakley - T-shirt basic";161.00;PLN;179.00;;"100% bawełna";;"Kolor jednolity";"Loose fit";Prosty;Okrągły;OA322O03A-M11;Standardowa;Półrękawek;;https://www.zalando.pl/oakley-rise-tee-t-shirt-basic-faded-green-oa322o03a-m11.html;28;zalando.pl;"2026-04-14 09:58:41.746+00";"2026-04-14 09:58:41.847026+00"
902;"Koszulki z krótkim rękawem (męskie)";"- T-shirt z nadrukiem";"Puma - T-shirt z nadrukiem";109.00;PLN;30.00;99.00;"50% poliester, 25% bawełna, 25% wiskoza";;Nadruk;Regular;Prosty;Okrągły;PU122O1BD-C11;Standardowa;"Krótki rękaw";;https://www.zalando.pl/puma-graphics-training-t-shirt-z-nadrukiem-light-gray-heather-pu122o1bd-c11.html;28;zalando.pl;"2026-04-14 09:58:18.667+00";"2026-04-14 09:58:18.822557+00"
901;"Koszulki z krótkim rękawem (męskie)";"- T-shirt z nadrukiem";"camel active - T-shirt z nadrukiem";139.95;PLN;30.00;99.99;"100% bawełna";;Nadruk;Regular;Prosty;Okrągły;CA522O08E-L11;Standardowa;"Krótki rękaw";;https://www.zalando.pl/camel-active-t-shirt-z-nadrukiem-ocean-green-ca522o08e-l11.html;28;zalando.pl;"2026-04-14 09:57:33.771+00";"2026-04-14 09:57:33.92891+00"
900;"Koszulki z krótkim rękawem (męskie)";"LEON UNISEX - Bluzka z długim rękawem";"HUF LEON UNISEX - Bluzka z długim rękawem";323.00;PLN;359.00;;"100% bawełna";;Nadruk;Regular;Prosty;Okrągły;H0H2100AJ-Q11;Standardowa;"Długi rękaw";;https://www.zalando.pl/huf-leon-double-layer-unisex-bluzka-z-dlugim-rekawem-vintage-black-h0h2100aj-q11.html;28;zalando.pl;"2026-04-14 09:57:17.066+00";"2026-04-14 09:57:17.50394+00"
899;"Koszulki z krótkim rękawem (męskie)";"- T-shirt z nadrukiem";"adidas Originals - T-shirt z nadrukiem";139.00;PLN;30.00;129.00;"100% bawełna";;Nadruk;Regular;Prosty;Okrągły;AD122O1BN-G11;Standardowa;"Krótki rękaw";;https://www.zalando.pl/adidas-originals-t-shirt-z-nadrukiem-better-scarlet-ad122o1bn-g11.html;28;zalando.pl;"2026-04-14 09:56:46.568+00";"2026-04-14 09:56:46.735612+00"
898;"Koszulki z krótkim rękawem (męskie)";"PI-YT-BAS0-0122 LONG SLEEVE TEE / 802 - BLACK - Bluzka z długim rękawem";"Pier One PI-YT-BAS0-0122 LONG SLEEVE TEE / 802 - BLACK - Bluzka z długim rękawem";41.00;PLN;44.00;59.00;"100% bawełna";;"Kolor jednolity";Slim;Prosty;Okrągły;PI922O0GP-G11;Standardowa;"Długi rękaw";;https://www.zalando.pl/pier-one-bluzka-z-dlugim-rekawem-bordeaux-pi922o0gp-g11.html;28;zalando.pl;"2026-04-14 09:56:24.849+00";"2026-04-14 09:56:24.949754+00"
897;"Koszulki z krótkim rękawem (męskie)";"4 PACK - T-shirt z nadrukiem";"TOM TAILOR 4 PACK - T-shirt z nadrukiem";252.58;PLN;294.69;;"100% bawełna";;Nadruk;"Regular Fit";Prosty;Okrągły;TO222O1AF-Q11;Standardowa;"Krótki rękaw";;https://www.zalando.pl/tom-tailor-4-pack-t-shirt-z-nadrukiem-obsidian-black-to222o1af-q11.html;27;zalando.pl;"2026-04-14 09:45:27.461+00";"2026-04-14 09:45:27.588645+00"
896;"Koszulki z krótkim rękawem (męskie)";"- T-shirt z nadrukiem";"Tapout - T-shirt z nadrukiem";91.00;PLN;30.00;339.00;"100% bawełna";;Nadruk;Regular;Prosty;Okrągły;TAP22O00D-K11;Standardowa;"Krótki rękaw";;https://www.zalando.pl/tapout-normale-passform-logo-t-shirt-z-nadrukiem-royal-blue-white-tap22o00d-k11.html;27;zalando.pl;"2026-04-14 09:44:38.439+00";"2026-04-14 09:44:38.590481+00"
895;"Koszulki z krótkim rękawem (męskie)";"PALLAS - Koszulka polo";"BOSS PALLAS - Koszulka polo";269.00;PLN;269.00;449.00;"100% bawełna";;"Kolor jednolity";Slim;Prosty;;BB122P0GM-M11;Standardowa;"Krótki rękaw";;https://www.zalando.pl/boss-pallas-koszulka-polo-open-green-bb122p0gm-m11.html;27;zalando.pl;"2026-04-14 09:44:14.65+00";"2026-04-14 09:44:14.799201+00"
894;"Koszulki z krótkim rękawem (męskie)";"- Koszulka polo";"GAP - Koszulka polo";139.00;PLN;30.00;234.99;"98% bawełna, 2% elastan";;Melanż;Regular;Prosty;;GP022P01U-C11;Standardowa;"Krótki rękaw";;https://www.zalando.pl/gap-logo-koszulka-polo-grey-heather-gp022p01u-c11.html;27;zalando.pl;"2026-04-14 09:43:28.429+00";"2026-04-14 09:43:28.532005+00"
893;"Koszulki z krótkim rękawem (męskie)";"- T-shirt z nadrukiem";"Levi&#x27;s® - T-shirt z nadrukiem";159.00;PLN;30.00;79.00;"100% bawełna";;Nadruk;"Loose fit";Prosty;Okrągły;LE221002G-A62;Standardowa;"Krótki rękaw";;https://www.zalando.pl/levis-ss-relaxed-fit-tee-t-shirt-z-nadrukiem-two-horse-aquatic-lounge-white-plus-le221002g-a62.html;27;zalando.pl;"2026-04-14 09:42:56.362+00";"2026-04-14 09:42:56.46625+00"
892;"Koszulki z krótkim rękawem (męskie)";"UNISEX - Bluzka z długim rękawem";"The North Face UNISEX - Bluzka z długim rękawem";319.00;PLN;30.00;199.00;"100% poliester";;"Kolor jednolity";Regular;Prosty;Okrągły;TH321002I-C11;Standardowa;"Długi rękaw";;https://www.zalando.pl/the-north-face-lightrange-tee-unisex-bluzka-z-dlugim-rekawem-transcendent-greyendless-dusk-th321002i-c11.html;27;zalando.pl;"2026-04-14 09:42:05.132+00";"2026-04-14 09:42:05.232469+00"
891;"Koszulki z krótkim rękawem (męskie)";"COINTERLUDE - T-shirt z nadrukiem";"Jack &amp; Jones COINTERLUDE - T-shirt z nadrukiem";67.45;PLN;67.45;89.99;"100% bawełna";;Nadruk;"Loose fit";Prosty;Okrągły;JA222O60B-A12;Standardowa;"Krótki rękaw";;https://www.zalando.pl/jack-and-jones-jcointerlude-easter-tee-crew-neck-t-shirt-z-nadrukiem-sweet-corn-ja222o60b-a12.html;27;zalando.pl;"2026-04-14 09:41:37.2+00";"2026-04-14 09:41:37.305498+00"
890;"Koszulki z krótkim rękawem (męskie)";"- Koszulka sportowa";"Nike Performance - Koszulka sportowa";319.00;PLN;30.00;159.00;"100% poliester";"100% poliester";Nadruk;Regular;Prosty;Okrągły;N1242D85Q-I11;Standardowa;"Krótki rękaw";;https://www.zalando.pl/nike-performance-koszulki-pilkarskie-lilaweiss-n1242d85q-i11.html;27;zalando.pl;"2026-04-14 09:41:16.16+00";"2026-04-14 09:41:16.484757+00"
889;"Koszulki z krótkim rękawem (męskie)";"EXTENDED GYM TEE - T-shirt basic";"SIKSILK EXTENDED GYM TEE - T-shirt basic";103.00;PLN;95.00;159.00;"95% bawełna, 5% elastan";;"Kolor jednolity";"Regular Fit";Prosty;Okrągły;SIF22O0N9-K11;Standardowa;"Krótki rękaw";;https://www.zalando.pl/siksilk-extended-gym-tee-t-shirt-basic-navy-sif22o0n9-k11.html;27;zalando.pl;"2026-04-14 09:40:38.561+00";"2026-04-14 09:40:38.662046+00"
888;"Koszulki z krótkim rękawem (męskie)";"- T-shirt z nadrukiem";"Carhartt WIP - T-shirt z nadrukiem";199.00;PLN;30.00;179.00;"100% bawełna";;Nadruk;Regular;Prosty;Okrągły;C1422O10I-Q11;Standardowa;"Krótki rękaw";;https://www.zalando.pl/carhartt-wip-sardinas-t-shirt-z-nadrukiem-black-c1422o10i-q11.html;27;zalando.pl;"2026-04-14 09:40:09.064+00";"2026-04-14 09:40:09.171911+00"
887;"Koszulki z krótkim rękawem (męskie)";"CONNOR - T-shirt basic";"Pepe Jeans CONNOR - T-shirt basic";87.20;PLN;65.39;109.00;"100% bawełna";"100% poliester";Melanż;Regular;Prosty;Okrągły;PE122O0LY-O11;Standardowa;"Krótki rękaw";;https://www.zalando.pl/pepe-jeans-connor-t-shirt-basic-stag-brown-pe122o0ly-o11.html;27;zalando.pl;"2026-04-14 09:39:30.935+00";"2026-04-14 09:39:31.041733+00"
886;"Koszulki z krótkim rękawem (męskie)";"- T-shirt z nadrukiem";"Carhartt WIP - T-shirt z nadrukiem";219.00;PLN;30.00;219.00;"100% bawełna";;"W paski";"Loose fit";Prosty;Okrągły;C1422O111-M11;Standardowa;Półrękawek;;https://www.zalando.pl/carhartt-wip-t-shirt-z-nadrukiem-zanedollar-green-c1422o111-m11.html;27;zalando.pl;"2026-04-14 09:38:48.549+00";"2026-04-14 09:38:48.690045+00"
885;"Koszulki z krótkim rękawem (męskie)";"- T-shirt z nadrukiem";"U.S. Polo Assn. - T-shirt z nadrukiem";79.99;PLN;150.00;;"100% bawełna";;Nadruk;Regular;Prosty;Okrągły;US222O00T-A11;Standardowa;"Krótki rękaw";;https://www.zalando.pl/us-polo-assn-t-shirt-z-nadrukiem-white-us222o00t-a11.html;27;zalando.pl;"2026-04-14 09:38:23.343+00";"2026-04-14 09:38:23.44763+00"
884;"Koszulki z krótkim rękawem (męskie)";"- T-shirt z nadrukiem";"Schott - T-shirt z nadrukiem";210.00;PLN;30.00;151.00;"100% bawełna";;Nadruk;Regular;Prosty;Okrągły;S3722O04Y-C11;Standardowa;"Krótki rękaw";;https://www.zalando.pl/schott-t-shirt-z-nadrukiem-gris-s3722o04y-c11.html;27;zalando.pl;"2026-04-14 09:37:48.658+00";"2026-04-14 09:37:48.759179+00"
883;"Koszulki z krótkim rękawem (męskie)";"- T-shirt z nadrukiem";"CLOSED - T-shirt z nadrukiem";449.00;PLN;30.00;449.00;"100% bawełna";;Nadruk;Regular;Prosty;Okrągły;CL322O02I-A11;Standardowa;"Krótki rękaw";;https://www.zalando.pl/closed-t-shirt-z-nadrukiem-white-cl322o02i-a11.html;27;zalando.pl;"2026-04-14 09:37:28.853+00";"2026-04-14 09:37:28.953343+00"
882;"Koszulki z krótkim rękawem (męskie)";"UNISEX - T-shirt z nadrukiem";"Santa Cruz UNISEX - T-shirt z nadrukiem";80.00;PLN;80.00;199.00;"100% bawełna";;Nadruk;Regular;Prosty;Okrągły;7SA2100GY-Q11;Standardowa;"Krótki rękaw";;https://www.zalando.pl/santa-cruz-opus-dot-back-unisex-2-pack-t-shirt-z-nadrukiem-blackwhite-7sa2100gy-q11.html;27;zalando.pl;"2026-04-14 09:36:47.639+00";"2026-04-14 09:36:47.91896+00"
881;"Koszulki z krótkim rękawem (męskie)";"- T-shirt z nadrukiem";"Pepe Jeans - T-shirt z nadrukiem";135.00;PLN;30.00;229.00;"100% bawełna";"100% bawełna";Nadruk;Regular;Prosty;Okrągły;PE122O0QR-B11;Standardowa;"Krótki rękaw";;https://www.zalando.pl/pepe-jeans-t-shirt-z-nadrukiem-malt-beige-pe122o0qr-b11.html;27;zalando.pl;"2026-04-14 09:36:12.968+00";"2026-04-14 09:36:13.260263+00"
880;"Koszulki z krótkim rękawem (męskie)";"- T-shirt z nadrukiem";"Scalpers - T-shirt z nadrukiem";101.25;PLN;84.16;126.56;"100% bawełna";;Nadruk;"Regular Fit";Prosty;Okrągły;SCF22O0CR-B11;Standardowa;Półrękawek;;https://www.zalando.pl/scalpers-t-shirt-z-nadrukiem-taupe-scf22o0cr-b11.html;27;zalando.pl;"2026-04-14 09:35:21.655+00";"2026-04-14 09:35:21.756283+00"
879;"Koszulki z krótkim rękawem (męskie)";"FQIikay - T-shirt z nadrukiem";"FQ1924 FQIikay - T-shirt z nadrukiem";98.00;PLN;122.00;189.00;"95% bawełna, 5% elastan";;Melanż;Regular;Prosty;"Typu Henley";FQ122O00C-K11;Standardowa;"Krótki rękaw";;https://www.zalando.pl/fq1924-t-shirt-z-nadrukiem-navy-blazer-fq122o00c-k11.html;27;zalando.pl;"2026-04-14 09:34:47.561+00";"2026-04-14 09:34:47.667308+00"
878;"Koszulki z krótkim rękawem (męskie)";"- T-shirt z nadrukiem";"Redefined Rebel - T-shirt z nadrukiem";98.00;PLN;109.00;;"60% bawełna, 40% poliester";;"W paski";Regular;Prosty;Okrągły;R0622Q088-O11;Standardowa;"Krótki rękaw";;https://www.zalando.pl/redefined-rebel-kevin-tee-regular-fit-t-shirt-z-nadrukiem-turkish-coffee-r0622q088-o11.html;27;zalando.pl;"2026-04-14 09:34:19.663+00";"2026-04-14 09:34:19.762884+00"
877;"Koszulki z krótkim rękawem (męskie)";"- Artykuły klubowe";"Hummel - Artykuły klubowe";363.00;PLN;30.00;429.00;"100% poliester";;Nadruk;Regular;Prosty;Okrągły;HU344K035-A11;Standardowa;"Krótki rękaw";;https://www.zalando.pl/hummel-koszulka-sportowa-white-hu344k035-a11.html;27;zalando.pl;"2026-04-14 09:33:51.142+00";"2026-04-14 09:33:51.243954+00"
876;"Koszulki z krótkim rękawem (męskie)";"DRISSE MARINIÈRE - Bluzka z długim rękawem";"Armor lux DRISSE MARINIÈRE - Bluzka z długim rękawem";382.46;PLN;30.00;249.95;"100% bawełna";;"W paski";;;Okrągły;A2222Q00U-B11;Standardowa;"Długi rękaw";;https://www.zalando.pl/armor-lux-sweter-nature-rich-navy-a2222q00u-b11.html;27;zalando.pl;"2026-04-14 09:33:21.034+00";"2026-04-14 09:33:21.189165+00"
875;"Koszulki z krótkim rękawem (męskie)";"- T-shirt z nadrukiem";"Jack &amp; Jones - T-shirt z nadrukiem";79.95;PLN;79.95;99.99;"100% bawełna";;Nadruk;"Loose fit";Prosty;Okrągły;JA222O6KO-A11;Standardowa;"Krótki rękaw";;https://www.zalando.pl/jack-and-jones-t-shirt-z-nadrukiem-cloud-dancer-ja222o6ko-a11.html;27;zalando.pl;"2026-04-14 09:33:00.054+00";"2026-04-14 09:33:00.200207+00"
874;"Koszulki z krótkim rękawem (męskie)";"UNISEX - T-shirt z nadrukiem";"Santa Cruz UNISEX - T-shirt z nadrukiem";143.00;PLN;159.00;;"100% bawełna";;Nadruk;Regular;Prosty;Okrągły;7SA2100NN-Q11;Standardowa;"Krótki rękaw";;https://www.zalando.pl/santa-cruz-aloha-dot-unisex-t-shirt-z-nadrukiem-black-7sa2100nn-q11.html;26;zalando.pl;"2026-04-14 09:32:10.655+00";"2026-04-14 09:32:10.784062+00"
873;"Koszulki z krótkim rękawem (męskie)";"T-shirt z nadrukiem";"FORSBERG T-shirt z nadrukiem";139.99;PLN;30.00;164.99;"60% bawełna, 40% poliester";;Melanż;Regular;Prosty;Okrągły;FOU22O004-Q11;Standardowa;"Krótki rękaw";;https://www.zalando.pl/forsberg-t-shirt-z-nadrukiem-anthrazit-melange-fou22o004-q11.html;26;zalando.pl;"2026-04-14 09:31:18.065+00";"2026-04-14 09:31:18.406905+00"
872;"Koszulki z krótkim rękawem (męskie)";"- T-shirt z nadrukiem";"Jack &amp; Jones - T-shirt z nadrukiem";67.45;PLN;67.45;74.99;"100% bawełna";;Nadruk;Regular;Prosty;Okrągły;JA222O6EJ-K12;Standardowa;"Krótki rękaw";;https://www.zalando.pl/jack-and-jones-rundhalsausschnitt-t-shirt-z-nadrukiem-spa-blue-ja222o6ej-k12.html;26;zalando.pl;"2026-04-14 09:30:46.248+00";"2026-04-14 09:30:46.349754+00"
871;"Koszulki z krótkim rękawem (męskie)";"BOXY - T-shirt basic";"Bershka BOXY - T-shirt basic";59.90;PLN;30.00;129.00;"100% bawełna";;"Kolor jednolity";"Loose fit";Prosty;Okrągły;BEJ22O1F7-J11;Standardowa;"Krótki rękaw";;https://www.zalando.pl/bershka-boxy-short-sleeve-t-shirt-basic-light-pink-bej22o1f7-j11.html;26;zalando.pl;"2026-04-14 09:29:47.462+00";"2026-04-14 09:29:47.591614+00"
870;"Koszulki z krótkim rękawem (męskie)";"UNISEX - T-shirt basic";"TAION UNISEX - T-shirt basic";199.00;PLN;30.00;199.00;"76% nylon, 24% poliuretan";;"Kolor jednolity";"Loose fit";Prosty;Okrągły;TCM21000O-Q11;Standardowa;Półrękawek;;https://www.zalando.pl/taion-fanction-unisex-t-shirt-basic-black-tcm21000o-q11.html;26;zalando.pl;"2026-04-14 09:29:22.439+00";"2026-04-14 09:29:22.665722+00"
869;"Koszulki z krótkim rękawem (męskie)";"NORMALE PASSFORM - T-shirt z nadrukiem";"Lonsdale NORMALE PASSFORM - T-shirt z nadrukiem";119.00;PLN;30.00;139.00;"100% bawełna";;Nadruk;Regular;Prosty;Okrągły;L2G22O05N-Q11;Standardowa;"Krótki rękaw";;https://www.zalando.pl/lonsdale-normale-passform-t-shirt-z-nadrukiem-black-red-white-l2g22o05n-q11.html;26;zalando.pl;"2026-04-14 08:14:09.488+00";"2026-04-14 08:14:09.592285+00"
868;"Koszulki z krótkim rękawem (męskie)";"WILBUR - T-shirt basic";"INDICODE JEANS WILBUR - T-shirt basic";89.99;PLN;164.99;;"100% bawełna";"100% bawełna";Melanż;Slim;Dopasowany;Okrągły;IJ022O013-C12;Długa;"Krótki rękaw";;https://www.zalando.pl/indicode-jeans-wilbur-t-shirt-basic-ij022o013-c12.html;26;zalando.pl;"2026-04-14 08:13:25.466+00";"2026-04-14 08:13:25.787145+00"
867;"Koszulki z krótkim rękawem (męskie)";"CHILL CREEK - T-shirt z nadrukiem";"Columbia CHILL CREEK - T-shirt z nadrukiem";299.00;PLN;30.00;179.00;"95% nylon, 5% elastan";;"Kolor jednolity";Regular;Prosty;Okrągły;C2322O01S-Q11;Standardowa;"Krótki rękaw";;https://www.zalando.pl/columbia-chill-creek-tee-t-shirt-basic-black-c2322o01s-q11.html;26;zalando.pl;"2026-04-14 08:12:48.12+00";"2026-04-14 08:12:50.618493+00"
866;"Koszulki z krótkim rękawem (męskie)";"- T-shirt z nadrukiem";"Maison Kitsuné - T-shirt z nadrukiem";679.00;PLN;30.00;989.00;"100% bawełna";;Nadruk;"Loose fit";Prosty;Okrągły;KT222O00G-M11;Standardowa;Półrękawek;;https://www.zalando.pl/maison-kitsune-art-nouveau-stamps-oversize-t-shirt-z-nadrukiem-bottle-green-kt222o00g-m11.html;26;zalando.pl;"2026-04-14 08:12:02.033+00";"2026-04-14 08:12:02.136548+00"
865;"Koszulki z krótkim rękawem (męskie)";"- T-shirt z nadrukiem";"Obey Clothing - T-shirt z nadrukiem";189.00;PLN;30.00;229.00;"100% bawełna";;Nadruk;Regular;Prosty;Okrągły;OB022O0JC-A11;Standardowa;"Krótki rękaw";;https://www.zalando.pl/obey-clothing-t-shirt-z-nadrukiem-white-ob022o0jc-a11.html;26;zalando.pl;"2026-04-14 08:11:38.431+00";"2026-04-14 08:11:39.467959+00"
864;"Koszulki z krótkim rękawem (męskie)";"- T-shirt z nadrukiem";"Jack &amp; Jones - T-shirt z nadrukiem";67.45;PLN;67.45;74.99;"100% bawełna";;Nadruk;Regular;Prosty;Okrągły;JA222O6HQ-K11;Standardowa;"Krótki rękaw";;https://www.zalando.pl/jack-and-jones-t-shirt-z-nadrukiem-navy-blazer-ja222o6hq-k11.html;26;zalando.pl;"2026-04-14 08:08:43.961+00";"2026-04-14 08:08:44.066509+00"
863;"Koszulki z krótkim rękawem (męskie)";"T-shirt basic";"BOSS T-shirt basic";162.00;PLN;187.00;249.00;"95% bawełna, 5% elastan";;"Kolor jednolity";Slim;Prosty;Okrągły;BB122O0ZO-A11;Standardowa;"Krótki rękaw";;https://www.zalando.pl/boss-tee-t-shirt-basic-white-bb122o0zo-a11.html;26;zalando.pl;"2026-04-14 08:07:56.45+00";"2026-04-14 08:07:56.557292+00"
862;"Koszulki z krótkim rękawem (męskie)";"ARCHIVE - T-shirt z nadrukiem";"GANT ARCHIVE - T-shirt z nadrukiem";206.00;PLN;199.00;249.00;"100% bawełna";;Nadruk;Regular;Prosty;Okrągły;GA322O062-K15;Standardowa;"Krótki rękaw";;https://www.zalando.pl/gant-archive-shield-t-shirt-z-nadrukiem-fresh-blue-ga322o062-k15.html;26;zalando.pl;"2026-04-14 08:07:25.227+00";"2026-04-14 08:07:25.327215+00"
861;"Koszulki z krótkim rękawem (męskie)";"CORE - T-shirt basic";"On CORE - T-shirt basic";270.00;PLN;30.00;69.00;"92% poliester, 8% elastan";;"Kolor jednolity";Regular;Prosty;Okrągły;ONM42D001-Q11;Długa;"Krótki rękaw";;https://www.zalando.pl/on-running-koszulka-sportowa-black-onm42d001-q11.html;26;zalando.pl;"2026-04-14 08:06:42.282+00";"2026-04-14 08:06:42.557634+00"
860;"Koszulki z krótkim rękawem (męskie)";"DULIVIO - T-shirt z nadrukiem";"HUGO DULIVIO - T-shirt z nadrukiem";134.00;PLN;143.00;179.00;"100% bawełna";;Nadruk;Regular;Prosty;Okrągły;HU722O0AZ-G11;Standardowa;"Krótki rękaw";;https://www.zalando.pl/hugo-dulivio-t-shirt-z-nadrukiem-open-pink-hu722o0az-g11.html;26;zalando.pl;"2026-04-14 08:06:10.931+00";"2026-04-14 08:06:11.037451+00"
859;"Koszulki z krótkim rękawem (męskie)";"- T-shirt z nadrukiem";"Calvin Klein Jeans - T-shirt z nadrukiem";98.00;PLN;98.00;179.00;"100% bawełna";;Nadruk;Regular;Prosty;Okrągły;C1822O0NF-Q11;Standardowa;"Krótki rękaw";;https://www.zalando.pl/calvin-klein-jeans-t-shirt-z-nadrukiem-black-c1822o0nf-q11.html;26;zalando.pl;"2026-04-14 08:05:45.066+00";"2026-04-14 08:05:45.189981+00"
858;"Koszulki z krótkim rękawem (męskie)";"- T-shirt z nadrukiem";"ZOO YORK - T-shirt z nadrukiem";82.00;PLN;82.00;168.00;"100% bawełna";"100% bawełna";Nadruk;Regular;Prosty;Okrągły;1ZO22O001-K11;Standardowa;"Krótki rękaw";;https://www.zalando.pl/zoo-york-t-shirt-z-nadrukiem-blue-1zo22o001-k11.html;26;zalando.pl;"2026-04-14 08:05:15.75+00";"2026-04-14 08:05:15.896546+00"
857;"Koszulki z krótkim rękawem (męskie)";"- Bluzka z długim rękawem";"Napapijri - Bluzka z długim rękawem";197.00;PLN;142.00;219.00;"100% bawełna";;Nadruk;Regular;Prosty;Okrągły;NA622O0CW-Q11;Standardowa;"Długi rękaw";;https://www.zalando.pl/napapijri-box-logo-bluzka-z-dlugim-rekawem-black-beauty-na622o0cw-q11.html;26;zalando.pl;"2026-04-14 08:04:25.457+00";"2026-04-14 08:04:25.58969+00"
856;"Koszulki z krótkim rękawem (męskie)";"- T-shirt z nadrukiem";"Pier One - T-shirt z nadrukiem";24.00;PLN;24.00;59.00;"100% bawełna";;;Regular;Prosty;Okrągły;PI922O0MA-M11;Standardowa;"Krótki rękaw";;https://www.zalando.pl/pier-one-t-shirt-z-nadrukiem-dark-green-pi922o0ma-m11.html;26;zalando.pl;"2026-04-14 08:03:46.444+00";"2026-04-14 08:03:46.545015+00"
855;"Koszulki z krótkim rękawem (męskie)";"- T-shirt basic";"KARL LAGERFELD - T-shirt basic";296.00;PLN;329.00;;"95% bawełna, 5% elastan";;"Kolor jednolity";Regular;Prosty;"Wycięcie typu V";K4822O0NN-Q11;Standardowa;"Krótki rękaw";;https://www.zalando.pl/karl-lagerfeld-v-neck-t-shirt-basic-black-k4822o0nn-q11.html;26;zalando.pl;"2026-04-14 08:03:14.427+00";"2026-04-14 08:03:14.528975+00"
854;"Koszulki z krótkim rękawem (męskie)";"- T-shirt z nadrukiem";"Only &amp; Sons - T-shirt z nadrukiem";109.00;PLN;30.00;139.00;"100% bawełna";;Nadruk;"Loose fit";Prosty;Okrągły;OS322O1LW-Q11;Standardowa;Półrękawek;;https://www.zalando.pl/only-and-sons-onsmickey-mouse-life-tee-t-shirt-z-nadrukiem-jet-black-os322o1lw-q11.html;26;zalando.pl;"2026-04-14 08:02:43.021+00";"2026-04-14 08:02:43.362923+00"
853;"Koszulki z krótkim rękawem (męskie)";"- T-shirt basic";"BOSS - T-shirt basic";146.00;PLN;125.00;209.00;"95% bawełna, 5% elastan";;"Kolor jednolity";Regular;Prosty;Okrągły;BB122O133-K11;Standardowa;"Krótki rękaw";;https://www.zalando.pl/boss-koszulka-do-spania-dark-blue-three-bb122o133-k11.html;26;zalando.pl;"2026-04-14 08:02:04.825+00";"2026-04-14 08:02:04.945818+00"
852;"Koszulki z krótkim rękawem (męskie)";"- Bluzka z długim rękawem";"PME Legend - Bluzka z długim rękawem";329.00;PLN;30.00;159.00;"100% bawełna";;"Kolor jednolity";Regular;Prosty;"Typu Henley";PG322O09Q-K11;Standardowa;"Długi rękaw";;https://www.zalando.pl/pme-legend-bluzka-z-dlugim-rekawem-salute-pg322o09q-k11.html;26;zalando.pl;"2026-04-14 08:01:15.066+00";"2026-04-14 08:01:15.218358+00"
851;"Koszulki z krótkim rękawem (męskie)";"LONDON - T-shirt z nadrukiem";"Henry Tiger LONDON - T-shirt z nadrukiem";109.99;PLN;30.00;;"100% bawełna";"100% bawełna";Nadruk;Regular;Prosty;Okrągły;H3A22O7UP-A11;Standardowa;"Krótki rękaw";;https://www.zalando.pl/henry-tiger-t-shirt-z-nadrukiem-white-h3a22o7up-a11.html;26;zalando.pl;"2026-04-14 08:00:54.261+00";"2026-04-14 08:00:54.362511+00"
850;"Koszulki z krótkim rękawem (męskie)";"DBRYBELL - T-shirt z nadrukiem";"INDICODE JEANS DBRYBELL - T-shirt z nadrukiem";109.00;PLN;30.00;89.00;"100% bawełna";;Nadruk;"Loose fit";Prosty;Okrągły;IJ022O09N-B11;Standardowa;"Krótki rękaw";;https://www.zalando.pl/indicode-jeans-t-shirt-z-nadrukiem-snow-flake-ij022o09n-b11.html;25;zalando.pl;"2026-04-14 07:59:51.033+00";"2026-04-14 07:59:51.133403+00"
849;"Koszulki z krótkim rękawem (męskie)";"GUNS N‘ ROSES - T-shirt z nadrukiem";"Mister Tee GUNS N‘ ROSES - T-shirt z nadrukiem";82.00;PLN;76.00;139.00;"100% bawełna";;Nadruk;Regular;;Okrągły;M0M22O00H-Q11;Standardowa;"Krótki rękaw";;https://www.zalando.pl/mister-tee-t-shirt-z-nadrukiem-black-m0m22o00h-q11.html;25;zalando.pl;"2026-04-14 07:59:19.36+00";"2026-04-14 07:59:19.466646+00"
848;"Koszulki z krótkim rękawem (męskie)";"POLK - T-shirt z nadrukiem";"Dickies POLK - T-shirt z nadrukiem";143.00;PLN;159.00;;"100% bawełna";;Nadruk;Regular;Prosty;Okrągły;DI622O0AX-A11;Standardowa;"Krótki rękaw";;https://www.zalando.pl/dickies-polk-tee-t-shirt-z-nadrukiem-white-di622o0ax-a11.html;25;zalando.pl;"2026-04-14 07:58:42.757+00";"2026-04-14 07:58:43.103303+00"
847;"Koszulki z krótkim rękawem (męskie)";"- T-shirt basic";"Pepe Jeans - T-shirt basic";119.00;PLN;30.00;126.56;"100% bawełna";"100% bawełna";"Kolor jednolity";"Loose fit";Prosty;Okrągły;PE122O0SB-M11;Standardowa;"Krótki rękaw";;https://www.zalando.pl/pepe-jeans-t-shirt-basic-woods-green-pe122o0sb-m11.html;25;zalando.pl;"2026-04-14 07:58:10.523+00";"2026-04-14 07:58:10.624215+00"
846;"Koszulki z krótkim rękawem (męskie)";"JJELOGO - T-shirt z nadrukiem";"Jack &amp; Jones JJELOGO - T-shirt z nadrukiem";89.99;PLN;30.00;269.00;"100% bawełna";;Nadruk;Regular;Prosty;Okrągły;JA222O6G5-A11;Standardowa;"Krótki rękaw";;https://www.zalando.pl/jack-and-jones-jjelogo-tee-ss-o-neck-t-shirt-z-nadrukiem-moonbeam-ja222o6g5-a11.html;25;zalando.pl;"2026-04-14 07:57:32.923+00";"2026-04-14 07:57:33.042625+00"
845;"Koszulki z krótkim rękawem (męskie)";"ARCHIVE - T-shirt z nadrukiem";"MOSCHINO ARCHIVE - T-shirt z nadrukiem";1689.00;PLN;30.00;1309.00;"97% bawełna, 3% elastan";;Nadruk;Regular;Prosty;Okrągły;6MO22O0B6-A11;Standardowa;"Krótki rękaw";;https://www.zalando.pl/moschino-archive-body-artwork-t-shirt-z-nadrukiem-white-6mo22o0b6-a11.html;25;zalando.pl;"2026-04-14 07:57:15.143+00";"2026-04-14 07:57:15.246421+00"
844;"Koszulki z krótkim rękawem (męskie)";"- Bluzka z długim rękawem";"adidas Performance - Bluzka z długim rękawem";699.00;PLN;30.00;409.00;"100% poliester";;"Kolor jednolity";Regular;Prosty;Okrągły;AD522O04D-A11;Standardowa;"Długi rękaw";;https://www.zalando.pl/adidas-performance-adidas-performance-spain-26-away-authentic-long-sleeve-jersey-koszulki-pilkarskie-off-white-ad522o04d-a11.html;25;zalando.pl;"2026-04-14 07:56:30.167+00";"2026-04-14 07:56:30.324994+00"
843;"Koszulki z krótkim rękawem (męskie)";"UNISEX LOONEY TUNES CHARACTER CENTRAL - T-shirt z nadrukiem";"Re:Covered UNISEX LOONEY TUNES CHARACTER CENTRAL - T-shirt z nadrukiem";153.00;PLN;153.00;172.00;"100% bawełna";"100% poliester";Nadruk;Regular;;Okrągły;R0O21001G-A11;Długa;Półrękawek;;https://www.zalando.pl/recovered-unisex-looney-tunes-character-central-t-shirt-z-nadrukiem-ecru-r0o21001g-a11.html;25;zalando.pl;"2026-04-14 07:55:46.758+00";"2026-04-14 07:55:46.857969+00"
842;"Koszulki z krótkim rękawem (męskie)";"T-SHIRTS SESAMSTRASSE - KRÜMELMONSTER PATE - T-shirt z nadrukiem";"LOGOSHIRT T-SHIRTS SESAMSTRASSE - KRÜMELMONSTER PATE - T-shirt z nadrukiem";169.00;PLN;30.00;159.00;"100% bawełna";;Nadruk;Regular;Prosty;Okrągły;S3422O0EL-Q11;Standardowa;"Krótki rękaw";;https://www.zalando.pl/logoshirt-t-shirt-z-nadrukiem-schwarz-s3422o0el-q11.html;25;zalando.pl;"2026-04-14 07:55:14.735+00";"2026-04-14 07:55:14.84283+00"
841;"Koszulki z krótkim rękawem (męskie)";"- T-shirt z nadrukiem";"Versace - T-shirt z nadrukiem";2029.00;PLN;30.00;1309.00;"100% bawełna";;Nadruk;Regular;Prosty;Okrągły;1VE22O023-K11;Standardowa;"Krótki rękaw";;https://www.zalando.pl/versace-compact-greca-logo-t-shirt-z-nadrukiem-petrol-blue-1ve22o023-k11.html;25;zalando.pl;"2026-04-14 07:54:46.148+00";"2026-04-14 07:54:46.251516+00"
840;"Koszulki z krótkim rękawem (męskie)";"- T-shirt basic";"TEESHOPPEN - T-shirt basic";425.00;PLN;30.00;139.99;"100% bawełna";;"Kolor jednolity";Slim;Prosty;Okrągły;TEQ22O00A-K11;Standardowa;"Krótki rękaw";;https://www.zalando.pl/teeshoppen-t-shirt-basic-navy-teq22o00a-k11.html;25;zalando.pl;"2026-04-14 07:53:56.187+00";"2026-04-14 07:53:56.306276+00"
839;"Koszulki z krótkim rękawem (męskie)";"- Koszulka polo";"adidas Originals - Koszulka polo";224.00;PLN;249.00;;"100% poliester";;Nadruk;Regular;Prosty;;AD12100K1-M11;Standardowa;"Krótki rękaw";;https://www.zalando.pl/adidas-originals-koszulka-polo-collegiate-green-ad12100k1-m11.html;25;zalando.pl;"2026-04-14 07:53:03.83+00";"2026-04-14 07:53:03.931655+00"
838;"Koszulki z krótkim rękawem (męskie)";"- T-shirt z nadrukiem";"Jack &amp; Jones - T-shirt z nadrukiem";94.45;PLN;94.45;134.99;"100% bawełna";;Nadruk;"Loose fit";Prosty;Okrągły;JA222O6EC-K11;Długa;"Krótki rękaw";;https://www.zalando.pl/jack-and-jones-gedruckt-t-shirt-z-nadrukiem-skyway-ja222o6ec-k11.html;25;zalando.pl;"2026-04-14 07:52:22.454+00";"2026-04-14 07:52:22.569375+00"
837;"Koszulki z krótkim rękawem (męskie)";"GARFIELD COLLEGE TEXT OVERSIZED - T-shirt z nadrukiem";"Re:Covered GARFIELD COLLEGE TEXT OVERSIZED - T-shirt z nadrukiem";192.00;PLN;192.00;216.00;"100% bawełna";"100% poliester";Nadruk;"Loose fit";Prosty;Okrągły;R0O22O04X-A11;Długa;Półrękawek;;https://www.zalando.pl/recovered-t-shirt-z-nadrukiem-white-r0o22o04x-a11.html;25;zalando.pl;"2026-04-14 07:51:34.763+00";"2026-04-14 07:51:34.866914+00"
836;"Koszulki z krótkim rękawem (męskie)";"HSUN - T-shirt z nadrukiem";"Blend HSUN - T-shirt z nadrukiem";84.00;PLN;129.00;;"100% bawełna";;Nadruk;Regular;Prosty;Okrągły;BL522O0JQ-C11;Standardowa;"Krótki rękaw";;https://www.zalando.pl/blend-t-shirt-z-nadrukiem-oyster-gray-bl522o0jq-c11.html;25;zalando.pl;"2026-04-14 07:51:14.76+00";"2026-04-14 07:51:14.864819+00"
835;"Koszulki z krótkim rękawem (męskie)";"- Bluzka z długim rękawem";"Under Armour - Bluzka z długim rękawem";179.00;PLN;149.00;199.00;"100% poliester";;Melanż;"Loose fit";;;UN242G056-C13;Standardowa;"Długi rękaw";;https://www.zalando.pl/under-armour-bluzka-z-dlugim-rekawem-carbon-heather-un242g056-c13.html;25;zalando.pl;"2026-04-14 07:50:37.957+00";"2026-04-14 07:50:38.064229+00"
834;"Koszulki z krótkim rękawem (męskie)";"JORMONTAUK - T-shirt z nadrukiem";"Jack &amp; Jones JORMONTAUK - T-shirt z nadrukiem";71.00;PLN;79.00;;"100% bawełna";;Nadruk;Regular;Prosty;Okrągły;JA222O6KL-M11;Standardowa;"Krótki rękaw";;https://www.zalando.pl/jack-and-jones-jormontauk-back-tee-crew-neck-t-shirt-z-nadrukiem-seagrass-ja222o6kl-m11.html;25;zalando.pl;"2026-04-14 07:49:59.044+00";"2026-04-14 07:49:59.148885+00"
833;"Koszulki z krótkim rękawem (męskie)";"KARTER - T-shirt z nadrukiem";"Blend KARTER - T-shirt z nadrukiem";79.00;PLN;30.00;129.99;"100% bawełna";;Nadruk;Regular;Prosty;Okrągły;BL522O0KL-M11;Standardowa;"Krótki rękaw";;https://www.zalando.pl/blend-bhkarter-t-shirt-z-nadrukiem-fair-green-bl522o0kl-m11.html;25;zalando.pl;"2026-04-14 07:49:24.946+00";"2026-04-14 07:49:25.050026+00"
832;"Koszulki z krótkim rękawem (męskie)";"UNISEX - T-shirt z nadrukiem";"YOURTURN UNISEX - T-shirt z nadrukiem";35.00;PLN;24.00;69.00;"100% bawełna";;;"Loose fit";Prosty;Okrągły;YO12101WO-A11;Standardowa;Półrękawek;;https://www.zalando.pl/yourturn-unisex-t-shirt-z-nadrukiem-bright-white-yo12101wo-a11.html;25;zalando.pl;"2026-04-14 07:48:51.35+00";"2026-04-14 07:48:51.488632+00"
831;"Koszulki z krótkim rękawem (męskie)";"- T-shirt basic";"Urban Classics - T-shirt basic";49.00;PLN;59.00;;"100% bawełna";;"Kolor jednolity";Regular;Prosty;Okrągły;UR622O03J-I12;Standardowa;"Krótki rękaw";;https://www.zalando.pl/urban-classics-tall-tee-t-shirt-basic-ultraviolet-ur622o03j-i12.html;25;zalando.pl;"2026-04-14 07:48:29.668+00";"2026-04-14 07:48:29.85573+00"
830;"Koszulki z krótkim rękawem (męskie)";"- T-shirt z nadrukiem";"Diverse - T-shirt z nadrukiem";62.99;PLN;69.99;;"100% bawełna";"100% bawełna";Nadruk;Regular;Prosty;Okrągły;D8D22O0NS-K11;Standardowa;"Krótki rękaw";;https://www.zalando.pl/diverse-t-shirt-z-nadrukiem-granat-d8d22o0ns-k11.html;25;zalando.pl;"2026-04-14 07:47:55.03+00";"2026-04-14 07:47:55.210443+00"
829;"Koszulki z krótkim rękawem (męskie)";"UNISEX - T-shirt z nadrukiem";"GAP UNISEX - T-shirt z nadrukiem";189.00;PLN;30.00;229.00;"100% bawełna";;Nadruk;"Loose fit";Prosty;Okrągły;GP022O0DJ-A11;Standardowa;"Krótki rękaw";;https://www.zalando.pl/gap-project-awake-boxy-tee-unisex-t-shirt-z-nadrukiem-optic-white-gp022o0dj-a11.html;25;zalando.pl;"2026-04-14 07:47:24.572+00";"2026-04-14 07:47:24.79386+00"
828;"Koszulki z krótkim rękawem (męskie)";"- T-shirt z nadrukiem";"Jack &amp; Jones - T-shirt z nadrukiem";69.99;PLN;30.00;79.99;"100% bawełna";;Nadruk;Regular;Prosty;Okrągły;JA222O6O2-A11;Standardowa;"Krótki rękaw";;https://www.zalando.pl/jack-and-jones-t-shirt-z-nadrukiem-bright-white-ja222o6o2-a11.html;25;zalando.pl;"2026-04-14 05:42:00.343+00";"2026-04-14 05:42:00.450399+00"
827;"Koszulki z krótkim rękawem (męskie)";"- T-shirt z nadrukiem";"Henry Tiger - T-shirt z nadrukiem";99.99;PLN;30.00;;"100% bawełna";;Nadruk;Regular;Prosty;Okrągły;H3A2103AV-A11;Standardowa;"Krótki rękaw";;https://www.zalando.pl/henry-tiger-t-shirt-z-nadrukiem-white-h3a2103av-a11.html;25;zalando.pl;"2026-04-14 05:41:29.858+00";"2026-04-14 05:41:29.963367+00"
826;"Koszulki z krótkim rękawem (męskie)";"DELICIOUS - T-shirt z nadrukiem";"Mister Tee DELICIOUS - T-shirt z nadrukiem";67.00;PLN;76.00;139.00;"100% bawełna";"100% bawełna";Nadruk;Regular;Prosty;Okrągły;M0M22O1GP-A11;Standardowa;"Krótki rękaw";;https://www.zalando.pl/mister-tee-t-shirt-z-nadrukiem-white-m0m22o1gp-a11.html;25;zalando.pl;"2026-04-14 05:40:36.253+00";"2026-04-14 05:40:36.357712+00"
825;"Koszulki z krótkim rękawem (męskie)";"BHEVO - Koszulka polo";"Blend BHEVO - Koszulka polo";109.00;PLN;30.00;169.00;"100% bawełna";;"Kolor jednolity";Regular;Prosty;"Wycięcie typu V";BL522O0KR-K12;Standardowa;"Krótki rękaw";;https://www.zalando.pl/blend-bhevo-koszulka-polo-salute-bl522o0kr-k12.html;25;zalando.pl;"2026-04-14 05:40:02.839+00";"2026-04-14 05:40:02.958201+00"
824;"Koszulki z krótkim rękawem (męskie)";"- T-shirt basic";"Polo Ralph Lauren - T-shirt basic";469.00;PLN;30.00;379.00;"100% bawełna";;"Kolor jednolity";Regular;Prosty;Okrągły;PO222O0MT-K16;Standardowa;"Krótki rękaw";;https://www.zalando.pl/polo-ralph-lauren-classic-fit-logo-jersey-t-shirt-t-shirt-basic-cabana-purple-po222o0mt-k16.html;25;zalando.pl;"2026-04-14 05:39:29.953+00";"2026-04-14 05:39:30.056563+00"
823;"Koszulki z krótkim rękawem (męskie)";"SDPEDRO - T-shirt z nadrukiem";"Solid SDPEDRO - T-shirt z nadrukiem";66.00;PLN;111.00;139.00;"95% bawełna, 5% wiskoza";;Nadruk;Regular;Prosty;Okrągły;SO422O0A4-C12;Standardowa;"Krótki rękaw";;https://www.zalando.pl/solid-pedro-t-shirt-z-nadrukiem-dark-grey-melange-so422o0a4-c12.html;25;zalando.pl;"2026-04-14 05:38:54.526+00";"2026-04-14 05:38:54.640414+00"
822;"Koszulki z krótkim rękawem (męskie)";"JOIN RELAXED - T-shirt z nadrukiem";"BOSS JOIN RELAXED - T-shirt z nadrukiem";266.00;PLN;205.00;409.00;"100% bawełna";;"Nadrukowane zdjęcie";"Loose fit";Prosty;Okrągły;BB142D03F-B11;Standardowa;"Krótki rękaw";;https://www.zalando.pl/boss-join-relaxed-t-shirt-z-nadrukiem-light-beige-bb142d03f-b11.html;25;zalando.pl;"2026-04-14 05:37:54.737+00";"2026-04-14 05:37:59.778397+00"
821;"Koszulki z krótkim rękawem (męskie)";"- T-shirt z nadrukiem";"Just Rhyse - T-shirt z nadrukiem";67.00;PLN;61.00;79.00;"70% bawełna, 30% poliester";"70% bawełna, 30% poliester";Nadruk;Regular;Prosty;Okrągły;J2U22O00X-Q12;Standardowa;"Krótki rękaw";;https://www.zalando.pl/just-rhyse-granada-t-shirt-z-nadrukiem-black-j2u22o00x-q12.html;25;zalando.pl;"2026-04-14 05:36:28.462+00";"2026-04-14 05:36:28.565834+00"
820;"Koszulki z krótkim rękawem (męskie)";"UNISEX - T-shirt z nadrukiem";"YOURTURN UNISEX - T-shirt z nadrukiem";40.00;PLN;28.00;79.00;"100% bawełna";;Nadruk;"Loose fit";Prosty;Okrągły;YO12101WU-O11;Długa;Półrękawek;;https://www.zalando.pl/yourturn-unisex-t-shirt-z-nadrukiem-dark-brown-yo12101wu-o11.html;25;zalando.pl;"2026-04-14 05:36:00.963+00";"2026-04-14 05:36:01.065057+00"
819;"Koszulki z krótkim rękawem (męskie)";"- T-shirt z nadrukiem";"BOSS - T-shirt z nadrukiem";287.00;PLN;160.00;319.00;"100% bawełna";;"Nadrukowane zdjęcie";Regular;Prosty;Okrągły;BB122O1D2-C12;Standardowa;"Krótki rękaw";;https://www.zalando.pl/boss-cover-t-shirt-z-nadrukiem-open-grey-bb122o1d2-c12.html;25;zalando.pl;"2026-04-14 05:35:32.743+00";"2026-04-14 05:35:32.846357+00"
818;"Koszulki z krótkim rękawem (męskie)";"- T-shirt z nadrukiem";"Henry Tiger - T-shirt z nadrukiem";99.99;PLN;30.00;;"100% bawełna";;Nadruk;Regular;Prosty;Okrągły;H3A21DCUR-A11;Standardowa;"Krótki rękaw";;https://www.zalando.pl/henry-tiger-t-shirt-z-nadrukiem-white-h3a21dcur-a11.html;25;zalando.pl;"2026-04-14 05:34:50.725+00";"2026-04-14 05:34:50.830519+00"
817;"Koszulki z krótkim rękawem (męskie)";"- T-shirt z nadrukiem";"Henry Tiger - T-shirt z nadrukiem";99.99;PLN;30.00;;"100% bawełna";;Nadruk;Regular;Prosty;Okrągły;H3A2103AX-Q11;Standardowa;"Krótki rękaw";;https://www.zalando.pl/henry-tiger-music-listen-to-90s-country-t-shirt-z-nadrukiem-black-h3a2103ax-q11.html;25;zalando.pl;"2026-04-14 05:34:17.522+00";"2026-04-14 05:34:17.622242+00"
816;"Koszulki z krótkim rękawem (męskie)";"MONTE CARLO HEALTH - T-shirt z nadrukiem";"PICA PICA MONTE CARLO HEALTH - T-shirt z nadrukiem";127.00;PLN;109.00;199.00;"100% bawełna";"100% bawełna";"Nadrukowane zdjęcie";Regular;Prosty;Okrągły;PK922O00B-A11;Długa;"Krótki rękaw";;https://www.zalando.pl/pica-pica-monte-carlo-health-t-shirt-z-nadrukiem-white-pk922o00b-a11.html;25;zalando.pl;"2026-04-14 05:33:45.159+00";"2026-04-14 05:33:45.263277+00"
815;"Koszulki z krótkim rękawem (męskie)";"- T-shirt z nadrukiem";"Henry Tiger - T-shirt z nadrukiem";99.99;PLN;30.00;;"100% bawełna";;Nadruk;Regular;Prosty;Okrągły;H3A22O7AK-A11;Długa;"Krótki rękaw";;https://www.zalando.pl/henry-tiger-music-listen-to-edm-t-shirt-z-nadrukiem-white-h3a22o7ak-a11.html;25;zalando.pl;"2026-04-14 05:33:16.94+00";"2026-04-14 05:33:17.090707+00"
814;"Koszulki z krótkim rękawem (męskie)";"- Koszulka polo";"Polo Ralph Lauren - Koszulka polo";1099.00;PLN;;;"100% bawełna";;Nadruk;Regular;Prosty;;PO222O0PY-Q11;Długa;"Krótki rękaw";;https://www.zalando.pl/polo-ralph-lauren-classic-fit-mesh-graphic-polo-shirt-koszulka-polo-basic-olive-po222o0py-q11.html;25;zalando.pl;"2026-04-14 05:32:42.865+00";"2026-04-14 05:32:42.994656+00"
813;"Koszulki z krótkim rękawem (męskie)";"- T-shirt z nadrukiem";"Blend - T-shirt z nadrukiem";60.00;PLN;62.00;89.00;"100% bawełna";;Nadruk;Regular;Prosty;Okrągły;BL522D0CJ-A11;Standardowa;"Krótki rękaw";;https://www.zalando.pl/blend-t-shirt-z-nadrukiem-snow-white-bl522d0cj-a11.html;25;zalando.pl;"2026-04-14 05:32:01.96+00";"2026-04-14 05:32:02.168449+00"
812;"Koszulki z krótkim rękawem (męskie)";"- T-shirt z nadrukiem";"COACH - T-shirt z nadrukiem";254.00;PLN;237.00;339.00;"100% bawełna";;Nadruk;Regular;Prosty;Okrągły;COH22O011-B11;Standardowa;"Krótki rękaw";;https://www.zalando.pl/coach-signature-t-shirt-z-nadrukiem-tan-coh22o011-b11.html;25;zalando.pl;"2026-04-14 05:31:30.748+00";"2026-04-14 05:31:30.891373+00"
811;"Koszulki z krótkim rękawem (męskie)";"- Koszulka sportowa";"Nike Performance - Koszulka sportowa";109.00;PLN;30.00;159.00;"100% poliester";;"Kolor jednolity";Slim;"Dopasowanie do figury";Okrągły;N1242D6YI-K11;Standardowa;"Krótki rękaw";;https://www.zalando.pl/nike-performance-top-koszulka-sportowa-midnight-navywhite-n1242d6yi-k11.html;25;zalando.pl;"2026-04-14 05:30:55.783+00";"2026-04-14 05:30:55.899553+00"
810;"Koszulki z krótkim rękawem (męskie)";"- T-shirt z nadrukiem";"Schott - T-shirt z nadrukiem";165.00;PLN;30.00;69.99;"100% bawełna";;Nadruk;Regular;Prosty;Okrągły;S3722O04P-M11;Standardowa;"Krótki rękaw";;https://www.zalando.pl/schott-t-shirt-imprime-1903-rider-t-shirt-z-nadrukiem-kaki-s3722o04p-m11.html;25;zalando.pl;"2026-04-14 05:30:26.453+00";"2026-04-14 05:30:26.590056+00"
809;"Koszulki z krótkim rękawem (męskie)";"- T-shirt z nadrukiem";"Fila - T-shirt z nadrukiem";95.57;PLN;127.42;;"100% bawełna";;Nadruk;"Loose fit";Prosty;Okrągły;1FI22O091-Q11;Standardowa;"Krótki rękaw";;https://www.zalando.pl/fila-t-shirt-z-nadrukiem-black-1fi22o091-q11.html;25;zalando.pl;"2026-04-14 05:29:47.454+00";"2026-04-14 05:29:47.588707+00"
808;"Koszulki z krótkim rękawem (męskie)";"- T-shirt z nadrukiem";"Merchcode - T-shirt z nadrukiem";82.00;PLN;76.00;139.00;"100% bawełna";"100% bawełna";"Nadrukowane zdjęcie";"Loose fit";Prosty;Okrągły;MEJ22O1XG-A11;Długa;"Krótki rękaw";;https://www.zalando.pl/merchcode-t-shirt-z-nadrukiem-white-mej22o1xg-a11.html;25;zalando.pl;"2026-04-14 05:29:26.368+00";"2026-04-14 05:29:26.520935+00"
807;"Koszulki z krótkim rękawem (męskie)";"COLE - T-shirt z nadrukiem";"Jack &amp; Jones COLE - T-shirt z nadrukiem";62.00;PLN;69.00;;"100% bawełna";;Nadruk;Regular;Prosty;Okrągły;JA222O6F9-A11;Standardowa;"Krótki rękaw";;https://www.zalando.pl/jack-and-jones-jjcole-tee-crew-neck-t-shirt-z-nadrukiem-bright-white-ja222o6f9-a11.html;25;zalando.pl;"2026-04-14 05:29:08.256+00";"2026-04-14 05:29:08.357949+00"
806;"Koszulki z krótkim rękawem (męskie)";"- T-shirt z nadrukiem";"Henry Tiger - T-shirt z nadrukiem";99.99;PLN;30.00;;"100% bawełna";;Nadruk;Regular;Prosty;Okrągły;H3A22O7B5-A11;Standardowa;"Krótki rękaw";;https://www.zalando.pl/henry-tiger-music-listen-to-90s-hip-hop-t-shirt-z-nadrukiem-white-h3a22o7b5-a11.html;25;zalando.pl;"2026-04-14 05:28:27.326+00";"2026-04-14 05:28:27.426811+00"
805;"Koszulki z krótkim rękawem (męskie)";"- T-shirt z nadrukiem";"Henry Tiger - T-shirt z nadrukiem";169.99;PLN;30.00;;"100% bawełna";;Nadruk;Regular;Prosty;Okrągły;H3A21DDU9-Q11;Standardowa;"Krótki rękaw";;https://www.zalando.pl/henry-tiger-disney-logo-cuddles-t-shirt-z-nadrukiem-black-h3a21ddu9-q11.html;24;zalando.pl;"2026-04-14 05:27:30.954+00";"2026-04-14 05:27:31.292721+00"
804;"Koszulki z krótkim rękawem (męskie)";"SET - Spodnie treningowe";"Lonsdale SET - Spodnie treningowe";151.00;PLN;160.00;179.00;"100% bawełna";;Nadruk;Regular;Prosty;Okrągły;L2G210002-Q11;;"Krótki rękaw";;https://www.zalando.pl/lonsdale-szorty-blackwhite-l2g210002-q11.html;24;zalando.pl;"2026-04-14 05:27:04.248+00";"2026-04-14 05:27:04.35707+00"
803;"Koszulki z krótkim rękawem (męskie)";"- T-shirt z nadrukiem";"Karl Kani - T-shirt z nadrukiem";97.00;PLN;103.00;139.00;"100% bawełna";"100% bawełna";Nadruk;"Loose fit";Prosty;Okrągły;KK122O0DN-L11;Standardowa;Półrękawek;;https://www.zalando.pl/karl-kani-varsity-palm-t-shirt-z-nadrukiem-turquoise-kk122o0dn-l11.html;24;zalando.pl;"2026-04-14 05:26:22.444+00";"2026-04-14 05:26:22.55056+00"
802;"Koszulki z krótkim rękawem (męskie)";"SPAIN 26 AWAY - Koszulka reprezentacji";"adidas Performance SPAIN 26 AWAY - Koszulka reprezentacji";299.00;PLN;30.00;449.00;"100% poliester";;Nadruk;Regular;Dopasowany;"Wycięcie typu V";AD542D6CP-G11;Standardowa;"Krótki rękaw";;https://www.zalando.pl/adidas-performance-spain-26-away-pre-match-koszulka-sportowa-team-coll-burgundy-ad542d6cp-g11.html;24;zalando.pl;"2026-04-14 05:25:30.752+00";"2026-04-14 05:25:30.852456+00"
801;"Koszulki z krótkim rękawem (męskie)";"- Koszulka polo";"Terranova - Koszulka polo";59.99;PLN;30.00;69.00;"100% bawełna";"100% bawełna";"Kolor jednolity";Regular;Prosty;;TBT22O0BK-M12;Standardowa;"Krótki rękaw";;https://www.zalando.pl/terranova-koszulka-polo-verde-prato-tbt22o0bk-m12.html;24;zalando.pl;"2026-04-14 05:24:52.424+00";"2026-04-14 05:24:52.525996+00"
800;"Koszulki z krótkim rękawem (męskie)";"- T-shirt z nadrukiem";"TOM TAILOR DENIM - T-shirt z nadrukiem";79.95;PLN;;;"100% bawełna";;Nadruk;Regular;Prosty;Okrągły;TO722O1KS-Q11;Standardowa;"Krótki rękaw";;https://www.zalando.pl/tom-tailor-denim-t-shirt-mit-print-t-shirt-z-nadrukiem-black-to722o1ks-q11.html;24;zalando.pl;"2026-04-14 05:24:02.122+00";"2026-04-14 05:24:02.282729+00"
799;"Koszulki z krótkim rękawem (męskie)";"HEMISPHERE - T-shirt z nadrukiem";"Mister Tee HEMISPHERE - T-shirt z nadrukiem";119.00;PLN;119.00;79.00;"100% bawełna";;Nadruk;Regular;Prosty;Okrągły;M0M22O0WD-B11;Standardowa;"Krótki rękaw";;https://www.zalando.pl/mister-tee-hemisphere-t-shirt-z-nadrukiem-sand-m0m22o0wd-b11.html;24;zalando.pl;"2026-04-14 05:23:11.766+00";"2026-04-14 05:23:12.096639+00"
798;"Koszulki z krótkim rękawem (męskie)";"- T-shirt z nadrukiem";"Mister Tee - T-shirt z nadrukiem";70.00;PLN;61.00;79.00;"100% bawełna";"100% bawełna";Nadruk;Regular;Prosty;Okrągły;M0M22O0V2-B11;Długa;"Krótki rękaw";;https://www.zalando.pl/mister-tee-ballin-t-shirt-z-nadrukiem-sand-m0m22o0v2-b11.html;24;zalando.pl;"2026-04-14 05:22:44.157+00";"2026-04-14 05:22:44.262027+00"
797;"Koszulki z krótkim rękawem (męskie)";"RIFREDI - T-shirt z nadrukiem";"Fila RIFREDI - T-shirt z nadrukiem";105.75;PLN;30.00;319.00;"100% bawełna";;Nadruk;Regular;Prosty;Okrągły;1FI22O09I-A11;Standardowa;"Krótki rękaw";;https://www.zalando.pl/fila-t-shirt-z-nadrukiem-bright-white-1fi22o09i-a11.html;24;zalando.pl;"2026-04-14 05:21:56.538+00";"2026-04-14 05:21:56.861599+00"
796;"Koszulki z krótkim rękawem (męskie)";"- T-shirt z nadrukiem";"Venum - T-shirt z nadrukiem";209.00;PLN;30.00;159.00;"75% nylon, 25% elastan";"92% poliester, 8% elastan";"Kolor jednolity";Skinny;"Dopasowanie do figury";Okrągły;V2T42I00N-Q11;Standardowa;"Krótki rękaw";;https://www.zalando.pl/venum-fit-air-short-sleeve-rashguard-koszulka-sportowa-black-v2t42i00n-q11.html;24;zalando.pl;"2026-04-14 05:21:24.48+00";"2026-04-14 05:21:24.59591+00"
795;"Koszulki z krótkim rękawem (męskie)";"TH X CADILLAC FORMULA 1 UNISEX - T-shirt z nadrukiem";"Tommy Hilfiger TH X CADILLAC FORMULA 1 UNISEX - T-shirt z nadrukiem";289.00;PLN;30.00;949.00;"100% bawełna";;Nadruk;Regular;Prosty;Okrągły;TO122O173-A11;Standardowa;"Krótki rękaw";;https://www.zalando.pl/tommy-hilfiger-th-x-cadillac-formula-1-team-replica-tee-unisex-t-shirt-z-nadrukiem-white-to122o173-a11.html;24;zalando.pl;"2026-04-14 05:20:47.558+00";"2026-04-14 05:20:47.65794+00"
794;"Koszulki z krótkim rękawem (męskie)";"Koszulka polo";"Pier One Koszulka polo";41.00;PLN;53.00;59.00;"100% bawełna";;"Kolor jednolity";Regular;Prosty;;PI922P00X-G11;Standardowa;"Krótki rękaw";;https://www.zalando.pl/pier-one-koszulka-polo-bordeaux-pi922p00x-g11.html;24;zalando.pl;"2026-04-14 05:20:08.349+00";"2026-04-14 05:20:08.593461+00"
793;"Koszulki z krótkim rękawem (męskie)";"BASE - T-shirt basic";"Carhartt WIP BASE - T-shirt basic";129.00;PLN;30.00;249.00;"100% bawełna";;"Kolor jednolity";Regular;Prosty;Okrągły;C1422O04G-Q12;Długa;"Krótki rękaw";;https://www.zalando.pl/carhartt-wip-base-t-shirt-basic-blackwhite-c1422o04g-q12.html;24;zalando.pl;"2026-04-14 05:19:32.458+00";"2026-04-14 05:19:32.559882+00"
792;"Koszulki z krótkim rękawem (męskie)";"- T-shirt z nadrukiem";"Alpha Industries - T-shirt z nadrukiem";149.00;PLN;30.00;229.00;"100% bawełna";;Nadruk;Regular;Prosty;Okrągły;AL522O0B9-K11;Standardowa;"Krótki rękaw";;https://www.zalando.pl/alpha-industries-signature-t-shirt-z-nadrukiem-galactic-blue-al522o0b9-k11.html;24;zalando.pl;"2026-04-14 05:19:13.153+00";"2026-04-14 05:19:13.252223+00"
791;"Koszulki z krótkim rękawem (męskie)";"- T-shirt z nadrukiem";"Mister Tee - T-shirt z nadrukiem";55.00;PLN;49.00;79.00;"100% bawełna";"100% bawełna";"Nadrukowane zdjęcie";Regular;Prosty;Okrągły;M0M22O0SD-B11;Długa;"Krótki rękaw";;https://www.zalando.pl/mister-tee-peace-sign-t-shirt-z-nadrukiem-sand-m0m22o0sd-b11.html;24;zalando.pl;"2026-04-14 05:18:42.269+00";"2026-04-14 05:18:42.422678+00"
790;"Koszulki z krótkim rękawem (męskie)";"- Koszulka polo";"Blend - Koszulka polo";62.00;PLN;62.00;79.00;"100% bawełna";;"Kolor jednolity";Regular;Prosty;"Wycięcie typu V";BL522O0ID-K11;Standardowa;"Krótki rękaw";;https://www.zalando.pl/blend-koszulka-polo-dress-blues-bl522o0id-k11.html;24;zalando.pl;"2026-04-14 05:18:11.84+00";"2026-04-14 05:18:12.157661+00"
789;"Koszulki z krótkim rękawem (męskie)";"UNISEX - T-shirt z nadrukiem";"Calvin Klein Jeans UNISEX - T-shirt z nadrukiem";97.00;PLN;116.00;129.00;"100% bawełna";;Nadruk;Regular;Prosty;Okrągły;C18210219-B11;Standardowa;"Krótki rękaw";;https://www.zalando.pl/calvin-klein-jeans-unisex-t-shirt-z-nadrukiem-oatmeal-c18210219-b11.html;24;zalando.pl;"2026-04-14 05:17:33.83+00";"2026-04-14 05:17:33.931137+00"
788;"Koszulki z krótkim rękawem (męskie)";"DRI-FIT PARK - T-shirt z nadrukiem";"Nike Performance DRI-FIT PARK - T-shirt z nadrukiem";149.99;PLN;30.00;119.00;"75% poliester, 13% bawełna, 12% wiskoza";;Nadruk;Regular;Prosty;Okrągły;N1242D45E-Q11;Standardowa;"Krótki rękaw";;https://www.zalando.pl/nike-performance-t-shirt-z-nadrukiem-schwarz-weiss-n1242d45e-q11.html;24;zalando.pl;"2026-04-14 05:17:16.978+00";"2026-04-14 05:17:17.091947+00"
787;"Koszulki z krótkim rękawem (męskie)";"HERREN JOY DIVISION TEAR US APART - T-shirt z nadrukiem";"Mister Tee HERREN JOY DIVISION TEAR US APART - T-shirt z nadrukiem";76.00;PLN;82.00;119.00;"100% bawełna";;"Nadrukowane zdjęcie";Regular;;Okrągły;M0M22O0PH-Q11;Standardowa;"Krótki rękaw";;https://www.zalando.pl/mister-tee-herren-joy-division-tear-us-apart-t-shirt-z-nadrukiem-black-m0m22o0ph-q11.html;24;zalando.pl;"2026-04-14 05:16:34.64+00";"2026-04-14 05:16:34.898567+00"
786;"Koszulki z krótkim rękawem (męskie)";"JORCATSKILLS - T-shirt z nadrukiem";"Jack &amp; Jones JORCATSKILLS - T-shirt z nadrukiem";62.00;PLN;69.00;;"100% bawełna";;Nadruk;Regular;Prosty;Okrągły;JA222O6KC-M11;Standardowa;"Krótki rękaw";;https://www.zalando.pl/jack-and-jones-jorcatskills-square-branding-tee-t-shirt-z-nadrukiem-seagrass-ja222o6kc-m11.html;24;zalando.pl;"2026-04-14 05:15:48.831+00";"2026-04-14 05:15:48.962514+00"
785;"Koszulki z krótkim rękawem (męskie)";"EVOLUTION BOX - T-shirt z nadrukiem";"The North Face EVOLUTION BOX - T-shirt z nadrukiem";139.99;PLN;30.00;139.00;"60% bawełna, 40% poliester";;Nadruk;Regular;Prosty;Okrągły;TH342D0AE-B11;Długa;"Krótki rękaw";;https://www.zalando.pl/the-north-face-evolution-box-regular-short-sleeve-tee-t-shirt-z-nadrukiem-stone-slab-th342d0ae-b11.html;24;zalando.pl;"2026-04-14 05:15:21.824+00";"2026-04-14 05:15:21.955539+00"
784;"Koszulki z krótkim rękawem (męskie)";"BHKEAN - T-shirt z nadrukiem";"Blend BHKEAN - T-shirt z nadrukiem";70.00;PLN;72.00;89.00;"100% bawełna";;"Nadrukowane zdjęcie";Regular;Prosty;Okrągły;BL522O0KC-B11;Standardowa;"Krótki rękaw";;https://www.zalando.pl/blend-t-shirt-z-nadrukiem-alfalfa-bl522o0kc-b11.html;24;zalando.pl;"2026-04-14 05:14:33.222+00";"2026-04-14 05:14:33.382928+00"
783;"Koszulki z krótkim rękawem (męskie)";"2 PACK - Bluzka z długim rękawem";"Pier One 2 PACK - Bluzka z długim rękawem";50.00;PLN;69.00;99.00;"95% bawełna, 5% elastan";;"Kolor jednolity";Skinny;"Dopasowanie do figury";;PI922O0KR-C13;Standardowa;"Długi rękaw";;https://www.zalando.pl/pier-one-2-pack-bluzka-z-dlugim-rekawem-2x-b65-pi922o0kr-c13.html;24;zalando.pl;"2026-04-14 05:14:03.729+00";"2026-04-14 05:14:03.899744+00"
782;"Koszulki z krótkim rękawem (męskie)";"- T-shirt z nadrukiem";"HUF - T-shirt z nadrukiem";206.00;PLN;229.00;;"100% bawełna";;Nadruk;Regular;Prosty;Okrągły;H0H2100A8-Q11;Standardowa;"Krótki rękaw";;https://www.zalando.pl/huf-greddy-motors-tee-t-shirt-z-nadrukiem-black-h0h2100a8-q11.html;24;zalando.pl;"2026-04-13 20:18:16.231+00";"2026-04-13 20:18:16.329704+00"
781;"Koszulki z krótkim rękawem (męskie)";"- T-shirt z nadrukiem";"SIKSILK - T-shirt z nadrukiem";142.00;PLN;163.00;204.00;"95% bawełna, 5% elastan";;;Slim;Prosty;Okrągły;SIF22O1CK-Q11;Standardowa;"Krótki rękaw";;https://www.zalando.pl/siksilk-t-shirt-z-nadrukiem-black-sif22o1ck-q11.html;24;zalando.pl;"2026-04-13 20:17:53.126+00";"2026-04-13 20:17:53.383347+00"
780;"Koszulki z krótkim rękawem (męskie)";"- T-shirt z nadrukiem";"MSGM - T-shirt z nadrukiem";459.00;PLN;30.00;;"100% bawełna";;Nadruk;Regular;Prosty;Okrągły;MG622O02A-J11;Standardowa;"Krótki rękaw";;https://www.zalando.pl/msgm-t-shirt-z-nadrukiem-bright-rose-mg622o02a-j11.html;24;zalando.pl;"2026-04-13 20:17:29.378+00";"2026-04-13 20:17:31.815309+00"
779;"Koszulki z krótkim rękawem (męskie)";"- T-shirt basic";"New Balance - T-shirt basic";129.00;PLN;30.00;279.00;"100% bawełna";;"Kolor jednolity";"Loose fit";Prosty;Okrągły;NE222O0A2-K11;Długa;"Krótki rękaw";;https://www.zalando.pl/new-balance-sport-essentials-small-logo-t-shirt-basic-navy-ne222o0a2-k11.html;24;zalando.pl;"2026-04-13 20:16:44.864+00";"2026-04-13 20:16:44.968086+00"
778;"Koszulki z krótkim rękawem (męskie)";"TEE - T-shirt z nadrukiem";"The Kooples TEE - T-shirt z nadrukiem";379.00;PLN;30.00;399.00;"100% bawełna";;Nadruk;Regular;Prosty;Okrągły;THA22O03P-A11;Standardowa;"Krótki rękaw";;https://www.zalando.pl/the-kooples-weisses-koerperbetontes-t-shirt-mit-log-t-shirt-z-nadrukiem-white-tha22o03p-a11.html;24;zalando.pl;"2026-04-13 20:16:05.984+00";"2026-04-13 20:16:06.683894+00"
777;"Koszulki z krótkim rękawem (męskie)";"UNISEX - T-shirt z nadrukiem";"Samsøe Samsøe UNISEX - T-shirt z nadrukiem";323.00;PLN;323.00;359.00;"100% bawełna";;Nadruk;Regular;Prosty;Okrągły;SA321000P-A11;Standardowa;"Krótki rękaw";;https://www.zalando.pl/samsoee-samsoee-dinner-unisex-t-shirt-z-nadrukiem-white-dinner-sa321000p-a11.html;24;zalando.pl;"2026-04-13 20:15:14.75+00";"2026-04-13 20:15:14.887618+00"
776;"Koszulki z krótkim rękawem (męskie)";"- T-shirt z nadrukiem";"Element - T-shirt z nadrukiem";134.00;PLN;149.00;;"100% bawełna";;Nadruk;Regular;Prosty;Okrągły;EL822O10N-M11;Standardowa;"Krótki rękaw";;https://www.zalando.pl/element-fruit-t-shirt-z-nadrukiem-green-el822o10n-m11.html;24;zalando.pl;"2026-04-13 20:14:33.244+00";"2026-04-13 20:14:33.395516+00"
775;"Koszulki z krótkim rękawem (męskie)";"MILANO - Koszulka polo";"MOSCHINO MILANO - Koszulka polo";1039.00;PLN;30.00;809.00;"100% bawełna";;"Kolor jednolity";Regular;Prosty;;6MO22O0A6-Q11;Długa;"Krótki rękaw";;https://www.zalando.pl/moschino-milano-koszulka-polo-black-6mo22o0a6-q11.html;24;zalando.pl;"2026-04-13 20:13:58.466+00";"2026-04-13 20:13:58.590063+00"
774;"Koszulki z krótkim rękawem (męskie)";"ESSENTIAL - T-shirt basic";"Next ESSENTIAL - T-shirt basic";52.00;PLN;30.00;139.00;"100% bawełna";;"Kolor jednolity";Regular;Prosty;Okrągły;NX322O13N-K27;Długa;"Krótki rękaw";;https://www.zalando.pl/next-essential-crew-neck-regular-fit-t-shirt-basic-blue-marine-nx322o13n-k27.html;24;zalando.pl;"2026-04-13 20:13:22.339+00";"2026-04-13 20:13:22.487529+00"
773;"Koszulki z krótkim rękawem (męskie)";"BUGS DAFFY - T-shirt z nadrukiem";"Henry Tiger BUGS DAFFY - T-shirt z nadrukiem";109.99;PLN;30.00;119.00;"100% bawełna";"100% bawełna";Nadruk;Regular;Prosty;Okrągły;H3A22O8AG-K11;Standardowa;"Krótki rękaw";;https://www.zalando.pl/henry-tiger-t-shirt-z-nadrukiem-navy-h3a22o8ag-k11.html;24;zalando.pl;"2026-04-13 20:12:41.246+00";"2026-04-13 20:12:41.388202+00"
772;"Koszulki z krótkim rękawem (męskie)";"KARTER - T-shirt z nadrukiem";"Blend KARTER - T-shirt z nadrukiem";79.00;PLN;30.00;126.56;"100% bawełna";;Nadruk;Regular;Prosty;Okrągły;BL522O0KL-A11;Standardowa;"Krótki rękaw";;https://www.zalando.pl/blend-karter-t-shirt-z-nadrukiem-vanilla-ice-bl522o0kl-a11.html;24;zalando.pl;"2026-04-13 20:12:19.963+00";"2026-04-13 20:12:20.094448+00"
771;"Koszulki z krótkim rękawem (męskie)";"- T-shirt z nadrukiem";"Nike Performance - T-shirt z nadrukiem";229.00;PLN;30.00;319.00;"60% bawełna, 40% poliester";;"Kolor jednolity";Regular;Prosty;Okrągły;N1242D6J8-G11;Długa;"Krótki rękaw";;https://www.zalando.pl/nike-performance-m-nkct-heritage-ss-top-t-shirt-z-nadrukiem-silt-red-n1242d6j8-g11.html;24;zalando.pl;"2026-04-13 20:11:35.628+00";"2026-04-13 20:11:35.72826+00"
770;"Koszulki z krótkim rękawem (męskie)";"UNISEX - T-shirt z nadrukiem";"BLKVIS UNISEX - T-shirt z nadrukiem";92.00;PLN;92.00;229.00;"100% bawełna";;Nadruk;Regular;Prosty;Okrągły;BVT22O018-A11;Standardowa;"Krótki rękaw";;https://www.zalando.pl/blkvis-primafila-tee-unisex-t-shirt-z-nadrukiem-white-bvt22o018-a11.html;24;zalando.pl;"2026-04-13 20:10:43.137+00";"2026-04-13 20:10:43.242093+00"
769;"Koszulki z krótkim rękawem (męskie)";"UNISEX - T-shirt z nadrukiem";"New Balance UNISEX - T-shirt z nadrukiem";152.00;PLN;169.00;;"100% bawełna";;Nadruk;Regular;Prosty;Okrągły;NE221001M-B11;Standardowa;"Krótki rękaw";;https://www.zalando.pl/new-balance-ramen-unisex-t-shirt-z-nadrukiem-toasted-sesame-ne221001m-b11.html;24;zalando.pl;"2026-04-13 20:10:13.936+00";"2026-04-13 20:10:14.061518+00"
768;"Koszulki z krótkim rękawem (męskie)";"- T-shirt z nadrukiem";"Penfield - T-shirt z nadrukiem";90.00;PLN;90.00;179.00;"100% bawełna";;Nadruk;"Loose fit";Prosty;Okrągły;PE822O01J-K11;Standardowa;"Krótki rękaw";;https://www.zalando.pl/penfield-circle-landscape-t-shirt-z-nadrukiem-niagara-pe822o01j-k11.html;24;zalando.pl;"2026-04-13 20:09:39.872+00";"2026-04-13 20:09:40.020507+00"
767;"Koszulki z krótkim rękawem (męskie)";"- Koszulka polo";"GANT - Koszulka polo";358.00;PLN;30.00;369.00;"100% bawełna";;"Kolor jednolity";Regular;Prosty;;GA322P07I-K27;Standardowa;"Krótki rękaw";;https://www.zalando.pl/gant-reg-shield-koszulka-polo-royal-blue-ga322p07i-k27.html;24;zalando.pl;"2026-04-13 20:09:09.965+00";"2026-04-13 20:09:10.082829+00"
766;"Koszulki z krótkim rękawem (męskie)";"- T-shirt z nadrukiem";"Calvin Klein Jeans - T-shirt z nadrukiem";152.00;PLN;93.00;169.00;"100% bawełna";;Nadruk;Regular;Prosty;Okrągły;C1822O0PL-A11;Standardowa;"Krótki rękaw";;https://www.zalando.pl/calvin-klein-jeans-box-graphic-t-shirt-z-nadrukiem-brilliant-white-c1822o0pl-a11.html;24;zalando.pl;"2026-04-13 20:08:49.054+00";"2026-04-13 20:08:49.153456+00"
765;"Koszulki z krótkim rękawem (męskie)";"UNISEX - T-shirt z nadrukiem";"Calvin Klein UNISEX - T-shirt z nadrukiem";152.00;PLN;93.00;169.00;"100% bawełna";;Nadruk;"Loose fit";Prosty;Okrągły;6CA21001A-G11;Standardowa;"Krótki rękaw";;https://www.zalando.pl/calvin-klein-unisex-t-shirt-z-nadrukiem-scooter-6ca21001a-g11.html;24;zalando.pl;"2026-04-13 20:08:18.835+00";"2026-04-13 20:08:18.939467+00"
764;"Koszulki z krótkim rękawem (męskie)";"UNISEX - T-shirt z nadrukiem";"Umbro UNISEX - T-shirt z nadrukiem";108.00;PLN;124.00;309.00;"100% poliester";;Nadruk;Regular;Prosty;;UM1210004-A11;Standardowa;"Krótki rękaw";;https://www.zalando.pl/umbro-taped-football-unisex-t-shirt-z-nadrukiem-brilliant-white-um1210004-a11.html;23;zalando.pl;"2026-04-13 20:07:40.423+00";"2026-04-13 20:07:40.543031+00"
763;"Koszulki z krótkim rękawem (męskie)";"ESSENTIALS HEATHER - T-shirt z nadrukiem";"Puma ESSENTIALS HEATHER - T-shirt z nadrukiem";99.00;PLN;30.00;129.00;"65% poliester, 35% bawełna";;Nadruk;Regular;Prosty;Okrągły;PU122O1C2-Q11;Standardowa;"Krótki rękaw";;https://www.zalando.pl/puma-t-shirt-z-nadrukiem-black-pu122o1c2-q11.html;23;zalando.pl;"2026-04-13 20:07:21.525+00";"2026-04-13 20:07:21.623301+00"
762;"Koszulki z krótkim rękawem (męskie)";"- T-shirt z nadrukiem";"Merchcode - T-shirt z nadrukiem";82.00;PLN;119.00;;"100% bawełna";"100% bawełna";Nadruk;Regular;Prosty;Okrągły;MEJ22O1KX-A11;Długa;"Krótki rękaw";;https://www.zalando.pl/merchcode-things-go-better-with-coke-t-shirt-z-nadrukiem-white-mej22o1kx-a11.html;23;zalando.pl;"2026-04-13 20:06:35.342+00";"2026-04-13 20:06:35.441956+00"
761;"Koszulki z krótkim rękawem (męskie)";"LIVERPOOL FC ICON - Artykuły klubowe";"adidas Originals LIVERPOOL FC ICON - Artykuły klubowe";219.00;PLN;30.00;219.00;"100% bawełna";;Kolorowy;Regular;Prosty;Okrągły;AD142D04K-Q11;Standardowa;"Krótki rękaw";;https://www.zalando.pl/adidas-originals-liverpool-fc-icon-tee-t-shirt-z-nadrukiem-black-ad142d04k-q11.html;23;zalando.pl;"2026-04-13 20:05:53.623+00";"2026-04-13 20:05:53.72849+00"
760;"Koszulki z krótkim rękawem (męskie)";"PACER - Bluzka z długim rękawem";"Nike Performance PACER - Bluzka z długim rękawem";126.00;PLN;115.00;229.00;"100% poliester";;"Kolor jednolity";Regular;Prosty;;N1242D66T-B11;Standardowa;"Bardzo długi rękaw";;https://www.zalando.pl/nike-performance-pacer-top-bluzka-z-dlugim-rekawem-moon-particlereflective-silver-coloured-n1242d66t-b11.html;23;zalando.pl;"2026-04-13 20:05:33.671+00";"2026-04-13 20:05:33.822261+00"
759;"Koszulki z krótkim rękawem (męskie)";"CAP COOL - Bluzka z długim rękawem";"Patagonia CAP COOL - Bluzka z długim rękawem";289.00;PLN;30.00;169.00;"100% poliester";;Nadruk;Regular;Prosty;Okrągły;PA942D03R-Q11;Standardowa;"Bardzo długi rękaw";;https://www.zalando.pl/patagonia-cap-cool-daily-73-skyline-bluzka-z-dlugim-rekawem-black-pa942d03r-q11.html;23;zalando.pl;"2026-04-13 20:04:53.653+00";"2026-04-13 20:04:53.750822+00"
758;"Koszulki z krótkim rękawem (męskie)";"JORSPLIT - T-shirt z nadrukiem";"Jack &amp; Jones JORSPLIT - T-shirt z nadrukiem";67.45;PLN;62.00;89.00;"100% bawełna";;"W kwiatki";Regular;Prosty;Okrągły;JA222O5ZI-C11;Standardowa;"Krótki rękaw";;https://www.zalando.pl/jack-and-jones-jorsplit-tee-crew-neck-t-shirt-z-nadrukiem-stormy-weather-ja222o5zi-c11.html;23;zalando.pl;"2026-04-13 20:04:05.759+00";"2026-04-13 20:04:05.861694+00"
757;"Koszulki z krótkim rękawem (męskie)";"- T-shirt basic";"Pier One Sport - T-shirt basic";98.00;PLN;55.00;109.00;"100% poliester";;"Kolor jednolity";Regular;Prosty;Okrągły;PHZ42D007-Q13;Standardowa;"Krótki rękaw";;https://www.zalando.pl/pier-one-sport-2-pack-t-shirt-basic-blackblack-phz42d007-q13.html;23;zalando.pl;"2026-04-13 20:03:24.333+00";"2026-04-13 20:03:24.432467+00"
756;"Koszulki z krótkim rękawem (męskie)";"- Koszulka polo";"Polo Ralph Lauren - Koszulka polo";609.00;PLN;30.00;589.00;"100% bawełna";;"Kolor jednolity";Regular;Prosty;;PO222P095-M27;Standardowa;"Krótki rękaw";;https://www.zalando.pl/polo-ralph-lauren-short-sleeve-knit-koszulka-polo-garden-trail-po222p095-m27.html;23;zalando.pl;"2026-04-13 20:02:39.846+00";"2026-04-13 20:02:39.995491+00"
755;"Koszulki z krótkim rękawem (męskie)";"- T-shirt z nadrukiem";"Calvin Klein - T-shirt z nadrukiem";152.00;PLN;110.00;169.00;"100% bawełna";;Nadruk;Regular;Prosty;Okrągły;6CA22O0OC-O11;Standardowa;"Krótki rękaw";;https://www.zalando.pl/calvin-klein-30s-sportswear-graphic-tee-t-shirt-z-nadrukiem-warm-oak-6ca22o0oc-o11.html;23;zalando.pl;"2026-04-13 20:01:57.545+00";"2026-04-13 20:01:57.794311+00"
754;"Koszulki z krótkim rękawem (męskie)";"ONE LIFE - T-shirt z nadrukiem";"Mister Tee ONE LIFE - T-shirt z nadrukiem";67.00;PLN;61.00;79.00;"100% bawełna";;Nadruk;Regular;Prosty;Okrągły;M0M22O12M-Q11;Standardowa;"Krótki rękaw";;https://www.zalando.pl/mister-tee-one-life-t-shirt-z-nadrukiem-black-m0m22o12m-q11.html;23;zalando.pl;"2026-04-13 20:01:18.937+00";"2026-04-13 20:01:19.180617+00"
753;"Koszulki z krótkim rękawem (męskie)";"Koszulka polo";"Lacoste Koszulka polo";609.00;PLN;30.00;299.00;"100% bawełna";;"Kolor jednolity";Regular;Prosty;;LA222O0JM-K11;Standardowa;"Krótki rękaw";;https://www.zalando.pl/lacoste-koszulka-polo-bleu-nuit-la222o0jm-k11.html;23;zalando.pl;"2026-04-13 20:00:30.922+00";"2026-04-13 20:00:31.021548+00"
752;"Koszulki z krótkim rękawem (męskie)";"- Koszulka sportowa";"EA7 Emporio Armani - Koszulka sportowa";318.75;PLN;30.00;289.00;"100% bawełna";"100% bawełna";Nadruk;Regular;Prosty;Okrągły;EA722O0EZ-A11;Standardowa;"Krótki rękaw";;https://www.zalando.pl/ea7-emporio-armani-t-shirt-z-nadrukiem-white-ea722o0ez-a11.html;23;zalando.pl;"2026-04-13 19:59:51.725+00";"2026-04-13 19:59:51.827196+00"
751;"Koszulki z krótkim rękawem (męskie)";"LORD OF THE RINGS - FELLOWSHIP - T-shirt z nadrukiem";"Merchcode LORD OF THE RINGS - FELLOWSHIP - T-shirt z nadrukiem";118.00;PLN;109.00;159.00;"100% bawełna";"100% bawełna";Nadruk;"Loose fit";Prosty;Okrągły;MEJ22O1XM-Q11;"Bardzo długa";"Krótki rękaw";;https://www.zalando.pl/merchcode-t-shirt-z-nadrukiem-black-mej22o1xm-q11.html;23;zalando.pl;"2026-04-13 19:59:08.656+00";"2026-04-13 19:59:08.754874+00"
750;"Koszulki z krótkim rękawem (męskie)";"BRITNEY SPEARS - T-shirt z nadrukiem";"rockshirts BRITNEY SPEARS - T-shirt z nadrukiem";99.00;PLN;30.00;219.00;"100% bawełna";;"Nadrukowane zdjęcie";Regular;Prosty;Okrągły;R8N21D043-C11;Standardowa;"Krótki rękaw";;https://www.zalando.pl/rockshirts-t-shirt-z-nadrukiem-grey-r8n21d043-c11.html;23;zalando.pl;"2026-04-13 19:58:30.859+00";"2026-04-13 19:58:31.073264+00"
749;"Koszulki z krótkim rękawem (męskie)";"ADILENIUM UNISEX - T-shirt z nadrukiem";"adidas Originals ADILENIUM UNISEX - T-shirt z nadrukiem";108.00;PLN;108.00;269.00;"100% poliester";;Nadruk;Nadwymiarowy;Prosty;Okrągły;AD12100I3-M11;Standardowa;Półrękawek;;https://www.zalando.pl/adidas-originals-adilenium-unisex-t-shirt-z-nadrukiem-pulse-lime-ad12100i3-m11.html;23;zalando.pl;"2026-04-13 19:57:47.927+00";"2026-04-13 19:57:48.167509+00"
748;"Koszulki z krótkim rękawem (męskie)";"TUCAN - T-shirt z nadrukiem";"Just Rhyse TUCAN - T-shirt z nadrukiem";67.00;PLN;64.00;99.00;"100% bawełna";;Nadruk;Regular;Prosty;Okrągły;J2U22O01N-M11;Długa;"Krótki rękaw";;https://www.zalando.pl/just-rhyse-t-shirt-z-nadrukiem-green-j2u22o01n-m11.html;23;zalando.pl;"2026-04-13 19:57:25.662+00";"2026-04-13 19:57:25.795133+00"
747;"Koszulki z krótkim rękawem (męskie)";"- T-shirt z nadrukiem";"adidas Originals - T-shirt z nadrukiem";149.00;PLN;30.00;159.00;"100% bawełna";;Nadruk;"Loose fit";Prosty;Okrągły;AD122O1CL-A11;Standardowa;"Krótki rękaw";;https://www.zalando.pl/adidas-originals-t-shirt-z-nadrukiem-off-white-ad122o1cl-a11.html;23;zalando.pl;"2026-04-13 19:56:48.143+00";"2026-04-13 19:56:48.288696+00"
746;"Koszulki z krótkim rękawem (męskie)";"- T-shirt z nadrukiem";"Blend - T-shirt z nadrukiem";68.00;PLN;70.00;119.00;"50% poliester, 38% bawełna, 12% wiskoza";;Nadruk;Regular;Prosty;Okrągły;BL522O06X-C11;Standardowa;"Krótki rękaw";;https://www.zalando.pl/blend-florens-t-shirt-z-nadrukiem-phantom-grey-bl522o06x-c11.html;23;zalando.pl;"2026-04-13 19:56:17.264+00";"2026-04-13 19:56:17.372045+00"
745;"Koszulki z krótkim rękawem (męskie)";"- Bluzka z długim rękawem";"Lacoste - Bluzka z długim rękawem";287.00;PLN;319.00;;"100% bawełna";;"Kolor jednolity";Regular;Zwężany;Okrągły;LA222O0EA-Q11;Standardowa;"Długi rękaw";;https://www.zalando.pl/lacoste-bluzka-z-dlugim-rekawem-black-la222o0ea-q11.html;23;zalando.pl;"2026-04-13 19:55:52.56+00";"2026-04-13 19:55:52.660369+00"
744;"Koszulki z krótkim rękawem (męskie)";"UNISEX - T-shirt basic";"PANGAIA UNISEX - T-shirt basic";144.00;PLN;126.00;359.00;"100% bawełna";;"Kolor jednolity";Regular;Prosty;Okrągły;PJL210008-M11;Standardowa;"Krótki rękaw";;https://www.zalando.pl/pangaia-midweight-unisex-t-shirt-z-nadrukiem-jade-green-pjl210008-m11.html;23;zalando.pl;"2026-04-13 19:55:13.944+00";"2026-04-13 19:55:14.266451+00"
743;"Koszulki z krótkim rękawem (męskie)";"RELAXED - T-shirt z nadrukiem";"ASICS RELAXED - T-shirt z nadrukiem";169.00;PLN;30.00;199.00;"60% bawełna, 40% poliester";;Nadruk;Nadwymiarowy;Prosty;Okrągły;AS142D0FJ-Q11;Długa;Półrękawek;;https://www.zalando.pl/asics-runner-message-graphic-tee-t-shirt-z-nadrukiem-performance-black-as142d0fj-q11.html;23;zalando.pl;"2026-04-13 19:44:46.691+00";"2026-04-13 19:44:46.954463+00"
742;"Koszulki z krótkim rękawem (męskie)";"- T-shirt z nadrukiem";"Mister Tee - T-shirt z nadrukiem";67.00;PLN;61.00;79.00;"100% bawełna";"100% bawełna";"Nadrukowane zdjęcie";Regular;Prosty;Okrągły;M0M22O1H2-Q11;Standardowa;"Krótki rękaw";;https://www.zalando.pl/mister-tee-epic-stories-great-memories-t-shirt-z-nadrukiem-black-m0m22o1h2-q11.html;23;zalando.pl;"2026-04-13 19:43:53.156+00";"2026-04-13 19:43:53.254669+00"
741;"Koszulki z krótkim rękawem (męskie)";"- T-shirt z nadrukiem";"s.Oliver - T-shirt z nadrukiem";89.99;PLN;;;"100% bawełna";;Nadruk;Regular;Prosty;Okrągły;SO222O2DB-L11;Standardowa;"Krótki rękaw";;https://www.zalando.pl/soliver-t-shirt-basic-tuerkis-so222o2db-l11.html;23;zalando.pl;"2026-04-13 19:43:13.344+00";"2026-04-13 19:43:13.446002+00"
740;"Koszulki z krótkim rękawem (męskie)";"- Bluzka z długim rękawem";"Nike Performance - Bluzka z długim rękawem";170.00;PLN;170.00;189.00;"90% poliester, 10% elastan";;"Kolor jednolity";Skinny;"Dopasowanie do figury";"Typu Henley";N1242I04G-Q11;Długa;"Długi rękaw";;https://www.zalando.pl/nike-performance-tight-mock-bluzka-z-dlugim-rekawem-blackwhite-n1242i04g-q11.html;22;zalando.pl;"2026-04-13 19:42:01.421+00";"2026-04-13 19:42:01.557787+00"
739;"Koszulki z krótkim rękawem (męskie)";"FOOTBALL ITALY - T-shirt z nadrukiem";"Henry Tiger FOOTBALL ITALY - T-shirt z nadrukiem";109.99;PLN;30.00;;"100% bawełna";"100% bawełna";Nadruk;Regular;Prosty;Okrągły;H3A22O7XY-Q11;Standardowa;"Krótki rękaw";;https://www.zalando.pl/henry-tiger-t-shirt-z-nadrukiem-black-h3a22o7xy-q11.html;22;zalando.pl;"2026-04-13 19:41:08.06+00";"2026-04-13 19:41:08.160301+00"
738;"Koszulki z krótkim rękawem (męskie)";"PLAYER - Koszulka polo";"Peak Performance PLAYER - Koszulka polo";319.00;PLN;30.00;719.00;"100% poliester";"100% poliester";Nadruk;Regular;Prosty;;PE442D04C-M13;Standardowa;"Krótki rękaw";;https://www.zalando.pl/peak-performance-player-koszulka-polo-ponderosa-pine-pe442d04c-m13.html;22;zalando.pl;"2026-04-13 19:40:41.657+00";"2026-04-13 19:40:41.791829+00"
737;"Koszulki z krótkim rękawem (męskie)";"- T-shirt z nadrukiem";"Marc O&#x27;Polo - T-shirt z nadrukiem";206.00;PLN;172.00;229.00;"100% bawełna";"100% bawełna";Nadruk;Regular;Prosty;Okrągły;MA322O0LQ-Q11;Standardowa;"Krótki rękaw";;https://www.zalando.pl/marc-opolo-doublepack-big-logo-t-shirt-z-nadrukiem-black-grey-ma322o0lq-q11.html;22;zalando.pl;"2026-04-13 19:40:08.526+00";"2026-04-13 19:40:08.62565+00"
736;"Koszulki z krótkim rękawem (męskie)";"IDRIS - Koszulka sportowa";"Ted Baker Sports IDRIS - Koszulka sportowa";90.00;PLN;100.00;199.00;"100% poliester";;"Kolor jednolity";Regular;Prosty;Okrągły;TDD42D008-K12;Standardowa;"Krótki rękaw";;https://www.zalando.pl/ted-baker-sports-idris-koszulka-sportowa-dark-sapphire-tdd42d008-k12.html;22;zalando.pl;"2026-04-13 19:39:48.632+00";"2026-04-13 19:39:48.746534+00"
735;"Koszulki z krótkim rękawem (męskie)";"- T-shirt z nadrukiem";"rockshirts - T-shirt z nadrukiem";99.00;PLN;30.00;119.00;"100% bawełna";;Nadruk;Regular;Prosty;Okrągły;R8N22O0L1-Q11;Standardowa;"Krótki rękaw";;https://www.zalando.pl/rockshirts-t-shirt-z-nadrukiem-black-r8n22o0l1-q11.html;22;zalando.pl;"2026-04-13 19:39:00.887+00";"2026-04-13 19:39:01.049811+00"
734;"Koszulki z krótkim rękawem (męskie)";"AIDY - T-shirt basic";"Guess AIDY - T-shirt basic";97.00;PLN;97.00;139.00;"100% bawełna";;"Kolor jednolity";Regular;Prosty;Okrągły;GU122O11X-A11;Standardowa;"Krótki rękaw";;https://www.zalando.pl/guess-aidy-tee-t-shirt-basic-pure-white-gu122o11x-a11.html;22;zalando.pl;"2026-04-13 19:38:15.233+00";"2026-04-13 19:38:15.348144+00"
733;"Koszulki z krótkim rękawem (męskie)";"- T-shirt z nadrukiem";"TWO SOON - T-shirt z nadrukiem";94.99;PLN;30.00;109.00;"100% bawełna";;Nadruk;"Loose fit";Prosty;Okrągły;TWS22O006-C11;Standardowa;"Krótki rękaw";;https://www.zalando.pl/two-soon-t-shirt-z-nadrukiem-asphalt-tws22o006-c11.html;22;zalando.pl;"2026-04-13 19:37:38.457+00";"2026-04-13 19:37:38.557046+00"
732;"Koszulki z krótkim rękawem (męskie)";"SLIM FIT MESH POLO SHIRT - Koszulka polo";"Polo Ralph Lauren SLIM FIT MESH POLO SHIRT - Koszulka polo";599.00;PLN;30.00;529.00;"100% bawełna";;"Kolor jednolity";Regular;Prosty;;PO222P0CR-M12;Standardowa;"Krótki rękaw";;https://www.zalando.pl/polo-ralph-lauren-basic-mesh-slim-fit-koszulka-polo-po222p0cr-m12.html;22;zalando.pl;"2026-04-13 19:36:52.839+00";"2026-04-13 19:36:52.949802+00"
731;"Koszulki z krótkim rękawem (męskie)";"DREIER - T-shirt basic";"Petrol Industries DREIER - T-shirt basic";125.00;PLN;30.00;249.00;"100% bawełna";;"Kolor jednolity";Regular;Prosty;Okrągły;P6822O0DA-M12;Standardowa;"Krótki rękaw";;https://www.zalando.pl/petrol-industries-3-pack-special-t-shirt-basic-black-army-navy-p6822o0da-m12.html;22;zalando.pl;"2026-04-13 19:36:32.426+00";"2026-04-13 19:36:32.527409+00"
730;"Koszulki z krótkim rękawem (męskie)";"- Bluzka z długim rękawem";"Polo Ralph Lauren - Bluzka z długim rękawem";370.00;PLN;512.00;569.00;"100% bawełna";;"Kolor jednolity";Slim;Prosty;;PO222P06J-Q13;Standardowa;"Długi rękaw";;https://www.zalando.pl/polo-ralph-lauren-basic-bluzka-z-dlugim-rekawem-po222p06j-q13.html;22;zalando.pl;"2026-04-13 19:35:44.448+00";"2026-04-13 19:35:44.673959+00"
729;"Koszulki z krótkim rękawem (męskie)";"- Koszulka sportowa";"Hummel - Koszulka sportowa";136.00;PLN;30.00;129.00;"100% poliester";;Gradientowy;Regular;Prosty;Okrągły;HU342D0L7-C11;Standardowa;"Krótki rękaw";;https://www.zalando.pl/hummel-t-shirt-basic-charcoal-gray-hu342d0l7-c11.html;22;zalando.pl;"2026-04-13 19:35:23.027+00";"2026-04-13 19:35:23.131376+00"
728;"Koszulki z krótkim rękawem (męskie)";"UNISEX - Bluzka z długim rękawem";"YOURTURN UNISEX - Bluzka z długim rękawem";84.00;PLN;30.00;159.00;"60% bawełna, 40% poliester";;"Wzory militarne";Regular;Prosty;Okrągły;YO121027E-O11;Standardowa;"Długi rękaw";;https://www.zalando.pl/yourturn-unisex-bluzka-z-dlugim-rekawem-light-grey-yo121027e-o11.html;22;zalando.pl;"2026-04-13 19:34:41.784+00";"2026-04-13 19:34:41.91876+00"
727;"Koszulki z krótkim rękawem (męskie)";"- Koszulka polo";"Lacoste - Koszulka polo";589.00;PLN;30.00;399.00;"100% bawełna";;"Kolor jednolity";Regular;Prosty;;LA222O0IZ-J11;Standardowa;"Krótki rękaw";;https://www.zalando.pl/lacoste-koszulka-polo-rose-pale-ady-la222o0iz-j11.html;22;zalando.pl;"2026-04-13 19:34:10.223+00";"2026-04-13 19:34:10.324591+00"
726;"Koszulki z krótkim rękawem (męskie)";"BOXY - T-shirt basic";"Bershka BOXY - T-shirt basic";59.90;PLN;30.00;99.00;"100% bawełna";;"Kolor jednolity";"Loose fit";Prosty;Okrągły;BEJ22O1F7-A11;Standardowa;Półrękawek;;https://www.zalando.pl/bershka-t-shirt-basic-white-bej22o1f7-a11.html;22;zalando.pl;"2026-04-13 19:33:43.461+00";"2026-04-13 19:33:43.767201+00"
725;"Koszulki z krótkim rękawem (męskie)";"JORVARENNA - Koszulka polo";"Jack &amp; Jones JORVARENNA - Koszulka polo";104.00;PLN;70.00;139.00;"100% bawełna";;"Kolor jednolity";"Loose fit";Prosty;"Wycięcie typu V";JA222Q1KO-O11;Standardowa;"Krótki rękaw";;https://www.zalando.pl/jack-and-jones-jorvarenna-split-neck-koszulka-polo-silver-sage-ja222q1ko-o11.html;22;zalando.pl;"2026-04-13 19:33:08.087+00";"2026-04-13 19:33:08.203737+00"
724;"Koszulki z krótkim rękawem (męskie)";"- T-shirt basic";"Quiksilver - T-shirt basic";107.00;PLN;109.00;;"100% bawełna";;"Kolor jednolity";Regular;Prosty;Okrągły;QU1210049-Q11;Standardowa;"Krótki rękaw";;https://www.zalando.pl/quiksilver-mini-logo-unisex-t-shirt-basic-black-qu1210049-q11.html;22;zalando.pl;"2026-04-13 19:32:24.467+00";"2026-04-13 19:32:24.617754+00"
723;"Koszulki z krótkim rękawem (męskie)";"CUSTOM SLIM FIT BIG PONY MESH POLO SHIRT - Koszulka polo";"Polo Ralph Lauren CUSTOM SLIM FIT BIG PONY MESH POLO SHIRT - Koszulka polo";819.00;PLN;30.00;339.00;"100% bawełna";;"Kolor jednolity";Slim;Prosty;;PO222P0A4-A11;Standardowa;"Krótki rękaw";;https://www.zalando.pl/polo-ralph-lauren-basic-slim-fit-koszulka-polo-po222p0a4-a11.html;22;zalando.pl;"2026-04-13 19:31:40.039+00";"2026-04-13 19:31:40.139844+00"
722;"Koszulki z krótkim rękawem (męskie)";"CLASSIC - Koszulka sportowa";"Lacoste Sport CLASSIC - Koszulka sportowa";249.00;PLN;30.00;299.00;"65% bawełna, 35% poliester";;"Kolor jednolity";Regular;Prosty;Okrągły;L0642D008-M16;Standardowa;"Krótki rękaw";;https://www.zalando.pl/lacoste-sport-koszulka-sportowa-green-l0642d008-m16.html;22;zalando.pl;"2026-04-13 19:31:09.729+00";"2026-04-13 19:31:09.831039+00"
721;"Koszulki z krótkim rękawem (męskie)";"UNISEX - T-shirt basic";"YOURTURN UNISEX - T-shirt basic";69.00;PLN;30.00;69.00;"58% bawełna, 37% poliester, 5% elastan";;"Kolor jednolity";Slim;Prosty;Okrągły;YO12101YI-Q11;Standardowa;"Krótki rękaw";;https://www.zalando.pl/yourturn-unisex-t-shirt-basic-true-black-yo12101yi-q11.html;22;zalando.pl;"2026-04-13 19:30:20.659+00";"2026-04-13 19:30:20.757614+00"
720;"Koszulki z krótkim rękawem (męskie)";"1. FC KÖLN - Artykuły klubowe";"Hummel 1. FC KÖLN - Artykuły klubowe";408.60;PLN;454.00;;"100% poliester";;Nadruk;Regular;Prosty;"Wycięcie typu V";HU342D0K1-Q11;Standardowa;"Krótki rękaw";;https://www.zalando.pl/hummel-1-fc-koeln-2526-3rd-jersey-t-shirt-z-nadrukiem-black-hu342d0k1-q11.html;22;zalando.pl;"2026-04-13 19:29:31.539+00";"2026-04-13 19:29:31.638647+00"
719;"Koszulki z krótkim rękawem (męskie)";"PADEL COURT - Koszulka sportowa";"ASICS PADEL COURT - Koszulka sportowa";179.00;PLN;30.00;159.00;"100% poliester";"100% poliester";Nadruk;Regular;Prosty;Kopertowy;AS142D0F6-M11;Długa;"Krótki rękaw";;https://www.zalando.pl/asics-padel-court-top-koszulka-sportowa-misty-pinevital-green-as142d0f6-m11.html;22;zalando.pl;"2026-04-13 19:29:06.023+00";"2026-04-13 19:29:06.277261+00"
718;"Koszulki z krótkim rękawem (męskie)";"DUSPLITO - T-shirt z nadrukiem";"HUGO DUSPLITO - T-shirt z nadrukiem";165.00;PLN;132.00;329.00;"100% bawełna";;Nadruk;"Loose fit";Prosty;Okrągły;HU722O0OP-K11;Standardowa;"Krótki rękaw";;https://www.zalando.pl/hugo-dusplito-t-shirt-z-nadrukiem-medium-blue-hu722o0op-k11.html;22;zalando.pl;"2026-04-13 19:28:31.834+00";"2026-04-13 19:28:31.932835+00"
717;"Koszulki z krótkim rękawem (męskie)";"CUSTOM SLIM FIT BIG PONY MESH POLO SHIRT - Koszulka polo";"Polo Ralph Lauren CUSTOM SLIM FIT BIG PONY MESH POLO SHIRT - Koszulka polo";737.00;PLN;819.00;;"100% bawełna";;"Kolor jednolity";Regular;;;PO222P0A4-K11;Standardowa;"Krótki rękaw";;https://www.zalando.pl/polo-ralph-lauren-basic-slim-fit-koszulka-polo-po222p0a4-k11.html;22;zalando.pl;"2026-04-13 19:28:10.45+00";"2026-04-13 19:28:10.803828+00"
716;"Koszulki z krótkim rękawem (męskie)";"- Koszulka polo";"Polo Ralph Lauren - Koszulka polo";609.00;PLN;30.00;549.00;"100% bawełna";;"Kolor jednolity";Regular;Prosty;"Typu Henley";PO222P095-M26;Standardowa;"Krótki rękaw";;https://www.zalando.pl/polo-ralph-lauren-custom-slim-fit-mesh-polo-koszulka-polo-new-forest-po222p095-m26.html;21;zalando.pl;"2026-04-13 19:27:25.961+00";"2026-04-13 19:27:26.061443+00"
715;"Koszulki z krótkim rękawem (męskie)";"- T-shirt basic";"Nike Performance - T-shirt basic";169.00;PLN;30.00;99.00;"100% poliester";;"Kolor jednolity";Regular;Prosty;Okrągły;N1242D5DI-K31;Standardowa;"Krótki rękaw";;https://www.zalando.pl/nike-performance-hyverse-koszulka-sportowa-obsidianwhite-n1242d5di-k31.html;21;zalando.pl;"2026-04-13 19:27:08.074+00";"2026-04-13 19:27:08.371386+00"
714;"Koszulki z krótkim rękawem (męskie)";"HYPERCOURT - T-shirt basic";"K-SWISS HYPERCOURT - T-shirt basic";199.00;PLN;30.00;379.00;"83% poliester, 17% elastan";;Melanż;Regular;Prosty;Okrągły;KS142D01O-K11;Standardowa;"Krótki rękaw";;https://www.zalando.pl/k-swiss-hypercourt-melange-crew-t-shirt-z-nadrukiem-dazzling-blue-ks142d01o-k11.html;21;zalando.pl;"2026-04-13 19:26:47.063+00";"2026-04-13 19:26:47.167611+00"
713;"Koszulki z krótkim rękawem (męskie)";"- Koszulka sportowa";"adidas Performance - Koszulka sportowa";143.00;PLN;127.00;159.00;"65% poliester, 35% bawełna";;Nadruk;"Loose fit";Prosty;Okrągły;AD542D68Z-A11;Standardowa;"Krótki rękaw";;https://www.zalando.pl/adidas-performance-fun-train-t-shirt-z-nadrukiem-white-ad542d68z-a11.html;21;zalando.pl;"2026-04-13 19:26:23.153+00";"2026-04-13 19:26:23.255632+00"
712;"Koszulki z krótkim rękawem (męskie)";"PADEL COURT - T-shirt z nadrukiem";"ASICS PADEL COURT - T-shirt z nadrukiem";159.00;PLN;30.00;319.00;"60% bawełna, 40% poliester";;Nadruk;Regular;Prosty;Okrągły;AS142D0F0-B11;Długa;"Krótki rękaw";;https://www.zalando.pl/asics-padel-court-graphic-top-t-shirt-z-nadrukiem-cream-as142d0f0-b11.html;21;zalando.pl;"2026-04-13 19:25:31.236+00";"2026-04-13 19:25:31.339405+00"
711;"Koszulki z krótkim rękawem (męskie)";"- T-shirt z nadrukiem";"s.Oliver - T-shirt z nadrukiem";363.00;PLN;30.00;269.00;"100% bawełna";;Nadruk;Regular;Prosty;Okrągły;SO221D38E-K11;Standardowa;"Krótki rękaw";;https://www.zalando.pl/soliver-5-pack-t-shirt-z-nadrukiem-blau-schwarz-so221d38e-k11.html;21;zalando.pl;"2026-04-13 19:24:59.225+00";"2026-04-13 19:24:59.360776+00"
710;"Koszulki z krótkim rękawem (męskie)";"HASSEN - T-shirt z nadrukiem";"Weekend Offender HASSEN - T-shirt z nadrukiem";179.00;PLN;199.00;;"100% bawełna";;Nadruk;Regular;Prosty;Okrągły;WE822O033-Q11;Standardowa;"Krótki rękaw";;https://www.zalando.pl/weekend-offender-hassen-t-shirt-z-nadrukiem-black-we822o033-q11.html;21;zalando.pl;"2026-04-13 19:23:28.44+00";"2026-04-13 19:23:28.588707+00"
709;"Koszulki z krótkim rękawem (męskie)";"NOFISHIX - T-shirt z nadrukiem";"HUGO NOFISHIX - T-shirt z nadrukiem";209.00;PLN;251.00;279.00;"100% bawełna";;"Nadrukowane zdjęcie";Regular;Prosty;Okrągły;HU722O0Q4-Q11;Długa;"Krótki rękaw";;https://www.zalando.pl/hugo-nofishix-t-shirt-z-nadrukiem-black-hu722o0q4-q11.html;21;zalando.pl;"2026-04-13 19:23:06.355+00";"2026-04-13 19:23:06.455233+00"
708;"Koszulki z krótkim rękawem (męskie)";"- T-shirt z nadrukiem";"Merchcode - T-shirt z nadrukiem";119.00;PLN;30.00;119.00;"100% bawełna";;Nadruk;Regular;Prosty;Okrągły;MEJ22O1XZ-B11;Standardowa;"Krótki rękaw";;https://www.zalando.pl/merchcode-t-shirt-z-nadrukiem-sand-mej22o1xz-b11.html;21;zalando.pl;"2026-04-13 19:22:33.948+00";"2026-04-13 19:22:34.092038+00"
707;"Koszulki z krótkim rękawem (męskie)";"- T-shirt z nadrukiem";"GAP - T-shirt z nadrukiem";129.00;PLN;30.00;69.00;"100% bawełna";;Nadruk;Regular;Prosty;Okrągły;GP022O0B9-T12;Standardowa;"Krótki rękaw";;https://www.zalando.pl/gap-logo-2-pack-t-shirt-z-nadrukiem-whitedark-green-gp022o0b9-t12.html;21;zalando.pl;"2026-04-13 19:21:50.364+00";"2026-04-13 19:21:50.563534+00"
706;"Koszulki z krótkim rękawem (męskie)";"- Koszulka polo";"Lacoste - Koszulka polo";499.00;PLN;30.00;319.00;"100% bawełna";;"Kolor jednolity";Regular;Prosty;Okrągły;LA222P00Q-J27;Standardowa;"Krótki rękaw";;https://www.zalando.pl/lacoste-ph4012-00-koszulka-polo-rose-angora-hcz-la222p00q-j27.html;21;zalando.pl;"2026-04-13 19:21:22.327+00";"2026-04-13 19:21:22.459627+00"
705;"Koszulki z krótkim rękawem (męskie)";"- T-shirt basic";"U.S. Polo Assn. - T-shirt basic";419.99;PLN;550.00;;"100% bawełna";;"Kolor jednolity";Regular;Prosty;Okrągły;US222O07C-A11;Standardowa;"Krótki rękaw";;https://www.zalando.pl/us-polo-assn-5-pack-t-shirt-basic-white-pink-yucca-blue-medit-us222o07c-a11.html;21;zalando.pl;"2026-04-13 19:21:02.126+00";"2026-04-13 19:21:02.260077+00"
704;"Koszulki z krótkim rękawem (męskie)";"- T-shirt z nadrukiem";"GAP - T-shirt z nadrukiem";160.87;PLN;180.76;;"100% bawełna";;Nadruk;Regular;Prosty;Okrągły;GP022O0A3-M11;Standardowa;"Krótki rękaw";;https://www.zalando.pl/gap-archive-logo-t-shirt-z-nadrukiem-gasoline-green-gp022o0a3-m11.html;21;zalando.pl;"2026-04-13 19:20:14.622+00";"2026-04-13 19:20:14.758619+00"
703;"Koszulki z krótkim rękawem (męskie)";"- T-shirt z nadrukiem";"Superdry &amp; Co - T-shirt z nadrukiem";169.00;PLN;30.00;99.00;"100% bawełna";;Nadruk;Regular;Prosty;Okrągły;SU222O31X-C11;Standardowa;"Krótki rękaw";;https://www.zalando.pl/superdry-t-shirt-z-nadrukiem-harbour-grey-slub-su222o31x-c11.html;21;zalando.pl;"2026-04-13 19:19:41.367+00";"2026-04-13 19:19:41.468298+00"
702;"Koszulki z krótkim rękawem (męskie)";"CHERRY MOMENTS - T-shirt z nadrukiem";"Mister Tee CHERRY MOMENTS - T-shirt z nadrukiem";67.00;PLN;109.00;139.00;"100% bawełna";"100% bawełna";Nadruk;Regular;Prosty;Okrągły;M0M22O1JV-A11;Standardowa;"Krótki rękaw";;https://www.zalando.pl/mister-tee-t-shirt-z-nadrukiem-white-m0m22o1jv-a11.html;21;zalando.pl;"2026-04-13 19:18:54.733+00";"2026-04-13 19:18:54.839528+00"
701;"Koszulki z krótkim rękawem (męskie)";"UNISEX - T-shirt z nadrukiem";"Nike Sportswear UNISEX - T-shirt z nadrukiem";104.00;PLN;125.00;139.00;"100% bawełna";;Nadruk;Regular;Prosty;Okrągły;NI122O19H-A11;Standardowa;"Krótki rękaw";;https://www.zalando.pl/nike-sportswear-tee-unisex-t-shirt-z-nadrukiem-white-ni122o19h-a11.html;21;zalando.pl;"2026-04-13 19:18:15.723+00";"2026-04-13 19:18:15.823151+00"
700;"Koszulki z krótkim rękawem (męskie)";"BHTee - T-shirt z nadrukiem";"Blend BHTee - T-shirt z nadrukiem";62.00;PLN;64.00;79.00;"100% bawełna";;Nadruk;Regular;Prosty;Okrągły;BL522O0FD-K11;Standardowa;"Krótki rękaw";;https://www.zalando.pl/blend-t-shirt-z-nadrukiem-regatta-bl522o0fd-k11.html;21;zalando.pl;"2026-04-13 19:17:40.731+00";"2026-04-13 19:17:40.831816+00"
699;"Koszulki z krótkim rękawem (męskie)";"UNISEX - T-shirt z nadrukiem";"YOURTURN UNISEX - T-shirt z nadrukiem";36.00;PLN;89.00;;"100% bawełna";;"W paski";Regular;Prosty;Okrągły;YO12100CF-I11;Standardowa;"Krótki rękaw";;https://www.zalando.pl/yourturn-unisex-t-shirt-z-nadrukiem-purple-yo12100cf-i11.html;21;zalando.pl;"2026-04-13 19:16:54.33+00";"2026-04-13 19:16:54.430431+00"
698;"Koszulki z krótkim rękawem (męskie)";"UNISEX - Bluzka z długim rękawem";"Armani Exchange UNISEX - Bluzka z długim rękawem";429.00;PLN;30.00;399.00;"100% bawełna";;Nadruk;Regular;Prosty;Okrągły;ARC21000A-Q11;Standardowa;"Długi rękaw";;https://www.zalando.pl/armani-exchange-unisex-bluzka-z-dlugim-rekawem-black-arc21000a-q11.html;21;zalando.pl;"2026-04-13 19:16:09.552+00";"2026-04-13 19:16:09.656137+00"
697;"Koszulki z krótkim rękawem (męskie)";"- T-shirt z nadrukiem";"The North Face - T-shirt z nadrukiem";149.00;PLN;30.00;159.00;"100% bawełna";;Nadruk;"Loose fit";Prosty;Okrągły;TH322O0G1-A11;Standardowa;Półrękawek;;https://www.zalando.pl/the-north-face-t-shirt-z-nadrukiem-white-dune-tnf-white-th322o0g1-a11.html;21;zalando.pl;"2026-04-13 19:15:34.759+00";"2026-04-13 19:15:34.85951+00"
696;"Koszulki z krótkim rękawem (męskie)";"- T-shirt z nadrukiem";"GAP - T-shirt z nadrukiem";183.00;PLN;80.00;229.00;"100% bawełna";;"Nadrukowane zdjęcie";"Regular Fit";Prosty;Okrągły;GP022O0BV-K11;Standardowa;"Krótki rękaw";;https://www.zalando.pl/gap-t-shirt-z-nadrukiem-navy-uniform-gp022o0bv-k11.html;21;zalando.pl;"2026-04-13 19:14:50.247+00";"2026-04-13 19:14:50.350488+00"
695;"Koszulki z krótkim rękawem (męskie)";"ESSENTIAL 3 - T-shirt z nadrukiem";"Björn Borg ESSENTIAL 3 - T-shirt z nadrukiem";98.00;PLN;109.00;;"100% bawełna";;Nadruk;Regular;Prosty;Okrągły;BJ242D0E0-C12;Standardowa;"Krótki rękaw";;https://www.zalando.pl/bjoern-borg-essential-3-t-shirt-z-nadrukiem-beige-bj242d0e0-c12.html;21;zalando.pl;"2026-04-13 19:14:01.536+00";"2026-04-13 19:14:01.637108+00"
694;"Koszulki z krótkim rękawem (męskie)";"- Top";"Pegador - Top";98.00;PLN;55.00;109.00;"95% bawełna, 5% elastan";;"Kolor jednolity";Skinny;"Dopasowanie do figury";"Okrągły, głęboko wycięty";PEP2100DD-Q11;Standardowa;"Bez rękawów";;https://www.zalando.pl/pegador-logo-undershirt-unisex-top-black-pep2100dd-q11.html;21;zalando.pl;"2026-04-13 19:13:24.852+00";"2026-04-13 19:13:24.952889+00"
693;"Koszulki z krótkim rękawem (męskie)";"PEANUTS SNOOPY GOOD LIFE RETRO - T-shirt z nadrukiem";"Henry Tiger PEANUTS SNOOPY GOOD LIFE RETRO - T-shirt z nadrukiem";109.99;PLN;30.00;399.00;"100% bawełna";"100% bawełna";Nadruk;Regular;Prosty;Okrągły;H3A22O8E8-Q11;Standardowa;"Krótki rękaw";;https://www.zalando.pl/henry-tiger-t-shirt-z-nadrukiem-black-h3a22o8e8-q11.html;21;zalando.pl;"2026-04-13 19:12:55.165+00";"2026-04-13 19:12:55.326615+00"
692;"Koszulki z krótkim rękawem (męskie)";"3 PACK - Top";"Pier One 3 PACK - Top";80.00;PLN;67.00;89.00;"100% bawełna";;"Kolor jednolity";Skinny;"Dopasowanie do figury";"Okrągły, głęboko wycięty";PI922O0UX-Q11;Standardowa;"Bez rękawów";;https://www.zalando.pl/pier-one-3-pack-top-black-pi922o0ux-q11.html;21;zalando.pl;"2026-04-13 19:12:24.566+00";"2026-04-13 19:12:24.729531+00"
691;"Koszulki z krótkim rękawem (męskie)";"UNISEX - Bluzka z długim rękawem";"YOURTURN UNISEX - Bluzka z długim rękawem";83.00;PLN;83.00;139.00;"100% bawełna";;"Kolor jednolity";Regular;Prosty;Okrągły;YO121018N-A13;Standardowa;"Długi rękaw";;https://www.zalando.pl/yourturn-unisex-3-pack-bluzka-z-dlugim-rekawem-off-whitedark-greendark-brown-yo121018n-a13.html;21;zalando.pl;"2026-04-13 19:11:35.86+00";"2026-04-13 19:11:35.962555+00"
690;"Koszulki z krótkim rękawem (męskie)";"- T-shirt z nadrukiem";"Puma - T-shirt z nadrukiem";124.00;PLN;160.00;179.00;"100% bawełna";;Nadruk;"Loose fit";Prosty;Okrągły;PU122O0O4-A11;Długa;Półrękawek;;https://www.zalando.pl/puma-staple-graphic-tee-t-shirt-z-nadrukiem-warm-white-pu122o0o4-a11.html;21;zalando.pl;"2026-04-13 19:10:44.641+00";"2026-04-13 19:10:44.741283+00"
689;"Koszulki z krótkim rękawem (męskie)";"SDCahil - T-shirt z nadrukiem";"Solid SDCahil - T-shirt z nadrukiem";66.00;PLN;60.00;119.00;"100% bawełna";;"Wzory militarne";Regular;Prosty;Okrągły;SO422O05J-C11;Standardowa;"Krótki rękaw";;https://www.zalando.pl/solid-cahil-t-shirt-z-nadrukiem-so422o05j-c11.html;21;zalando.pl;"2026-04-13 19:10:24.248+00";"2026-04-13 19:10:24.485502+00"
688;"Koszulki z krótkim rękawem (męskie)";"- T-shirt z nadrukiem";"Nike Sportswear - T-shirt z nadrukiem";159.00;PLN;149.00;199.00;"100% bawełna";;Nadruk;"Loose fit";Prosty;Okrągły;NI122O19I-Q11;Standardowa;Półrękawek;;https://www.zalando.pl/nike-sportswear-tee-t-shirt-z-nadrukiem-anthracite-ni122o19i-q11.html;21;zalando.pl;"2026-04-13 19:09:48.056+00";"2026-04-13 19:09:48.39248+00"
687;"Koszulki z krótkim rękawem (męskie)";"- T-shirt basic";"Ellesse - T-shirt basic";89.00;PLN;59.00;99.00;"100% bawełna";;Nadruk;Regular;Prosty;Okrągły;EL922O02Q-Q11;Standardowa;"Krótki rękaw";;https://www.zalando.pl/ellesse-voodoo-t-shirt-z-nadrukiem-el922o02q-q11.html;21;zalando.pl;"2026-04-13 19:09:31.151+00";"2026-04-13 19:09:31.25334+00"
686;"Koszulki z krótkim rękawem (męskie)";"ESSENTIALS - T-shirt basic";"adidas Sportswear ESSENTIALS - T-shirt basic";109.00;PLN;30.00;159.00;"100% bawełna";;"Kolor jednolity";"Loose fit";Prosty;Okrągły;ADQ42D02K-K11;Długa;"Krótki rękaw";;https://www.zalando.pl/adidas-sportswear-t-shirt-basic-glow-blueblack-adq42d02k-k11.html;20;zalando.pl;"2026-04-13 19:08:34.362+00";"2026-04-13 19:08:34.598461+00"
685;"Koszulki z krótkim rękawem (męskie)";"- Top";"Karl Kani - Top";99.00;PLN;30.00;139.00;"100% bawełna";;Nadruk;Regular;Prosty;Okrągły;KK122O0FV-Q11;Długa;"Bardzo krótki rękawek";;https://www.zalando.pl/karl-kani-top-black-kk122o0fv-q11.html;20;zalando.pl;"2026-04-13 19:07:56.347+00";"2026-04-13 19:07:56.489532+00"
684;"Koszulki z krótkim rękawem (męskie)";"- T-shirt z nadrukiem";"Polo Ralph Lauren - T-shirt z nadrukiem";339.00;PLN;30.00;649.00;"100% bawełna";;Nadruk;Regular;Prosty;Okrągły;PO222O0OO-A11;Standardowa;"Krótki rękaw";;https://www.zalando.pl/polo-ralph-lauren-classic-fit-polo-sport-jersey-t-shirt-t-shirt-z-nadrukiem-white-po222o0oo-a11.html;20;zalando.pl;"2026-04-13 19:07:25.254+00";"2026-04-13 19:07:25.594311+00"
683;"Koszulki z krótkim rękawem (męskie)";"- T-shirt z nadrukiem";"Henry Tiger - T-shirt z nadrukiem";109.99;PLN;30.00;179.00;"100% bawełna";"100% bawełna";Nadruk;Regular;Prosty;Okrągły;H3A22O8BS-B11;Standardowa;"Krótki rękaw";;https://www.zalando.pl/henry-tiger-apoh-london-degas-riding-year-of-the-horse-graphic-t-shirt-z-nadrukiem-light-sand-h3a22o8bs-b11.html;20;zalando.pl;"2026-04-13 19:06:49.232+00";"2026-04-13 19:06:49.466885+00"
682;"Koszulki z krótkim rękawem (męskie)";"- T-shirt z nadrukiem";"s.Oliver - T-shirt z nadrukiem";89.99;PLN;30.00;79.00;"95% bawełna, 5% elastan";;Nadruk;Regular;Prosty;Okrągły;SO222O2EA-Q11;Standardowa;"Krótki rękaw";;https://www.zalando.pl/soliver-t-shirt-z-nadrukiem-schwarz-so222o2ea-q11.html;20;zalando.pl;"2026-04-13 19:05:59.755+00";"2026-04-13 19:05:59.856307+00"
681;"Koszulki z krótkim rękawem (męskie)";"ROB - Koszulka sportowa";"Ted Baker Sports ROB - Koszulka sportowa";188.00;PLN;105.00;209.00;"85% poliester, 15% elastan";;Nadruk;Regular;Prosty;Okrągły;TDD42D000-Q11;Standardowa;"Krótki rękaw";;https://www.zalando.pl/ted-baker-sports-rob-t-shirt-z-nadrukiem-black-tdd42d000-q11.html;20;zalando.pl;"2026-04-13 19:05:36.272+00";"2026-04-13 19:05:36.391157+00"
680;"Koszulki z krótkim rękawem (męskie)";"- T-shirt z nadrukiem";"Puma - T-shirt z nadrukiem";197.00;PLN;219.00;;"100% bawełna";;Nadruk;Regular;Prosty;Okrągły;PU122O16W-Q11;Standardowa;"Krótki rękaw";;https://www.zalando.pl/puma-graphic-tee-t-shirt-z-nadrukiem-black-pu122o16w-q11.html;20;zalando.pl;"2026-04-13 19:04:51.352+00";"2026-04-13 19:04:51.504544+00"
679;"Koszulki z krótkim rękawem (męskie)";"3 PACK - Top";"Pier One 3 PACK - Top";80.00;PLN;67.00;89.00;"85% bawełna, 15% wiskoza";;"Kolor jednolity";Slim;Dopasowany;"Okrągły, głęboko wycięty";PI922O0L1-A11;Długa;"Bez rękawów";;https://www.zalando.pl/pier-one-3-pack-top-whiteblack-pi922o0l1-a11.html;20;zalando.pl;"2026-04-13 19:01:10.157+00";"2026-04-13 19:01:10.269874+00"
678;"Koszulki z krótkim rękawem (męskie)";"- T-shirt basic";"s.Oliver - T-shirt basic";59.99;PLN;;;"100% bawełna";;"Kolor jednolity";Regular;Prosty;Okrągły;SO222O2HJ-K11;Standardowa;"Krótki rękaw";;https://www.zalando.pl/soliver-t-shirt-t-shirt-basic-blau-so222o2hj-k11.html;20;zalando.pl;"2026-04-13 19:00:26.084+00";"2026-04-13 19:00:26.201175+00"
677;"Koszulki z krótkim rękawem (męskie)";"5 PACK - T-shirt basic";"Pier One 5 PACK - T-shirt basic";104.00;PLN;97.00;149.00;"100% bawełna";;"Kolor jednolity";Regular;Prosty;Okrągły;PI922O0R0-A11;Standardowa;"Krótki rękaw";;https://www.zalando.pl/pier-one-5-pack-t-shirt-basic-whitebeigeblack-pi922o0r0-a11.html;20;zalando.pl;"2026-04-13 18:59:28.638+00";"2026-04-13 18:59:30.076346+00"
676;"Koszulki z krótkim rękawem (męskie)";"- T-shirt z nadrukiem";"Mister Tee - T-shirt z nadrukiem";49.00;PLN;49.00;79.00;"100% bawełna";"100% bawełna";Nadruk;Regular;Prosty;Okrągły;M0M22O1GY-A11;Długa;"Krótki rękaw";;https://www.zalando.pl/mister-tee-t-shirt-z-nadrukiem-white-m0m22o1gy-a11.html;20;zalando.pl;"2026-04-13 18:56:47.459+00";"2026-04-13 18:56:47.56196+00"
675;"Koszulki z krótkim rękawem (męskie)";"- Bluzka z długim rękawem";"Pier One - Bluzka z długim rękawem";89.00;PLN;83.00;119.00;"100% bawełna";;"Kolor jednolity";Regular;Prosty;Okrągły;PI921001H-A11;Standardowa;"Długi rękaw";;https://www.zalando.pl/pier-one-unisex-bluzka-z-dlugim-rekawem-whitedark-bluebordeaux-pi921001h-a11.html;20;zalando.pl;"2026-04-13 18:56:08.437+00";"2026-04-13 18:56:08.537897+00"
674;"Koszulki z krótkim rękawem (męskie)";"- Top";"Bershka - Top";89.90;PLN;30.00;79.00;"58% bawełna, 40% modal, 2% elastan";;"Kolor jednolity";Slim;Dopasowany;"Okrągły, głęboko wycięty";BEJ22O1EY-A11;Standardowa;"Bez rękawów";;https://www.zalando.pl/bershka-top-white-bej22o1ey-a11.html;20;zalando.pl;"2026-04-13 18:55:47.125+00";"2026-04-13 18:55:47.226258+00"
673;"Koszulki z krótkim rękawem (męskie)";"- Koszulka polo";"Façonnable - Koszulka polo";475.00;PLN;30.00;369.00;"100% bawełna";"100% bawełna";"Kolor jednolity";Regular;Prosty;;FA822O00K-K13;Standardowa;"Krótki rękaw";;https://www.zalando.pl/faconnable-koszulka-polo-pop-blue-fa822o00k-k13.html;20;zalando.pl;"2026-04-13 18:55:24.159+00";"2026-04-13 18:55:24.374067+00"
672;"Koszulki z krótkim rękawem (męskie)";"UNISEX - T-shirt z nadrukiem";"YOURTURN UNISEX - T-shirt z nadrukiem";79.00;PLN;30.00;84.00;"100% bawełna";;Nadruk;"Loose fit";Prosty;;YO12101HQ-A11;Długa;Półrękawek;;https://www.zalando.pl/yourturn-unisex-t-shirt-z-nadrukiem-white-yo12101hq-a11.html;20;zalando.pl;"2026-04-13 18:54:56.361+00";"2026-04-13 18:54:56.462795+00"
671;"Koszulki z krótkim rękawem (męskie)";"- Koszulka polo";"PS Paul Smith - Koszulka polo";469.00;PLN;30.00;619.00;"100% bawełna";;"Kolor jednolity";Regular;Prosty;;PS722O0JM-G11;Standardowa;"Krótki rękaw";;https://www.zalando.pl/ps-paul-smith-koszulka-polo-raspberry-ps722o0jm-g11.html;20;zalando.pl;"2026-04-13 18:54:07.721+00";"2026-04-13 18:54:07.858479+00"
670;"Koszulki z krótkim rękawem (męskie)";"SNAKE FRONT GRAPHIC TEE - T-shirt z nadrukiem";"YOURTURN SNAKE FRONT GRAPHIC TEE - T-shirt z nadrukiem";69.00;PLN;30.00;84.00;"100% bawełna";;Nadruk;"Loose fit";Prosty;Okrągły;YO12101W6-Q11;Standardowa;Półrękawek;;https://www.zalando.pl/yourturn-unisex-t-shirt-z-nadrukiem-true-black-yo12101w6-q11.html;20;zalando.pl;"2026-04-13 18:53:44.564+00";"2026-04-13 18:53:44.998033+00"
669;"Koszulki z krótkim rękawem (męskie)";"- T-shirt z nadrukiem";"The North Face - T-shirt z nadrukiem";149.00;PLN;30.00;159.00;"100% bawełna";;Nadruk;"Loose fit";Prosty;Okrągły;TH322O0G2-A11;Długa;"Krótki rękaw";;https://www.zalando.pl/the-north-face-t-shirt-z-nadrukiem-white-dune-evergreen-th322o0g2-a11.html;20;zalando.pl;"2026-04-13 18:53:20.047+00";"2026-04-13 18:53:20.190332+00"
668;"Koszulki z krótkim rękawem (męskie)";"- T-shirt z nadrukiem";"Mister Tee - T-shirt z nadrukiem";49.00;PLN;49.00;79.00;"100% bawełna";"100% bawełna";Nadruk;Regular;Prosty;Okrągły;M0M22O1DR-A11;Standardowa;"Krótki rękaw";;https://www.zalando.pl/mister-tee-many-colors-pride-t-shirt-z-nadrukiem-white-m0m22o1dr-a11.html;20;zalando.pl;"2026-04-13 18:52:31.964+00";"2026-04-13 18:52:32.091069+00"
667;"Koszulki z krótkim rękawem (męskie)";"UNISEX - Top";"Carne Bollente UNISEX - Top";339.00;PLN;30.00;1779.00;"98% bawełna, 2% poliuretan";;;Slim;Dopasowany;Okrągły;CTX21002S-Q11;Standardowa;"Bez rękawów";;https://www.zalando.pl/carne-bollente-sounds-gay-i-m-sleeveless-unisex-top-off-black-ctx21002s-q11.html;20;zalando.pl;"2026-04-13 18:52:13.864+00";"2026-04-13 18:52:14.203602+00"
666;"Koszulki z krótkim rękawem (męskie)";"- T-shirt z nadrukiem";"adidas Performance - T-shirt z nadrukiem";439.00;PLN;30.00;539.00;"100% poliester";;Nadruk;Regular;Prosty;Okrągły;AD542D6B5-Q11;Standardowa;"Krótki rękaw";;https://www.zalando.pl/adidas-performance-jamaica-26-away-replica-lifestyle-t-shirt-z-nadrukiem-black-ad542d6b5-q11.html;20;zalando.pl;"2026-04-13 18:51:23.626+00";"2026-04-13 18:51:23.867098+00"
665;"Koszulki z krótkim rękawem (męskie)";"- Koszulka polo";"Pier One - Koszulka polo";59.00;PLN;59.00;99.00;"100% bawełna";;Melanż;Slim;Prosty;;PI922P02R-M13;Długa;"Krótki rękaw";;https://www.zalando.pl/pier-one-koszulka-polo-mottled-dark-green-pi922p02r-m13.html;20;zalando.pl;"2026-04-13 18:50:56.259+00";"2026-04-13 18:50:56.369697+00"
664;"Koszulki z krótkim rękawem (męskie)";"3 PACK - Top";"Pier One 3 PACK - Top";59.00;PLN;74.00;99.00;"100% bawełna";;"Kolor jednolity";Regular;Prosty;"Okrągły, głęboko wycięty";PI922O10B-C11;Standardowa;"Bez rękawów";;https://www.zalando.pl/pier-one-3-pack-top-dark-greydark-bluedark-green-pi922o10b-c11.html;20;zalando.pl;"2026-04-13 18:50:30.641+00";"2026-04-13 18:50:30.743521+00"
663;"Koszulki z krótkim rękawem (męskie)";"- T-shirt basic";"Nike Sportswear - T-shirt basic";161.00;PLN;179.00;;"100% bawełna";;"Kolor jednolity";"Loose fit";Prosty;Okrągły;NI122O18R-A11;Długa;"Krótki rękaw";;https://www.zalando.pl/nike-sportswear-tee-t-shirt-basic-white-ni122o18r-a11.html;20;zalando.pl;"2026-04-13 18:49:39.246+00";"2026-04-13 18:49:39.347246+00"
662;"Koszulki z krótkim rękawem (męskie)";"Koszulka polo";"Pier One Koszulka polo";32.00;PLN;30.00;59.00;"100% bawełna";;"Kolor jednolity";Regular;Prosty;;PI922P061-Q11;Standardowa;"Krótki rękaw";;https://www.zalando.pl/pier-one-koszulka-polo-black-pi922p061-q11.html;20;zalando.pl;"2026-04-13 18:49:01.342+00";"2026-04-13 18:49:01.44416+00"
661;"Koszulki z krótkim rękawem (męskie)";"PEANUTS - T-shirt z nadrukiem";"Henry Tiger PEANUTS - T-shirt z nadrukiem";109.99;PLN;30.00;;"100% bawełna";"100% bawełna";Nadruk;Regular;Prosty;Okrągły;H3A22O8EI-A11;Standardowa;"Krótki rękaw";;https://www.zalando.pl/henry-tiger-t-shirt-z-nadrukiem-white-h3a22o8ei-a11.html;20;zalando.pl;"2026-04-13 18:48:25.856+00";"2026-04-13 18:48:25.96318+00"
660;"Koszulki z krótkim rękawem (męskie)";"- T-shirt z nadrukiem";"Emporio Armani - T-shirt z nadrukiem";356.00;PLN;395.00;;"100% bawełna";"100% bawełna";Nadruk;Regular;Prosty;Okrągły;AJ122O04L-Q11;Standardowa;"Krótki rękaw";;https://www.zalando.pl/armani-jeans-t-shirt-z-nadrukiem-black-aj122o04l-q11.html;20;zalando.pl;"2026-04-13 18:48:08.226+00";"2026-04-13 18:48:08.327226+00"
659;"Koszulki z krótkim rękawem (męskie)";"MILER - Bluzka z długim rękawem";"Nike Performance MILER - Bluzka z długim rękawem";169.99;PLN;30.00;139.00;"100% poliester";;"Kolor jednolity";Regular;Dopasowany;Okrągły;N1242D7RJ-Q11;Standardowa;"Długi rękaw";;https://www.zalando.pl/nike-performance-miler-bluzka-z-dlugim-rekawem-black-n1242d7rj-q11.html;19;zalando.pl;"2026-04-13 18:47:32.727+00";"2026-04-13 18:47:32.858088+00"
658;"Koszulki z krótkim rękawem (męskie)";"VISION - T-shirt z nadrukiem";"Weekend Offender VISION - T-shirt z nadrukiem";115.00;PLN;103.00;229.00;"100% bawełna";;Nadruk;"Regular Fit";Prosty;Okrągły;WE822O029-Q11;Standardowa;"Krótki rękaw";;https://www.zalando.pl/weekend-offender-vision-t-shirt-z-nadrukiem-black-we822o029-q11.html;19;zalando.pl;"2026-04-13 18:46:58.867+00";"2026-04-13 18:46:59.017937+00"
657;"Koszulki z krótkim rękawem (męskie)";"- Bluza z kapturem";"Polo Ralph Lauren - Bluza z kapturem";469.00;PLN;30.00;1329.00;"100% bawełna";;"Kolor jednolity";Regular;Prosty;;PO222O0BA-A11;Standardowa;"Długi rękaw";;https://www.zalando.pl/polo-ralph-lauren-long-sleeve-bluzka-z-dlugim-rekawem-white-po222o0ba-a11.html;19;zalando.pl;"2026-04-13 18:46:36.823+00";"2026-04-13 18:46:36.923884+00"
656;"Koszulki z krótkim rękawem (męskie)";"- Koszulka sportowa";"Hummel - Koszulka sportowa";136.00;PLN;30.00;129.00;"100% poliester";;Gradientowy;Regular;Prosty;Okrągły;HU342D0L7-K11;Standardowa;"Krótki rękaw";;https://www.zalando.pl/hummel-t-shirt-basic-dress-blues-hu342d0l7-k11.html;19;zalando.pl;"2026-04-13 18:45:47.323+00";"2026-04-13 18:45:47.424687+00"
655;"Koszulki z krótkim rękawem (męskie)";"- Koszulka polo";"Boggi Milano - Koszulka polo";739.00;PLN;30.00;254.00;"86% bawełna, 14% len";;Melanż;Regular;Prosty;;BQ122O050-K12;Standardowa;"Krótki rękaw";;https://www.zalando.pl/boggi-milano-koszulka-polo-light-blue-bq122o050-k12.html;19;zalando.pl;"2026-04-13 18:45:20.359+00";"2026-04-13 18:45:20.682566+00"
654;"Koszulki z krótkim rękawem (męskie)";"- Koszulka polo";"Lacoste Sport - Koszulka polo";679.00;PLN;30.00;499.00;"92% poliester, 8% elastan";;Nadruk;Regular;Prosty;;L0642D0CC-M11;Standardowa;"Krótki rękaw";;https://www.zalando.pl/lacoste-sport-koszulka-polo-vert-siw-l0642d0cc-m11.html;19;zalando.pl;"2026-04-13 18:45:00.357+00";"2026-04-13 18:45:00.466033+00"
653;"Koszulki z krótkim rękawem (męskie)";"DIRAGOLINO - T-shirt basic";"HUGO DIRAGOLINO - T-shirt basic";149.00;PLN;172.00;229.00;"100% bawełna";;"Kolor jednolity";Regular;Prosty;Okrągły;HU722O07V-A11;Standardowa;"Krótki rękaw";;https://www.zalando.pl/hugo-diragolino-t-shirt-z-nadrukiem-white-hu722o07v-a11.html;19;zalando.pl;"2026-04-13 18:44:06.852+00";"2026-04-13 18:44:06.956252+00"
652;"Koszulki z krótkim rękawem (męskie)";"- T-shirt z nadrukiem";"GANT - T-shirt z nadrukiem";161.00;PLN;143.00;179.00;"100% bawełna";;Nadruk;Regular;Prosty;Okrągły;GA322O094-A11;Standardowa;"Krótki rękaw";;https://www.zalando.pl/gant-graphic-t-shirt-z-nadrukiem-eggshell-ga322o094-a11.html;19;zalando.pl;"2026-04-13 18:43:35.238+00";"2026-04-13 18:43:35.341179+00"
651;"Koszulki z krótkim rękawem (męskie)";"- T-shirt basic";"Calvin Klein Jeans - T-shirt basic";161.00;PLN;98.00;179.00;"100% bawełna";;"Kolor jednolity";Regular;Prosty;Okrągły;C1822O0QB-A11;Standardowa;"Krótki rękaw";;https://www.zalando.pl/calvin-klein-jeans-30s-classic-t-shirt-basic-bright-white-c1822o0qb-a11.html;19;zalando.pl;"2026-04-13 18:43:00.257+00";"2026-04-13 18:43:00.359113+00"
650;"Koszulki z krótkim rękawem (męskie)";"BJÖRN - Koszulka polo";"Fila BJÖRN - Koszulka polo";242.00;PLN;269.00;;"100% poliester";;Prążki;Regular;Prosty;;1FI42D02B-B11;Standardowa;"Krótki rękaw";;https://www.zalando.pl/fila-stripes-bjoern-koszulka-sportowa-white-alyssum-1fi42d02b-b11.html;19;zalando.pl;"2026-04-13 18:42:36.853+00";"2026-04-13 18:42:36.952864+00"
649;"Koszulki z krótkim rękawem (męskie)";"- Koszulka polo";"Boggi Milano - Koszulka polo";739.00;PLN;30.00;187.99;"86% bawełna, 14% len";;Melanż;Regular;Prosty;;BQ122O050-K11;Standardowa;"Krótki rękaw";;https://www.zalando.pl/boggi-milano-koszulka-polo-indigo-bq122o050-k11.html;18;zalando.pl;"2026-04-13 18:41:50.454+00";"2026-04-13 18:41:50.558493+00"
648;"Koszulki z krótkim rękawem (męskie)";"3 PACK - T-shirt basic";"Pier One 3 PACK - T-shirt basic";89.00;PLN;79.00;99.00;"100% bawełna";;"Kolor jednolity";Regular;Prosty;"Wycięcie typu V";PI922O0GO-Q11;Standardowa;"Krótki rękaw";;https://www.zalando.pl/pier-one-3-pack-vneck-t-shirt-basic-pi922o0go-q11.html;18;zalando.pl;"2026-04-13 18:41:28.341+00";"2026-04-13 18:41:28.442756+00"
647;"Koszulki z krótkim rękawem (męskie)";"- T-shirt basic";"Polo Ralph Lauren - T-shirt basic";377.00;PLN;419.00;;"95% bawełna, 5% elastan";;"Kolor jednolity";Regular;Prosty;Okrągły;PO222O0JI-K11;Standardowa;"Krótki rękaw";;https://www.zalando.pl/polo-ralph-lauren-classic-fit-stretch-t-shirt-t-shirt-basic-newport-navy-po222o0ji-k11.html;18;zalando.pl;"2026-04-13 18:40:49.632+00";"2026-04-13 18:40:49.732856+00"
646;"Koszulki z krótkim rękawem (męskie)";"MILER - Koszulka sportowa";"Nike Performance MILER - Koszulka sportowa";159.00;PLN;30.00;199.00;"100% poliester";;"Kolor jednolity";Regular;Prosty;Okrągły;N1242D5DN-T11;Standardowa;"Krótki rękaw";;https://www.zalando.pl/nike-performance-miler-koszulka-sportowa-lime-blastreflective-silver-coloured-n1242d5dn-t11.html;18;zalando.pl;"2026-04-13 18:40:04.025+00";"2026-04-13 18:40:04.128798+00"
645;"Koszulki z krótkim rękawem (męskie)";"- T-shirt basic";"Jordan - T-shirt basic";139.00;PLN;30.00;139.00;"100% bawełna";;"Kolor jednolity";Regular;Prosty;Okrągły;JOC22O0BA-K11;Standardowa;"Krótki rękaw";;https://www.zalando.pl/jordan-jumpman-crew-t-shirt-basic-squadron-bluewhite-joc22o0ba-k11.html;18;zalando.pl;"2026-04-13 18:39:14.859+00";"2026-04-13 18:39:14.961687+00"
644;"Koszulki z krótkim rękawem (męskie)";"KLOGE - T-shirt basic";"INDICODE JEANS KLOGE - T-shirt basic";89.99;PLN;211.99;;"100% bawełna";;"Kolor jednolity";Regular;Prosty;Okrągły;IJ022O06C-J11;Długa;"Krótki rękaw";;https://www.zalando.pl/indicode-jeans-t-shirt-basic-coral-cloud-ij022o06c-j11.html;18;zalando.pl;"2026-04-13 18:38:54.865+00";"2026-04-13 18:38:54.974486+00"
643;"Koszulki z krótkim rękawem (męskie)";"DREAM DÖNER - T-shirt z nadrukiem";"Mister Tee DREAM DÖNER - T-shirt z nadrukiem";99.00;PLN;30.00;79.00;"100% bawełna";;"Kolor jednolity";Regular;Prosty;Okrągły;M0M22O09V-A11;Standardowa;"Krótki rękaw";;https://www.zalando.pl/mister-tee-dream-doener-tee-t-shirt-z-nadrukiem-white-m0m22o09v-a11.html;18;zalando.pl;"2026-04-13 18:38:05.661+00";"2026-04-13 18:38:05.831117+00"
642;"Koszulki z krótkim rękawem (męskie)";"- T-shirt z nadrukiem";"Brandit - T-shirt z nadrukiem";103.00;PLN;103.00;139.00;"100% bawełna";"100% bawełna";Nadruk;Regular;Prosty;Okrągły;BRM22O007-Q11;Standardowa;"Krótki rękaw";;https://www.zalando.pl/brandit-iron-maiden-notb-glow-in-the-dark-pigment-t-shirt-z-nadrukiem-black-brm22o007-q11.html;18;zalando.pl;"2026-04-13 18:37:30.97+00";"2026-04-13 18:37:31.136861+00"
641;"Koszulki z krótkim rękawem (męskie)";"- T-shirt z nadrukiem";"Merchcode - T-shirt z nadrukiem";119.00;PLN;30.00;159.00;"100% bawełna";;Nadruk;"Loose fit";Prosty;Okrągły;MEJ22O1XU-Q11;Standardowa;"Krótki rękaw";;https://www.zalando.pl/merchcode-gratefull-dead-sixty-years-so-far-acid-wash-tee-t-shirt-z-nadrukiem-black-mej22o1xu-q11.html;19;zalando.pl;"2026-04-13 18:19:54.246+00";"2026-04-13 18:19:54.35046+00"
640;"Koszulki z krótkim rękawem (męskie)";"- T-shirt basic";"Napapijri - T-shirt basic";103.00;PLN;95.00;159.00;"100% bawełna";;"Kolor jednolity";Regular;Prosty;Okrągły;NA622O080-Q11;Standardowa;"Krótki rękaw";;https://www.zalando.pl/napapijri-salis-t-shirt-basic-black-na622o080-q11.html;19;zalando.pl;"2026-04-13 18:19:31.134+00";"2026-04-13 18:19:31.235855+00"
639;"Koszulki z krótkim rękawem (męskie)";"- T-shirt basic";"MCS - T-shirt basic";275.00;PLN;30.00;139.00;"100% bawełna";;"Kolor jednolity";Regular;Prosty;Okrągły;M2622O02N-Q11;Standardowa;"Krótki rękaw";;https://www.zalando.pl/mcs-bastrop-3-pack-t-shirt-t-shirt-basic-tap-shoe-bright-white-dark-s-m2622o02n-q11.html;19;zalando.pl;"2026-04-13 18:18:56.532+00";"2026-04-13 18:18:56.633672+00"
638;"Koszulki z krótkim rękawem (męskie)";"- T-shirt z nadrukiem";"Upscale by Mister Tee - T-shirt z nadrukiem";64.00;PLN;64.00;119.00;"100% bawełna";"100% bawełna";Nadruk;"Loose fit";Prosty;Okrągły;UP722O05F-Q11;Długa;Półrękawek;;https://www.zalando.pl/upscale-by-mister-tee-t-shirt-z-nadrukiem-black-up722o05f-q11.html;19;zalando.pl;"2026-04-13 18:18:34.743+00";"2026-04-13 18:18:34.984151+00"
637;"Koszulki z krótkim rękawem (męskie)";"- T-shirt basic";"Tommy Jeans - T-shirt basic";127.00;PLN;118.00;169.00;"100% bawełna";;"Kolor jednolity";Regular;Prosty;Okrągły;TOB22S0HF-K11;Standardowa;"Krótki rękaw";;https://www.zalando.pl/tommy-jeans-badge-tee-t-shirt-basic-dark-night-navy-tob22s0hf-k11.html;19;zalando.pl;"2026-04-13 18:17:53.396+00";"2026-04-13 18:17:54.341487+00"
636;"Koszulki z krótkim rękawem (męskie)";"WILBUR - T-shirt basic";"INDICODE JEANS WILBUR - T-shirt basic";89.99;PLN;164.99;;"100% bawełna";;Melanż;Slim;Dopasowany;Okrągły;IJ022O013-Q11;Standardowa;"Krótki rękaw";;https://www.zalando.pl/indicode-jeans-wilbur-t-shirt-basic-ij022o013-q11.html;19;zalando.pl;"2026-04-13 18:17:13.336+00";"2026-04-13 18:17:13.489919+00"
635;"Koszulki z krótkim rękawem (męskie)";"3 PACK - T-shirt basic";"Pier One 3 PACK - T-shirt basic";89.00;PLN;89.00;99.00;"100% bawełna";;"Kolor jednolity";;;Okrągły;PI922O0K8-C11;Standardowa;"Bez rękawów";;https://www.zalando.pl/pier-one-3-pack-t-shirt-basic-greywhiteblack-pi922o0k8-c11.html;19;zalando.pl;"2026-04-13 18:16:23.33+00";"2026-04-13 18:16:23.43136+00"
634;"Koszulki z krótkim rękawem (męskie)";"- Koszulka polo";"Boggi Milano - Koszulka polo";419.00;PLN;30.00;449.00;"100% bawełna";;"Kolor jednolity";Regular;Prosty;;BQ122O04N-K11;Długa;"Krótki rękaw";;https://www.zalando.pl/boggi-milano-koszulka-polo-air-blue-bq122o04n-k11.html;19;zalando.pl;"2026-04-13 18:15:52.457+00";"2026-04-13 18:15:52.593232+00"
633;"Koszulki z krótkim rękawem (męskie)";"- Koszulka polo";"Fila - Koszulka polo";232.66;PLN;30.00;589.00;"100% bawełna";;Nadruk;Regular;Prosty;;1FI22O09D-A11;Standardowa;"Krótki rękaw";;https://www.zalando.pl/fila-koszulka-polo-bright-white-1fi22o09d-a11.html;19;zalando.pl;"2026-04-13 18:15:33.257+00";"2026-04-13 18:15:33.471069+00"
632;"Koszulki z krótkim rękawem (męskie)";"2 PACK - T-shirt basic";"Calvin Klein Jeans 2 PACK - T-shirt basic";242.00;PLN;161.00;269.00;"100% bawełna";;"Kolor jednolity";Regular;Prosty;Okrągły;C1822O0Q1-K11;Standardowa;"Krótki rękaw";;https://www.zalando.pl/calvin-klein-jeans-classic-micro-monologo-2-pack-t-shirt-basic-bright-whitenearly-navy-c1822o0q1-k11.html;19;zalando.pl;"2026-04-13 18:14:53.659+00";"2026-04-13 18:14:53.790705+00"
631;"Koszulki z krótkim rękawem (męskie)";"- T-shirt z nadrukiem";"PULL&amp;BEAR - T-shirt z nadrukiem";69.90;PLN;30.00;79.00;"100% bawełna";;Nadruk;"Loose fit";Prosty;Okrągły;PUC22O2IU-I11;Standardowa;Półrękawek;;https://www.zalando.pl/pullandbear-t-shirt-z-nadrukiem-purple-puc22o2iu-i11.html;19;zalando.pl;"2026-04-13 18:14:04.167+00";"2026-04-13 18:14:04.361674+00"
630;"Koszulki z krótkim rękawem (męskie)";"ARGENTINA AFA - Koszulka reprezentacji";"adidas Performance ARGENTINA AFA - Koszulka reprezentacji";249.00;PLN;30.00;339.00;"100% poliester";;Nadruk;Regular;Prosty;Okrągły;AD542D66P-A11;Standardowa;"Krótki rękaw";;https://www.zalando.pl/adidas-performance-argentina-afa-training-koszulka-sportowa-white-ad542d66p-a11.html;19;zalando.pl;"2026-04-13 18:13:11.027+00";"2026-04-13 18:13:11.386911+00"
629;"Koszulki z krótkim rękawem (męskie)";"- T-shirt basic";"YOURTURN - T-shirt basic";84.00;PLN;30.00;269.00;"100% bawełna";;"Kolor jednolity";"Loose fit";Prosty;Okrągły;YO12101QZ-C11;Standardowa;Półrękawek;;https://www.zalando.pl/yourturn-2-pack-t-shirt-basic-asphaltmoonbeam-yo12101qz-c11.html;19;zalando.pl;"2026-04-13 18:12:33.629+00";"2026-04-13 18:12:34.099813+00"
628;"Koszulki z krótkim rękawem (męskie)";"- T-shirt basic";"Tommy Jeans - T-shirt basic";230.00;PLN;214.00;329.00;"100% bawełna";;"Kolor jednolity";Slim;Prosty;Okrągły;TOB22O0T7-Q14;Standardowa;"Krótki rękaw";;https://www.zalando.pl/tommy-jeans-slim-tee-3-pack-t-shirt-basic-black-tob22o0t7-q14.html;19;zalando.pl;"2026-04-13 18:11:58.465+00";"2026-04-13 18:11:58.781831+00"
627;"Koszulki z krótkim rękawem (męskie)";"UNISEX - T-shirt z nadrukiem";"YOURTURN UNISEX - T-shirt z nadrukiem";69.00;PLN;30.00;229.00;"100% bawełna";;Nadruk;"Loose fit";Prosty;Okrągły;YO121028S-Q11;Standardowa;"Krótki rękaw";;https://www.zalando.pl/yourturn-unisex-t-shirt-z-nadrukiem-true-black-yo121028s-q11.html;18;zalando.pl;"2026-04-13 18:11:00.754+00";"2026-04-13 18:11:01.090636+00"
626;"Koszulki z krótkim rękawem (męskie)";"3 PACK - Top";"Pier One 3 PACK - Top";71.00;PLN;71.00;119.00;"100% bawełna";;"Kolor jednolity";Slim;Dopasowany;"Okrągły, głęboko wycięty";PI922O10B-A11;Standardowa;"Bez rękawów";;https://www.zalando.pl/pier-one-3-pack-top-off-whitegreengrey-pi922o10b-a11.html;18;zalando.pl;"2026-04-13 18:10:28.037+00";"2026-04-13 18:10:28.144209+00"
625;"Koszulki z krótkim rękawem (męskie)";"2 PACK - T-shirt z nadrukiem";"Alpha Industries 2 PACK - T-shirt z nadrukiem";179.00;PLN;199.00;;"100% bawełna";;Nadruk;Slim;Prosty;Okrągły;AL522O058-N11;Standardowa;"Krótki rękaw";;https://www.zalando.pl/alpha-industries-basic-2-pack-t-shirt-z-nadrukiem-oliveburgundy-al522o058-n11.html;18;zalando.pl;"2026-04-13 18:09:52.364+00";"2026-04-13 18:09:52.488793+00"
624;"Koszulki z krótkim rękawem (męskie)";"REGULAR FIT - T-shirt z nadrukiem";"Joules REGULAR FIT - T-shirt z nadrukiem";147.00;PLN;30.00;99.00;"100% bawełna";;"W paski";Regular;Prosty;Okrągły;4JO22O019-K12;Standardowa;"Krótki rękaw";;https://www.zalando.pl/tom-joule-regular-fit-classic-t-shirt-z-nadrukiem-navyred-stripe-4jo22o019-k12.html;18;zalando.pl;"2026-04-13 18:08:59.634+00";"2026-04-13 18:08:59.736402+00"
623;"Koszulki z krótkim rękawem (męskie)";"- T-shirt z nadrukiem";"The North Face - T-shirt z nadrukiem";199.00;PLN;30.00;89.00;"100% bawełna";;Nadruk;"Loose fit";Prosty;Okrągły;TH322T0C1-A11;Standardowa;"Krótki rękaw";;https://www.zalando.pl/the-north-face-drip-logo-relaxed-short-sleeve-tee-graphic-t-shirt-z-nadrukiem-white-th322t0c1-a11.html;18;zalando.pl;"2026-04-13 18:08:10.371+00";"2026-04-13 18:08:10.520704+00"
622;"Koszulki z krótkim rękawem (męskie)";"- T-shirt z nadrukiem";"s.Oliver - T-shirt z nadrukiem";251.00;PLN;30.00;289.00;"100% bawełna";;Nadruk;Regular;Prosty;Okrągły;SO222O2DS-K14;Standardowa;"Krótki rękaw";;https://www.zalando.pl/soliver-t-shirt-z-nadrukiem-blau-schwarz-so222o2ds-k14.html;18;zalando.pl;"2026-04-13 18:07:19.431+00";"2026-04-13 18:07:19.532267+00"
621;"Koszulki z krótkim rękawem (męskie)";"UNISEX - T-shirt z nadrukiem";"Carne Bollente UNISEX - T-shirt z nadrukiem";429.00;PLN;30.00;359.00;"100% bawełna";;Nadruk;Regular;Prosty;Okrągły;CTX21002X-Q11;Standardowa;"Krótki rękaw";;https://www.zalando.pl/carne-bollente-sadao-s-dream-unisex-t-shirt-z-nadrukiem-black-ctx21002x-q11.html;18;zalando.pl;"2026-04-13 18:06:48.43+00";"2026-04-13 18:06:48.531201+00"
620;"Koszulki z krótkim rękawem (męskie)";"UNISEX - T-shirt z nadrukiem";"YOURTURN UNISEX - T-shirt z nadrukiem";79.00;PLN;30.00;79.00;"100% bawełna";;Gradientowy;"Loose fit";Prosty;Okrągły;YO121028U-I11;Standardowa;"Krótki rękaw";;https://www.zalando.pl/yourturn-unisex-t-shirt-z-nadrukiem-purple-yo121028u-i11.html;18;zalando.pl;"2026-04-13 18:06:24.934+00";"2026-04-13 18:06:25.043648+00"
619;"Koszulki z krótkim rękawem (męskie)";"- T-shirt z nadrukiem";"Guess - T-shirt z nadrukiem";195.00;PLN;30.00;179.00;"95% bawełna, 5% elastan";;Nadruk;Regular;Prosty;Okrągły;GU122O0ZG-Q11;Standardowa;"Krótki rękaw";;https://www.zalando.pl/guess-logo-all-over-t-shirt-z-nadrukiem-schwarz-gu122o0zg-q11.html;18;zalando.pl;"2026-04-13 18:06:00.927+00";"2026-04-13 18:06:01.0297+00"
618;"Koszulki z krótkim rękawem (męskie)";"- Koszulka polo";"Polo Ralph Lauren - Koszulka polo";859.00;PLN;30.00;649.00;"100% bawełna";;;Regular;Prosty;;PO222O0NG-Q12;Standardowa;"Krótki rękaw";;https://www.zalando.pl/polo-ralph-lauren-short-sleeve-koszulka-polo-fall-royal-po222o0ng-q12.html;18;zalando.pl;"2026-04-13 18:05:37.564+00";"2026-04-13 18:05:37.720474+00"
617;"Koszulki z krótkim rękawem (męskie)";"- T-shirt basic";"Hollister Co. - T-shirt basic";179.00;PLN;30.00;139.00;"100% bawełna";;"Kolor jednolity";Regular;Prosty;Okrągły;H0422O0HX-A11;Standardowa;"Krótki rękaw";;https://www.zalando.pl/hollister-co-icon-neutral-3-pack-t-shirt-basic-whiteblackgrey-h0422o0hx-a11.html;18;zalando.pl;"2026-04-13 18:05:00.355+00";"2026-04-13 18:05:00.455196+00"
616;"Koszulki z krótkim rękawem (męskie)";"3 PACK - T-shirt basic";"s.Oliver 3 PACK - T-shirt basic";159.99;PLN;30.00;179.00;"100% bawełna";;Melanż;Regular;Prosty;Okrągły;SO222O1ZY-Q11;Standardowa;"Krótki rękaw";;https://www.zalando.pl/soliver-t-shirt-basic-mehrfarbig-so222o1zy-q11.html;18;zalando.pl;"2026-04-13 18:04:26.162+00";"2026-04-13 18:04:26.266491+00"
615;"Koszulki z krótkim rękawem (męskie)";"- T-shirt z nadrukiem";"Men Plus - T-shirt z nadrukiem";177.99;PLN;199.99;;"100% bawełna";;Nadruk;Regular;Prosty;Okrągły;M8N22O07V-M11;Standardowa;"Krótki rękaw";;https://www.zalando.pl/men-plus-t-shirt-z-nadrukiem-mint-green-m8n22o07v-m11.html;18;zalando.pl;"2026-04-13 18:03:42.56+00";"2026-04-13 18:03:42.666098+00"
614;"Koszulki z krótkim rękawem (męskie)";"- T-shirt z nadrukiem";"adidas Originals - T-shirt z nadrukiem";134.00;PLN;149.00;;"100% bawełna";;;Regular;Prosty;Okrągły;AD122O19B-M12;Standardowa;"Krótki rękaw";;https://www.zalando.pl/adidas-originals-tee-t-shirt-z-nadrukiem-team-dark-greenbold-greenwhite-ad122o19b-m12.html;18;zalando.pl;"2026-04-13 18:03:01.369+00";"2026-04-13 18:03:01.520182+00"
613;"Koszulki z krótkim rękawem (męskie)";"MUCCIA - Koszulka polo";"Ellesse MUCCIA - Koszulka polo";233.75;PLN;30.00;159.00;"100% bawełna";"100% bawełna";"W paski";Regular;Prosty;;EL922O0QR-K12;Długa;"Krótki rękaw";;https://www.zalando.pl/ellesse-muccia-koszulka-polo-blue-light-blue-el922o0qr-k12.html;18;zalando.pl;"2026-04-13 18:02:27.822+00";"2026-04-13 18:02:27.924853+00"
612;"Koszulki z krótkim rękawem (męskie)";"- Koszulka polo";"Boggi Milano - Koszulka polo";419.00;PLN;30.00;129.99;"100% bawełna";;"Kolor jednolity";Regular;Prosty;;BQ122O04N-M11;Standardowa;"Krótki rękaw";;https://www.zalando.pl/boggi-milano-koszulka-polo-green-bq122o04n-m11.html;18;zalando.pl;"2026-04-13 18:02:04.806+00";"2026-04-13 18:02:04.918909+00"
611;"Koszulki z krótkim rękawem (męskie)";"CASERIO - T-shirt z nadrukiem";"Ellesse CASERIO - T-shirt z nadrukiem";125.00;PLN;139.00;;"100% bawełna";;;Regular;Prosty;Okrągły;EL922O0QY-Q11;Standardowa;"Krótki rękaw";;https://www.zalando.pl/ellesse-caserio-tee-t-shirt-z-nadrukiem-black-el922o0qy-q11.html;18;zalando.pl;"2026-04-13 18:01:21.672+00";"2026-04-13 18:01:21.823907+00"
610;"Koszulki z krótkim rękawem (męskie)";"- T-shirt basic";"Weekday - T-shirt basic";89.00;PLN;30.00;139.00;"100% bawełna";;"Kolor jednolity";Regular;Prosty;Okrągły;WEB22O07C-A11;Standardowa;"Krótki rękaw";;https://www.zalando.pl/weekday-boxy-heavyweight-t-shirt-basic-white-web22o07c-a11.html;18;zalando.pl;"2026-04-13 18:00:58.772+00";"2026-04-13 18:00:58.92242+00"
609;"Koszulki z krótkim rękawem (męskie)";"COCA COLA - T-shirt z nadrukiem";"Terranova COCA COLA - T-shirt z nadrukiem";59.99;PLN;30.00;99.00;"100% bawełna";;Nadruk;Regular;Prosty;Okrągły;TBT22O05Q-A11;Długa;"Krótki rękaw";;https://www.zalando.pl/terranova-t-shirt-z-nadrukiem-bianco-ottico-tbt22o05q-a11.html;18;zalando.pl;"2026-04-13 18:00:28.456+00";"2026-04-13 18:00:28.562214+00"
608;"Koszulki z krótkim rękawem (męskie)";"- Bluzka z długim rękawem";"Hummel - Bluzka z długim rękawem";204.00;PLN;30.00;199.00;"88% poliester, 12% elastan";;Nadruk;Regular;Prosty;Okrągły;HU344K02N-Q11;Standardowa;"Długi rękaw";;https://www.zalando.pl/hummel-bluzka-z-dlugim-rekawem-black-hu344k02n-q11.html;18;zalando.pl;"2026-04-13 18:00:09.634+00";"2026-04-13 18:00:09.736653+00"
607;"Koszulki z krótkim rękawem (męskie)";"- T-shirt z nadrukiem";"Guess - T-shirt z nadrukiem";195.00;PLN;30.00;229.00;"95% bawełna, 5% elastan";;Nadruk;Slim;Prosty;Okrągły;GU122O0ZG-A11;Standardowa;"Krótki rękaw";;https://www.zalando.pl/guess-t-shirt-z-nadrukiem-weiss-gu122o0zg-a11.html;18;zalando.pl;"2026-04-13 17:59:49.362+00";"2026-04-13 17:59:49.462813+00"
606;"Koszulki z krótkim rękawem (męskie)";"SDFlorian - T-shirt z nadrukiem";"Solid SDFlorian - T-shirt z nadrukiem";68.00;PLN;68.00;119.00;"100% bawełna";;Nadruk;Regular;Prosty;Okrągły;SO422O071-K12;Standardowa;"Krótki rękaw";;https://www.zalando.pl/solid-florian-t-shirt-z-nadrukiem-sky-blue-so422o071-k12.html;18;zalando.pl;"2026-04-13 17:59:16.355+00";"2026-04-13 17:59:16.456017+00"
605;"Koszulki z krótkim rękawem (męskie)";"DAYTIME DISCO - T-shirt z nadrukiem";"Mister Tee DAYTIME DISCO - T-shirt z nadrukiem";55.00;PLN;49.00;79.00;"100% bawełna";;Nadruk;Regular;Prosty;Okrągły;M0M22O0X4-E11;Długa;"Krótki rękaw";;https://www.zalando.pl/mister-tee-t-shirt-z-nadrukiem-taxi-yellow-m0m22o0x4-e11.html;18;zalando.pl;"2026-04-13 17:58:59.743+00";"2026-04-13 17:58:59.842968+00"
604;"Koszulki z krótkim rękawem (męskie)";"ONSAXEL - T-shirt z nadrukiem";"Only &amp; Sons ONSAXEL - T-shirt z nadrukiem";74.00;PLN;30.00;69.00;"100% bawełna";;"Nadrukowane zdjęcie";Regular;Prosty;Okrągły;OS322O1LN-K11;Standardowa;"Krótki rękaw";;https://www.zalando.pl/only-and-sons-onsaxel-nature-tee-t-shirt-z-nadrukiem-blue-nights-os322o1ln-k11.html;18;zalando.pl;"2026-04-13 17:58:38.922+00";"2026-04-13 17:58:39.103922+00"
603;"Koszulki z krótkim rękawem (męskie)";"- T-shirt z nadrukiem";"Calvin Klein - T-shirt z nadrukiem";152.00;PLN;93.00;169.00;"100% bawełna";;Nadruk;Regular;Dopasowany;Okrągły;6CA22O0OL-Q11;Standardowa;"Krótki rękaw";;https://www.zalando.pl/calvin-klein-split-line-logo-graphics-t-shirt-z-nadrukiem-black-6ca22o0ol-q11.html;17;zalando.pl;"2026-04-13 17:57:32.428+00";"2026-04-13 17:57:32.533567+00"
602;"Koszulki z krótkim rękawem (męskie)";"- Koszulka polo";"PULL&amp;BEAR - Koszulka polo";109.00;PLN;30.00;109.00;"77% bawełna, 23% poliester";;"W paski";"Loose fit";Prosty;;PUC22O2I4-A11;Standardowa;"Długi rękaw";;https://www.zalando.pl/pullandbear-striped-bluzka-z-dlugim-rekawem-white-puc22o2i4-a11.html;17;zalando.pl;"2026-04-13 17:57:03.529+00";"2026-04-13 17:57:03.630957+00"
601;"Koszulki z krótkim rękawem (męskie)";"LILO &amp; STITCH STITCH XMAS LIGHTS UNISEX - T-shirt z nadrukiem";"Disney LILO &amp; STITCH STITCH XMAS LIGHTS UNISEX - T-shirt z nadrukiem";169.99;PLN;30.00;;"100% bawełna";;Nadruk;Regular;Prosty;Okrągły;H3A2102K2-K11;Standardowa;"Krótki rękaw";;https://www.zalando.pl/henry-tiger-lilo-and-stitch-stitch-xmas-lights-unisex-t-shirt-z-nadrukiem-navy-blue-h3a2102k2-k11.html;17;zalando.pl;"2026-04-13 17:56:32.559+00";"2026-04-13 17:56:32.688251+00"
600;"Koszulki z krótkim rękawem (męskie)";"Koszulka polo";"Lacoste Koszulka polo";499.00;PLN;30.00;449.00;"57% bawełna, 32% poliester, 11% elastan";;Melanż;Regular;Prosty;"Wycięcie typu V";LA222P0HZ-C11;Standardowa;"Krótki rękaw";;https://www.zalando.pl/lacoste-koszulka-polo-gris-chine-cca-la222p0hz-c11.html;17;zalando.pl;"2026-04-13 17:51:02.627+00";"2026-04-13 17:51:02.763662+00"
599;"Koszulki z krótkim rękawem (męskie)";"- T-shirt z nadrukiem";"Nike Sportswear - T-shirt z nadrukiem";116.00;PLN;129.00;;"100% bawełna";;Nadruk;Regular;Prosty;Okrągły;NI122O18V-Q11;Standardowa;"Krótki rękaw";;https://www.zalando.pl/nike-sportswear-tee-t-shirt-z-nadrukiem-black-ni122o18v-q11.html;17;zalando.pl;"2026-04-13 17:50:19.452+00";"2026-04-13 17:50:19.593052+00"
598;"Koszulki z krótkim rękawem (męskie)";"AMERICAN CLASSIC - T-shirt basic";"PME Legend AMERICAN CLASSIC - T-shirt basic";149.00;PLN;30.00;139.00;"95% bawełna, 5% elastan";;"Kolor jednolity";Regular;Prosty;Okrągły;PG322O00X-Q11;Standardowa;"Krótki rękaw";;https://www.zalando.pl/pme-legend-american-classic-guyver-t-shirt-basic-black-pg322o00x-q11.html;17;zalando.pl;"2026-04-13 17:49:45.366+00";"2026-04-13 17:49:45.562101+00"
597;"Koszulki z krótkim rękawem (męskie)";"- T-shirt basic";"adidas Originals - T-shirt basic";98.00;PLN;109.00;;"100% bawełna";"100% bawełna";"Kolor jednolity";Regular;Prosty;Okrągły;AD122O154-K14;Standardowa;"Krótki rękaw";;https://www.zalando.pl/adidas-originals-trefoil-tee-t-shirt-basic-collegiate-royal-ad122o154-k14.html;17;zalando.pl;"2026-04-13 17:49:02.458+00";"2026-04-13 17:49:02.593652+00"
596;"Koszulki z krótkim rękawem (męskie)";"- T-shirt basic";"adidas Performance - T-shirt basic";119.00;PLN;136.00;339.00;"40% bawełna, 40% poliester, 20% wełna";;Kolorowy;Slim;Dopasowany;Okrągły;AD542D643-K11;Standardowa;"Krótki rękaw";;https://www.zalando.pl/adidas-performance-tee-t-shirt-basic-team-navy-blueink-ad542d643-k11.html;17;zalando.pl;"2026-04-13 17:48:40.137+00";"2026-04-13 17:48:40.237675+00"
595;"Koszulki z krótkim rękawem (męskie)";"M&#x27;S CAP COOL DAILY SHIRT - GREAT WAVES - Koszulka sportowa";"Patagonia M&#x27;S CAP COOL DAILY SHIRT - GREAT WAVES - Koszulka sportowa";249.00;PLN;30.00;149.99;"100% poliester";;Nadruk;Regular;Prosty;Okrągły;PA942D03V-A11;Standardowa;"Krótki rękaw";;https://www.zalando.pl/patagonia-cap-cool-daily-great-waves-koszulka-sportowa-dyno-white-pa942d03v-a11.html;17;zalando.pl;"2026-04-13 17:47:51.846+00";"2026-04-13 17:47:51.946774+00"
594;"Koszulki z krótkim rękawem (męskie)";"7 PACK - Bluzka z długim rękawem";"Pier One 7 PACK - Bluzka z długim rękawem";197.00;PLN;164.00;219.00;"100% bawełna";;"Kolor jednolity";Regular;Prosty;Okrągły;PI922O0V3-C11;Standardowa;"Długi rękaw";;https://www.zalando.pl/pier-one-7-pack-bluzka-z-dlugim-rekawem-mottled-light-greywhitemottled-dark-grey-pi922o0v3-c11.html;17;zalando.pl;"2026-04-13 17:47:16.748+00";"2026-04-13 17:47:16.846664+00"
593;"Koszulki z krótkim rękawem (męskie)";"- Top";"Levi&#x27;s® - Top";143.00;PLN;143.00;159.00;"100% bawełna";;"Kolor jednolity";Slim;Prosty;Okrągły;LE222O0CX-Q11;Standardowa;"Bez rękawów";;https://www.zalando.pl/levis-rib-tank-2-pack-top-blackbright-white-le222o0cx-q11.html;17;zalando.pl;"2026-04-13 17:46:45.022+00";"2026-04-13 17:46:45.127633+00"
592;"Koszulki z krótkim rękawem (męskie)";"UNISEX - Bluzka z długim rękawem";"YOURTURN UNISEX - Bluzka z długim rękawem";42.00;PLN;50.00;84.00;"100% poliester";;Nadruk;Regular;Prosty;Okrągły;YO121025D-Q11;Standardowa;"Długi rękaw";;https://www.zalando.pl/yourturn-unisex-bluzka-z-dlugim-rekawem-true-black-yo121025d-q11.html;17;zalando.pl;"2026-04-13 17:46:18.765+00";"2026-04-13 17:46:18.921688+00"
591;"Koszulki z krótkim rękawem (męskie)";"UNISEX - T-shirt z nadrukiem";"adidas Originals UNISEX - T-shirt z nadrukiem";143.00;PLN;103.00;159.00;"100% bawełna";;Nadruk;"Loose fit";Prosty;Okrągły;AD12100L4-C11;Długa;"Krótki rękaw";;https://www.zalando.pl/adidas-originals-racing-car-tee-unisex-t-shirt-z-nadrukiem-grey-six-ad12100l4-c11.html;17;zalando.pl;"2026-04-13 17:45:29.071+00";"2026-04-13 17:45:29.22625+00"
590;"Koszulki z krótkim rękawem (męskie)";"- T-shirt z nadrukiem";"Mister Tee - T-shirt z nadrukiem";64.00;PLN;58.00;99.00;"100% bawełna";"100% bawełna";Nadruk;Regular;Prosty;Okrągły;M0M22O1N5-A11;Standardowa;"Krótki rękaw";;https://www.zalando.pl/mister-tee-t-shirt-z-nadrukiem-white-m0m22o1n5-a11.html;17;zalando.pl;"2026-04-13 17:44:42.241+00";"2026-04-13 17:44:42.342485+00"
589;"Koszulki z krótkim rękawem (męskie)";"MELLOW - T-shirt z nadrukiem";"Element MELLOW - T-shirt z nadrukiem";169.99;PLN;30.00;159.99;"100% bawełna";;Nadruk;"Loose fit";Prosty;Okrągły;EL822O11H-K11;Długa;"Krótki rękaw";;https://www.zalando.pl/element-t-shirt-z-nadrukiem-ecn-el822o11h-k11.html;17;zalando.pl;"2026-04-13 17:44:16.947+00";"2026-04-13 17:44:17.046826+00"
588;"Koszulki z krótkim rękawem (męskie)";"- Koszulka polo";"Lacoste - Koszulka polo";659.00;PLN;30.00;289.00;"100% bawełna";;"Kolor jednolity";Regular;Prosty;;LA222O0IR-O11;Standardowa;"Krótki rękaw";;https://www.zalando.pl/lacoste-koszulka-polo-marron-la-la222o0ir-o11.html;17;zalando.pl;"2026-04-13 17:43:42.553+00";"2026-04-13 17:43:42.654104+00"
587;"Koszulki z krótkim rękawem (męskie)";"TH X CADILLAC FORMULA 1 UNISEX - T-shirt z nadrukiem";"Tommy Hilfiger TH X CADILLAC FORMULA 1 UNISEX - T-shirt z nadrukiem";152.00;PLN;169.00;;"100% bawełna";;Nadruk;Regular;Prosty;Okrągły;TO122O16Z-A11;Standardowa;"Krótki rękaw";;https://www.zalando.pl/tommy-hilfiger-cadillac-formula-team-logo-tee-t-shirt-z-nadrukiem-white-to122o16z-a11.html;17;zalando.pl;"2026-04-13 17:42:54.261+00";"2026-04-13 17:42:54.361995+00"
586;"Koszulki z krótkim rękawem (męskie)";"MAPLETON - T-shirt basic";"Dickies MAPLETON - T-shirt basic";89.00;PLN;116.00;129.00;"100% bawełna";;"Kolor jednolity";Regular;Prosty;Okrągły;DI622O037-Q11;Standardowa;"Krótki rękaw";;https://www.zalando.pl/dickies-t-shirt-basic-black-di622o037-q11.html;17;zalando.pl;"2026-04-13 17:42:35.032+00";"2026-04-13 17:42:35.134582+00"
585;"Koszulki z krótkim rękawem (męskie)";"- T-shirt basic";"Pier One - T-shirt basic";29.00;PLN;29.00;49.00;"100% bawełna";;"Kolor jednolity";Regular;Prosty;Okrągły;PI922O00I-K18;Standardowa;"Krótki rękaw";;https://www.zalando.pl/pier-one-t-shirt-basic-dark-blue-pi922o00i-k18.html;17;zalando.pl;"2026-04-13 17:41:56.535+00";"2026-04-13 17:41:56.637059+00"
584;"Koszulki z krótkim rękawem (męskie)";"ALOHA UNISEX - Top";"Santa Cruz ALOHA UNISEX - Top";149.00;PLN;30.00;139.00;"100% bawełna";;Nadruk;Regular;Prosty;Okrągły;7SA2100P6-Q11;Standardowa;"Bez rękawów";;https://www.zalando.pl/santa-cruz-aloha-tank-unisex-top-black-7sa2100p6-q11.html;17;zalando.pl;"2026-04-13 17:41:15.853+00";"2026-04-13 17:41:15.964668+00"
583;"Koszulki z krótkim rękawem (męskie)";"- T-shirt z nadrukiem";"Karl Lagerfeld Jeans - T-shirt z nadrukiem";161.00;PLN;179.00;;"100% bawełna";;Nadruk;Slim;Prosty;;K3W22O02Y-A11;Standardowa;"Krótki rękaw";;https://www.zalando.pl/karl-lagerfeld-jeans-slim-reflection-tee-t-shirt-z-nadrukiem-white-k3w22o02y-a11.html;17;zalando.pl;"2026-04-13 17:40:37.543+00";"2026-04-13 17:40:37.647797+00"
582;"Koszulki z krótkim rękawem (męskie)";"- T-shirt z nadrukiem";"Mister Tee - T-shirt z nadrukiem";52.00;PLN;49.00;99.00;"100% bawełna";"100% bawełna";Nadruk;Regular;Prosty;Okrągły;M0M22O1NH-A11;Standardowa;"Krótki rękaw";;https://www.zalando.pl/mister-tee-t-shirt-z-nadrukiem-white-m0m22o1nh-a11.html;17;zalando.pl;"2026-04-13 17:40:01.056+00";"2026-04-13 17:40:01.160173+00"
581;"Koszulki z krótkim rękawem (męskie)";"JJELOGO - T-shirt z nadrukiem";"Jack &amp; Jones JJELOGO - T-shirt z nadrukiem";175.00;PLN;135.00;269.00;"100% bawełna";;Nadruk;Regular;Prosty;Okrągły;JA222O6FK-A11;Standardowa;"Krótki rękaw";;https://www.zalando.pl/jack-and-jones-jjelogo-tee-o-neck-5-pack-t-shirt-z-nadrukiem-bright-whitesky-captaincelestial-bluemoonbeamblack-ja222o6fk-a11.html;17;zalando.pl;"2026-04-13 17:39:21.755+00";"2026-04-13 17:39:21.859894+00"
580;"Koszulki z krótkim rękawem (męskie)";"SLMCORMAC - T-shirt basic";"Selected SLMCORMAC - T-shirt basic";161.00;PLN;161.00;179.00;"100% bawełna";;"Kolor jednolity";Regular;Prosty;Okrągły;SE622O0TU-Q12;Standardowa;"Krótki rękaw";;https://www.zalando.pl/selected-homme-t-shirt-basic-black-1-se622o0tu-q12.html;17;zalando.pl;"2026-04-13 17:38:55.969+00";"2026-04-13 17:38:56.120897+00"
579;"Koszulki z krótkim rękawem (męskie)";"JOHNNY UNISEX - T-shirt z nadrukiem";"Redefined Rebel JOHNNY UNISEX - T-shirt z nadrukiem";129.00;PLN;30.00;159.00;"100% bawełna";;Nadruk;Regular;Prosty;;R0621007X-M11;Standardowa;"Krótki rękaw";;https://www.zalando.pl/redefined-rebel-johnny-tee-boxy-fit-t-shirt-z-nadrukiem-pine-grove-r0621007x-m11.html;17;zalando.pl;"2026-04-13 17:38:11.849+00";"2026-04-13 17:38:11.98896+00"
578;"Koszulki z krótkim rękawem (męskie)";"T-shirt basic";"Calvin Klein T-shirt basic";132.00;PLN;142.00;189.00;"100% bawełna";;"Kolor jednolity";Regular;Prosty;Okrągły;6CA22O09L-A11;Standardowa;"Krótki rękaw";;https://www.zalando.pl/calvin-klein-micro-logo-t-shirt-basic-bright-white-6ca22o09l-a11.html;17;zalando.pl;"2026-04-13 17:37:45.725+00";"2026-04-13 17:37:45.864207+00"
577;"Koszulki z krótkim rękawem (męskie)";"LUTZY - T-shirt z nadrukiem";"INDICODE JEANS LUTZY - T-shirt z nadrukiem";89.99;PLN;164.99;;"95% bawełna, 5% elastan";;Nadruk;Regular;Prosty;Okrągły;IJ022O069-K11;Standardowa;"Krótki rękaw";;https://www.zalando.pl/indicode-jeans-lutzy-t-shirt-z-nadrukiem-quiet-wave-ij022o069-k11.html;17;zalando.pl;"2026-04-13 17:37:24.246+00";"2026-04-13 17:37:24.571061+00"
576;"Koszulki z krótkim rękawem (męskie)";"PABLO - T-shirt z nadrukiem";"Redefined Rebel PABLO - T-shirt z nadrukiem";69.00;PLN;30.00;79.00;"100% bawełna";;Nadruk;Regular;Prosty;Okrągły;R0622O05V-A11;Standardowa;"Krótki rękaw";;https://www.zalando.pl/redefined-rebel-pablo-tee-t-shirt-z-nadrukiem-white-r0622o05v-a11.html;16;zalando.pl;"2026-04-13 17:36:16.926+00";"2026-04-13 17:36:17.065627+00"
575;"Koszulki z krótkim rękawem (męskie)";"- Koszulka sportowa";"Nike Performance - Koszulka sportowa";143.00;PLN;127.00;159.00;"57% bawełna, 43% poliester";;Nadruk;Regular;Dopasowany;Okrągły;N1242D7N0-Q11;Długa;"Krótki rękaw";;https://www.zalando.pl/nike-performance-tee-koszulka-sportowa-blackwhite-n1242d7n0-q11.html;16;zalando.pl;"2026-04-13 17:35:31.634+00";"2026-04-13 17:35:31.929325+00"
574;"Koszulki z krótkim rękawem (męskie)";"- Koszulka polo";"Polo Ralph Lauren - Koszulka polo";599.00;PLN;30.00;619.00;"100% bawełna";;Melanż;Slim;Prosty;;PO222P00X-B14;Standardowa;"Krótki rękaw";;https://www.zalando.pl/polo-ralph-lauren-slim-fit-model-koszulka-polo-beigesandwhite-po222p00x-b14.html;16;zalando.pl;"2026-04-13 17:34:42.028+00";"2026-04-13 17:34:42.129315+00"
573;"Koszulki z krótkim rękawem (męskie)";"- Koszulka polo";"Lacoste - Koszulka polo";440.00;PLN;472.00;629.00;"100% bawełna";;"Kolor jednolity";Regular;Prosty;"Wycięcie typu V";LA222Q0A4-A11;Standardowa;"Krótki rękaw";;https://www.zalando.pl/lacoste-koszulka-polo-flour-la222q0a4-a11.html;16;zalando.pl;"2026-04-13 17:34:07.434+00";"2026-04-13 17:34:07.588128+00"
572;"Koszulki z krótkim rękawem (męskie)";"ITALIA - T-shirt z nadrukiem";"Mister Tee ITALIA - T-shirt z nadrukiem";67.00;PLN;61.00;79.00;"100% bawełna";"100% bawełna";Nadruk;Regular;Prosty;Okrągły;M0M22O1E7-A11;Długa;"Krótki rękaw";;https://www.zalando.pl/mister-tee-t-shirt-z-nadrukiem-white-m0m22o1e7-a11.html;16;zalando.pl;"2026-04-13 17:13:26.4+00";"2026-04-13 17:13:26.543335+00"
571;"Koszulki z krótkim rękawem (męskie)";"- Koszulka polo";"Pier One - Koszulka polo";41.00;PLN;41.00;59.00;"100% bawełna";;"Kolor jednolity";Prosty;Prosty;;PI922P00F-P11;Standardowa;"Krótki rękaw";;https://www.zalando.pl/pier-one-koszulka-polo-petrol-pi922p00f-p11.html;16;zalando.pl;"2026-04-13 17:13:06.838+00";"2026-04-13 17:13:06.940897+00"
570;"Koszulki z krótkim rękawem (męskie)";"- Koszulka sportowa";"Björn Borg - Koszulka sportowa";139.00;PLN;30.00;164.99;"90% poliester, 10% elastan";;Nadruk;Regular;Dopasowany;Okrągły;BJ242D0CT-Q11;Standardowa;"Krótki rękaw";;https://www.zalando.pl/bjoern-borg-t-shirt-z-nadrukiem-black-beauty-bj242d0ct-q11.html;16;zalando.pl;"2026-04-13 17:12:47.038+00";"2026-04-13 17:12:47.141507+00"
569;"Koszulki z krótkim rękawem (męskie)";"UNISEX - T-shirt z nadrukiem";"Billabong UNISEX - T-shirt z nadrukiem";116.00;PLN;129.00;;"100% bawełna";;Nadruk;Regular;Prosty;Okrągły;BI721003S-A11;Standardowa;"Krótki rękaw";;https://www.zalando.pl/billabong-segment-koszulka-sportowa-washed-blue-bi721003s-a11.html;16;zalando.pl;"2026-04-13 17:11:55.048+00";"2026-04-13 17:11:55.151217+00"
568;"Koszulki z krótkim rękawem (męskie)";"- T-shirt z nadrukiem";"GAP - T-shirt z nadrukiem";129.00;PLN;30.00;69.00;"100% bawełna";;Nadruk;Regular;Prosty;Okrągły;GP022O0B9-Q12;Standardowa;"Krótki rękaw";;https://www.zalando.pl/gap-logo-2-pack-t-shirt-z-nadrukiem-true-black-gp022o0b9-q12.html;16;zalando.pl;"2026-04-13 17:11:22.621+00";"2026-04-13 17:11:22.771266+00"
567;"Koszulki z krótkim rękawem (męskie)";"- T-shirt basic";"Lyle &amp; Scott - T-shirt basic";143.00;PLN;127.00;159.00;"100% bawełna";;"Kolor jednolity";Regular;Prosty;Okrągły;LY222O041-T11;Standardowa;"Krótki rękaw";;https://www.zalando.pl/lyle-and-scott-t-shirt-basic-aquamarine-ly222o041-t11.html;16;zalando.pl;"2026-04-13 17:10:41.163+00";"2026-04-13 17:10:41.46087+00"
566;"Koszulki z krótkim rękawem (męskie)";"- T-shirt z nadrukiem";"YOURTURN - T-shirt z nadrukiem";79.00;PLN;30.00;79.00;"100% bawełna";;"Wzory militarne";"Loose fit";Prosty;Okrągły;YO121029G-O11;Standardowa;Półrękawek;;https://www.zalando.pl/yourturn-unisex-t-shirt-z-nadrukiem-brown-yo121029g-o11.html;16;zalando.pl;"2026-04-13 17:09:58.455+00";"2026-04-13 17:09:58.650477+00"
565;"Koszulki z krótkim rękawem (męskie)";"- T-shirt z nadrukiem";"The North Face - T-shirt z nadrukiem";134.00;PLN;149.00;;"60% bawełna, 40% poliester";;Nadruk;Regular;Prosty;Okrągły;TH322O0EE-Q11;Standardowa;"Krótki rękaw";;https://www.zalando.pl/the-north-face-mountain-sketch-regular-short-sleeve-tee-graphic-t-shirt-z-nadrukiem-black-th322o0ee-q11.html;16;zalando.pl;"2026-04-13 17:09:15.657+00";"2026-04-13 17:09:16.067336+00"
564;"Koszulki z krótkim rękawem (męskie)";"- T-shirt basic";"Polo Ralph Lauren - T-shirt basic";379.00;PLN;30.00;529.00;"100% bawełna";;"Kolor jednolity";Slim;Prosty;Okrągły;PO222O03F-M63;Standardowa;"Krótki rękaw";;https://www.zalando.pl/polo-ralph-lauren-custom-slim-fit-jersey-crewneck-t-shirt-t-shirt-basic-garden-trail-po222o03f-m63.html;16;zalando.pl;"2026-04-13 17:08:31.959+00";"2026-04-13 17:08:32.29664+00"
563;"Koszulki z krótkim rękawem (męskie)";"WEEKEND WOLF - T-shirt z nadrukiem";"Mister Tee WEEKEND WOLF - T-shirt z nadrukiem";67.00;PLN;70.00;79.00;"100% bawełna";;"Nadrukowane zdjęcie";Slim;Prosty;Okrągły;M0M22O0SN-A11;Standardowa;"Krótki rękaw";;https://www.zalando.pl/mister-tee-t-shirt-z-nadrukiem-white-m0m22o0sn-a11.html;16;zalando.pl;"2026-04-13 17:08:04.059+00";"2026-04-13 17:08:04.668555+00"
562;"Koszulki z krótkim rękawem (męskie)";"- T-shirt z nadrukiem";"Schott - T-shirt z nadrukiem";210.00;PLN;30.00;79.99;"100% bawełna";;;Regular;Prosty;Okrągły;S3722O04W-M11;Standardowa;"Krótki rękaw";;https://www.zalando.pl/schott-t-shirt-z-nadrukiem-kaki-s3722o04w-m11.html;16;zalando.pl;"2026-04-13 17:07:17.324+00";"2026-04-13 17:07:17.459471+00"
561;"Koszulki z krótkim rękawem (męskie)";"- T-shirt basic";"Levi&#x27;s® - T-shirt basic";109.00;PLN;30.00;109.00;"100% bawełna";;"Kolor jednolity";Regular;Prosty;Okrągły;LE2210035-M13;Standardowa;"Krótki rękaw";;https://www.zalando.pl/levis-original-tee-t-shirt-basic-dark-green-le2210035-m13.html;16;zalando.pl;"2026-04-13 17:06:26.858+00";"2026-04-13 17:06:26.959575+00"
560;"Koszulki z krótkim rękawem (męskie)";"- Top";"Under Armour - Top";143.00;PLN;119.00;159.00;"84% poliester, 16% elastan";;"Kolor jednolity";Slim;Prosty;Okrągły;UN242D0RJ-Q11;Standardowa;"Bez rękawów";;https://www.zalando.pl/under-armour-koszulka-sportowa-black-un242d0rj-q11.html;16;zalando.pl;"2026-04-13 17:05:57.63+00";"2026-04-13 17:05:57.730821+00"
559;"Koszulki z krótkim rękawem (męskie)";"- T-shirt z nadrukiem";"Upscale by Mister Tee - T-shirt z nadrukiem";76.00;PLN;76.00;119.00;"100% bawełna";"100% bawełna";Nadruk;"Loose fit";Prosty;Okrągły;UP722O07B-A11;Długa;"Krótki rękaw";;https://www.zalando.pl/upscale-by-mister-tee-t-shirt-z-nadrukiem-white-up722o07b-a11.html;16;zalando.pl;"2026-04-13 17:05:30.262+00";"2026-04-13 17:05:30.390795+00"
558;"Koszulki z krótkim rękawem (męskie)";"- Koszulka polo";"Fred Perry - Koszulka polo";449.00;PLN;30.00;139.00;"100% bawełna";;"Kolor jednolity";Regular;Prosty;;FR822O07N-Q11;Standardowa;"Krótki rękaw";;https://www.zalando.pl/fred-perry-koszulka-polo-black-fr822o07n-q11.html;16;zalando.pl;"2026-04-13 17:05:08.559+00";"2026-04-13 17:05:08.712303+00"
557;"Koszulki z krótkim rękawem (męskie)";"- T-shirt z nadrukiem";"Lacoste - T-shirt z nadrukiem";260.00;PLN;217.00;289.00;"100% bawełna";;Nadruk;Regular;Prosty;Okrągły;LA222O0GQ-K11;Standardowa;"Krótki rękaw";;https://www.zalando.pl/lacoste-t-shirt-z-nadrukiem-navy-blue-la222o0gq-k11.html;16;zalando.pl;"2026-04-13 17:04:33.035+00";"2026-04-13 17:04:33.305612+00"
556;"Koszulki z krótkim rękawem (męskie)";"ESSENTIALS - T-shirt basic";"adidas Sportswear ESSENTIALS - T-shirt basic";98.00;PLN;109.00;;"100% bawełna";;Melanż;Regular;Prosty;Okrągły;ADQ42D02K-A11;Standardowa;"Krótki rękaw";;https://www.zalando.pl/adidas-sportswear-essentials-small-logo-single-t-shirt-basic-whiteblack-adq42d02k-a11.html;16;zalando.pl;"2026-04-13 17:03:53.824+00";"2026-04-13 17:03:54.076985+00"
555;"Koszulki z krótkim rękawem (męskie)";"- Koszulka polo";"Polo Ralph Lauren Big &amp; Tall - Koszulka polo";609.00;PLN;30.00;859.00;"100% bawełna";;"Kolor jednolity";Regular;Prosty;;P6222P00A-K41;Długa;"Krótki rękaw";;https://www.zalando.pl/polo-ralph-lauren-big-and-tall-the-iconic-mesh-polo-shirt-koszulka-polo-cruise-lime-p6222p00a-k41.html;16;zalando.pl;"2026-04-13 17:03:15.36+00";"2026-04-13 17:03:15.463301+00"
554;"Koszulki z krótkim rękawem (męskie)";"- Koszulka sportowa";"Le Col - Koszulka sportowa";269.00;PLN;30.00;249.00;"94% poliester, 6% elastan";;"Kolor jednolity";Skinny;"Dopasowanie do figury";Okrągły;LSR42I003-K11;Standardowa;"Krótki rękaw";;https://www.zalando.pl/le-col-pro-base-layer-koszulka-sportowa-navy-lsr42i003-k11.html;16;zalando.pl;"2026-04-13 17:02:24.027+00";"2026-04-13 17:02:24.291508+00"
553;"Koszulki z krótkim rękawem (męskie)";"MANCHESTER UNITED SEASONAL - T-shirt z nadrukiem";"adidas Originals MANCHESTER UNITED SEASONAL - T-shirt z nadrukiem";149.00;PLN;30.00;139.00;"100% bawełna";;Nadruk;"Loose fit";Prosty;Okrągły;AD142D063-A11;Standardowa;"Krótki rękaw";;https://www.zalando.pl/adidas-originals-manchester-united-seasonal-graphic-tee-t-shirt-z-nadrukiem-off-white-ad142d063-a11.html;16;zalando.pl;"2026-04-13 17:01:40.045+00";"2026-04-13 17:01:40.495903+00"
552;"Koszulki z krótkim rękawem (męskie)";"SET - Spodnie treningowe";"SIKSILK SET - Spodnie treningowe";223.00;PLN;159.00;319.00;"100% bawełna";;"Kolor jednolity";Regular;Prosty;;SIF22O1AB-Q12;;"Krótki rękaw";;https://www.zalando.pl/siksilk-set-szorty-black-sif22o1ab-q12.html;15;zalando.pl;"2026-04-13 17:00:31.206+00";"2026-04-13 17:00:31.324026+00"
551;"Koszulki z krótkim rękawem (męskie)";"CORE - Top";"ASICS CORE - Top";107.00;PLN;107.00;119.00;"100% poliester";;"Kolor jednolity";Regular;Prosty;Okrągły;AS142D0DJ-Q11;Standardowa;"Bez rękawów";;https://www.zalando.pl/asics-core-singlet-top-performance-black-as142d0dj-q11.html;15;zalando.pl;"2026-04-13 17:00:01.234+00";"2026-04-13 17:00:01.337454+00"
550;"Koszulki z krótkim rękawem (męskie)";"5 PACK - T-shirt basic";"Pier One 5 PACK - T-shirt basic";179.00;PLN;30.00;129.00;"100% bawełna";;"Kolor jednolity";Regular;Prosty;Okrągły;PI922O0TV-Q12;Długa;"Krótki rękaw";;https://www.zalando.pl/pier-one-5-pack-t-shirt-basic-true-black-pi922o0tv-q12.html;15;zalando.pl;"2026-04-13 16:59:30.366+00";"2026-04-13 16:59:30.494947+00"
549;"Koszulki z krótkim rękawem (męskie)";"T-shirt z nadrukiem";"Helly Hansen T-shirt z nadrukiem";129.00;PLN;30.00;229.00;"100% bawełna";;Nadruk;Regular;Prosty;Okrągły;HE642D01S-Q11;Długa;"Krótki rękaw";;https://www.zalando.pl/helly-hansen-box-t-shirt-z-nadrukiem-black-he642d01s-q11.html;15;zalando.pl;"2026-04-13 16:59:00.356+00";"2026-04-13 16:59:00.495823+00"
548;"Koszulki z krótkim rękawem (męskie)";"- Koszulka polo";"THE SET - Koszulka polo";252.00;PLN;30.00;169.00;"100% bawełna";;"Kolor jednolity";Regular;Prosty;"Wycięcie typu V";TD322Q00C-B11;Standardowa;"Krótki rękaw";;https://www.zalando.pl/the-set-koszulka-polo-aqua-cream-td322q00c-b11.html;15;zalando.pl;"2026-04-13 16:58:36.369+00";"2026-04-13 16:58:36.52108+00"
547;"Koszulki z krótkim rękawem (męskie)";"- T-shirt basic";"FALKE - T-shirt basic";299.00;PLN;30.00;219.00;"100% bawełna";;"Kolor jednolity";Regular;Prosty;Okrągły;FA122O00E-K11;Standardowa;"Krótki rękaw";;https://www.zalando.pl/falke-t-shirt-basic-space-blue-6116-fa122o00e-k11.html;15;zalando.pl;"2026-04-13 16:58:09.831+00";"2026-04-13 16:58:09.931119+00"
546;"Koszulki z krótkim rękawem (męskie)";"- Bluzka z długim rękawem";"Hummel - Bluzka z długim rękawem";162.90;PLN;181.00;;"92% poliester, 8% elastan";"92% poliester, 8% elastan";"Kolor jednolity";Slim;Zwężany;Okrągły;HU322O03P-Q11;Standardowa;"Długi rękaw";;https://www.zalando.pl/hummel-bluzka-z-dlugim-rekawem-black-hu322o03p-q11.html;15;zalando.pl;"2026-04-13 16:57:34.225+00";"2026-04-13 16:57:34.326558+00"
545;"Koszulki z krótkim rękawem (męskie)";"- Koszulka polo";"Fila - Koszulka polo";296.11;PLN;30.00;129.99;"100% bawełna";;"Kolor jednolity";Regular;Prosty;;1FI22O08N-J11;Standardowa;"Krótki rękaw";;https://www.zalando.pl/fila-biella-regular-tipped-koszulka-polo-mellow-rose-1fi22o08n-j11.html;15;zalando.pl;"2026-04-13 16:56:46.631+00";"2026-04-13 16:56:46.904634+00"
544;"Koszulki z krótkim rękawem (męskie)";"- Koszulka sportowa";"adidas Performance - Koszulka sportowa";161.00;PLN;161.00;179.00;"81% poliester, 14% lyocell, 5% elastan";"81% poliester, 14% lyocell, 5% elastan";"Kolor jednolity";Regular;Prosty;Okrągły;AD542D5I3-Q11;Długa;"Krótki rękaw";;https://www.zalando.pl/adidas-performance-designed-for-training-workout-t-shirt-basic-black-ad542d5i3-q11.html;15;zalando.pl;"2026-04-13 16:55:56.431+00";"2026-04-13 16:55:56.674899+00"
543;"Koszulki z krótkim rękawem (męskie)";"- T-shirt z nadrukiem";"Lacoste - T-shirt z nadrukiem";287.00;PLN;287.00;319.00;"100% bawełna";;Nadruk;Regular;Prosty;Okrągły;LA222O0IE-A11;Standardowa;"Krótki rękaw";;https://www.zalando.pl/lacoste-t-shirt-z-nadrukiem-white-la222o0ie-a11.html;15;zalando.pl;"2026-04-13 16:55:25.826+00";"2026-04-13 16:55:25.930314+00"
542;"Koszulki z krótkim rękawem (męskie)";"- T-shirt z nadrukiem";"Bershka - T-shirt z nadrukiem";59.90;PLN;30.00;519.00;"100% bawełna";;Melanż;"Loose fit";Prosty;Okrągły;BEJ21D2HJ-C11;Standardowa;"Bardzo krótki rękawek";;https://www.zalando.pl/bershka-t-shirt-basic-dark-grey-bej21d2hj-c11.html;15;zalando.pl;"2026-04-13 16:54:40.249+00";"2026-04-13 16:54:40.348925+00"
541;"Koszulki z krótkim rękawem (męskie)";"KAI - T-shirt z nadrukiem";"Lonsdale KAI - T-shirt z nadrukiem";79.00;PLN;30.00;129.00;"100% bawełna";;Nadruk;Regular;Prosty;Okrągły;L2G22O01C-C11;Standardowa;"Krótki rękaw";;https://www.zalando.pl/lonsdale-normale-passform-logo-kai-t-shirt-z-nadrukiem-anthracite-black-l2g22o01c-c11.html;15;zalando.pl;"2026-04-13 16:54:06.542+00";"2026-04-13 16:54:06.771272+00"
540;"Koszulki z krótkim rękawem (męskie)";"- T-shirt z nadrukiem";"Nike Sportswear - T-shirt z nadrukiem";104.00;PLN;97.00;149.00;"100% bawełna";;Nadruk;Regular;Prosty;Okrągły;NI122O199-Q11;Standardowa;"Krótki rękaw";;https://www.zalando.pl/nike-sportswear-tee-love-in-air-t-shirt-z-nadrukiem-black-ni122o199-q11.html;15;zalando.pl;"2026-04-13 16:53:19.231+00";"2026-04-13 16:53:19.332946+00"
539;"Koszulki z krótkim rękawem (męskie)";"- T-shirt z nadrukiem";"Lonsdale - T-shirt z nadrukiem";79.00;PLN;30.00;118.00;"100% bawełna";;Nadruk;Regular;Prosty;Okrągły;L2G22O019-K11;Standardowa;"Krótki rękaw";;https://www.zalando.pl/lonsdale-lonsdale-t-shirt-z-nadrukiem-navy-l2g22o019-k11.html;15;zalando.pl;"2026-04-13 16:52:56.126+00";"2026-04-13 16:52:56.22624+00"
538;"Koszulki z krótkim rękawem (męskie)";"PASSERBY - Koszulka polo";"BOSS PASSERBY - Koszulka polo";287.00;PLN;287.00;479.00;"95% bawełna, 5% elastan";;"Kolor jednolity";Regular;Prosty;"Typu Henley";BB122P0S8-K11;Długa;"Długi rękaw";;https://www.zalando.pl/boss-passerby-bluzka-z-dlugim-rekawem-dark-blue-bb122p0s8-k11.html;15;zalando.pl;"2026-04-13 16:52:27.143+00";"2026-04-13 16:52:27.245825+00"
537;"Koszulki z krótkim rękawem (męskie)";"JORBERKELEY - T-shirt z nadrukiem";"Jack &amp; Jones JORBERKELEY - T-shirt z nadrukiem";71.00;PLN;71.00;109.00;"100% bawełna";;Nadruk;"Regular Fit";Prosty;Okrągły;JA222O6A7-K11;Standardowa;"Krótki rękaw";;https://www.zalando.pl/jack-and-jones-jorberkeley-tee-t-shirt-z-nadrukiem-medieval-blue-ja222o6a7-k11.html;15;zalando.pl;"2026-04-13 16:51:35.77+00";"2026-04-13 16:51:35.924305+00"
536;"Koszulki z krótkim rękawem (męskie)";"NBA MINNESOTA TIMBERWOLVES ANTHONY EDWARDS - Artykuły klubowe";"Nike Performance NBA MINNESOTA TIMBERWOLVES ANTHONY EDWARDS - Artykuły klubowe";159.00;PLN;30.00;339.00;"100% bawełna";;Nadruk;Regular;Dopasowany;Okrągły;N1242D61A-A11;Standardowa;"Krótki rękaw";;https://www.zalando.pl/nike-performance-nba-minnesota-timberwolves-tee-anthony-edwards-t-shirt-z-nadrukiem-white-n1242d61a-a11.html;15;zalando.pl;"2026-04-13 16:50:51.631+00";"2026-04-13 16:50:51.730921+00"
535;"Koszulki z krótkim rękawem (męskie)";"- T-shirt basic";"Tommy Jeans - T-shirt basic";118.00;PLN;118.00;169.00;"100% bawełna";;"Kolor jednolity";Regular;Prosty;Okrągły;TOB22S0HF-Q11;Standardowa;"Krótki rękaw";;https://www.zalando.pl/tommy-jeans-badge-tee-t-shirt-basic-black-tob22s0hf-q11.html;15;zalando.pl;"2026-04-13 16:50:27.323+00";"2026-04-13 16:50:27.526892+00"
534;"Koszulki z krótkim rękawem (męskie)";"MICKEY CLASSIC FLORAL MICKEY UNISEX - T-shirt z nadrukiem";"Disney MICKEY CLASSIC FLORAL MICKEY UNISEX - T-shirt z nadrukiem";169.99;PLN;30.00;79.00;"100% bawełna";;"W kwiatki";Regular;Prosty;Okrągły;H3A21028Y-Q11;Standardowa;"Krótki rękaw";;https://www.zalando.pl/henry-tiger-t-shirt-z-nadrukiem-black-h3a21028y-q11.html;15;zalando.pl;"2026-04-13 16:49:53.335+00";"2026-04-13 16:49:53.436749+00"
533;"Koszulki z krótkim rękawem (męskie)";"- T-shirt basic";"Diesel - T-shirt basic";531.95;PLN;30.00;329.00;"100% bawełna";;"Kolor jednolity";Slim;Prosty;Okrągły;DI122O0RB-T12;Standardowa;"Krótki rękaw";;https://www.zalando.pl/diesel-t-shirt-basic-schwarz-grau-weiss-di122o0rb-t12.html;15;zalando.pl;"2026-04-13 16:49:12.66+00";"2026-04-13 16:49:12.763877+00"
532;"Koszulki z krótkim rękawem (męskie)";"- Artykuły klubowe";"Nike Performance - Artykuły klubowe";159.00;PLN;30.00;149.00;"100% bawełna";;Nadruk;Regular;Prosty;Okrągły;N1242D72N-K11;Standardowa;"Krótki rękaw";;https://www.zalando.pl/nike-performance-nba-new-york-knicks-jalen-brunson-tee-t-shirt-z-nadrukiem-rush-blue-n1242d72n-k11.html;15;zalando.pl;"2026-04-13 16:48:55.861+00";"2026-04-13 16:48:55.971634+00"
531;"Koszulki z krótkim rękawem (męskie)";"- T-shirt z nadrukiem";"rockshirts - T-shirt z nadrukiem";99.00;PLN;30.00;119.00;"100% bawełna";;Nadruk;Regular;Prosty;Okrągły;R8N22O0KN-Q11;Długa;"Krótki rękaw";;https://www.zalando.pl/rockshirts-t-shirt-z-nadrukiem-black-r8n22o0kn-q11.html;15;zalando.pl;"2026-04-13 16:48:34.167+00";"2026-04-13 16:48:34.337485+00"
530;"Koszulki z krótkim rękawem (męskie)";"- T-shirt z nadrukiem";"s.Oliver - T-shirt z nadrukiem";363.00;PLN;30.00;89.00;"100% bawełna";;Nadruk;Regular;Prosty;Okrągły;SO221D38E-A13;Standardowa;"Krótki rękaw";;https://www.zalando.pl/soliver-5-pack-t-shirt-z-nadrukiem-weiss-gruen-so221d38e-a13.html;15;zalando.pl;"2026-04-13 16:47:43.459+00";"2026-04-13 16:47:43.559698+00"
529;"Koszulki z krótkim rękawem (męskie)";"- T-shirt z nadrukiem";"s.Oliver - T-shirt z nadrukiem";69.99;PLN;30.00;199.00;"100% bawełna";;Nadruk;Regular;Prosty;Okrągły;SO222O2H0-L11;Standardowa;"Krótki rękaw";;https://www.zalando.pl/soliver-t-shirt-t-shirt-z-nadrukiem-tuerkis-so222o2h0-l11.html;15;zalando.pl;"2026-04-13 16:47:25.162+00";"2026-04-13 16:47:25.289278+00"
528;"Koszulki z krótkim rękawem (męskie)";"ONE PIECE ANIME - T-shirt z nadrukiem";"Next ONE PIECE ANIME - T-shirt z nadrukiem";156.00;PLN;30.00;269.00;"100% bawełna";;Nadruk;Regular;Prosty;Okrągły;NX322O1Q7-Q11;Standardowa;"Krótki rękaw";;https://www.zalando.pl/next-regular-fit-one-piece-anime-graphic-t-shirt-z-nadrukiem-black-nx322o1q7-q11.html;14;zalando.pl;"2026-04-13 16:45:55.527+00";"2026-04-13 16:45:55.628317+00"
527;"Koszulki z krótkim rękawem (męskie)";"LUTZY - T-shirt z nadrukiem";"INDICODE JEANS LUTZY - T-shirt z nadrukiem";89.99;PLN;164.99;;"95% bawełna, 5% elastan";;"Kolor jednolity";Regular;Prosty;Okrągły;IJ022O069-Q11;Standardowa;"Krótki rękaw";;https://www.zalando.pl/indicode-jeans-lutzy-t-shirt-z-nadrukiem-black-ij022o069-q11.html;14;zalando.pl;"2026-04-13 16:45:37.329+00";"2026-04-13 16:45:37.431949+00"
526;"Koszulki z krótkim rękawem (męskie)";"- T-shirt z nadrukiem";"Henry Tiger - T-shirt z nadrukiem";179.99;PLN;30.00;189.99;"100% bawełna";;Nadruk;Regular;Prosty;Okrągły;H3A22O8C2-A11;Standardowa;"Krótki rękaw";;https://www.zalando.pl/henry-tiger-t-shirt-z-nadrukiem-off-white-h3a22o8c2-a11.html;14;zalando.pl;"2026-04-13 16:45:19.536+00";"2026-04-13 16:45:19.639539+00"
525;"Koszulki z krótkim rękawem (męskie)";"- T-shirt z nadrukiem";"EA7 Emporio Armani - T-shirt z nadrukiem";319.00;PLN;30.00;319.00;"100% bawełna";;Nadruk;Regular;Prosty;Okrągły;EA722O0BO-Q11;Standardowa;"Krótki rękaw";;https://www.zalando.pl/ea7-emporio-armani-t-shirt-z-nadrukiem-blackgold-ea722o0bo-q11.html;14;zalando.pl;"2026-04-13 16:44:35.867+00";"2026-04-13 16:44:36.017862+00"
524;"Koszulki z krótkim rękawem (męskie)";"- T-shirt basic";"Polo Ralph Lauren Big &amp; Tall - T-shirt basic";419.00;PLN;30.00;339.00;"100% bawełna";;"Kolor jednolity";Regular;Prosty;Okrągły;P6222O010-G12;Długa;"Krótki rękaw";;https://www.zalando.pl/polo-ralph-lauren-big-and-tall-short-sleeve-t-shirt-basic-polo-black-p6222o010-g12.html;14;zalando.pl;"2026-04-13 16:44:02.641+00";"2026-04-13 16:44:02.744048+00"
523;"Koszulki z krótkim rękawem (męskie)";"HERITAGE - T-shirt z nadrukiem";"Karl Kani HERITAGE - T-shirt z nadrukiem";139.00;PLN;30.00;129.00;"100% bawełna";;Nadruk;"Loose fit";Prosty;Okrągły;KK122O0G8-O11;Długa;Półrękawek;;https://www.zalando.pl/karl-kani-heritage-89-oversized-t-shirt-t-shirt-z-nadrukiem-dark-brown-kk122o0g8-o11.html;14;zalando.pl;"2026-04-13 16:43:30.064+00";"2026-04-13 16:43:31.170599+00"
522;"Koszulki z krótkim rękawem (męskie)";"- Bluzka z długim rękawem";"Pier One - Bluzka z długim rękawem";46.00;PLN;42.00;84.00;"80% bawełna, 20% poliester";;"Kolor jednolity";Regular;Prosty;Okrągły;PI922O0GT-K13;Standardowa;"Długi rękaw";;https://www.zalando.pl/pier-one-2-pack-bluzka-z-dlugim-rekawem-mottled-dark-bluemottled-bordeaux-pi922o0gt-k13.html;14;zalando.pl;"2026-04-13 16:43:04.331+00";"2026-04-13 16:43:04.660793+00"
521;"Koszulki z krótkim rękawem (męskie)";"PARIS SAINT-GERMAIN - Artykuły klubowe";"Nike Performance PARIS SAINT-GERMAIN - Artykuły klubowe";339.00;PLN;30.00;429.00;"100% poliester";;Nadruk;Regular;Dopasowany;Okrągły;N1242D7OB-I11;Standardowa;"Długi rękaw";;https://www.zalando.pl/nike-performance-paris-saint-germain-bluzka-z-dlugim-rekawem-medium-grey-n1242d7ob-i11.html;14;zalando.pl;"2026-04-13 16:42:29.661+00";"2026-04-13 16:42:29.765464+00"
520;"Koszulki z krótkim rękawem (męskie)";"FLYING FISH - T-shirt z nadrukiem";"Patagonia FLYING FISH - T-shirt z nadrukiem";199.00;PLN;30.00;119.00;"50% bawełna, 50% poliester";;Nadruk;Regular;Prosty;Okrągły;PA942D03K-A11;Standardowa;"Krótki rękaw";;https://www.zalando.pl/patagonia-flying-fish-responsibili-tee-t-shirt-z-nadrukiem-white-pa942d03k-a11.html;14;zalando.pl;"2026-04-13 16:41:36.956+00";"2026-04-13 16:41:37.058991+00"
519;"Koszulki z krótkim rękawem (męskie)";"BH3Pack - T-shirt z nadrukiem";"Blend BH3Pack - T-shirt z nadrukiem";122.00;PLN;144.00;189.00;"100% bawełna";;Nadruk;Regular;Prosty;Okrągły;BL522O0EX-T12;Standardowa;"Krótki rękaw";;https://www.zalando.pl/blend-t-shirt-z-nadrukiem-mix-colors-bl522o0ex-t12.html;14;zalando.pl;"2026-04-13 16:40:53.422+00";"2026-04-13 16:40:54.593912+00"
518;"Koszulki z krótkim rękawem (męskie)";"SEAGULL - T-shirt z nadrukiem";"Mister Tee SEAGULL - T-shirt z nadrukiem";79.00;PLN;30.00;99.00;"100% bawełna";;Nadruk;Regular;Prosty;Okrągły;M0M22O0Z2-M12;Długa;"Krótki rękaw";;https://www.zalando.pl/mister-tee-seagull-t-shirt-z-nadrukiem-bottlegreen-m0m22o0z2-m12.html;14;zalando.pl;"2026-04-13 16:40:26.747+00";"2026-04-13 16:40:27.87219+00"
517;"Koszulki z krótkim rękawem (męskie)";"NAGA - T-shirt z nadrukiem";"Venum NAGA - T-shirt z nadrukiem";129.00;PLN;30.00;99.00;"100% bawełna";;Nadruk;Regular;Prosty;Okrągły;V2T42D061-Q11;Standardowa;"Krótki rękaw";;https://www.zalando.pl/venum-naga-t-shirt-z-nadrukiem-black-v2t42d061-q11.html;14;zalando.pl;"2026-04-13 16:40:04.763+00";"2026-04-13 16:40:04.884339+00"
516;"Koszulki z krótkim rękawem (męskie)";"- Bluzka z długim rękawem";"Pier One - Bluzka z długim rękawem";127.00;PLN;127.00;169.00;"100% bawełna";;Melanż;Regular;Prosty;Okrągły;PI922O0RB-Q12;Standardowa;"Długi rękaw";;https://www.zalando.pl/pier-one-5-pack-bluzka-z-dlugim-rekawem-blackdark-bluestone-pi922o0rb-q12.html;14;zalando.pl;"2026-04-13 16:39:12.935+00";"2026-04-13 16:39:14.049264+00"
515;"Koszulki z krótkim rękawem (męskie)";"UNISEX - T-shirt z nadrukiem";"Les Benjamins UNISEX - T-shirt z nadrukiem";379.00;PLN;30.00;289.00;"100% bawełna";;Nadruk;"Loose fit";Prosty;Okrągły;LBF21006A-A11;Standardowa;Półrękawek;;https://www.zalando.pl/les-benjamins-sleeve-tee-unisex-t-shirt-z-nadrukiem-white-lbf21006a-a11.html;14;zalando.pl;"2026-04-13 16:38:42.655+00";"2026-04-13 16:38:43.877961+00"
514;"Koszulki z krótkim rękawem (męskie)";"- T-shirt z nadrukiem";"adidas Originals - T-shirt z nadrukiem";97.00;PLN;134.00;149.00;"100% bawełna";;Nadruk;Regular;Prosty;Okrągły;AD122O19K-Q11;Standardowa;"Krótki rękaw";;https://www.zalando.pl/adidas-originals-stripes-ringer-tee-t-shirt-z-nadrukiem-black-ad122o19k-q11.html;14;zalando.pl;"2026-04-13 16:37:50.425+00";"2026-04-13 16:37:50.524233+00"
513;"Koszulki z krótkim rękawem (męskie)";"PASSERTIP - Koszulka polo";"BOSS PASSERTIP - Koszulka polo";359.00;PLN;205.00;409.00;"95% bawełna, 5% elastan";;"Kolor jednolity";Regular;Prosty;;BB122O1DV-C12;Standardowa;"Krótki rękaw";;https://www.zalando.pl/boss-passertip-koszulka-polo-open-grey-bb122o1dv-c12.html;14;zalando.pl;"2026-04-13 16:37:21.264+00";"2026-04-13 16:37:21.568649+00"
512;"Koszulki z krótkim rękawem (męskie)";"UNISEX - T-shirt z nadrukiem";"YOURTURN UNISEX - T-shirt z nadrukiem";55.00;PLN;28.00;69.00;"100% bawełna";;Nadruk;"Loose fit";Prosty;;YO12101H3-Q11;Długa;Półrękawek;;https://www.zalando.pl/yourturn-unisex-t-shirt-z-nadrukiem-black-yo12101h3-q11.html;14;zalando.pl;"2026-04-13 16:36:54.362+00";"2026-04-13 16:36:55.493006+00"
511;"Koszulki z krótkim rękawem (męskie)";"- T-shirt z nadrukiem";"adidas Originals - T-shirt z nadrukiem";112.00;PLN;134.00;149.00;"100% bawełna";;Nadruk;Regular;Prosty;Okrągły;AD122O19K-A11;Standardowa;"Krótki rękaw";;https://www.zalando.pl/adidas-originals-stripes-ringer-tee-t-shirt-z-nadrukiem-white-ad122o19k-a11.html;14;zalando.pl;"2026-04-13 16:36:17.644+00";"2026-04-13 16:36:17.751171+00"
510;"Koszulki z krótkim rękawem (męskie)";"- T-shirt z nadrukiem";"Mister Tee - T-shirt z nadrukiem";82.00;PLN;79.00;99.00;"100% bawełna";"100% bawełna";Nadruk;Nadwymiarowy;Prosty;Okrągły;M0M22O1P1-A11;Standardowa;"Krótki rękaw";;https://www.zalando.pl/mister-tee-t-shirt-z-nadrukiem-white-m0m22o1p1-a11.html;14;zalando.pl;"2026-04-13 16:35:54.937+00";"2026-04-13 16:35:55.274755+00"
509;"Koszulki z krótkim rękawem (męskie)";"- T-shirt z nadrukiem";"YOURTURN - T-shirt z nadrukiem";69.00;PLN;30.00;84.00;"100% bawełna";;Nadruk;"Loose fit";Prosty;Okrągły;YO1210103-O11;Długa;"Krótki rękaw";;https://www.zalando.pl/yourturn-unisex-t-shirt-z-nadrukiem-brown-yo1210103-o11.html;14;zalando.pl;"2026-04-13 16:35:28.167+00";"2026-04-13 16:35:28.389417+00"
508;"Koszulki z krótkim rękawem (męskie)";"- T-shirt z nadrukiem";"Nike Sportswear - T-shirt z nadrukiem";99.00;PLN;30.00;99.00;"100% bawełna";;Nadruk;Regular;Prosty;Okrągły;NI122O158-Q11;Standardowa;"Krótki rękaw";;https://www.zalando.pl/nike-sportswear-tee-fran-verbiage-t-shirt-z-nadrukiem-black-ni122o158-q11.html;14;zalando.pl;"2026-04-13 16:34:53.391+00";"2026-04-13 16:34:54.616907+00"
507;"Koszulki z krótkim rękawem (męskie)";"TIRO24 - Koszulka sportowa";"adidas Performance TIRO24 - Koszulka sportowa";109.00;PLN;30.00;99.00;"100% poliester";;"W paski";Regular;Prosty;Okrągły;AD542D545-Q11;Standardowa;"Krótki rękaw";;https://www.zalando.pl/adidas-performance-t-shirt-z-nadrukiem-black-white-ad542d545-q11.html;14;zalando.pl;"2026-04-13 16:34:03.738+00";"2026-04-13 16:34:04.007512+00"
506;"Koszulki z krótkim rękawem (męskie)";"- T-shirt basic";"The North Face - T-shirt basic";119.00;PLN;30.00;139.00;"100% bawełna";;"Kolor jednolity";Regular;Prosty;Okrągły;TH342D0AA-C13;Standardowa;"Krótki rękaw";;https://www.zalando.pl/the-north-face-t-shirt-basic-clay-greytnf-black-th342d0aa-c13.html;14;zalando.pl;"2026-04-13 16:33:35.756+00";"2026-04-13 16:33:36.161202+00"
505;"Koszulki z krótkim rękawem (męskie)";"UNISEX - T-shirt z nadrukiem";"Lacoste UNISEX - T-shirt z nadrukiem";359.00;PLN;30.00;269.00;"100% bawełna";;Nadruk;Regular;Prosty;Okrągły;LA221005H-Q11;Standardowa;"Krótki rękaw";;https://www.zalando.pl/lacoste-unisex-t-shirt-z-nadrukiem-buffle-la221005h-q11.html;14;zalando.pl;"2026-04-13 16:14:36.744+00";"2026-04-13 16:14:36.858571+00"
504;"Koszulki z krótkim rękawem (męskie)";"- T-shirt basic";"Pier One Sport - T-shirt basic";55.00;PLN;82.00;109.00;"100% poliester";;"Kolor jednolity";Regular;Prosty;Okrągły;PHZ42D007-Q14;Standardowa;"Krótki rękaw";;https://www.zalando.pl/pier-one-sport-2-pack-t-shirt-basic-blackred-phz42d007-q14.html;13;zalando.pl;"2026-04-13 16:13:20.7+00";"2026-04-13 16:13:20.818335+00"
503;"Koszulki z krótkim rękawem (męskie)";"- T-shirt z nadrukiem";"s.Oliver - T-shirt z nadrukiem";363.00;PLN;30.00;149.00;"100% bawełna";;Nadruk;Regular;Prosty;Okrągły;SO221D38E-A12;Standardowa;"Krótki rękaw";;https://www.zalando.pl/soliver-5-pack-t-shirt-z-nadrukiem-weiss-blau-so221d38e-a12.html;13;zalando.pl;"2026-04-13 16:12:37.458+00";"2026-04-13 16:12:37.56463+00"
502;"Koszulki z krótkim rękawem (męskie)";"ESSENTIALS - Koszulka sportowa";"adidas Performance ESSENTIALS - Koszulka sportowa";89.00;PLN;89.00;99.00;"100% poliester";;"Kolor jednolity";Regular;Prosty;Okrągły;AD542D68K-A11;Standardowa;"Krótki rękaw";;https://www.zalando.pl/adidas-performance-workout-essentials-base-koszulka-sportowa-white-ad542d68k-a11.html;13;zalando.pl;"2026-04-13 16:12:10.922+00";"2026-04-13 16:12:11.230029+00"
501;"Koszulki z krótkim rękawem (męskie)";"BETOVA - Koszulka polo";"Solid BETOVA - Koszulka polo";149.00;PLN;30.00;129.99;"100% bawełna";;"Kolor jednolity";Regular;Prosty;;SO422O0DX-K11;Standardowa;"Krótki rękaw";;https://www.zalando.pl/solid-betova-koszulka-polo-insignia-blue-so422o0dx-k11.html;13;zalando.pl;"2026-04-13 16:11:20.449+00";"2026-04-13 16:11:21.571805+00"
500;"Koszulki z krótkim rękawem (męskie)";"- T-shirt z nadrukiem";"Nike Sportswear - T-shirt z nadrukiem";161.00;PLN;179.00;;"100% poliester";;Nadruk;Regular;Prosty;Okrągły;NI122O16U-C11;Standardowa;"Krótki rękaw";;https://www.zalando.pl/nike-sportswear-tee-t-shirt-z-nadrukiem-dark-smoke-greysmoke-grey-ni122o16u-c11.html;13;zalando.pl;"2026-04-13 16:10:51.084+00";"2026-04-13 16:10:51.197081+00"
499;"Koszulki z krótkim rękawem (męskie)";"- T-shirt z nadrukiem";"SIKSILK - T-shirt z nadrukiem";163.00;PLN;183.00;204.00;"95% bawełna, 5% elastan";;"Kolor jednolity";Slim;Prosty;Okrągły;SIF22O1DM-A11;Standardowa;"Krótki rękaw";;https://www.zalando.pl/siksilk-tech-t-shirt-basic-white-sif22o1dm-a11.html;13;zalando.pl;"2026-04-13 15:53:41.039+00";"2026-04-13 15:53:41.149716+00"
498;"Koszulki z krótkim rękawem (męskie)";"- T-shirt z nadrukiem";"Tommy Jeans - T-shirt z nadrukiem";112.00;PLN;75.00;149.00;"100% bawełna";;Nadruk;Regular;Prosty;Okrągły;TOB22O0WC-K11;Standardowa;"Krótki rękaw";;https://www.zalando.pl/tommy-jeans-signature-t-shirt-z-nadrukiem-dark-night-navy-tob22o0wc-k11.html;13;zalando.pl;"2026-04-13 15:53:05.998+00";"2026-04-13 15:53:07.143073+00"
497;"Koszulki z krótkim rękawem (męskie)";"ARJUN - T-shirt basic";"U.S. Polo Assn. ARJUN - T-shirt basic";81.99;PLN;150.00;;"100% bawełna";;"Kolor jednolity";;Prosty;Okrągły;US222O00S-G11;Standardowa;"Krótki rękaw";;https://www.zalando.pl/us-polo-assn-t-shirt-basic-jester-red-us222o00s-g11.html;13;zalando.pl;"2026-04-13 15:52:28.732+00";"2026-04-13 15:52:28.84469+00"
496;"Koszulki z krótkim rękawem (męskie)";"- T-shirt basic";"Levi&#x27;s® - T-shirt basic";109.00;PLN;30.00;211.99;"100% bawełna";;"Kolor jednolity";Regular;Prosty;Okrągły;LE2210035-J12;Standardowa;"Krótki rękaw";;https://www.zalando.pl/levis-original-tee-t-shirt-basic-woodrose-le2210035-j12.html;13;zalando.pl;"2026-04-13 15:51:46.035+00";"2026-04-13 15:51:47.176558+00"
495;"Koszulki z krótkim rękawem (męskie)";"- T-shirt basic";"GANT - T-shirt basic";179.00;PLN;159.00;199.00;"100% bawełna";;"Kolor jednolity";Regular;Prosty;Okrągły;GA322O06A-K12;Standardowa;"Krótki rękaw";;https://www.zalando.pl/gant-reg-shield-ss-t-shirt-z-nadrukiem-evening-blue-ga322o06a-k12.html;13;zalando.pl;"2026-04-13 15:50:46.793+00";"2026-04-13 15:50:48.332019+00"
494;"Koszulki z krótkim rękawem (męskie)";"- T-shirt z nadrukiem";"Mister Tee - T-shirt z nadrukiem";55.00;PLN;49.00;79.00;"100% bawełna";"100% bawełna";Nadruk;Regular;Prosty;Okrągły;M0M22O1GY-Q11;Długa;"Krótki rękaw";;https://www.zalando.pl/mister-tee-t-shirt-z-nadrukiem-black-m0m22o1gy-q11.html;13;zalando.pl;"2026-04-13 15:50:01.14+00";"2026-04-13 15:50:01.290284+00"
493;"Koszulki z krótkim rękawem (męskie)";"- T-shirt z nadrukiem";"The Kooples - T-shirt z nadrukiem";429.00;PLN;30.00;429.00;"100% bawełna";;Nadruk;Regular;Prosty;Okrągły;THA22O0BB-A11;Standardowa;"Krótki rękaw";;https://www.zalando.pl/the-kooples-t-shirt-z-nadrukiem-white-tha22o0bb-a11.html;13;zalando.pl;"2026-04-13 15:49:29.67+00";"2026-04-13 15:49:30.859468+00"
492;"Koszulki z krótkim rękawem (męskie)";"- T-shirt z nadrukiem";"adidas Originals - T-shirt z nadrukiem";64.00;PLN;64.00;159.00;"100% bawełna";;Nadruk;Regular;Prosty;Okrągły;AD122O17A-Q11;Standardowa;"Krótki rękaw";;https://www.zalando.pl/adidas-originals-graphic-t-shirt-z-nadrukiem-black-ad122o17a-q11.html;13;zalando.pl;"2026-04-13 15:48:36.458+00";"2026-04-13 15:48:36.559392+00"
491;"Koszulki z krótkim rękawem (męskie)";"- T-shirt z nadrukiem";"Henry Tiger - T-shirt z nadrukiem";169.99;PLN;30.00;;"100% bawełna";;Nadruk;Regular;Prosty;Okrągły;H3A22O8EL-C11;Standardowa;"Krótki rękaw";;https://www.zalando.pl/henry-tiger-t-shirt-z-nadrukiem-light-charcoal-h3a22o8el-c11.html;13;zalando.pl;"2026-04-13 15:47:52.94+00";"2026-04-13 15:47:54.055431+00"
490;"Koszulki z krótkim rękawem (męskie)";"UNISEX - T-shirt z nadrukiem";"YOURTURN UNISEX - T-shirt z nadrukiem";30.00;PLN;24.00;59.00;"100% bawełna";;Nadruk;"Loose fit";Prosty;Okrągły;YO122O0SF-O11;Długa;Półrękawek;;https://www.zalando.pl/yourturn-t-shirt-z-nadrukiem-light-brown-yo122o0sf-o11.html;13;zalando.pl;"2026-04-13 15:47:19.94+00";"2026-04-13 15:47:21.056781+00"
489;"Koszulki z krótkim rękawem (męskie)";"UNISEX - T-shirt basic";"YOURTURN UNISEX - T-shirt basic";54.00;PLN;30.00;179.00;"95% bawełna, 5% elastan";;"Kolor jednolity";"Loose fit";Prosty;Okrągły;YO12101SC-J11;Standardowa;Półrękawek;;https://www.zalando.pl/yourturn-unisex-t-shirt-basic-roseate-spoonbill-yo12101sc-j11.html;13;zalando.pl;"2026-04-13 15:46:50.957+00";"2026-04-13 15:46:51.057133+00"
488;"Koszulki z krótkim rękawem (męskie)";"- T-shirt basic";"BOSS - T-shirt basic";149.00;PLN;249.00;;"100% bawełna";;"Kolor jednolity";Regular;Prosty;Okrągły;BB122O0ZN-A11;Standardowa;"Krótki rękaw";;https://www.zalando.pl/boss-tales-t-shirt-basic-white-zer-bb122o0zn-a11.html;13;zalando.pl;"2026-04-13 15:46:03.108+00";"2026-04-13 15:46:04.228574+00"
487;"Koszulki z krótkim rękawem (męskie)";"- Koszulka sportowa";"adidas Performance - Koszulka sportowa";326.00;PLN;30.00;119.00;"100% poliester";;Nadruk;Regular;Prosty;Okrągły;AD542D5B1-A11;Długa;"Krótki rękaw";;https://www.zalando.pl/adidas-performance-run-it-koszulka-sportowa-white-ad542d5b1-a11.html;13;zalando.pl;"2026-04-13 15:45:22.322+00";"2026-04-13 15:45:23.429404+00"
486;"Koszulki z krótkim rękawem (męskie)";"SDCahil - T-shirt z nadrukiem";"Solid SDCahil - T-shirt z nadrukiem";66.00;PLN;62.00;119.00;"100% bawełna";"100% bawełna";"Wzory militarne";Regular;Prosty;Okrągły;SO422O05J-Q11;Standardowa;"Krótki rękaw";;https://www.zalando.pl/solid-cahil-t-shirt-z-nadrukiem-black-grey-so422o05j-q11.html;13;zalando.pl;"2026-04-13 15:44:50.866+00";"2026-04-13 15:44:50.969631+00"
485;"Koszulki z krótkim rękawem (męskie)";"- T-shirt z nadrukiem";"Merchcode - T-shirt z nadrukiem";99.00;PLN;30.00;309.00;"100% bawełna";;Nadruk;Regular;Prosty;Okrągły;MEJ22O1Y7-A11;Standardowa;"Krótki rękaw";;https://www.zalando.pl/merchcode-t-shirt-z-nadrukiem-white-mej22o1y7-a11.html;13;zalando.pl;"2026-04-13 15:44:17.214+00";"2026-04-13 15:44:17.322866+00"
484;"Koszulki z krótkim rękawem (męskie)";"- T-shirt basic";"Carhartt WIP - T-shirt basic";179.00;PLN;30.00;109.00;"100% bawełna";;"Kolor jednolity";"Loose fit";Prosty;Okrągły;C1422O04F-K29;Standardowa;"Krótki rękaw";;https://www.zalando.pl/carhartt-wip-chase-t-shirt-basic-jupiter-c1422o04f-k29.html;13;zalando.pl;"2026-04-13 15:43:30.724+00";"2026-04-13 15:43:30.825795+00"
483;"Koszulki z krótkim rękawem (męskie)";"- Bluzka z długim rękawem";"Pier One - Bluzka z długim rękawem";80.00;PLN;80.00;89.00;"100% bawełna";;"Kolor jednolity";Prosty;;Okrągły;PI922O0GT-A11;Standardowa;"Długi rękaw";;https://www.zalando.pl/pier-one-2-pack-bluzka-z-dlugim-rekawem-pi922o0gt-a11.html;13;zalando.pl;"2026-04-13 15:42:48.051+00";"2026-04-13 15:42:49.154768+00"
482;"Koszulki z krótkim rękawem (męskie)";"- T-shirt basic";"Carhartt WIP - T-shirt basic";179.00;PLN;30.00;139.00;"100% bawełna";;"Kolor jednolity";"Loose fit";Prosty;Okrągły;C1422O04F-Q12;Długa;"Krótki rękaw";;https://www.zalando.pl/carhartt-wip-chase-t-shirt-basic-blackgold-c1422o04f-q12.html;13;zalando.pl;"2026-04-13 15:42:17.462+00";"2026-04-13 15:42:18.59869+00"
481;"Koszulki z krótkim rękawem (męskie)";"- Bluzka z długim rękawem";"Pier One - Bluzka z długim rękawem";101.00;PLN;101.00;169.00;"100% bawełna";;"Kolor jednolity";Regular;Prosty;Okrągły;PI922O0RB-A12;Długa;"Długi rękaw";;https://www.zalando.pl/pier-one-5-pack-bluzka-z-dlugim-rekawem-bluewhitebeigeolive-pi922o0rb-a12.html;13;zalando.pl;"2026-04-13 15:41:52.649+00";"2026-04-13 15:41:52.749268+00"
480;"Koszulki z krótkim rękawem (męskie)";"BHTEE 3-PACK - T-shirt z nadrukiem";"Blend BHTEE 3-PACK - T-shirt z nadrukiem";118.00;PLN;118.00;189.00;"100% bawełna";;Nadruk;Regular;Prosty;Okrągły;BL522O0EV-A11;Standardowa;"Krótki rękaw";;https://www.zalando.pl/blend-3-pack-t-shirt-z-nadrukiem-mix-colors-bl522o0ev-a11.html;13;zalando.pl;"2026-04-13 15:41:14.157+00";"2026-04-13 15:41:15.265912+00"
479;"Koszulki z krótkim rękawem (męskie)";"VIPERA - T-shirt z nadrukiem";"Ellesse VIPERA - T-shirt z nadrukiem";109.00;PLN;30.00;269.00;"100% bawełna";;Nadruk;Regular;Prosty;Okrągły;EL922O0G6-Q11;Długa;"Krótki rękaw";;https://www.zalando.pl/ellesse-vipera-t-shirt-z-nadrukiem-black-el922o0g6-q11.html;13;zalando.pl;"2026-04-13 15:40:22.336+00";"2026-04-13 15:40:22.446778+00"
478;"Koszulki z krótkim rękawem (męskie)";"BHTee - T-shirt z nadrukiem";"Blend BHTee - T-shirt z nadrukiem";60.00;PLN;72.00;89.00;"100% bawełna";;Nadruk;Regular;Prosty;Okrągły;BL522O0EM-K11;Standardowa;"Krótki rękaw";;https://www.zalando.pl/blend-blend-t-shirt-z-nadrukiem-celestial-blue-bl522o0em-k11.html;13;zalando.pl;"2026-04-13 15:39:29.928+00";"2026-04-13 15:39:30.030767+00"
477;"Koszulki z krótkim rękawem (męskie)";"- Koszulka polo";"Lyle &amp; Scott - Koszulka polo";188.00;PLN;215.00;269.00;"98% bawełna, 2% elastan";;"Kolor jednolity";Regular;Prosty;;LY222P02I-K13;Standardowa;"Krótki rękaw";;https://www.zalando.pl/lyle-and-scott-plain-koszulka-polo-navy-ly222p02i-k13.html;13;zalando.pl;"2026-04-13 15:38:37.96+00";"2026-04-13 15:38:39.0773+00"
476;"Koszulki z krótkim rękawem (męskie)";"- T-shirt z nadrukiem";"BOSS - T-shirt z nadrukiem";404.00;PLN;247.00;449.00;"96% bawełna, 4% elastan";;Nadruk;Regular;Prosty;Okrągły;BB122O1CY-Q11;Standardowa;"Krótki rękaw";;https://www.zalando.pl/boss-2-pack-t-shirt-z-nadrukiem-open-miscellaneous-bb122o1cy-q11.html;13;zalando.pl;"2026-04-13 15:38:05.971+00";"2026-04-13 15:38:06.078248+00"
475;"Koszulki z krótkim rękawem (męskie)";"- T-shirt z nadrukiem";"Mister Tee - T-shirt z nadrukiem";49.00;PLN;49.00;79.00;"100% bawełna";"100% bawełna";Nadruk;Regular;Prosty;Okrągły;M0M22O1D8-A11;Długa;"Krótki rękaw";;https://www.zalando.pl/mister-tee-love-fries-t-shirt-z-nadrukiem-white-m0m22o1d8-a11.html;12;zalando.pl;"2026-04-13 15:37:15.463+00";"2026-04-13 15:37:15.563391+00"
474;"Koszulki z krótkim rękawem (męskie)";"YU GI OH - T-shirt z nadrukiem";"Henry Tiger YU GI OH - T-shirt z nadrukiem";109.99;PLN;30.00;139.00;"100% bawełna";"100% bawełna";Nadruk;Regular;Prosty;Okrągły;H3A22O8D8-Q11;Standardowa;"Krótki rękaw";;https://www.zalando.pl/henry-tiger-t-shirt-z-nadrukiem-black-h3a22o8d8-q11.html;12;zalando.pl;"2026-04-13 15:36:37.369+00";"2026-04-13 15:36:37.520299+00"
473;"Koszulki z krótkim rękawem (męskie)";"- T-shirt basic";"Emporio Armani - T-shirt basic";269.00;PLN;30.00;609.00;"100% bawełna";;"Kolor jednolity";Regular;Prosty;Okrągły;EA882T03X-Q11;Standardowa;"Krótki rękaw";;https://www.zalando.pl/emporio-armani-parte-alta-crew-neck-2-pack-t-shirt-basic-blackgrey-ea882t03x-q11.html;12;zalando.pl;"2026-04-13 15:36:18.436+00";"2026-04-13 15:36:19.652927+00"
472;"Koszulki z krótkim rękawem (męskie)";"- T-shirt z nadrukiem";"The North Face - T-shirt z nadrukiem";134.00;PLN;149.00;;"60% bawełna, 40% poliester";;Nadruk;Regular;Prosty;Okrągły;TH322O0EE-A11;Standardowa;"Krótki rękaw";;https://www.zalando.pl/the-north-face-mountain-sketch-regular-short-sleeve-tee-graphic-t-shirt-z-nadrukiem-white-th322o0ee-a11.html;12;zalando.pl;"2026-04-13 15:35:45.272+00";"2026-04-13 15:35:46.440408+00"
471;"Koszulki z krótkim rękawem (męskie)";"DEPRESSO ROUND NECK - T-shirt z nadrukiem";"Mister Tee DEPRESSO ROUND NECK - T-shirt z nadrukiem";70.00;PLN;67.00;79.00;"100% bawełna";;Nadruk;Regular;Prosty;Okrągły;M0M22O13I-Q11;Długa;"Krótki rękaw";;https://www.zalando.pl/mister-tee-t-shirt-z-nadrukiem-black-m0m22o13i-q11.html;12;zalando.pl;"2026-04-13 15:35:07.021+00";"2026-04-13 15:35:07.12469+00"
470;"Koszulki z krótkim rękawem (męskie)";"LE PAPILLON OVERSIZE - T-shirt z nadrukiem";"Upscale by Mister Tee LE PAPILLON OVERSIZE - T-shirt z nadrukiem";79.00;PLN;82.00;99.00;"100% bawełna";;Nadruk;Nadwymiarowy;Prosty;Okrągły;UP7210000-Q11;Długa;"Krótki rękaw";;https://www.zalando.pl/upscale-by-mister-tee-t-shirt-z-nadrukiem-black-up7210000-q11.html;12;zalando.pl;"2026-04-13 15:34:19.834+00";"2026-04-13 15:34:20.962058+00"
469;"Koszulki z krótkim rękawem (męskie)";"- T-shirt z nadrukiem";"Polo Ralph Lauren - T-shirt z nadrukiem";584.00;PLN;487.00;649.00;"100% bawełna";;Nadruk;Regular;Prosty;Okrągły;PO222O0PM-Q11;Standardowa;"Krótki rękaw";;https://www.zalando.pl/polo-ralph-lauren-custom-slim-fit-polo-bear-t-shirt-t-shirt-z-nadrukiem-perfect-turquoise-summer-bear-po222o0pm-q11.html;12;zalando.pl;"2026-04-13 15:33:29.547+00";"2026-04-13 15:33:30.658805+00"
468;"Koszulki z krótkim rękawem (męskie)";"- T-shirt z nadrukiem";"Diesel - T-shirt z nadrukiem";160.00;PLN;229.00;;"100% bawełna";;Nadruk;Regular;Prosty;Okrągły;DI122O0RN-A11;Standardowa;"Krótki rękaw";;https://www.zalando.pl/diesel-adjust-t-shirt-z-nadrukiem-white-di122o0rn-a11.html;12;zalando.pl;"2026-04-13 15:33:00.754+00";"2026-04-13 15:33:00.855812+00"
467;"Koszulki z krótkim rękawem (męskie)";"UNISEX - Top";"Lacoste UNISEX - Top";137.00;PLN;183.00;229.00;"95% bawełna, 5% elastan";;"Kolor jednolity";Slim;Dopasowany;Okrągły;LA221005L-Q11;Standardowa;"Bez rękawów";;https://www.zalando.pl/lacoste-unisex-top-black-la221005l-q11.html;12;zalando.pl;"2026-04-13 15:32:26.629+00";"2026-04-13 15:32:26.76786+00"
466;"Koszulki z krótkim rękawem (męskie)";"- T-shirt basic";"Polo Ralph Lauren - T-shirt basic";377.00;PLN;314.00;419.00;"100% bawełna";;"Kolor jednolity";Regular;Prosty;Okrągły;PO222O0FV-K13;Standardowa;"Krótki rękaw";;https://www.zalando.pl/polo-ralph-lauren-classic-fit-jersey-crewneck-t-shirt-t-shirt-basic-cruise-navy-po222o0fv-k13.html;12;zalando.pl;"2026-04-13 15:31:37.731+00";"2026-04-13 15:31:37.834591+00"
465;"Koszulki z krótkim rękawem (męskie)";"- T-shirt basic";"Urban Classics - T-shirt basic";49.00;PLN;59.00;;"100% bawełna";;"Kolor jednolity";"Loose fit";Prosty;Okrągły;UR622O03J-C11;Standardowa;Półrękawek;;https://www.zalando.pl/urban-classics-t-shirt-basic-grey-ur622o03j-c11.html;12;zalando.pl;"2026-04-13 15:30:58.634+00";"2026-04-13 15:30:59.752275+00"
464;"Koszulki z krótkim rękawem (męskie)";"- Top";"Urban Classics - Top";58.00;PLN;55.00;79.00;"100% bawełna";;"Kolor jednolity";Regular;Prosty;Okrągły;UR622O02G-A11;Standardowa;"Bardzo krótki rękawek";;https://www.zalando.pl/urban-classics-open-edge-sleeveless-tee-top-white-ur622o02g-a11.html;12;zalando.pl;"2026-04-13 15:30:17.162+00";"2026-04-13 15:30:17.330859+00"
463;"Koszulki z krótkim rękawem (męskie)";"2 PACK - T-shirt basic";"Pier One 2 PACK - T-shirt basic";53.00;PLN;47.00;59.00;"100% bawełna";;"Kolor jednolity";Prosty;;"Wycięcie typu V";PI982AA01-A12;Standardowa;"Krótki rękaw";;https://www.zalando.pl/pier-one-2-pack-t-shirt-basic-pi982aa01-a12.html;12;zalando.pl;"2026-04-13 15:26:27.468+00";"2026-04-13 15:26:27.622045+00"
462;"Koszulki z krótkim rękawem (męskie)";"- T-shirt z nadrukiem";"Merchcode - T-shirt z nadrukiem";64.00;PLN;58.00;119.00;"100% bawełna";"100% bawełna";Nadruk;"Loose fit";Prosty;Okrągły;MEJ22O1LA-M11;Długa;"Krótki rękaw";;https://www.zalando.pl/merchcode-t-shirt-z-nadrukiem-green-mej22o1la-m11.html;12;zalando.pl;"2026-04-13 15:26:03.442+00";"2026-04-13 15:26:03.543037+00"
461;"Koszulki z krótkim rękawem (męskie)";"CAT (CF SMALL CAT) - Koszulka sportowa";"Puma CAT (CF SMALL CAT) - Koszulka sportowa";89.00;PLN;79.00;99.00;"100% poliester";;Melanż;Slim;Dopasowany;Okrągły;PU142D2O6-M11;Standardowa;"Krótki rękaw";;https://www.zalando.pl/puma-tad-essentials-heather-cat-tee-koszulka-sportowa-loden-green-heather-pu142d2o6-m11.html;12;zalando.pl;"2026-04-13 15:25:35.849+00";"2026-04-13 15:25:36.965779+00"
460;"Koszulki z krótkim rękawem (męskie)";"FA CZECH REPUBLIC AWAY - Koszulka reprezentacji";"Puma FA CZECH REPUBLIC AWAY - Koszulka reprezentacji";329.00;PLN;30.00;379.00;"100% poliester";;Nadruk;Regular;Dopasowany;Okrągły;PU142D366-A11;Standardowa;"Krótki rękaw";;https://www.zalando.pl/puma-fa-czech-republic-away-replica-koszulka-sportowa-whitematte-gold-coloured-pu142d366-a11.html;12;zalando.pl;"2026-04-13 15:25:08.351+00";"2026-04-13 15:25:08.686808+00"
459;"Koszulki z krótkim rękawem (męskie)";"- T-shirt basic";"The North Face - T-shirt basic";107.00;PLN;119.00;;"60% bawełna, 40% poliester";;"Kolor jednolity";Regular;Prosty;Okrągły;TH342D0AA-I11;Standardowa;"Krótki rękaw";;https://www.zalando.pl/the-north-face-evolution-simple-dome-regular-short-sleeve-tee-t-shirt-basic-endless-dusk-th342d0aa-i11.html;12;zalando.pl;"2026-04-13 15:24:21.076+00";"2026-04-13 15:24:21.329454+00"
458;"Koszulki z krótkim rękawem (męskie)";"- T-shirt basic";"Jack &amp; Jones - T-shirt basic";254.00;PLN;30.00;189.00;"100% bawełna";;"Kolor jednolity";Regular;Prosty;Okrągły;JA222O6OX-T11;Standardowa;"Krótki rękaw";;https://www.zalando.pl/jack-and-jones-4-pack-t-shirt-basic-schwarz-weiss-ja222o6ox-t11.html;12;zalando.pl;"2026-04-13 15:23:50.162+00";"2026-04-13 15:23:50.289914+00"
457;"Koszulki z krótkim rękawem (męskie)";"UNISEX - T-shirt basic";"YOURTURN UNISEX - T-shirt basic";40.00;PLN;40.00;79.00;"100% bawełna";;Melanż;Nadwymiarowy;Prosty;;YO12100KP-C11;Długa;Półrękawek;;https://www.zalando.pl/yourturn-t-shirt-basic-mottled-dark-grey-yo12100kp-c11.html;12;zalando.pl;"2026-04-13 15:23:19.844+00";"2026-04-13 15:23:19.994588+00"
456;"Koszulki z krótkim rękawem (męskie)";"Koszulka sportowa";"Nike Performance Koszulka sportowa";127.00;PLN;111.00;159.00;"90% poliester, 10% elastan";;"Kolor jednolity";Slim;Dopasowany;Okrągły;N1242I04E-C11;Standardowa;"Krótki rękaw";;https://www.zalando.pl/nike-performance-tight-koszulka-sportowa-smoke-greyblack-n1242i04e-c11.html;12;zalando.pl;"2026-04-13 15:22:44.063+00";"2026-04-13 15:22:44.5604+00"
455;"Koszulki z krótkim rękawem (męskie)";"- T-shirt z nadrukiem";"Armani Exchange - T-shirt z nadrukiem";199.00;PLN;30.00;179.00;"100% bawełna";;Nadruk;Slim;Prosty;Okrągły;ARC22O0OV-A11;Standardowa;"Krótki rękaw";;https://www.zalando.pl/armani-exchange-t-shirt-z-nadrukiem-white-arc22o0ov-a11.html;12;zalando.pl;"2026-04-13 15:22:03.953+00";"2026-04-13 15:22:04.061175+00"
454;"Koszulki z krótkim rękawem (męskie)";"- Koszulka polo";"Polo Ralph Lauren - Koszulka polo";609.00;PLN;30.00;699.00;"100% bawełna";;"Kolor jednolity";Slim;Dopasowany;;PO222P00X-Q19;Standardowa;"Krótki rękaw";;https://www.zalando.pl/polo-ralph-lauren-slim-fit-polo-shirt-koszulka-polo-sunfish-yellow-po222p00x-q19.html;12;zalando.pl;"2026-04-13 15:21:16.422+00";"2026-04-13 15:21:17.536127+00"
453;"Koszulki z krótkim rękawem (męskie)";"- T-shirt basic";"adidas Originals - T-shirt basic";125.00;PLN;134.00;179.00;"100% bawełna";;"Kolor jednolity";Regular;Prosty;Okrągły;AD122O19Q-Q11;Standardowa;"Krótki rękaw";;https://www.zalando.pl/adidas-originals-cutline-tee-t-shirt-basic-black-ad122o19q-q11.html;12;zalando.pl;"2026-04-13 15:20:22.26+00";"2026-04-13 15:20:23.361185+00"
452;"Koszulki z krótkim rękawem (męskie)";"- T-shirt basic";"Pier One - T-shirt basic";32.00;PLN;32.00;49.00;"100% bawełna";;"Kolor jednolity";Regular;Prosty;Okrągły;PI922O00I-N11;Standardowa;"Krótki rękaw";;https://www.zalando.pl/pier-one-t-shirt-basic-khaki-pi922o00i-n11.html;12;zalando.pl;"2026-04-13 15:19:48.447+00";"2026-04-13 15:19:48.7842+00"
451;"Koszulki z krótkim rękawem (męskie)";"SLIM - Koszulka polo";"Pier One SLIM - Koszulka polo";40.00;PLN;79.00;;"100% bawełna";;Melanż;Slim;;;PI922P03K-K11;Standardowa;"Krótki rękaw";;https://www.zalando.pl/pier-one-koszulka-polo-dark-blue-pi922p03k-k11.html;11;zalando.pl;"2026-04-13 15:19:07.345+00";"2026-04-13 15:19:07.602282+00"
450;"Koszulki z krótkim rękawem (męskie)";"- T-shirt z nadrukiem";"CLOSURE London - T-shirt z nadrukiem";79.00;PLN;30.00;79.00;"100% bawełna";;Nadruk;Regular;Prosty;Okrągły;CLR22O076-Q11;Standardowa;"Krótki rękaw";;https://www.zalando.pl/closure-london-basketball-teddy-tee-t-shirt-z-nadrukiem-black-clr22o076-q11.html;11;zalando.pl;"2026-04-13 15:18:44.456+00";"2026-04-13 15:18:44.560669+00"
449;"Koszulki z krótkim rękawem (męskie)";"DRY PARK FIRST - Bluzka z długim rękawem";"Nike Performance DRY PARK FIRST - Bluzka z długim rękawem";139.99;PLN;30.00;179.00;"100% poliester";;"Kolor jednolity";Slim;Dopasowany;Okrągły;N1242D2DJ-C11;Standardowa;"Długi rękaw";;https://www.zalando.pl/nike-performance-bluzka-z-dlugim-rekawem-grey-n1242d2dj-c11.html;11;zalando.pl;"2026-04-13 15:18:12.432+00";"2026-04-13 15:18:12.534134+00"
448;"Koszulki z krótkim rękawem (męskie)";"VENUM X CHIMAEV WILD BORZ - T-shirt z nadrukiem";"Venum VENUM X CHIMAEV WILD BORZ - T-shirt z nadrukiem";189.00;PLN;30.00;69.00;"100% bawełna";;Nadruk;Regular;Prosty;Okrągły;V2T42D05Z-Q11;Standardowa;"Krótki rękaw";;https://www.zalando.pl/venum-venum-x-chimaev-wild-borz-t-shirt-z-nadrukiem-blackgreygold-coloured-v2t42d05z-q11.html;11;zalando.pl;"2026-04-13 15:17:42.671+00";"2026-04-13 15:17:42.821729+00"
447;"Koszulki z krótkim rękawem (męskie)";"STRIDE - Bluzka z długim rękawem";"Nike Performance STRIDE - Bluzka z długim rękawem";255.00;PLN;287.00;319.00;"88% poliester, 12% elastan";;"Kolor jednolity";Regular;Prosty;;N1242D6YU-Q11;Standardowa;"Bardzo długi rękaw";;https://www.zalando.pl/nike-performance-stride-midlayer-bluzka-z-dlugim-rekawem-blackreflective-silver-n1242d6yu-q11.html;11;zalando.pl;"2026-04-13 15:17:00.939+00";"2026-04-13 15:17:01.041046+00"
446;"Koszulki z krótkim rękawem (męskie)";"LUTZY - T-shirt z nadrukiem";"INDICODE JEANS LUTZY - T-shirt z nadrukiem";89.99;PLN;164.99;;"95% bawełna, 5% elastan";;"Wzory militarne";Regular;Prosty;Okrągły;IJ022O069-A11;Standardowa;"Krótki rękaw";;https://www.zalando.pl/indicode-jeans-t-shirt-z-nadrukiem-white-ij022o069-a11.html;11;zalando.pl;"2026-04-13 15:16:35.749+00";"2026-04-13 15:16:36.864012+00"
445;"Koszulki z krótkim rękawem (męskie)";"- T-shirt basic";"Polo Ralph Lauren - T-shirt basic";341.00;PLN;379.00;;"100% bawełna";;"Kolor jednolity";Regular;Prosty;Okrągły;PO222O03F-B22;Standardowa;"Krótki rękaw";;https://www.zalando.pl/polo-ralph-lauren-short-sleeve-t-shirt-basic-luxury-tan-po222o03f-b22.html;11;zalando.pl;"2026-04-13 15:15:44.96+00";"2026-04-13 15:15:46.084053+00"
444;"Koszulki z krótkim rękawem (męskie)";"- Koszulka sportowa";"Under Armour - Koszulka sportowa";143.00;PLN;127.00;159.00;"84% poliester, 16% elastan";"92% poliester, 8% elastan";"Kolor jednolity";Skinny;"Dopasowanie do figury";Okrągły;UN242D0RI-C12;Standardowa;"Krótki rękaw";;https://www.zalando.pl/under-armour-comp-koszulka-sportowa-castlerock-un242d0ri-c12.html;11;zalando.pl;"2026-04-13 15:14:54.263+00";"2026-04-13 15:14:54.382424+00"
443;"Koszulki z krótkim rękawem (męskie)";"- Bluzka z długim rękawem";"Nike Performance - Bluzka z długim rękawem";161.00;PLN;179.00;;"90% poliester, 10% elastan";;"Kolor jednolity";Skinny;"Dopasowanie do figury";Okrągły;N1242I04C-Q11;Standardowa;"Długi rękaw";;https://www.zalando.pl/nike-performance-tight-top-bluzka-z-dlugim-rekawem-blackwhite-n1242i04c-q11.html;11;zalando.pl;"2026-04-13 15:14:16.348+00";"2026-04-13 15:14:17.473497+00"
442;"Koszulki z krótkim rękawem (męskie)";"- T-shirt basic";"Guess Jeans - T-shirt basic";116.00;PLN;103.00;129.00;"100% bawełna";;"Kolor jednolity";"Loose fit";Prosty;Okrągły;G8522O000-Q11;Standardowa;"Krótki rękaw";;https://www.zalando.pl/guess-jeans-tee-t-shirt-basic-jet-black-g8522o000-q11.html;11;zalando.pl;"2026-04-13 15:13:37.043+00";"2026-04-13 15:13:37.146103+00"
441;"Koszulki z krótkim rękawem (męskie)";"UNISEX - T-shirt z nadrukiem";"YOURTURN UNISEX - T-shirt z nadrukiem";84.00;PLN;30.00;89.00;"100% bawełna";;Nadruk;"Loose fit";Prosty;Okrągły;YO12102C8-Q11;Standardowa;Półrękawek;;https://www.zalando.pl/yourturn-unisex-t-shirt-z-nadrukiem-black-washed-yo12102c8-q11.html;11;zalando.pl;"2026-04-13 15:12:51.467+00";"2026-04-13 15:12:51.624912+00"
440;"Koszulki z krótkim rękawem (męskie)";"- T-shirt basic";"Hollister Co. - T-shirt basic";409.00;PLN;30.00;329.00;"100% bawełna";;"Kolor jednolity";Regular;Prosty;Okrągły;H0422O0K4-O11;Standardowa;"Krótki rękaw";;https://www.zalando.pl/hollister-co-icon-crew-7-pack-t-shirt-basic-multi-coloured-h0422o0k4-o11.html;11;zalando.pl;"2026-04-13 15:12:10.355+00";"2026-04-13 15:12:11.45622+00"
439;"Koszulki z krótkim rękawem (męskie)";"UNISEX - Koszulka polo";"Lacoste UNISEX - Koszulka polo";269.00;PLN;269.00;449.00;"100% bawełna";;"Kolor jednolity";"Loose fit";Prosty;;LA221004Z-K11;Standardowa;"Krótki rękaw";;https://www.zalando.pl/lacoste-unisex-koszulka-polo-navy-blue-la221004z-k11.html;11;zalando.pl;"2026-04-13 15:11:25.339+00";"2026-04-13 15:11:26.468094+00"
438;"Koszulki z krótkim rękawem (męskie)";"- Bluzka z długim rękawem";"Pier One - Bluzka z długim rękawem";71.00;PLN;47.00;79.00;"100% bawełna";;Nadruk;Regular;Prosty;Okrągły;PI922O0ZJ-Q11;Standardowa;"Długi rękaw";;https://www.zalando.pl/pier-one-bluzka-z-dlugim-rekawem-black-pi922o0zj-q11.html;11;zalando.pl;"2026-04-13 15:11:06.335+00";"2026-04-13 15:11:06.437567+00"
437;"Koszulki z krótkim rękawem (męskie)";"SCUDERIA FERRARI LMH REPLICA - T-shirt z nadrukiem";"Puma SCUDERIA FERRARI LMH REPLICA - T-shirt z nadrukiem";174.00;PLN;174.00;349.00;"100% bawełna";;Nadruk;Regular;Prosty;Okrągły;PU122O14E-G11;Standardowa;"Krótki rękaw";;https://www.zalando.pl/puma-t-shirt-z-nadrukiem-dark-cherry-pu122o14e-g11.html;11;zalando.pl;"2026-04-13 15:10:15.85+00";"2026-04-13 15:10:16.966329+00"
436;"Koszulki z krótkim rękawem (męskie)";"- Koszulka sportowa";"New Balance - Koszulka sportowa";134.00;PLN;112.00;149.00;"100% poliester";;"Kolor jednolity";Regular;Prosty;Okrągły;NE242D0AU-E11;Standardowa;"Krótki rękaw";;https://www.zalando.pl/new-balance-sport-essentials-koszulka-sportowa-afterglowslate-grey-ne242d0au-e11.html;11;zalando.pl;"2026-04-13 15:09:37.765+00";"2026-04-13 15:09:38.944496+00"
435;"Koszulki z krótkim rękawem (męskie)";"CORE MONOGRAM SLIM TEE - T-shirt z nadrukiem";"Calvin Klein Jeans CORE MONOGRAM SLIM TEE - T-shirt z nadrukiem";161.00;PLN;134.00;179.00;"100% bawełna";;Nadruk;Slim;Dopasowany;Okrągły;C1822O0FH-A11;Standardowa;"Krótki rękaw";;https://www.zalando.pl/calvin-klein-jeans-core-monogram-t-shirt-z-nadrukiem-bright-white-c1822o0fh-a11.html;11;zalando.pl;"2026-04-13 15:08:53.256+00";"2026-04-13 15:08:54.368383+00"
434;"Koszulki z krótkim rękawem (męskie)";"- Koszulka polo";"Polo Ralph Lauren - Koszulka polo";599.00;PLN;30.00;529.00;"100% bawełna";;"Kolor jednolity";Slim;Prosty;;PO222P00X-K1L;Standardowa;"Krótki rękaw";;https://www.zalando.pl/polo-ralph-lauren-short-sleeve-koszulka-polo-royal-blue-po222p00x-k1l.html;11;zalando.pl;"2026-04-13 15:08:19.253+00";"2026-04-13 15:08:20.389973+00"
433;"Koszulki z krótkim rękawem (męskie)";"HYBRID - T-shirt basic";"mey HYBRID - T-shirt basic";235.00;PLN;30.00;109.00;"57% bawełna, 38% poliester, 5% elastan";;"Kolor jednolity";Slim;Dopasowany;"Wycięcie typu V";M9322O00G-K11;Standardowa;"Krótki rękaw";;https://www.zalando.pl/mey-t-shirt-basic-yacht-blue-m9322o00g-k11.html;11;zalando.pl;"2026-04-13 15:08:01.47+00";"2026-04-13 15:08:01.696301+00"
432;"Koszulki z krótkim rękawem (męskie)";"Koszulka polo";"Pier One Koszulka polo";53.00;PLN;53.00;89.00;"100% bawełna";;"Kolor jednolity";Regular;Prosty;;PI922PA09-K11;Standardowa;"Krótki rękaw";;https://www.zalando.pl/pier-one-koszulka-polo-dark-blue-pi922pa09-k11.html;11;zalando.pl;"2026-04-13 15:07:37.722+00";"2026-04-13 15:07:38.857549+00"
431;"Koszulki z krótkim rękawem (męskie)";"- Koszulka polo";"Polo Ralph Lauren - Koszulka polo";529.00;PLN;30.00;339.00;"100% bawełna";;"Kolor jednolity";Slim;Dopasowany;;PO222P00X-G51;Standardowa;"Krótki rękaw";;https://www.zalando.pl/polo-ralph-lauren-slim-fit-polo-shirt-koszulka-polo-scotch-pine-heather-po222p00x-g51.html;11;zalando.pl;"2026-04-13 15:07:06.159+00";"2026-04-13 15:07:07.265746+00"
430;"Koszulki z krótkim rękawem (męskie)";"T-shirt z nadrukiem";"Lacoste T-shirt z nadrukiem";199.00;PLN;30.00;269.00;"100% bawełna";;Nadruk;Regular;Prosty;Okrągły;LA282T00A-A11;Standardowa;"Krótki rękaw";;https://www.zalando.pl/lacoste-tee-loungewear-koszulka-do-spania-whitegreen-la282t00a-a11.html;11;zalando.pl;"2026-04-13 15:06:47.365+00";"2026-04-13 15:06:47.521894+00"
429;"Koszulki z krótkim rękawem (męskie)";"- T-shirt basic";"Pier One - T-shirt basic";45.00;PLN;62.00;89.00;"100% bawełna";;"Kolor jednolity";Slim;Prosty;Okrągły;PI922O0TU-Q11;Standardowa;"Krótki rękaw";;https://www.zalando.pl/pier-one-2-pack-t-shirt-basic-blackblack-pi922o0tu-q11.html;11;zalando.pl;"2026-04-13 15:06:22.688+00";"2026-04-13 15:06:22.880269+00"
428;"Koszulki z krótkim rękawem (męskie)";"CUSTOM SLIM FIT BIG PONY MESH POLO SHIRT - Koszulka polo";"Polo Ralph Lauren CUSTOM SLIM FIT BIG PONY MESH POLO SHIRT - Koszulka polo";819.00;PLN;30.00;649.00;"100% bawełna";;;Regular;;;PO222P0A4-Q11;Standardowa;"Krótki rękaw";;https://www.zalando.pl/polo-ralph-lauren-basic-slim-fit-koszulka-polo-po222p0a4-q11.html;11;zalando.pl;"2026-04-13 15:05:38.221+00";"2026-04-13 15:05:39.362679+00"
427;"Koszulki z krótkim rękawem (męskie)";"- T-shirt basic";"Pier One - T-shirt basic";32.00;PLN;34.00;49.00;"100% bawełna";;"Kolor jednolity";Regular;Prosty;Okrągły;PI922O00I-Q12;Standardowa;"Krótki rękaw";;https://www.zalando.pl/pier-one-t-shirt-basic-black-pi922o00i-q12.html;11;zalando.pl;"2026-04-13 14:57:51.881+00";"2026-04-13 14:57:52.283973+00"
426;"Koszulki z krótkim rękawem (męskie)";"- T-shirt z nadrukiem";"Pier One - T-shirt z nadrukiem";59.00;PLN;30.00;89.00;"100% bawełna";;Nadruk;Regular;Prosty;Okrągły;PI922O0UQ-Q11;Standardowa;"Krótki rękaw";;https://www.zalando.pl/pier-one-koszula-biznesowa-black-pi922o0uq-q11.html;11;zalando.pl;"2026-04-13 14:57:06.109+00";"2026-04-13 14:57:06.27503+00"
425;"Koszulki z krótkim rękawem (męskie)";"UNISEX - T-shirt z nadrukiem";"adidas Originals UNISEX - T-shirt z nadrukiem";108.00;PLN;108.00;269.00;"100% poliester";;Nadruk;Regular;Prosty;"Wycięcie typu V";AD12100H4-I11;Długa;"Krótki rękaw";;https://www.zalando.pl/adidas-originals-wave-unisex-t-shirt-z-nadrukiem-purple-rush-ad12100h4-i11.html;11;zalando.pl;"2026-04-13 14:54:15.764+00";"2026-04-13 14:54:17.501442+00"
424;"Koszulki z krótkim rękawem (męskie)";"UNISEX - Bluzka z długim rękawem";"Lacoste UNISEX - Bluzka z długim rękawem";207.00;PLN;239.00;319.00;"65% bawełna, 35% poliester";;Nadruk;Regular;Prosty;Okrągły;LA221005B-K11;Standardowa;"Długi rękaw";;https://www.zalando.pl/lacoste-unisex-bluzka-z-dlugim-rekawem-navy-blue-la221005b-k11.html;10;zalando.pl;"2026-04-13 14:52:50.505+00";"2026-04-13 14:52:51.823936+00"
423;"Koszulki z krótkim rękawem (męskie)";"- T-shirt basic";"Levi&#x27;s® - T-shirt basic";125.00;PLN;116.00;179.00;"100% bawełna";;"Kolor jednolity";Regular;Prosty;Okrągły;LE222O055-A17;Standardowa;"Krótki rękaw";;https://www.zalando.pl/levis-crewneck-graphic-2-pack-t-shirt-basic-whitedark-blue-le222o055-a17.html;10;zalando.pl;"2026-04-13 14:51:58.663+00";"2026-04-13 14:51:59.786141+00"
422;"Koszulki z krótkim rękawem (męskie)";"- T-shirt basic";"Levi&#x27;s® - T-shirt basic";340.45;PLN;30.00;249.99;"100% bawełna";;"Kolor jednolity";Regular;Prosty;Okrągły;LE222O0FP-K11;Standardowa;"Krótki rękaw";;https://www.zalando.pl/levis-t-shirt-basic-schwarz-blau-le222o0fp-k11.html;10;zalando.pl;"2026-04-13 14:51:38.072+00";"2026-04-13 14:51:38.18954+00"
421;"Koszulki z krótkim rękawem (męskie)";"VENUM X CHIMAEV WILD BORZ - Koszulka sportowa";"Venum VENUM X CHIMAEV WILD BORZ - Koszulka sportowa";209.00;PLN;30.00;99.99;"90% poliester, 10% elastan";;Nadruk;Regular;Prosty;Okrągły;V2T42D05X-Q11;Długa;"Krótki rękaw";;https://www.zalando.pl/venum-venum-x-chimaev-wild-borz-koszulka-sportowa-blackgreygold-coloured-v2t42d05x-q11.html;10;zalando.pl;"2026-04-13 14:51:15.222+00";"2026-04-13 14:51:15.325548+00"
420;"Koszulki z krótkim rękawem (męskie)";"- T-shirt z nadrukiem";"AllSaints - T-shirt z nadrukiem";278.00;PLN;247.00;309.00;"100% bawełna";;Nadruk;"Loose fit";Prosty;Okrągły;A0Q22O0LN-Q16;Standardowa;Półrękawek;;https://www.zalando.pl/allsaints-underground-crew-t-shirt-z-nadrukiem-washed-blackpink-a0q22o0ln-q16.html;10;zalando.pl;"2026-04-13 14:50:24.157+00";"2026-04-13 14:50:24.301976+00"
419;"Koszulki z krótkim rękawem (męskie)";"UNISEX - Bluzka z długim rękawem";"YOURTURN UNISEX - Bluzka z długim rękawem";134.00;PLN;112.00;149.00;"100% bawełna";;"Kolor jednolity";Regular;Prosty;Okrągły;YO121018N-A12;Standardowa;"Długi rękaw";;https://www.zalando.pl/yourturn-unisex-3-pack-bluzka-z-dlugim-rekawem-white-yo121018n-a12.html;10;zalando.pl;"2026-04-13 14:49:51.923+00";"2026-04-13 14:49:53.026174+00"
418;"Koszulki z krótkim rękawem (męskie)";"- T-shirt basic";"Denim Project - T-shirt basic";364.99;PLN;426.99;500.00;"100% bawełna";;"Kolor jednolity";Regular;Prosty;Okrągły;DEO22O039-Q11;Standardowa;"Krótki rękaw";;https://www.zalando.pl/denim-project-t-shirt-basic-whiteblack-deo22o039-q11.html;10;zalando.pl;"2026-04-13 14:49:23.029+00";"2026-04-13 14:49:23.167895+00"
417;"Koszulki z krótkim rękawem (męskie)";"BRETT - Koszulka polo";"U.S. Polo Assn. BRETT - Koszulka polo";149.99;PLN;219.99;;"100% bawełna";;"Kolor jednolity";Regular;Prosty;;US222P01Q-K11;Standardowa;"Długi rękaw";;https://www.zalando.pl/us-polo-assn-brett-bluzka-z-dlugim-rekawem-dark-sapphire-us222p01q-k11.html;10;zalando.pl;"2026-04-13 14:48:27.354+00";"2026-04-13 14:48:28.483147+00"
416;"Koszulki z krótkim rękawem (męskie)";"- T-shirt basic";"Lyle &amp; Scott - T-shirt basic";97.00;PLN;111.00;139.00;"100% bawełna";;"Kolor jednolity";Regular;Prosty;Okrągły;LY222O041-G12;Standardowa;"Krótki rękaw";;https://www.zalando.pl/lyle-and-scott-plain-t-shirt-basic-burgundy-ly222o041-g12.html;10;zalando.pl;"2026-04-13 14:47:59.756+00";"2026-04-13 14:47:59.888574+00"
415;"Koszulki z krótkim rękawem (męskie)";"NBA CHICAGO BULLS - T-shirt z nadrukiem";"Nike Performance NBA CHICAGO BULLS - T-shirt z nadrukiem";143.00;PLN;159.00;;"100% bawełna";;Nadruk;Regular;Prosty;Okrągły;N1242D6EO-Q11;Standardowa;"Krótki rękaw";;https://www.zalando.pl/nike-performance-nba-chicago-bulls-logo-tee-artykuly-klubowe-black-n1242d6eo-q11.html;10;zalando.pl;"2026-04-13 14:47:31.346+00";"2026-04-13 14:47:31.497074+00"
414;"Koszulki z krótkim rękawem (męskie)";"- Bluzka z długim rękawem";"Under Armour - Bluzka z długim rękawem";179.00;PLN;129.00;199.00;"100% poliester";;Melanż;Regular;;;UN242G056-K11;Standardowa;"Długi rękaw";;https://www.zalando.pl/under-armour-bluzka-z-dlugim-rekawem-academy-un242g056-k11.html;10;zalando.pl;"2026-04-13 14:46:55.024+00";"2026-04-13 14:46:55.125565+00"
413;"Koszulki z krótkim rękawem (męskie)";"URUGUAY 2026/27 STADIUM HOME - Koszulka polo";"Nike Performance URUGUAY 2026/27 STADIUM HOME - Koszulka polo";449.00;PLN;30.00;449.00;"100% poliester";;;Regular;Dopasowany;;N1242D7Q2-K11;Standardowa;"Krótki rękaw";;https://www.zalando.pl/nike-performance-uruguay-202627-stadium-home-lifestyle-koszulka-sportowa-royal-tintobsidian-n1242d7q2-k11.html;10;zalando.pl;"2026-04-13 14:46:09.054+00";"2026-04-13 14:46:09.363912+00"
412;"Koszulki z krótkim rękawem (męskie)";"T-shirt z nadrukiem";"Mister Tee T-shirt z nadrukiem";58.00;PLN;73.00;99.00;"100% bawełna";;Nadruk;Regular;Prosty;Okrągły;M0M22O11T-A11;Standardowa;"Krótki rękaw";;https://www.zalando.pl/mister-tee-t-shirt-z-nadrukiem-white-m0m22o11t-a11.html;10;zalando.pl;"2026-04-13 14:45:19.925+00";"2026-04-13 14:45:20.059511+00"
411;"Koszulki z krótkim rękawem (męskie)";"- Top";"Jordan - Top";143.00;PLN;95.00;159.00;"84% poliester, 16% elastan";;"Kolor jednolity";Regular;Prosty;Okrągły;JOC42D09Z-A11;Standardowa;"Bez rękawów";;https://www.zalando.pl/jordan-top-top-white-joc42d09z-a11.html;10;zalando.pl;"2026-04-13 14:44:35.634+00";"2026-04-13 14:44:36.739009+00"
410;"Koszulki z krótkim rękawem (męskie)";"UNISEX - Bluzka z długim rękawem";"Calvin Klein UNISEX - Bluzka z długim rękawem";156.00;PLN;399.00;;"100% bawełna";;Nadruk;Regular;Prosty;Okrągły;6CA21000Z-Q11;Standardowa;"Długi rękaw";;https://www.zalando.pl/calvin-klein-classic-kate-tee-unisex-bluzka-z-dlugim-rekawem-black-6ca21000z-q11.html;10;zalando.pl;"2026-04-13 14:44:14.968+00";"2026-04-13 14:44:15.158966+00"
409;"Koszulki z krótkim rękawem (męskie)";"JJALVIS - T-shirt z nadrukiem";"Jack &amp; Jones JJALVIS - T-shirt z nadrukiem";104.00;PLN;97.00;139.00;"100% bawełna";;Nadruk;Regular;Prosty;Okrągły;JA222O5QJ-M11;Standardowa;"Krótki rękaw";;https://www.zalando.pl/jack-and-jones-jjalvis-tee-crew-neck-3-pack-t-shirt-z-nadrukiem-kombu-greennavyblazerblack-ja222o5qj-m11.html;10;zalando.pl;"2026-04-13 14:43:44.832+00";"2026-04-13 14:43:44.935353+00"
408;"Koszulki z krótkim rękawem (męskie)";"MCLAREN AUSTIN - T-shirt z nadrukiem";"Hollister Co. MCLAREN AUSTIN - T-shirt z nadrukiem";111.00;PLN;70.00;139.00;"100% bawełna";;Nadruk;"Loose fit";Prosty;Okrągły;H0422O0KI-A11;Standardowa;"Krótki rękaw";;https://www.zalando.pl/hollister-co-boxy-mclaren-austin-t-shirt-z-nadrukiem-white-h0422o0ki-a11.html;10;zalando.pl;"2026-04-13 14:43:12.457+00";"2026-04-13 14:43:12.558955+00"
407;"Koszulki z krótkim rękawem (męskie)";"- T-shirt z nadrukiem";"Another Cotton Lab - T-shirt z nadrukiem";179.00;PLN;30.00;99.00;"100% bawełna";"100% bawełna";Nadruk;"Loose fit";Prosty;Okrągły;AKQ21000I-A11;Długa;Półrękawek;;https://www.zalando.pl/another-cotton-lab-t-shirt-z-nadrukiem-white-akq21000i-a11.html;10;zalando.pl;"2026-04-13 14:42:26.231+00";"2026-04-13 14:42:27.360553+00"
406;"Koszulki z krótkim rękawem (męskie)";"NALIEN - T-shirt z nadrukiem";"HUGO NALIEN - T-shirt z nadrukiem";161.00;PLN;179.00;;"100% bawełna";;Nadruk;Regular;Prosty;Okrągły;HU722O0R2-Q11;Standardowa;Półrękawek;;https://www.zalando.pl/hugo-nalien-t-shirt-z-nadrukiem-black-hu722o0r2-q11.html;10;zalando.pl;"2026-04-13 14:42:00.622+00";"2026-04-13 14:42:01.731567+00"
405;"Koszulki z krótkim rękawem (męskie)";"- Koszulka sportowa";"Under Armour - Koszulka sportowa";139.00;PLN;30.00;139.00;"100% poliester";;Melanż;"Loose fit";;Okrągły;UN242D0CL-Q12;Standardowa;"Krótki rękaw";;https://www.zalando.pl/under-armour-heatgear-tech-20-trainingsshirt-herren-koszulka-sportowa-carbon-heather-un242d0cl-q12.html;10;zalando.pl;"2026-04-13 14:41:29.565+00";"2026-04-13 14:41:29.665485+00"
404;"Koszulki z krótkim rękawem (męskie)";"- T-shirt z nadrukiem";"Men Plus - T-shirt z nadrukiem";177.99;PLN;199.99;;"100% bawełna";;Nadruk;Regular;Prosty;Okrągły;M8N22O07Y-T11;Standardowa;"Krótki rękaw";;https://www.zalando.pl/men-plus-t-shirt-z-nadrukiem-midnight-blue-m8n22o07y-t11.html;10;zalando.pl;"2026-04-13 14:41:02.548+00";"2026-04-13 14:41:02.648299+00"
403;"Koszulki z krótkim rękawem (męskie)";"- T-shirt basic";"Pier One - T-shirt basic";30.00;PLN;38.00;59.00;"100% bawełna";;"Kolor jednolity";Slim;Dopasowany;Okrągły;PI922O0KZ-J11;Standardowa;"Krótki rękaw";;https://www.zalando.pl/pier-one-t-shirt-basic-pink-pi922o0kz-j11.html;10;zalando.pl;"2026-04-13 14:40:22.431+00";"2026-04-13 14:40:22.56183+00"
402;"Koszulki z krótkim rękawem (męskie)";"UNISEX - T-shirt z nadrukiem";"YOURTURN UNISEX - T-shirt z nadrukiem";69.00;PLN;30.00;84.00;"100% bawełna";;Nadruk;"Loose fit";Prosty;Okrągły;YO12101WX-Q11;Standardowa;Półrękawek;;https://www.zalando.pl/yourturn-unisex-t-shirt-z-nadrukiem-black-yo12101wx-q11.html;10;zalando.pl;"2026-04-13 14:40:03.459+00";"2026-04-13 14:40:03.564855+00"
401;"Koszulki z krótkim rękawem (męskie)";"- T-shirt basic";"Vans - T-shirt basic";103.00;PLN;96.00;129.00;"100% bawełna";"100% bawełna";"Kolor jednolity";Regular;Prosty;Okrągły;VA222O0WP-Q11;Standardowa;"Krótki rękaw";;https://www.zalando.pl/vans-t-shirt-basic-black-va222o0wp-q11.html;10;zalando.pl;"2026-04-13 14:39:22.515+00";"2026-04-13 14:39:22.616921+00"
400;"Koszulki z krótkim rękawem (męskie)";"- T-shirt basic";"Nike Sportswear - T-shirt basic";179.00;PLN;30.00;139.00;"100% bawełna";;"Kolor jednolity";"Loose fit";Prosty;Okrągły;NI122O18R-O11;Długa;"Krótki rękaw";;https://www.zalando.pl/nike-sportswear-tee-t-shirt-basic-dark-hazel-ni122o18r-o11.html;9;zalando.pl;"2026-04-13 14:38:26.741+00";"2026-04-13 14:38:26.846049+00"
399;"Koszulki z krótkim rękawem (męskie)";"ESSENTIALS - T-shirt basic";"adidas Sportswear ESSENTIALS - T-shirt basic";98.00;PLN;109.00;;"100% bawełna";;"Kolor jednolity";Regular;Prosty;Okrągły;ADQ42D02K-Q11;Długa;"Krótki rękaw";;https://www.zalando.pl/adidas-sportswear-essentials-small-logo-single-jersey-s-t-shirt-basic-blackwhite-adq42d02k-q11.html;9;zalando.pl;"2026-04-13 14:37:46.152+00";"2026-04-13 14:37:46.252279+00"
398;"Koszulki z krótkim rękawem (męskie)";"SHEVCHENKO - T-shirt z nadrukiem";"Weekend Offender SHEVCHENKO - T-shirt z nadrukiem";199.00;PLN;30.00;269.00;"100% bawełna";;"W kratkę";Regular;Prosty;Okrągły;WE822O02X-K11;Standardowa;"Krótki rękaw";;https://www.zalando.pl/weekend-offender-t-shirt-z-nadrukiem-navy-we822o02x-k11.html;9;zalando.pl;"2026-04-13 14:37:10.33+00";"2026-04-13 14:37:10.431217+00"
397;"Koszulki z krótkim rękawem (męskie)";"T-shirt z nadrukiem";"Rocawear T-shirt z nadrukiem";70.00;PLN;70.00;119.00;"100% bawełna";;Nadruk;"Loose fit";Prosty;Okrągły;RC122O02W-K11;Długa;Półrękawek;;https://www.zalando.pl/rocawear-t-shirt-z-nadrukiem-navy-rc122o02w-k11.html;9;zalando.pl;"2026-04-13 14:36:24.041+00";"2026-04-13 14:36:24.15404+00"
396;"Koszulki z krótkim rękawem (męskie)";"- T-shirt z nadrukiem";"Calvin Klein Jeans - T-shirt z nadrukiem";125.00;PLN;70.00;139.00;"100% bawełna";;Nadruk;Regular;Prosty;Okrągły;C1822O0PY-A11;Standardowa;"Krótki rękaw";;https://www.zalando.pl/calvin-klein-jeans-30s-graphic-tee-t-shirt-z-nadrukiem-bright-white-c1822o0py-a11.html;9;zalando.pl;"2026-04-13 14:35:53.633+00";"2026-04-13 14:35:53.734807+00"
395;"Koszulki z krótkim rękawem (męskie)";"- T-shirt z nadrukiem";"The North Face - T-shirt z nadrukiem";179.00;PLN;199.00;;"100% bawełna";;Nadruk;"Loose fit";Prosty;Okrągły;TH322T0C1-Q11;Standardowa;"Krótki rękaw";;https://www.zalando.pl/the-north-face-drip-logo-relaxed-short-sleeve-tee-graphic-t-shirt-z-nadrukiem-black-th322t0c1-q11.html;9;zalando.pl;"2026-04-13 14:35:17.948+00";"2026-04-13 14:35:18.050449+00"
394;"Koszulki z krótkim rękawem (męskie)";"SDPEDRO - T-shirt z nadrukiem";"Solid SDPEDRO - T-shirt z nadrukiem";80.00;PLN;82.00;139.00;"95% bawełna, 5% wiskoza";;Nadruk;Regular;Prosty;Okrągły;SO422O0A4-K11;Standardowa;"Krótki rękaw";;https://www.zalando.pl/solid-pedro-t-shirt-z-nadrukiem-insignia-blue-so422o0a4-k11.html;9;zalando.pl;"2026-04-13 14:34:44.569+00";"2026-04-13 14:34:44.721704+00"
393;"Koszulki z krótkim rękawem (męskie)";"- T-shirt z nadrukiem";"Under Armour - T-shirt z nadrukiem";143.00;PLN;143.00;159.00;"60% bawełna, 40% poliester";;"Wzory militarne";Regular;Prosty;Okrągły;UN242D0OQ-A12;Standardowa;"Krótki rękaw";;https://www.zalando.pl/under-armour-camo-koszulka-sportowa-whitegrey-un242d0oq-a12.html;9;zalando.pl;"2026-04-13 14:34:27.026+00";"2026-04-13 14:34:27.12784+00"
392;"Koszulki z krótkim rękawem (męskie)";"DUMEO - T-shirt z nadrukiem";"HUGO DUMEO - T-shirt z nadrukiem";160.00;PLN;115.00;229.00;"100% bawełna";;"Nadruk zwierzęcy";Regular;Prosty;Okrągły;HU722O0RB-Q11;Standardowa;"Krótki rękaw";;https://www.zalando.pl/hugo-dumeo-t-shirt-z-nadrukiem-black-hu722o0rb-q11.html;9;zalando.pl;"2026-04-13 14:33:44.744+00";"2026-04-13 14:33:44.890574+00"
391;"Koszulki z krótkim rękawem (męskie)";"UNISEX - T-shirt z nadrukiem";"EA7 Emporio Armani UNISEX - T-shirt z nadrukiem";171.00;PLN;152.00;379.00;"60% bawełna, 40% poliester";;Nadruk;"Regular Fit";Prosty;Okrągły;EA721001W-D11;Standardowa;"Krótki rękaw";;https://www.zalando.pl/ea7-emporio-armani-train-logo-tee-unisex-t-shirt-z-nadrukiem-blacksilver-coloured-ea721001w-d11.html;9;zalando.pl;"2026-04-13 14:33:07.364+00";"2026-04-13 14:33:07.465379+00"
390;"Koszulki z krótkim rękawem (męskie)";"- Koszulka polo";"Fred Perry - Koszulka polo";404.00;PLN;337.00;449.00;"100% bawełna";;"Kolor jednolity";Regular;Prosty;;FR822P01D-G11;Standardowa;"Krótki rękaw";;https://www.zalando.pl/fred-perry-koszulka-polo-oxblood-fr822p01d-g11.html;9;zalando.pl;"2026-04-13 14:32:23.328+00";"2026-04-13 14:32:23.474267+00"
389;"Koszulki z krótkim rękawem (męskie)";"- T-shirt z nadrukiem";"Polo Ralph Lauren - T-shirt z nadrukiem";584.00;PLN;487.00;649.00;"100% bawełna";;Nadruk;Regular;Prosty;Okrągły;PO222O0OP-K12;Standardowa;"Krótki rękaw";;https://www.zalando.pl/polo-ralph-lauren-custom-slim-fit-polo-bear-t-shirt-t-shirt-z-nadrukiem-austin-blue-summer-bear-po222o0op-k12.html;9;zalando.pl;"2026-04-13 14:26:14.746+00";"2026-04-13 14:26:14.897801+00"
388;"Koszulki z krótkim rękawem (męskie)";"- T-shirt basic";"Pier One - T-shirt basic";89.00;PLN;89.00;149.00;"100% bawełna";;Melanż;Regular;Prosty;Okrągły;PI922O0GY-Q13;Standardowa;"Krótki rękaw";;https://www.zalando.pl/pier-one-5-pack-t-shirt-basic-blackwhitelight-grey-pi922o0gy-q13.html;8;zalando.pl;"2026-04-13 14:25:11.449+00";"2026-04-13 14:25:11.590377+00"
387;"Koszulki z krótkim rękawem (męskie)";"- T-shirt z nadrukiem";"Jack &amp; Jones - T-shirt z nadrukiem";71.00;PLN;79.00;;"100% bawełna";;Nadruk;"Loose fit";Prosty;Okrągły;JA222O5OU-A11;Standardowa;Półrękawek;;https://www.zalando.pl/jack-and-jones-t-shirt-z-nadrukiem-moonbeam-ja222o5ou-a11.html;6;zalando.pl;"2026-04-13 14:19:16.966+00";"2026-04-13 14:19:17.128234+00"
386;"Koszulki z krótkim rękawem (męskie)";"- Bluzka z długim rękawem";"Pier One - Bluzka z długim rękawem";53.00;PLN;59.00;;"100% bawełna";;Melanż;Regular;Prosty;Okrągły;PI922O0GL-C11;Standardowa;"Długi rękaw";;https://www.zalando.pl/pier-one-bluzka-z-dlugim-rekawem-greydark-blue-pi922o0gl-c11.html;9;zalando.pl;"2026-04-13 14:10:52.753+00";"2026-04-13 14:10:57.295067+00"
385;"Koszulki z krótkim rękawem (męskie)";"- T-shirt z nadrukiem";"Alpha Industries - T-shirt z nadrukiem";89.00;PLN;89.00;99.00;"100% bawełna";;Nadruk;Regular;Prosty;Okrągły;AL522F00C-802;Standardowa;"Krótki rękaw";;https://www.zalando.pl/alpha-industries-t-shirt-czarny-al522f00c-802.html;9;zalando.pl;"2026-04-13 14:09:38.844+00";"2026-04-13 14:09:41.475741+00"
384;"Koszulki z krótkim rękawem (męskie)";"UNISEX - Top";"Santa Cruz UNISEX - Top";149.00;PLN;30.00;139.00;"100% bawełna";;Nadruk;Regular;Prosty;Okrągły;7SA2100OQ-Q11;Standardowa;"Bardzo krótki rękawek";;https://www.zalando.pl/santa-cruz-paradise-strip-tank-unisex-top-black-7sa2100oq-q11.html;9;zalando.pl;"2026-04-13 14:08:35.257+00";"2026-04-13 14:08:38.283838+00"
383;"Koszulki z krótkim rękawem (męskie)";"JJEORGANIC - T-shirt basic";"Jack &amp; Jones JJEORGANIC - T-shirt basic";145.00;PLN;159.00;289.00;"100% bawełna";;"Kolor jednolity";Regular;Prosty;Okrągły;JA222O3IP-Q14;Standardowa;"Krótki rękaw";;https://www.zalando.pl/jack-and-jones-jjeorganic-basic-tee-o-neck-5-pack-t-shirt-basic-blackwhitecrockeryvetiver-ja222o3ip-q14.html;9;zalando.pl;"2026-04-13 14:07:46.15+00";"2026-04-13 14:07:46.475549+00"
382;"Koszulki z krótkim rękawem (męskie)";"PADDY - Koszulka polo";"BOSS PADDY - Koszulka polo";292.00;PLN;269.00;449.00;"100% bawełna";;"Kolor jednolity";Regular;Prosty;;BB122P0GN-K12;Długa;"Krótki rękaw";;https://www.zalando.pl/boss-paddy-curved-koszulka-polo-medium-blue-bb122p0gn-k12.html;9;zalando.pl;"2026-04-13 14:07:11.886+00";"2026-04-13 14:07:12.18323+00"
381;"Koszulki z krótkim rękawem (męskie)";"JORTOAST - T-shirt z nadrukiem";"Jack &amp; Jones JORTOAST - T-shirt z nadrukiem";71.00;PLN;79.00;;"100% bawełna";;Nadruk;Regular;Prosty;Okrągły;JA222O5LX-A11;Standardowa;"Krótki rękaw";;https://www.zalando.pl/jack-and-jones-jortoast-tee-crew-neck-t-shirt-z-nadrukiem-buttercream-ja222o5lx-a11.html;9;zalando.pl;"2026-04-13 14:06:51.123+00";"2026-04-13 14:06:51.233518+00"
380;"Koszulki z krótkim rękawem (męskie)";"UNISEX - T-shirt z nadrukiem";"adidas Originals UNISEX - T-shirt z nadrukiem";95.00;PLN;103.00;159.00;"100% bawełna";;Nadruk;"Loose fit";Prosty;Okrągły;AD12100LC-O11;Standardowa;"Krótki rękaw";;https://www.zalando.pl/adidas-originals-burger-tee-unisex-t-shirt-z-nadrukiem-aurora-coffee-ad12100lc-o11.html;9;zalando.pl;"2026-04-13 14:06:29.725+00";"2026-04-13 14:06:29.827497+00"
379;"Koszulki z krótkim rękawem (męskie)";"T-shirt basic";"Pier One T-shirt basic";30.00;PLN;41.00;59.00;"100% bawełna";;"Kolor jednolity";Regular;Prosty;Okrągły;PI922O0KD-A11;Długa;"Krótki rękaw";;https://www.zalando.pl/pier-one-t-shirt-basic-white-pi922o0kd-a11.html;9;zalando.pl;"2026-04-13 14:06:00.668+00";"2026-04-13 14:06:00.819829+00"
378;"Koszulki z krótkim rękawem (męskie)";"- T-shirt z nadrukiem";"Henry Tiger - T-shirt z nadrukiem";159.99;PLN;30.00;559.00;"100% bawełna";;"Nadrukowane zdjęcie";Regular;Prosty;Okrągły;H3A22O75M-J11;Standardowa;"Krótki rękaw";;https://www.zalando.pl/henry-tiger-t-shirt-z-nadrukiem-pink-h3a22o75m-j11.html;9;zalando.pl;"2026-04-13 14:05:28.342+00";"2026-04-13 14:05:28.445796+00"
377;"Koszulki z krótkim rękawem (męskie)";"ACDC DISTRESSED LOGO - T-shirt z nadrukiem";"Merchcode ACDC DISTRESSED LOGO - T-shirt z nadrukiem";67.00;PLN;64.00;99.00;"100% bawełna";"100% bawełna";Nadruk;Regular;Prosty;Okrągły;MEJ22O1CR-Q11;Standardowa;"Krótki rękaw";;https://www.zalando.pl/merchcode-acdc-distressed-logo-t-shirt-z-nadrukiem-black-mej22o1cr-q11.html;9;zalando.pl;"2026-04-13 14:04:53.46+00";"2026-04-13 14:04:53.562608+00"
376;"Koszulki z krótkim rękawem (męskie)";"- T-shirt basic";"Levi&#x27;s® Plus - T-shirt basic";109.00;PLN;30.00;79.00;"100% bawełna";;"Kolor jednolity";Regular;Prosty;Okrągły;L0M22O000-Q11;Standardowa;"Krótki rękaw";;https://www.zalando.pl/levis-plus-big-original-tee-t-shirt-basic-mineral-black-l0m22o000-q11.html;9;zalando.pl;"2026-04-13 14:04:03.621+00";"2026-04-13 14:04:03.761458+00"
375;"Koszulki z krótkim rękawem (męskie)";"UNISEX - Koszulka polo";"Lacoste UNISEX - Koszulka polo";269.00;PLN;269.00;449.00;"100% bawełna";;"Kolor jednolity";"Loose fit";Prosty;;LA221004Z-Q11;Długa;"Krótki rękaw";;https://www.zalando.pl/lacoste-unisex-koszulka-polo-black-la221004z-q11.html;9;zalando.pl;"2026-04-13 14:03:21.495+00";"2026-04-13 14:03:21.927799+00"
374;"Koszulki z krótkim rękawem (męskie)";"DUBROX - T-shirt z nadrukiem";"HUGO DUBROX - T-shirt z nadrukiem";251.00;PLN;279.00;;"100% bawełna";;Nadruk;Regular;Prosty;Okrągły;HU722O0QE-Q11;Standardowa;"Krótki rękaw";;https://www.zalando.pl/hugo-dubrox-t-shirt-z-nadrukiem-black-hu722o0qe-q11.html;9;zalando.pl;"2026-04-13 14:02:30.335+00";"2026-04-13 14:02:30.492384+00"
373;"Koszulki z krótkim rękawem (męskie)";"- T-shirt basic";"Pier One Sport - T-shirt basic";38.00;PLN;47.00;59.00;"87% poliester, 13% elastan";;"Kolor jednolity";Skinny;"Dopasowanie do figury";Okrągły;PHZ42D002-Q11;Standardowa;"Krótki rękaw";;https://www.zalando.pl/pier-one-sport-koszulka-sportowa-black-phz42d002-q11.html;8;zalando.pl;"2026-04-13 14:01:17.724+00";"2026-04-13 14:01:17.82734+00"
372;"Koszulki z krótkim rękawem (męskie)";"UNISEX - Bluzka z długim rękawem";"TAION UNISEX - Bluzka z długim rękawem";249.00;PLN;;;"76% nylon, 24% poliuretan";;"Kolor jednolity";Regular;Prosty;Okrągły;TCM21000T-Q11;Standardowa;"Długi rękaw";;https://www.zalando.pl/taion-fanction-unisex-bluzka-z-dlugim-rekawem-black-tcm21000t-q11.html;8;zalando.pl;"2026-04-13 14:00:36.95+00";"2026-04-13 14:00:37.052017+00"
371;"Koszulki z krótkim rękawem (męskie)";"- T-shirt z nadrukiem";"The North Face - T-shirt z nadrukiem";143.00;PLN;159.00;;"100% bawełna";;Nadruk;Regular;Prosty;Okrągły;TH342D0AB-A11;Standardowa;"Krótki rękaw";;https://www.zalando.pl/the-north-face-mountain-celebration-regular-short-sleeve-tee-graphic-t-shirt-z-nadrukiem-white-dune-th342d0ab-a11.html;8;zalando.pl;"2026-04-13 14:00:15.463+00";"2026-04-13 14:00:15.567566+00"
370;"Koszulki z krótkim rękawem (męskie)";"- Bluzka z długim rękawem";"adidas Originals - Bluzka z długim rękawem";161.00;PLN;179.00;;"100% bawełna";;"Kolor jednolity";Regular;Prosty;Okrągły;AD122O19C-Q11;Standardowa;"Długi rękaw";;https://www.zalando.pl/adidas-originals-stripes-tee-bluzka-z-dlugim-rekawem-black-ad122o19c-q11.html;8;zalando.pl;"2026-04-13 13:59:34.621+00";"2026-04-13 13:59:34.924898+00"
369;"Koszulki z krótkim rękawem (męskie)";"- T-shirt z nadrukiem";"Mister Tee - T-shirt z nadrukiem";61.00;PLN;64.00;89.00;"100% bawełna";;"Kolor jednolity";Regular;Prosty;Okrągły;M0M22O0YZ-A11;Standardowa;"Krótki rękaw";;https://www.zalando.pl/mister-tee-t-shirt-z-nadrukiem-white-m0m22o0yz-a11.html;8;zalando.pl;"2026-04-13 13:59:03.125+00";"2026-04-13 13:59:03.230638+00"
368;"Koszulki z krótkim rękawem (męskie)";"PEANUTS - T-shirt z nadrukiem";"Henry Tiger PEANUTS - T-shirt z nadrukiem";109.99;PLN;30.00;419.00;"100% bawełna";"100% bawełna";Nadruk;Regular;Prosty;Okrągły;H3A22O8DX-B11;Standardowa;"Krótki rękaw";;https://www.zalando.pl/henry-tiger-t-shirt-z-nadrukiem-light-sand-h3a22o8dx-b11.html;8;zalando.pl;"2026-04-13 13:58:17.625+00";"2026-04-13 13:58:17.727333+00"
367;"Koszulki z krótkim rękawem (męskie)";"- T-shirt basic";"Under Armour - T-shirt basic";129.00;PLN;30.00;139.00;"60% bawełna, 40% poliester";;Nadruk;Regular;Prosty;Okrągły;UN242D0CH-C12;Długa;"Krótki rękaw";;https://www.zalando.pl/under-armour-sportstyle-t-shirt-z-nadrukiem-castlerockblack-un242d0ch-c12.html;8;zalando.pl;"2026-04-13 13:57:25.233+00";"2026-04-13 13:57:25.333903+00"
366;"Koszulki z krótkim rękawem (męskie)";"- Koszulka polo";"Polo Ralph Lauren - Koszulka polo";317.00;PLN;344.00;529.00;"100% bawełna";;Melanż;Slim;Dopasowany;;PO222P00X-Q12;Standardowa;"Krótki rękaw";;https://www.zalando.pl/polo-ralph-lauren-slim-fit-koszulka-polo-po222p00x-q12.html;8;zalando.pl;"2026-04-13 13:56:48.649+00";"2026-04-13 13:56:49.782322+00"
365;"Koszulki z krótkim rękawem (męskie)";"- T-shirt basic";"The North Face - T-shirt basic";143.00;PLN;159.00;;"100% bawełna";;"Kolor jednolity";"Loose fit";Prosty;Okrągły;TH322O0DU-Q11;Standardowa;"Krótki rękaw";;https://www.zalando.pl/the-north-face-liquid-logo-short-sleeve-tee-graphic-t-shirt-basic-black-th322o0du-q11.html;8;zalando.pl;"2026-04-13 13:56:16.523+00";"2026-04-13 13:56:18.50801+00"
364;"Koszulki z krótkim rękawem (męskie)";"BMW MMS - T-shirt z nadrukiem";"Puma BMW MMS - T-shirt z nadrukiem";114.00;PLN;159.00;;"100% bawełna";;Nadruk;Regular;Prosty;Okrągły;PU122O16N-A11;Standardowa;"Krótki rękaw";;https://www.zalando.pl/puma-bmw-mms-logo-tee-t-shirt-z-nadrukiem-white-pu122o16n-a11.html;8;zalando.pl;"2026-04-13 13:55:58.325+00";"2026-04-13 13:55:58.436946+00"
363;"Koszulki z krótkim rękawem (męskie)";"- Koszulka polo";"Pier One - Koszulka polo";167.00;PLN;143.00;239.00;"100% bawełna";;Melanż;Slim;Prosty;;PI922P07F-N11;Długa;"Krótki rękaw";;https://www.zalando.pl/pier-one-5-pack-koszulka-polo-whitebordeauxdark-bluekhakiblue-pi922p07f-n11.html;8;zalando.pl;"2026-04-13 13:55:26.326+00";"2026-04-13 13:55:26.427641+00"
362;"Koszulki z krótkim rękawem (męskie)";"UNISEX - T-shirt z nadrukiem";"Kaotiko UNISEX - T-shirt z nadrukiem";209.00;PLN;30.00;139.00;"100% bawełna";;Nadruk;Regular;Prosty;Okrągły;KAI2100XR-A11;Standardowa;"Krótki rękaw";;https://www.zalando.pl/kaotiko-landscape-unisex-t-shirt-z-nadrukiem-ivory-kai2100xr-a11.html;8;zalando.pl;"2026-04-13 13:55:08.344+00";"2026-04-13 13:55:08.445583+00"
361;"Koszulki z krótkim rękawem (męskie)";"NBA CHICAGO BULLS - T-shirt z nadrukiem";"New Era NBA CHICAGO BULLS - T-shirt z nadrukiem";251.00;PLN;251.00;279.00;"100% poliester";;;Regular;Prosty;;NE342D0W6-Q11;Standardowa;"Krótki rękaw";;https://www.zalando.pl/new-era-nba-chicago-bulls-snap-button-artykuly-klubowe-black-ne342d0w6-q11.html;8;zalando.pl;"2026-04-13 13:54:21.628+00";"2026-04-13 13:54:21.729514+00"
360;"Koszulki z krótkim rękawem (męskie)";"- Top";"Pier One Sport - Top";35.00;PLN;35.00;59.00;"87% poliester, 13% elastan";;"Kolor jednolity";"Loose fit";Prosty;Okrągły;PHZ42D004-Q11;Długa;"Bez rękawów";;https://www.zalando.pl/pier-one-sport-top-black-phz42d004-q11.html;8;zalando.pl;"2026-04-13 13:53:51.848+00";"2026-04-13 13:53:51.947843+00"
359;"Koszulki z krótkim rękawem (męskie)";"ESSENTIAL SLIM TEE - T-shirt basic";"Calvin Klein Jeans ESSENTIAL SLIM TEE - T-shirt basic";125.00;PLN;179.00;;"100% bawełna";;"Kolor jednolity";Slim;Prosty;Okrągły;C1822O074-Q11;Standardowa;"Krótki rękaw";;https://www.zalando.pl/calvin-klein-jeans-essential-slim-tee-t-shirt-basic-c1822o074-q11.html;8;zalando.pl;"2026-04-13 13:53:06.172+00";"2026-04-13 13:53:06.319711+00"
358;"Koszulki z krótkim rękawem (męskie)";"- T-shirt basic";"BOSS - T-shirt basic";149.00;PLN;149.00;249.00;"100% bawełna";;"Kolor jednolity";Regular;Prosty;Okrągły;BB122O0ZN-K14;Standardowa;"Krótki rękaw";;https://www.zalando.pl/boss-tales-t-shirt-basic-dark-blue-four-bb122o0zn-k14.html;8;zalando.pl;"2026-04-13 13:52:35.959+00";"2026-04-13 13:52:36.070584+00"
357;"Koszulki z krótkim rękawem (męskie)";"- T-shirt z nadrukiem";"Mister Tee - T-shirt z nadrukiem";58.00;PLN;61.00;79.00;"100% bawełna";"100% bawełna";Nadruk;Regular;Prosty;Okrągły;M0M22O1DD-A11;Długa;"Krótki rękaw";;https://www.zalando.pl/mister-tee-upsetti-spaghetti-t-shirt-z-nadrukiem-white-m0m22o1dd-a11.html;8;zalando.pl;"2026-04-13 13:51:51.945+00";"2026-04-13 13:51:52.048963+00"
356;"Koszulki z krótkim rękawem (męskie)";"UNISEX - T-shirt z nadrukiem";"adidas Originals UNISEX - T-shirt z nadrukiem";143.00;PLN;159.00;;"100% bawełna";;Nadruk;"Loose fit";Prosty;Okrągły;AD12100L0-A11;Standardowa;"Krótki rękaw";;https://www.zalando.pl/adidas-originals-flag-unisex-t-shirt-z-nadrukiem-off-white-ad12100l0-a11.html;8;zalando.pl;"2026-04-13 13:51:05.231+00";"2026-04-13 13:51:05.335522+00"
355;"Koszulki z krótkim rękawem (męskie)";"- T-shirt basic";"Calvin Klein Jeans - T-shirt basic";233.00;PLN;215.00;269.00;"100% bawełna";;"Kolor jednolity";Regular;Prosty;Okrągły;C1822O0O2-Q12;Standardowa;"Krótki rękaw";;https://www.zalando.pl/calvin-klein-jeans-badge-tee-2-pack-t-shirt-basic-blackbright-white-c1822o0o2-q12.html;8;zalando.pl;"2026-04-13 13:50:22.531+00";"2026-04-13 13:50:22.630979+00"
354;"Koszulki z krótkim rękawem (męskie)";"UNISEX - T-shirt basic";"YOURTURN UNISEX - T-shirt basic";76.00;PLN;87.00;109.00;"100% bawełna";;"Kolor jednolity";"Loose fit";Prosty;Okrągły;YO12100DJ-C11;Długa;"Krótki rękaw";;https://www.zalando.pl/yourturn-unisex-3-pack-t-shirt-basic-greypurpleblack-yo12100dj-c11.html;8;zalando.pl;"2026-04-13 13:49:58.756+00";"2026-04-13 13:49:58.857458+00"
353;"Koszulki z krótkim rękawem (męskie)";"T-shirt basic";"Pier One T-shirt basic";41.00;PLN;41.00;59.00;"100% bawełna";;"Kolor jednolity";Regular;Prosty;Okrągły;PI922O0KD-Q11;Długa;"Krótki rękaw";;https://www.zalando.pl/pier-one-t-shirt-basic-black-pi922o0kd-q11.html;8;zalando.pl;"2026-04-13 13:49:23.849+00";"2026-04-13 13:49:23.955124+00"
352;"Koszulki z krótkim rękawem (męskie)";"- T-shirt basic";"The North Face - T-shirt basic";119.00;PLN;30.00;169.00;"60% bawełna, 40% poliester";;"Kolor jednolity";Regular;Prosty;Okrągły;TH342D0AA-M11;Standardowa;"Krótki rękaw";;https://www.zalando.pl/the-north-face-evolution-simple-dome-regular-short-sleeve-tee-t-shirt-basic-new-taupe-green-th342d0aa-m11.html;8;zalando.pl;"2026-04-13 13:48:37.039+00";"2026-04-13 13:48:37.14062+00"
351;"Koszulki z krótkim rękawem (męskie)";"UNISEX - T-shirt z nadrukiem";"adidas Originals UNISEX - T-shirt z nadrukiem";127.00;PLN;143.00;159.00;"100% bawełna";;"W kwiatki";"Loose fit";Prosty;Okrągły;AD12100MS-Q11;Standardowa;Półrękawek;;https://www.zalando.pl/adidas-originals-botanical-graphic-tee-unisex-t-shirt-z-nadrukiem-black-ad12100ms-q11.html;8;zalando.pl;"2026-04-13 13:48:06.53+00";"2026-04-13 13:48:06.630872+00"
350;"Koszulki z krótkim rękawem (męskie)";"- T-shirt basic";"Pier One - T-shirt basic";64.00;PLN;64.00;99.00;"100% bawełna";;"Kolor jednolity";Prosty;;Okrągły;PI922O0GQ-A13;Standardowa;"Krótki rękaw";;https://www.zalando.pl/pier-one-3-pack-t-shirt-basic-pi922o0gq-a13.html;8;zalando.pl;"2026-04-13 13:47:44.168+00";"2026-04-13 13:47:44.35006+00"
349;"Koszulki z krótkim rękawem (męskie)";"UNISEX - T-shirt z nadrukiem";"EA7 Emporio Armani UNISEX - T-shirt z nadrukiem";260.00;PLN;202.00;289.00;"100% bawełna";;Nadruk;Regular;Prosty;Okrągły;EA722O0DT-Q11;Standardowa;"Krótki rękaw";;https://www.zalando.pl/ea7-emporio-armani-train-visibility-tee-unisex-t-shirt-z-nadrukiem-black-ea722o0dt-q11.html;7;zalando.pl;"2026-04-13 13:46:38.626+00";"2026-04-13 13:46:38.726696+00"
348;"Koszulki z krótkim rękawem (męskie)";"- T-shirt z nadrukiem";"Guess - T-shirt z nadrukiem";175.00;PLN;30.00;179.00;"100% bawełna";;Nadruk;Regular;Prosty;Okrągły;GU122O1K1-Q11;Standardowa;"Krótki rękaw";;https://www.zalando.pl/guess-t-shirt-z-nadrukiem-schwarz-gu122o1k1-q11.html;7;zalando.pl;"2026-04-13 13:46:10.521+00";"2026-04-13 13:46:10.656538+00"
347;"Koszulki z krótkim rękawem (męskie)";"2 PACK - T-shirt basic";"U.S. Polo Assn. 2 PACK - T-shirt basic";126.00;PLN;212.00;;"100% bawełna";;Melanż;Regular;Prosty;Okrągły;US222O06H-C11;Standardowa;"Krótki rękaw";;https://www.zalando.pl/us-polo-assn-t-shirt-basic-grau-us222o06h-c11.html;1;zalando.pl;"2026-04-13 13:36:56.624+00";"2026-04-13 13:36:56.727691+00"
346;"Koszulki z krótkim rękawem (męskie)";"- T-shirt basic";"Bershka - T-shirt basic";55.90;PLN;30.00;149.00;"100% bawełna";;"Kolor jednolity";Regular;Prosty;Okrągły;BEJ22O1EF-A11;Standardowa;"Krótki rękaw";;https://www.zalando.pl/bershka-t-shirt-basic-white-bej22o1ef-a11.html;1;zalando.pl;"2026-04-13 13:36:08.455+00";"2026-04-13 13:36:08.557792+00"
345;"Koszulki z krótkim rękawem (męskie)";"- T-shirt z nadrukiem";"Jack &amp; Jones - T-shirt z nadrukiem";71.00;PLN;79.00;;"100% bawełna";;Nadruk;"Loose fit";Prosty;Okrągły;JA222O5ZP-A11;Standardowa;"Krótki rękaw";;https://www.zalando.pl/jack-and-jones-jorsnake-crew-neck-t-shirt-z-nadrukiem-antique-white-ja222o5zp-a11.html;1;zalando.pl;"2026-04-13 13:35:50.368+00";"2026-04-13 13:35:50.547595+00"
344;"Koszulki z krótkim rękawem (męskie)";"5 PACK - T-shirt basic";"Pier One 5 PACK - T-shirt basic";101.00;PLN;101.00;169.00;"100% bawełna";;Melanż;Regular;Prosty;Okrągły;PI922O0TV-A14;Standardowa;"Krótki rękaw";;https://www.zalando.pl/pier-one-5-pack-t-shirt-z-nadrukiem-whiteark-greenblue-pi922o0tv-a14.html;7;zalando.pl;"2026-04-13 13:12:36.816+00";"2026-04-13 13:12:37.099165+00"
343;"Koszulki z krótkim rękawem (męskie)";"ALFREDO - Koszulka polo";"U.S. Polo Assn. ALFREDO - Koszulka polo";169.99;PLN;250.00;;"100% bawełna";;Melanż;Regular;Prosty;;US222P01P-J14;Standardowa;"Krótki rękaw";;https://www.zalando.pl/us-polo-assn-koszulka-polo-prism-pink-us222p01p-j14.html;7;zalando.pl;"2026-04-13 13:11:57.729+00";"2026-04-13 13:11:57.8384+00"
342;"Koszulki z krótkim rękawem (męskie)";"- T-shirt z nadrukiem";"Pier One - T-shirt z nadrukiem";69.00;PLN;30.00;89.00;"100% bawełna";;Nadruk;"Loose fit";Prosty;Okrągły;PI922O12I-A11;Długa;Półrękawek;;https://www.zalando.pl/pier-one-t-shirt-z-nadrukiem-off-white-pi922o12i-a11.html;7;zalando.pl;"2026-04-13 13:11:38.065+00";"2026-04-13 13:11:38.168815+00"
341;"Koszulki z krótkim rękawem (męskie)";"- T-shirt z nadrukiem";"Mister Tee - T-shirt z nadrukiem";82.00;PLN;119.00;;"100% bawełna";"100% bawełna";Nadruk;Regular;Prosty;Okrągły;M0M22O1NW-Q11;Standardowa;"Krótki rękaw";;https://www.zalando.pl/mister-tee-midnight-racing-club-tee-t-shirt-z-nadrukiem-black-m0m22o1nw-q11.html;7;zalando.pl;"2026-04-13 13:10:47.652+00";"2026-04-13 13:10:47.755947+00"
340;"Koszulki z krótkim rękawem (męskie)";"UNISEX - T-shirt basic";"YOURTURN UNISEX - T-shirt basic";80.00;PLN;71.00;89.00;"95% bawełna, 5% elastan";;"Kolor jednolity";"Loose fit";Prosty;Okrągły;YO12101SF-A11;Krótka;Półrękawek;;https://www.zalando.pl/yourturn-2-pack-unisex-t-shirt-basic-bright-white-yo12101sf-a11.html;7;zalando.pl;"2026-04-13 13:10:15.877+00";"2026-04-13 13:10:15.98348+00"
339;"Koszulki z krótkim rękawem (męskie)";"- Koszulka sportowa";"Nike ACG - Koszulka sportowa";159.00;PLN;30.00;149.00;"57% bawełna, 43% poliester";;Nadruk;Regular;Prosty;Okrągły;N8842D002-A11;Standardowa;"Krótki rękaw";;https://www.zalando.pl/nike-acg-tee-trail-energy-koszulka-sportowa-summit-whitepersian-violet-n8842d002-a11.html;7;zalando.pl;"2026-04-13 13:09:45.46+00";"2026-04-13 13:09:45.565225+00"
338;"Koszulki z krótkim rękawem (męskie)";"UNISEX - T-shirt z nadrukiem";"adidas Originals UNISEX - T-shirt z nadrukiem";143.00;PLN;159.00;;"100% bawełna";;Nadruk;Regular;Prosty;Okrągły;AD12100JB-Q11;Standardowa;"Krótki rękaw";;https://www.zalando.pl/adidas-originals-coffee-tee-unisex-t-shirt-z-nadrukiem-anthracite-ad12100jb-q11.html;7;zalando.pl;"2026-04-13 13:09:20.499+00";"2026-04-13 13:09:21.121234+00"
337;"Koszulki z krótkim rękawem (męskie)";"- T-shirt basic";"Hollister Co. - T-shirt basic";299.00;PLN;30.00;329.00;"100% bawełna";;"Kolor jednolity";Regular;Prosty;Okrągły;H0422O0FK-T11;Standardowa;"Krótki rękaw";;https://www.zalando.pl/hollister-co-crew-multi-5pk-blues-t-shirt-basic-graybluedenimdark-grayblack-h0422o0fk-t11.html;7;zalando.pl;"2026-04-13 13:08:13.026+00";"2026-04-13 13:08:13.159726+00"
336;"Koszulki z krótkim rękawem (męskie)";"- T-shirt z nadrukiem";"Oakley - T-shirt z nadrukiem";143.00;PLN;159.00;;"100% bawełna";;Nadruk;"Loose fit";Prosty;Okrągły;OA322O03L-C11;Standardowa;Półrękawek;;https://www.zalando.pl/oakley-flame-tee-t-shirt-z-nadrukiem-granite-gray-oa322o03l-c11.html;7;zalando.pl;"2026-04-13 13:07:44.175+00";"2026-04-13 13:07:44.564028+00"
335;"Koszulki z krótkim rękawem (męskie)";"- Koszulka polo";"PULL&amp;BEAR - Koszulka polo";109.00;PLN;30.00;379.00;"100% poliester";;Nadruk;"Loose fit";Prosty;Serek;PUC22O2I3-K11;Standardowa;"Krótki rękaw";;https://www.zalando.pl/pullandbear-marseille-soccer-koszulka-polo-light-blue-denim-puc22o2i3-k11.html;7;zalando.pl;"2026-04-13 13:07:14.836+00";"2026-04-13 13:07:14.990595+00"
334;"Koszulki z krótkim rękawem (męskie)";"- T-shirt z nadrukiem";"AllSaints - T-shirt z nadrukiem";247.00;PLN;247.00;309.00;"100% bawełna";;Nadruk;"Loose fit";Prosty;Okrągły;A0Q22O0SS-Q11;Długa;Półrękawek;;https://www.zalando.pl/allsaints-redact-crew-t-shirt-z-nadrukiem-washed-black-a0q22o0ss-q11.html;7;zalando.pl;"2026-04-13 13:06:33.929+00";"2026-04-13 13:06:34.059638+00"
333;"Koszulki z krótkim rękawem (męskie)";"- T-shirt z nadrukiem";"Alpha Industries - T-shirt z nadrukiem";89.00;PLN;59.00;99.00;"100% bawełna";;"Kolor jednolity";Regular;Prosty;Okrągły;AL522O017-O11;Standardowa;"Krótki rękaw";;https://www.zalando.pl/alpha-industries-basic-t-t-shirt-basic-deep-maroon-al522o017-o11.html;7;zalando.pl;"2026-04-13 13:05:57.244+00";"2026-04-13 13:05:57.692878+00"
332;"Koszulki z krótkim rękawem (męskie)";"UNISEX - T-shirt basic";"adidas Originals UNISEX - T-shirt basic";143.00;PLN;119.00;159.00;"100% bawełna";;"Kolor jednolity";Regular;Prosty;Okrągły;AD12100KX-A11;Standardowa;"Krótki rękaw";;https://www.zalando.pl/adidas-originals-unisex-t-shirt-basic-white-ad12100kx-a11.html;7;zalando.pl;"2026-04-13 13:05:31.765+00";"2026-04-13 13:05:31.959931+00"
331;"Koszulki z krótkim rękawem (męskie)";"PACER - Bluzka z długim rękawem";"Nike Performance PACER - Bluzka z długim rękawem";199.00;PLN;199.00;249.00;"100% poliester";;"Kolor jednolity";Regular;Dopasowany;;N1242D66T-Q12;Standardowa;"Bardzo długi rękaw";;https://www.zalando.pl/nike-performance-pacer-bluzka-z-dlugim-rekawem-black-n1242d66t-q12.html;7;zalando.pl;"2026-04-13 13:04:49.162+00";"2026-04-13 13:04:49.264974+00"
330;"Koszulki z krótkim rękawem (męskie)";"- Koszulka polo";"Levi&#x27;s® - Koszulka polo";119.00;PLN;149.00;199.00;"100% bawełna";;"Kolor jednolity";Regular;Prosty;"Wycięcie typu V";LE222P015-Q11;Standardowa;"Krótki rękaw";;https://www.zalando.pl/levis-new-housemark-koszulka-polo-mineral-black-le222p015-q11.html;7;zalando.pl;"2026-04-13 13:04:16.125+00";"2026-04-13 13:04:16.227799+00"
329;"Koszulki z krótkim rękawem (męskie)";"- T-shirt basic";"adidas Originals - T-shirt basic";98.00;PLN;109.00;;"100% bawełna";;Nadruk;Regular;Prosty;Okrągły;AD122O154-A11;Standardowa;"Krótki rękaw";;https://www.zalando.pl/adidas-originals-trefoil-ess-tee-t-shirt-basic-white-ad122o154-a11.html;7;zalando.pl;"2026-04-13 13:03:36.824+00";"2026-04-13 13:03:36.925168+00"
328;"Koszulki z krótkim rękawem (męskie)";"MOROCCO FRMF - Koszulka reprezentacji";"Puma MOROCCO FRMF - Koszulka reprezentacji";339.00;PLN;30.00;409.00;"100% poliester";;Nadruk;Regular;Dopasowany;;PU142D365-G11;Standardowa;"Długi rękaw";;https://www.zalando.pl/puma-morocco-frmf-warm-up-14-zip-top-bluzka-z-dlugim-rekawem-dark-crimsondark-myrtle-pu142d365-g11.html;7;zalando.pl;"2026-04-13 13:02:57.735+00";"2026-04-13 13:02:57.838605+00"
327;"Koszulki z krótkim rękawem (męskie)";"FLYING HIGH OVERSIZE FLYING HIGH OVERS - T-shirt z nadrukiem";"Upscale by Mister Tee FLYING HIGH OVERSIZE FLYING HIGH OVERS - T-shirt z nadrukiem";58.00;PLN;64.00;119.00;"100% bawełna";;"Kolor jednolity";Nadwymiarowy;Prosty;Okrągły;UP722O00K-Q11;Długa;"Krótki rękaw";;https://www.zalando.pl/upscale-by-mister-tee-t-shirt-z-nadrukiem-black-up722o00k-q11.html;7;zalando.pl;"2026-04-13 13:02:23.933+00";"2026-04-13 13:02:24.04575+00"
326;"Koszulki z krótkim rękawem (męskie)";"NIKECOURT - T-shirt z nadrukiem";"Nike Performance NIKECOURT - T-shirt z nadrukiem";159.00;PLN;30.00;179.00;"100% bawełna";;"Nadrukowane zdjęcie";Regular;Prosty;Okrągły;N1242D7P3-Q11;Standardowa;"Krótki rękaw";;https://www.zalando.pl/nike-performance-nikecourt-tee-love-t-shirt-z-nadrukiem-black-n1242d7p3-q11.html;7;zalando.pl;"2026-04-13 13:01:52.866+00";"2026-04-13 13:01:53.020131+00"
325;"Koszulki z krótkim rękawem (męskie)";"- T-shirt z nadrukiem";"Pier One - T-shirt z nadrukiem";45.00;PLN;35.00;69.00;"100% bawełna";;Nadruk;Regular;Prosty;Okrągły;PI922O0MA-K11;Standardowa;"Krótki rękaw";;https://www.zalando.pl/pier-one-t-shirt-z-nadrukiem-sky-captain-pi922o0ma-k11.html;7;zalando.pl;"2026-04-13 13:01:10.474+00";"2026-04-13 13:01:10.624407+00"
324;"Koszulki z krótkim rękawem (męskie)";"- T-shirt basic";"Carhartt WIP - T-shirt basic";179.00;PLN;30.00;139.00;"100% bawełna";;"Kolor jednolity";Regular;Prosty;Okrągły;C1422O04F-A12;Długa;"Krótki rękaw";;https://www.zalando.pl/carhartt-wip-chase-t-shirt-basic-whitegold-coloured-c1422o04f-a12.html;7;zalando.pl;"2026-04-13 13:00:35.253+00";"2026-04-13 13:00:35.355166+00"
323;"Koszulki z krótkim rękawem (męskie)";"- T-shirt z nadrukiem";"Mister Tee - T-shirt z nadrukiem";79.00;PLN;30.00;139.00;"100% bawełna";"100% bawełna";Nadruk;Regular;Prosty;Okrągły;M0M22O1LE-Q11;Długa;"Krótki rękaw";;https://www.zalando.pl/mister-tee-wild-beast-tiger-t-shirt-z-nadrukiem-black-m0m22o1le-q11.html;7;zalando.pl;"2026-04-13 12:59:49.544+00";"2026-04-13 12:59:49.761456+00"
322;"Koszulki z krótkim rękawem (męskie)";"VALEN - T-shirt z nadrukiem";"AllSaints VALEN - T-shirt z nadrukiem";339.00;PLN;30.00;309.00;"100% bawełna";;"W kwiatki";"Loose fit";Prosty;Okrągły;A0Q22O0YB-Q11;Długa;Półrękawek;;https://www.zalando.pl/allsaints-valen-crew-t-shirt-z-nadrukiem-washed-black-a0q22o0yb-q11.html;7;zalando.pl;"2026-04-13 12:59:17.269+00";"2026-04-13 12:59:17.419245+00"
321;"Koszulki z krótkim rękawem (męskie)";"CORE - Koszulka sportowa";"ASICS CORE - Koszulka sportowa";129.00;PLN;30.00;139.00;"100% poliester";;"Kolor jednolity";Regular;Prosty;Okrągły;AS142D0DG-M12;Standardowa;"Krótki rękaw";;https://www.zalando.pl/asics-core-top-koszulka-sportowa-vital-green-as142d0dg-m12.html;6;zalando.pl;"2026-04-13 12:58:21.056+00";"2026-04-13 12:58:21.16563+00"
320;"Koszulki z krótkim rękawem (męskie)";"- T-shirt z nadrukiem";"Ellesse - T-shirt z nadrukiem";89.00;PLN;59.00;99.00;"100% bawełna";;Nadruk;Regular;Prosty;Okrągły;EL922O0GD-K12;Standardowa;"Krótki rękaw";;https://www.zalando.pl/ellesse-ollio-t-shirt-z-nadrukiem-dunkelblau-el922o0gd-k12.html;6;zalando.pl;"2026-04-13 12:57:49.024+00";"2026-04-13 12:57:49.128943+00"
319;"Koszulki z krótkim rękawem (męskie)";"- T-shirt z nadrukiem";"adidas Originals - T-shirt z nadrukiem";139.00;PLN;30.00;149.00;"100% bawełna";;"Kolor jednolity";Regular;Prosty;Okrągły;AD122O19B-M11;Standardowa;"Krótki rękaw";;https://www.zalando.pl/adidas-originals-tee-t-shirt-basic-collegiate-green-ad122o19b-m11.html;6;zalando.pl;"2026-04-13 12:57:12.76+00";"2026-04-13 12:57:12.865358+00"
318;"Koszulki z krótkim rękawem (męskie)";"- T-shirt basic";"Polo Ralph Lauren - T-shirt basic";395.00;PLN;307.00;439.00;"100% bawełna";;"Kolor jednolity";Slim;Prosty;Okrągły;PO222O05W-K11;Standardowa;"Krótki rękaw";;https://www.zalando.pl/polo-ralph-lauren-slim-fit-t-shirt-basic-french-navy-po222o05w-k11.html;6;zalando.pl;"2026-04-13 12:56:47.425+00";"2026-04-13 12:56:48.548989+00"
317;"Koszulki z krótkim rękawem (męskie)";"FC BARCELONA - Koszulka sportowa";"Nike Performance FC BARCELONA - Koszulka sportowa";449.00;PLN;30.00;539.00;"100% poliester";;Nadruk;Regular;Prosty;Okrągły;N1242D7KH-K11;Standardowa;"Krótki rękaw";;https://www.zalando.pl/nike-performance-fc-barcelona-artykuly-klubowe-gym-bluesalsa-redopti-yellow-n1242d7kh-k11.html;6;zalando.pl;"2026-04-13 12:56:22.367+00";"2026-04-13 12:56:22.520672+00"
316;"Koszulki z krótkim rękawem (męskie)";"UNISEX - T-shirt z nadrukiem";"Carne Bollente UNISEX - T-shirt z nadrukiem";359.00;PLN;30.00;359.00;"100% bawełna";;Nadruk;Regular;Prosty;Okrągły;CTX21002U-A11;Standardowa;"Krótki rękaw";;https://www.zalando.pl/carne-bollente-simply-sounds-gay-unisex-t-shirt-z-nadrukiem-white-ctx21002u-a11.html;6;zalando.pl;"2026-04-13 12:55:55.037+00";"2026-04-13 12:55:55.14438+00"
315;"Koszulki z krótkim rękawem (męskie)";"WILBUR - T-shirt basic";"INDICODE JEANS WILBUR - T-shirt basic";89.99;PLN;164.99;;"100% bawełna";;"Kolor jednolity";Slim;Dopasowany;Okrągły;IJ022O013-A11;Standardowa;"Krótki rękaw";;https://www.zalando.pl/indicode-jeans-wilbur-t-shirt-basic-weiss-ij022o013-a11.html;6;zalando.pl;"2026-04-13 12:55:09.13+00";"2026-04-13 12:55:09.232734+00"
314;"Koszulki z krótkim rękawem (męskie)";"- T-shirt z nadrukiem";"Nike Sportswear - T-shirt z nadrukiem";125.00;PLN;139.00;;"100% bawełna";;Nadruk;Regular;Prosty;Okrągły;NI122O194-A11;Długa;"Krótki rękaw";;https://www.zalando.pl/nike-sportswear-tee-cafe-mug-t-shirt-z-nadrukiem-sail-ni122o194-a11.html;6;zalando.pl;"2026-04-13 12:54:50.848+00";"2026-04-13 12:54:50.949517+00"
313;"Koszulki z krótkim rękawem (męskie)";"- T-shirt z nadrukiem";"DC Shoes - T-shirt z nadrukiem";129.00;PLN;30.00;139.00;"100% bawełna";;Nadruk;Regular;Prosty;Okrągły;DC121000Z-Q11;Długa;"Krótki rękaw";;https://www.zalando.pl/dc-shoes-t-shirt-z-nadrukiem-black-dc121000z-q11.html;6;zalando.pl;"2026-04-13 12:54:04.598+00";"2026-04-13 12:54:04.699256+00"
312;"Koszulki z krótkim rękawem (męskie)";"- T-shirt basic";"Pier One - T-shirt basic";64.00;PLN;59.00;99.00;"100% bawełna";;"Kolor jednolity";Slim;Prosty;Okrągły;PI922O0GQ-A11;Długa;"Krótki rękaw";;https://www.zalando.pl/pier-one-3-pack-t-shirt-basic-pi922o0gq-a11.html;6;zalando.pl;"2026-04-13 12:53:13.566+00";"2026-04-13 12:53:13.720761+00"
311;"Koszulki z krótkim rękawem (męskie)";"- T-shirt basic";"OFF-WHITE - T-shirt basic";879.00;PLN;30.00;1309.00;"100% bawełna";;"Kolor jednolity";Regular;Prosty;Okrągły;OF522O01P-Q11;Standardowa;"Krótki rękaw";;https://www.zalando.pl/off-white-small-arrow-slim-tee-t-shirt-basic-black-of522o01p-q11.html;6;zalando.pl;"2026-04-13 12:52:40.337+00";"2026-04-13 12:52:40.438156+00"
310;"Koszulki z krótkim rękawem (męskie)";"MOROCCO FRMF HOME - Koszulka sportowa";"Puma MOROCCO FRMF HOME - Koszulka sportowa";429.00;PLN;30.00;429.00;"100% poliester";;;Regular;Dopasowany;;PU142D361-G11;Standardowa;"Krótki rękaw";;https://www.zalando.pl/puma-morocco-frmf-home-replica-koszulki-pilkarskie-fast-redvictory-gold-coloured-pu142d361-g11.html;6;zalando.pl;"2026-04-13 12:52:11.738+00";"2026-04-13 12:52:11.839322+00"
309;"Koszulki z krótkim rękawem (męskie)";"2 PACK - Top";"Pier One 2 PACK - Top";48.00;PLN;55.00;69.00;"100% bawełna";;"Kolor jednolity";Prosty;;Okrągły;PI922O0KA-A11;Standardowa;"Bez rękawów";;https://www.zalando.pl/pier-one-top-whiteblack-pi922o0ka-a11.html;6;zalando.pl;"2026-04-13 12:51:45.663+00";"2026-04-13 12:51:45.765145+00"
308;"Koszulki z krótkim rękawem (męskie)";"- T-shirt basic";"Alpha Industries - T-shirt basic";179.00;PLN;109.00;199.00;"100% bawełna";;"Kolor jednolity";Regular;Prosty;Okrągły;AL522O099-Q11;Standardowa;"Krótki rękaw";;https://www.zalando.pl/alpha-industries-basic-small-logo-2-pack-t-shirt-basic-blackwhite-al522o099-q11.html;6;zalando.pl;"2026-04-13 12:51:13.037+00";"2026-04-13 12:51:13.137804+00"
307;"Koszulki z krótkim rękawem (męskie)";"EASY - T-shirt z nadrukiem";"The North Face EASY - T-shirt z nadrukiem";306.00;PLN;30.00;169.00;"60% bawełna, 40% poliester";;Nadruk;Regular;Prosty;Okrągły;TH342D08P-A11;Długa;"Krótki rękaw";;https://www.zalando.pl/the-north-face-easy-tee-t-shirt-z-nadrukiem-white-th342d08p-a11.html;6;zalando.pl;"2026-04-13 12:50:38.551+00";"2026-04-13 12:50:38.665288+00"
306;"Koszulki z krótkim rękawem (męskie)";"ALFRED - Koszulka polo";"U.S. Polo Assn. ALFRED - Koszulka polo";254.99;PLN;450.00;;"100% bawełna";;"Kolor jednolity";Regular;Prosty;;US222P061-K11;Długa;"Krótki rękaw";;https://www.zalando.pl/us-polo-assn-alfred-2-pakc-koszulka-polo-darksapphire-white-us222p061-k11.html;6;zalando.pl;"2026-04-13 12:10:37.328+00";"2026-04-13 12:10:40.076819+00"
305;"Koszulki z krótkim rękawem (męskie)";"UNISEX - Bluzka z długim rękawem";"YOURTURN UNISEX - Bluzka z długim rękawem";89.00;PLN;30.00;89.00;"100% bawełna";;Nadruk;"Loose fit";Prosty;Okrągły;YO12101JE-Q11;Standardowa;"Długi rękaw";;https://www.zalando.pl/yourturn-unisex-bluzka-z-dlugim-rekawem-black-yo12101je-q11.html;6;zalando.pl;"2026-04-13 12:09:48.878+00";"2026-04-13 12:09:56.818356+00"
304;"Koszulki z krótkim rękawem (męskie)";"FERNANDO - Koszulka polo";"Redefined Rebel FERNANDO - Koszulka polo";143.00;PLN;159.00;;"100% bawełna";;"Kolor jednolity";Regular;Prosty;;R0622Q071-O11;Standardowa;"Krótki rękaw";;https://www.zalando.pl/redefined-rebel-fernando-boxy-fit-koszulka-polo-turkish-coffee-r0622q071-o11.html;6;zalando.pl;"2026-04-13 12:09:18.796+00";"2026-04-13 12:09:19.012917+00"
303;"Koszulki z krótkim rękawem (męskie)";"- T-shirt z nadrukiem";"Puma - T-shirt z nadrukiem";116.00;PLN;125.00;139.00;"100% bawełna";;Nadruk;Regular;Prosty;Okrągły;PU122O0XY-Q11;Standardowa;"Krótki rękaw";;https://www.zalando.pl/puma-f1-logo-tee-t-shirt-z-nadrukiem-black-pu122o0xy-q11.html;6;zalando.pl;"2026-04-13 12:08:26.302+00";"2026-04-13 12:08:26.552774+00"
302;"Koszulki z krótkim rękawem (męskie)";"ITALY 70S - Koszulka reprezentacji";"adidas Originals ITALY 70S - Koszulka reprezentacji";449.00;PLN;499.00;;"60% wełna, 40% lyocell";;Kolorowy;Regular;Prosty;Okrągły;AD142D07I-K11;Długa;"Krótki rękaw";;https://www.zalando.pl/adidas-originals-italy-70s-t-shirt-z-nadrukiem-team-royal-blue-ad142d07i-k11.html;6;zalando.pl;"2026-04-13 12:07:51.94+00";"2026-04-13 12:07:52.044674+00"
301;"Koszulki z krótkim rękawem (męskie)";"RESET - Top";"Nike Performance RESET - Top";99.00;PLN;30.00;139.00;"100% poliester";;Melanż;Regular;Prosty;Okrągły;N1242D5DQ-C11;Długa;"Bez rękawów";;https://www.zalando.pl/nike-performance-tee-reset-top-tumbled-greysilver-heatherblack-n1242d5dq-c11.html;6;zalando.pl;"2026-04-13 12:07:31.263+00";"2026-04-13 12:07:31.574529+00"
300;"Koszulki z krótkim rękawem (męskie)";"UNISEX - T-shirt basic";"adidas Originals UNISEX - T-shirt basic";111.00;PLN;104.00;139.00;"100% bawełna";;"Kolor jednolity";"Loose fit";Prosty;Okrągły;AD12100LS-J12;Standardowa;Półrękawek;;https://www.zalando.pl/adidas-originals-boxy-tee-unisex-t-shirt-basic-pink-fusion-ad12100ls-j12.html;6;zalando.pl;"2026-04-13 12:06:39.858+00";"2026-04-13 12:06:39.99649+00"
299;"Koszulki z krótkim rękawem (męskie)";"ENGLAND 2026/27 HOME - Koszulka sportowa";"Nike Performance ENGLAND 2026/27 HOME - Koszulka sportowa";449.00;PLN;30.00;359.00;"100% poliester";;;Regular;Dopasowany;Okrągły;N1242D7TZ-A11;Standardowa;"Krótki rękaw";;https://www.zalando.pl/nike-performance-england-202627-stadium-home-koszulka-reprezentacji-whitespeed-redobsidian-n1242d7tz-a11.html;6;zalando.pl;"2026-04-13 12:05:46.446+00";"2026-04-13 12:05:46.782327+00"
298;"Koszulki z krótkim rękawem (męskie)";"PADDY - Koszulka polo";"BOSS PADDY - Koszulka polo";269.00;PLN;292.00;449.00;"100% bawełna";;"Kolor jednolity";Regular;Prosty;;BB122P0GN-G11;Standardowa;"Krótki rękaw";;https://www.zalando.pl/boss-paddy-curved-koszulka-polo-medium-red-bb122p0gn-g11.html;6;zalando.pl;"2026-04-13 12:04:58.969+00";"2026-04-13 12:04:59.119723+00"
297;"Koszulki z krótkim rękawem (męskie)";"- T-shirt z nadrukiem";"Calvin Klein Jeans - T-shirt z nadrukiem";116.00;PLN;84.00;129.00;"100% bawełna";;Nadruk;Regular;Prosty;Okrągły;C1822O0PJ-Q11;Standardowa;"Krótki rękaw";;https://www.zalando.pl/calvin-klein-jeans-graphic-t-shirt-z-nadrukiem-black-c1822o0pj-q11.html;6;zalando.pl;"2026-04-13 12:04:15.533+00";"2026-04-13 12:04:15.661736+00"
296;"Koszulki z krótkim rękawem (męskie)";"- T-shirt z nadrukiem";"Diesel - T-shirt z nadrukiem";206.00;PLN;160.00;229.00;"100% bawełna";;Nadruk;Regular;Prosty;Okrągły;DI122O0RN-Q11;Standardowa;"Krótki rękaw";;https://www.zalando.pl/diesel-adjust-t-shirt-z-nadrukiem-black-di122o0rn-q11.html;5;zalando.pl;"2026-04-13 12:03:12.525+00";"2026-04-13 12:03:12.787211+00"
295;"Koszulki z krótkim rękawem (męskie)";"- T-shirt basic";"Calvin Klein - T-shirt basic";260.00;PLN;173.00;289.00;"95% bawełna, 5% elastan";;"Kolor jednolity";Slim;Prosty;Okrągły;6CA22O0MR-Q12;Standardowa;"Krótki rękaw";;https://www.zalando.pl/calvin-klein-slim-tee-2-pack-t-shirt-basic-blackbright-white-6ca22o0mr-q12.html;5;zalando.pl;"2026-04-13 12:02:30.45+00";"2026-04-13 12:02:30.777583+00"
294;"Koszulki z krótkim rękawem (męskie)";"UNISEX - T-shirt z nadrukiem";"YOURTURN UNISEX - T-shirt z nadrukiem";79.00;PLN;30.00;119.00;"100% bawełna";;Nadruk;"Loose fit";Prosty;Okrągły;YO12101Y6-C11;Standardowa;Półrękawek;;https://www.zalando.pl/yourturn-unisex-t-shirt-z-nadrukiem-forged-iron-yo12101y6-c11.html;5;zalando.pl;"2026-04-13 12:01:37.53+00";"2026-04-13 12:01:37.762841+00"
293;"Koszulki z krótkim rękawem (męskie)";"UNISEX - T-shirt z nadrukiem";"adidas Originals UNISEX - T-shirt z nadrukiem";143.00;PLN;159.00;;"100% bawełna";;Nadruk;"Loose fit";Prosty;Okrągły;AD12100NO-A11;Standardowa;"Krótki rękaw";;https://www.zalando.pl/adidas-originals-cherry-tee-unisex-t-shirt-z-nadrukiem-off-white-ad12100no-a11.html;5;zalando.pl;"2026-04-13 12:00:49.364+00";"2026-04-13 12:00:49.689919+00"
292;"Koszulki z krótkim rękawem (męskie)";"- T-shirt basic";"Oakley - T-shirt basic";161.00;PLN;179.00;;"100% bawełna";;"Kolor jednolity";"Loose fit";Prosty;Okrągły;OA322O03A-Q11;Standardowa;"Krótki rękaw";;https://www.zalando.pl/oakley-metal-rise-tee-t-shirt-basic-blackout-oa322o03a-q11.html;5;zalando.pl;"2026-04-13 12:00:21.166+00";"2026-04-13 12:00:21.270525+00"
291;"Koszulki z krótkim rękawem (męskie)";"- Koszulka sportowa";"adidas Originals - Koszulka sportowa";229.00;PLN;30.00;159.00;"52% bawełna, 48% poliester";;;Regular;Prosty;Okrągły;AD142D072-A11;Standardowa;"Krótki rękaw";;https://www.zalando.pl/adidas-originals-germany-originals-t-shirt-z-nadrukiem-off-white-ad142d072-a11.html;5;zalando.pl;"2026-04-13 11:59:49.426+00";"2026-04-13 11:59:49.535322+00"
290;"Koszulki z krótkim rękawem (męskie)";"UNISEX - T-shirt basic";"YOURTURN UNISEX - T-shirt basic";53.00;PLN;59.00;;"95% bawełna, 5% elastan";;"Kolor jednolity";"Loose fit";Prosty;Okrągły;YO12101SC-Q11;Krótka;Półrękawek;;https://www.zalando.pl/yourturn-unisex-t-shirt-basic-true-black-yo12101sc-q11.html;5;zalando.pl;"2026-04-13 11:59:19.447+00";"2026-04-13 11:59:19.55252+00"
289;"Koszulki z krótkim rękawem (męskie)";"UNISEX 2 PACK - Top";"YOURTURN UNISEX 2 PACK - Top";63.00;PLN;71.00;79.00;"95% bawełna, 5% elastan";;"Kolor jednolity";Skinny;"Dopasowanie do figury";Okrągły;YO12101B4-A12;Krótka;"Bez rękawów";;https://www.zalando.pl/yourturn-2pack-unisex-top-whiteblack-yo12101b4-a12.html;5;zalando.pl;"2026-04-13 11:58:48.196+00";"2026-04-13 11:58:48.305527+00"
288;"Koszulki z krótkim rękawem (męskie)";"T-shirt basic";"Pier One T-shirt basic";33.00;PLN;22.00;44.00;"100% bawełna";;"Kolor jednolity";Regular;Prosty;Okrągły;PI922O0R1-Q11;Standardowa;"Krótki rękaw";;https://www.zalando.pl/pier-one-t-shirt-basic-black-pi922o0r1-q11.html;5;zalando.pl;"2026-04-13 11:58:00.86+00";"2026-04-13 11:58:00.962593+00"
287;"Koszulki z krótkim rękawem (męskie)";"UNISEX - T-shirt basic";"EA7 Emporio Armani UNISEX - T-shirt basic";224.00;PLN;174.00;249.00;"100% bawełna";;"Kolor jednolity";Regular;Prosty;Okrągły;EA722O09V-Q12;Standardowa;"Krótki rękaw";;https://www.zalando.pl/ea7-emporio-armani-t-shirt-basic-black-ea722o09v-q12.html;5;zalando.pl;"2026-04-13 11:57:31.964+00";"2026-04-13 11:57:32.118488+00"
286;"Koszulki z krótkim rękawem (męskie)";"SLIM FIT MESH POLO SHIRT - Koszulka polo";"Polo Ralph Lauren SLIM FIT MESH POLO SHIRT - Koszulka polo";363.00;PLN;530.00;589.00;"100% bawełna";;"Kolor jednolity";Slim;Prosty;;PO222P0CR-J11;Standardowa;"Krótki rękaw";;https://www.zalando.pl/polo-ralph-lauren-basic-mesh-slim-fit-koszulka-polo-po222p0cr-j11.html;5;zalando.pl;"2026-04-13 11:57:05.063+00";"2026-04-13 11:57:05.166814+00"
285;"Koszulki z krótkim rękawem (męskie)";"MCFC - Koszulka sportowa";"Puma MCFC - Koszulka sportowa";259.00;PLN;429.00;;"100% poliester";;Nadruk;Regular;Prosty;;PU142D2X7-Q11;Standardowa;"Krótki rękaw";;https://www.zalando.pl/puma-mcfc-away-jersey-replica-koszulka-sportowa-puma-black-pu142d2x7-q11.html;5;zalando.pl;"2026-04-13 11:56:17.572+00";"2026-04-13 11:56:17.752033+00"
284;"Koszulki z krótkim rękawem (męskie)";"UNISEX - T-shirt z nadrukiem";"Carne Bollente UNISEX - T-shirt z nadrukiem";359.00;PLN;30.00;359.00;"100% bawełna";;Nadruk;Regular;Prosty;Okrągły;CTX210010-A11;Standardowa;"Krótki rękaw";;https://www.zalando.pl/carne-bollente-unisex-t-shirt-z-nadrukiem-white-ctx210010-a11.html;5;zalando.pl;"2026-04-13 11:55:57.243+00";"2026-04-13 11:55:57.344252+00"
283;"Koszulki z krótkim rękawem (męskie)";"- T-shirt z nadrukiem";"Venum - T-shirt z nadrukiem";129.00;PLN;30.00;99.00;"100% bawełna";;Nadruk;Regular;Prosty;Okrągły;V2T42D041-Q11;Standardowa;"Krótki rękaw";;https://www.zalando.pl/venum-giant-t-shirt-z-nadrukiem-black-v2t42d041-q11.html;5;zalando.pl;"2026-04-13 11:55:35.866+00";"2026-04-13 11:55:36.022086+00"
282;"Koszulki z krótkim rękawem (męskie)";"UNISEX - Koszulka polo";"Lacoste UNISEX - Koszulka polo";269.00;PLN;269.00;449.00;"100% bawełna";;"W paski";Regular;Prosty;;LA2210052-A11;Długa;"Krótki rękaw";;https://www.zalando.pl/lacoste-unisex-koszulka-polo-whitenavy-blue-la2210052-a11.html;5;zalando.pl;"2026-04-13 11:54:59.511+00";"2026-04-13 11:54:59.771091+00"
281;"Koszulki z krótkim rękawem (męskie)";"KOREA 2026 AWAY - Koszulka sportowa";"Nike Performance KOREA 2026 AWAY - Koszulka sportowa";449.00;PLN;30.00;359.00;"100% poliester";;Nadruk;Regular;Dopasowany;Kopertowy;N1242D7QJ-I11;Standardowa;"Krótki rękaw";;https://www.zalando.pl/nike-performance-korea-2026-stadium-away-koszulka-reprezentacji-space-purpleamethyst-tintglobal-bluelt-liquid-lime-no-sponsor-n1242d7qj-i11.html;5;zalando.pl;"2026-04-13 11:54:23.471+00";"2026-04-13 11:54:23.768668+00"
280;"Koszulki z krótkim rękawem (męskie)";"- T-shirt basic";"Pier One - T-shirt basic";170.00;PLN;151.00;189.00;"100% bawełna";;"Kolor jednolity";Slim;Dopasowany;Okrągły;PI922O0PY-A12;Standardowa;"Krótki rękaw";;https://www.zalando.pl/pier-one-7-pack-t-shirt-basic-001-white-pi922o0py-a12.html;5;zalando.pl;"2026-04-13 11:53:36.13+00";"2026-04-13 11:53:36.232367+00"
279;"Koszulki z krótkim rękawem (męskie)";"UNISEX - T-shirt basic";"YOURTURN UNISEX - T-shirt basic";82.00;PLN;87.00;109.00;"100% bawełna";;"Kolor jednolity";Regular;Prosty;Okrągły;YO12100DJ-C12;Długa;"Krótki rękaw";;https://www.zalando.pl/yourturn-3-pack-unisex-t-shirt-basic-greywhiteblack-yo12100dj-c12.html;5;zalando.pl;"2026-04-13 11:52:47.959+00";"2026-04-13 11:52:48.062426+00"
278;"Koszulki z krótkim rękawem (męskie)";"- T-shirt basic";"The North Face - T-shirt basic";119.00;PLN;30.00;249.00;"60% bawełna, 40% poliester";;"Kolor jednolity";Regular;Prosty;Okrągły;TH322O0EC-B11;Standardowa;"Krótki rękaw";;https://www.zalando.pl/the-north-face-evolution-box-half-dome-regular-short-sleeve-tee-t-shirt-basic-desert-stone-th322o0ec-b11.html;5;zalando.pl;"2026-04-13 11:52:08.83+00";"2026-04-13 11:52:08.93203+00"
277;"Koszulki z krótkim rękawem (męskie)";"- T-shirt basic";"Urban Classics - T-shirt basic";70.00;PLN;79.00;;"100% bawełna";;"Kolor jednolity";Nadwymiarowy;Prosty;Okrągły;UR622O074-A11;Standardowa;"Krótki rękaw";;https://www.zalando.pl/urban-classics-heavy-t-shirt-basic-white-ur622o074-a11.html;5;zalando.pl;"2026-04-13 11:51:40.241+00";"2026-04-13 11:51:40.344229+00"
276;"Koszulki z krótkim rękawem (męskie)";"UNISEX - T-shirt basic";"Pier One UNISEX - T-shirt basic";97.00;PLN;89.00;149.00;"100% bawełna";;"Kolor jednolity";Slim;Prosty;Okrągły;PI921001F-Q11;Standardowa;"Krótki rękaw";;https://www.zalando.pl/pier-one-5-pack-t-shirt-basic-black-dark-bluedark-green-pi921001f-q11.html;5;zalando.pl;"2026-04-13 11:50:49.96+00";"2026-04-13 11:50:50.062863+00"
275;"Koszulki z krótkim rękawem (męskie)";"- T-shirt z nadrukiem";"EA7 Emporio Armani - T-shirt z nadrukiem";323.00;PLN;251.00;359.00;"100% bawełna";;Nadruk;Regular;Prosty;Okrągły;EA722O0C7-Q11;Standardowa;"Krótki rękaw";;https://www.zalando.pl/ea7-emporio-armani-train-logo-tee-t-shirt-z-nadrukiem-black-ea722o0c7-q11.html;5;zalando.pl;"2026-04-13 11:50:25.855+00";"2026-04-13 11:50:25.990485+00"
274;"Koszulki z krótkim rękawem (męskie)";"- T-shirt basic";"Jordan - T-shirt basic";139.00;PLN;30.00;189.00;"100% bawełna";;"Kolor jednolity";Regular;Prosty;Okrągły;JOC22O0BA-Q11;Standardowa;"Krótki rękaw";;https://www.zalando.pl/jordan-jumpman-crew-t-shirt-basic-blackwhite-joc22o0ba-q11.html;5;zalando.pl;"2026-04-13 11:50:06.843+00";"2026-04-13 11:50:06.991696+00"
273;"Koszulki z krótkim rękawem (męskie)";"ARJUN - T-shirt basic";"U.S. Polo Assn. ARJUN - T-shirt basic";82.99;PLN;150.00;;"100% bawełna";;Melanż;;Prosty;Okrągły;US222O00S-C11;Standardowa;"Krótki rękaw";;https://www.zalando.pl/us-polo-assn-t-shirt-basic-greymel-us222o00s-c11.html;5;zalando.pl;"2026-04-13 11:49:19.869+00";"2026-04-13 11:49:20.0612+00"
272;"Koszulki z krótkim rękawem (męskie)";"UNISEX - T-shirt z nadrukiem";"Carne Bollente UNISEX - T-shirt z nadrukiem";359.00;PLN;30.00;519.00;"100% bawełna";;Nadruk;Regular;Prosty;Okrągły;CTX21002I-C11;Standardowa;"Krótki rękaw";;https://www.zalando.pl/carne-bollente-sounds-straight-i-m-out-unisex-t-shirt-z-nadrukiem-melange-grey-ctx21002i-c11.html;4;zalando.pl;"2026-04-13 11:48:19.252+00";"2026-04-13 11:48:19.356892+00"
271;"Koszulki z krótkim rękawem (męskie)";"FROG - T-shirt z nadrukiem";"Nike Sportswear FROG - T-shirt z nadrukiem";143.00;PLN;161.00;179.00;"100% bawełna";;Nadruk;Regular;Prosty;Okrągły;NI122O19B-Q11;Standardowa;"Krótki rękaw";;https://www.zalando.pl/nike-sportswear-u-nsw-lse-oc-frog-t-shirt-z-nadrukiem-black-ni122o19b-q11.html;4;zalando.pl;"2026-04-13 11:47:50.067+00";"2026-04-13 11:47:50.372224+00"
270;"Koszulki z krótkim rękawem (męskie)";"JOR30HISTORY TEE CREW NECK 3 PACK - T-shirt z nadrukiem";"Jack &amp; Jones JOR30HISTORY TEE CREW NECK 3 PACK - T-shirt z nadrukiem";116.00;PLN;90.00;179.00;"100% bawełna";;Nadruk;Slim;Prosty;Okrągły;JA222O3UK-Q11;Standardowa;"Krótki rękaw";;https://www.zalando.pl/jack-and-jones-jor30history-tee-crew-neck-3-pack-t-shirt-z-nadrukiem-navy-blazerblackwhite-ja222o3uk-q11.html;4;zalando.pl;"2026-04-13 11:47:03.66+00";"2026-04-13 11:47:03.760888+00"
269;"Koszulki z krótkim rękawem (męskie)";"SPAIN 26 HOME - Koszulka reprezentacji";"adidas Performance SPAIN 26 HOME - Koszulka reprezentacji";269.00;PLN;30.00;;"100% poliester";;;Regular;Dopasowany;Okrągły;AD542D6CG-G11;Standardowa;"Krótki rękaw";;https://www.zalando.pl/adidas-performance-spain-26-home-fan-lifestyle-t-shirt-z-nadrukiem-vivid-red-ad542d6cg-g11.html;4;zalando.pl;"2026-04-13 11:40:16.746+00";"2026-04-13 11:40:16.904319+00"
268;"Koszulki z krótkim rękawem (męskie)";"- T-shirt basic";"adidas Originals - T-shirt basic";76.00;PLN;71.00;109.00;"100% bawełna";;Nadruk;"Loose fit";Prosty;Okrągły;AD122O154-Q11;Długa;"Krótki rękaw";;https://www.zalando.pl/adidas-originals-trefoil-ess-tee-t-shirt-basic-black-ad122o154-q11.html;3;zalando.pl;"2026-04-13 11:31:48.656+00";"2026-04-13 11:31:48.771175+00"
267;"Koszulki z krótkim rękawem (męskie)";"- T-shirt basic";"PRÓCHNIK - T-shirt basic";69.90;PLN;99.90;;"100% bawełna";;"Kolor jednolity";"Slim Fit";Prosty;Okrągły;PFV22O005-K12;Standardowa;"Krótki rękaw";;https://www.zalando.pl/prochnik-t-shirt-basic-navy-pfv22o005-k12.html;1;zalando.pl;"2026-04-13 10:35:30.328+00";"2026-04-13 10:35:30.435908+00"
266;"Koszulki z krótkim rękawem (męskie)";"- Bluzka z długim rękawem";"Pier One - Bluzka z długim rękawem";93.00;PLN;85.00;169.00;"100% bawełna";;"Kolor jednolity";Regular;Prosty;Okrągły;PI922O17C-A11;Standardowa;"Długi rękaw";;https://www.zalando.pl/pier-one-bluzka-z-dlugim-rekawem-bright-white-pi922o17c-a11.html;4;zalando.pl;"2026-04-13 10:01:54.155+00";"2026-04-13 10:01:54.271596+00"
265;"Koszulki z krótkim rękawem (męskie)";"NBA CHICAGO BULLS - Top";"New Era NBA CHICAGO BULLS - Top";116.00;PLN;77.00;129.00;"100% bawełna";;Nadruk;Regular;Prosty;Okrągły;NE342D0VT-Q11;Długa;"Bez rękawów";;https://www.zalando.pl/new-era-nba-chicago-bulls-panel-sleeveless-tee-artykuly-klubowe-black-ne342d0vt-q11.html;4;zalando.pl;"2026-04-13 10:01:30.646+00";"2026-04-13 10:01:30.751256+00"
264;"Koszulki z krótkim rękawem (męskie)";"- T-shirt z nadrukiem";"Nike Performance - T-shirt z nadrukiem";159.00;PLN;30.00;79.00;"100% bawełna";;Nadruk;Regular;Prosty;Okrągły;N1242D7T3-A11;Standardowa;"Krótki rękaw";;https://www.zalando.pl/nike-performance-tee-train-thermal-t-shirt-z-nadrukiem-white-n1242d7t3-a11.html;4;zalando.pl;"2026-04-13 10:00:46.04+00";"2026-04-13 10:00:46.141065+00"
263;"Koszulki z krótkim rękawem (męskie)";"- T-shirt z nadrukiem";"adidas Originals - T-shirt z nadrukiem";149.00;PLN;30.00;149.00;"100% bawełna";;"W paski";Regular;Prosty;Okrągły;AD122O19B-G12;Standardowa;"Krótki rękaw";;https://www.zalando.pl/adidas-originals-3-stripes-tee-t-shirt-z-nadrukiem-maroon-off-white-ad122o19b-g12.html;4;zalando.pl;"2026-04-13 10:00:20.869+00";"2026-04-13 10:00:21.022513+00"
262;"Koszulki z krótkim rękawem (męskie)";"UNISEX - Bluzka z długim rękawem";"YOURTURN UNISEX - Bluzka z długim rękawem";89.00;PLN;30.00;119.00;"100% poliester";;Nadruk;Skinny;"Dopasowanie do figury";Okrągły;YO12101J9-Q11;Standardowa;"Długi rękaw";;https://www.zalando.pl/yourturn-unisex-bluzka-z-dlugim-rekawem-black-yo12101j9-q11.html;4;zalando.pl;"2026-04-13 09:59:41.24+00";"2026-04-13 09:59:41.343192+00"
261;"Koszulki z krótkim rękawem (męskie)";"UNISEX - T-shirt z nadrukiem";"Calvin Klein Jeans UNISEX - T-shirt z nadrukiem";146.00;PLN;125.00;209.00;"100% bawełna";;Nadruk;Regular;Prosty;Okrągły;C1821020Q-Q11;Standardowa;"Krótki rękaw";;https://www.zalando.pl/calvin-klein-jeans-logo-back-print-unisex-t-shirt-z-nadrukiem-black-c1821020q-q11.html;4;zalando.pl;"2026-04-13 09:59:19.659+00";"2026-04-13 09:59:19.762803+00"
260;"Koszulki z krótkim rękawem (męskie)";"ARGENTINA 26 AWAY - Koszulka sportowa";"adidas Performance ARGENTINA 26 AWAY - Koszulka sportowa";439.00;PLN;30.00;409.00;"100% poliester";;Nadruk;Slim;Dopasowany;Okrągły;AD542D6CM-Q11;Standardowa;"Krótki rękaw";;https://www.zalando.pl/adidas-performance-argentina-26-away-replica-lifestyle-koszulka-reprezentacji-blacklucid-blueblue-burst-ad542d6cm-q11.html;4;zalando.pl;"2026-04-13 09:58:44.848+00";"2026-04-13 09:58:44.957371+00"
259;"Koszulki z krótkim rękawem (męskie)";"- T-shirt basic";"Jordan - T-shirt basic";127.00;PLN;118.00;169.00;"95% bawełna, 5% elastan";;"Kolor jednolity";Regular;Prosty;Okrągły;JOC42D08H-A11;Standardowa;"Krótki rękaw";;https://www.zalando.pl/jordan-flight-base-tee-2-pack-t-shirt-basic-white-joc42d08h-a11.html;4;zalando.pl;"2026-04-13 09:58:05.048+00";"2026-04-13 09:58:05.150544+00"
258;"Koszulki z krótkim rękawem (męskie)";"- T-shirt z nadrukiem";"Armani Exchange - T-shirt z nadrukiem";199.00;PLN;30.00;179.00;"100% bawełna";;Nadruk;Slim;Prosty;Okrągły;ARC22O0PN-Q11;Standardowa;"Krótki rękaw";;https://www.zalando.pl/armani-exchange-t-shirt-z-nadrukiem-black-arc22o0pn-q11.html;4;zalando.pl;"2026-04-13 09:57:45.556+00";"2026-04-13 09:57:45.680423+00"
257;"Koszulki z krótkim rękawem (męskie)";"- T-shirt basic";"Pier One - T-shirt basic";119.00;PLN;149.00;;"100% bawełna";;"Kolor jednolity";Regular;Prosty;Okrągły;PI922O0GY-A17;Długa;"Krótki rękaw";;https://www.zalando.pl/pier-one-5-pack-t-shirt-basic-whiteblack-pi922o0gy-a17.html;4;zalando.pl;"2026-04-13 09:57:20.04+00";"2026-04-13 09:57:20.141397+00"
256;"Koszulki z krótkim rękawem (męskie)";"- T-shirt basic";"Pier One - T-shirt basic";59.00;PLN;59.00;99.00;"100% bawełna";;Melanż;Slim;Prosty;Okrągły;PI922O0GQ-Q12;Długa;"Krótki rękaw";;https://www.zalando.pl/pier-one-3-pack-t-shirt-basic-pi922o0gq-q12.html;4;zalando.pl;"2026-04-13 09:56:58.25+00";"2026-04-13 09:56:58.355104+00"
255;"Koszulki z krótkim rękawem (męskie)";"UNISEX REGULAR FIT GRAPHIC TOP - T-shirt z nadrukiem";"YOURTURN UNISEX REGULAR FIT GRAPHIC TOP - T-shirt z nadrukiem";24.00;PLN;32.00;79.00;"100% bawełna";;Nadruk;Regular;Prosty;Okrągły;YO121002D-J11;Standardowa;"Krótki rękaw";;https://www.zalando.pl/yourturn-t-shirt-z-nadrukiem-pink-yo121002d-j11.html;4;zalando.pl;"2026-04-13 09:56:32.762+00";"2026-04-13 09:56:32.86588+00"
254;"Koszulki z krótkim rękawem (męskie)";"- T-shirt z nadrukiem";"Polo Ralph Lauren - T-shirt z nadrukiem";639.00;PLN;30.00;649.00;"100% bawełna";;Nadruk;Regular;Prosty;Okrągły;PO222O0O4-Q11;Standardowa;"Krótki rękaw";;https://www.zalando.pl/polo-ralph-lauren-lunar-new-year-polo-bear-t-shirt-t-shirt-z-nadrukiem-black-po222o0o4-q11.html;4;zalando.pl;"2026-04-13 09:56:11.627+00";"2026-04-13 09:56:11.728318+00"
253;"Koszulki z krótkim rękawem (męskie)";"- T-shirt basic";"Urban Classics - T-shirt basic";70.00;PLN;70.00;79.00;"100% bawełna";;"Kolor jednolity";Nadwymiarowy;Prosty;Okrągły;UR622O074-Q11;Standardowa;"Krótki rękaw";;https://www.zalando.pl/urban-classics-heavy-t-shirt-basic-black-ur622o074-q11.html;4;zalando.pl;"2026-04-13 09:55:19.867+00";"2026-04-13 09:55:20.036451+00"
252;"Koszulki z krótkim rękawem (męskie)";"UNISEX - T-shirt z nadrukiem";"Lacoste UNISEX - T-shirt z nadrukiem";175.00;PLN;215.00;269.00;"65% bawełna, 35% poliester";;Nadruk;Regular;Prosty;Okrągły;LA2210056-A11;Standardowa;"Krótki rękaw";;https://www.zalando.pl/lacoste-unisex-t-shirt-z-nadrukiem-white-la2210056-a11.html;4;zalando.pl;"2026-04-13 09:50:05.654+00";"2026-04-13 09:50:06.870798+00"
251;"Koszulki z krótkim rękawem (męskie)";"RADIAL - Koszulka sportowa";"Under Armour RADIAL - Koszulka sportowa";129.00;PLN;30.00;159.00;"60% bawełna, 40% poliester";;Nadruk;Regular;Prosty;Okrągły;UN242D1C9-A11;Standardowa;"Krótki rękaw";;https://www.zalando.pl/under-armour-radial-koszulka-sportowa-whiteblack-un242d1c9-a11.html;4;zalando.pl;"2026-04-13 09:49:16.683+00";"2026-04-13 09:49:17.194313+00"
250;"Koszulki z krótkim rękawem (męskie)";"PI-YT-BAS0-0122 LONG SLEEVE TEE / 802 - BLACK - Bluzka z długim rękawem";"Pier One PI-YT-BAS0-0122 LONG SLEEVE TEE / 802 - BLACK - Bluzka z długim rękawem";39.00;PLN;44.00;49.00;"100% bawełna";;"Kolor jednolity";Slim;Prosty;Okrągły;PI922O0GP-A11;Standardowa;"Długi rękaw";;https://www.zalando.pl/pier-one-bluzka-z-dlugim-rekawem-white-pi922o0gp-a11.html;4;zalando.pl;"2026-04-13 09:48:22.363+00";"2026-04-13 09:48:22.744538+00"
249;"Koszulki z krótkim rękawem (męskie)";"CORE - Koszulka sportowa";"ASICS CORE - Koszulka sportowa";116.00;PLN;116.00;129.00;"100% poliester";;"Kolor jednolity";Regular;Prosty;Okrągły;AS142D0DG-C11;Standardowa;"Krótki rękaw";;https://www.zalando.pl/asics-core-top-koszulka-sportowa-carrier-grey-as142d0dg-c11.html;4;zalando.pl;"2026-04-13 09:47:34.438+00";"2026-04-13 09:47:34.542105+00"
248;"Koszulki z krótkim rękawem (męskie)";"UNISEX - Bluzka z długim rękawem";"YOURTURN UNISEX - Bluzka z długim rękawem";89.00;PLN;30.00;79.00;"100% bawełna";;Nadruk;"Loose fit";Prosty;Okrągły;YO12101LO-Q11;Długa;"Długi rękaw";;https://www.zalando.pl/yourturn-unisex-bluzka-z-dlugim-rekawem-blackwhite-yo12101lo-q11.html;4;zalando.pl;"2026-04-13 09:47:05.243+00";"2026-04-13 09:47:05.34492+00"
247;"Koszulki z krótkim rękawem (męskie)";"UNISEX - T-shirt z nadrukiem";"New Balance UNISEX - T-shirt z nadrukiem";129.00;PLN;30.00;179.00;"100% bawełna";;Nadruk;Regular;Prosty;Okrągły;NE222O0A1-Q11;Standardowa;"Krótki rękaw";;https://www.zalando.pl/new-balance-sport-essentials-stacked-logo-t-shirt-z-nadrukiem-black-ne222o0a1-q11.html;3;zalando.pl;"2026-04-13 09:46:07.173+00";"2026-04-13 09:46:07.281257+00"
246;"Koszulki z krótkim rękawem (męskie)";"- T-shirt z nadrukiem";"Mister Tee - T-shirt z nadrukiem";82.00;PLN;99.00;;"100% bawełna";"100% bawełna";Nadruk;Regular;Prosty;Okrągły;M0M22O1NI-A11;Standardowa;"Krótki rękaw";;https://www.zalando.pl/mister-tee-t-shirt-z-nadrukiem-white-m0m22o1ni-a11.html;3;zalando.pl;"2026-04-13 09:45:27.63+00";"2026-04-13 09:45:27.730935+00"
245;"Koszulki z krótkim rękawem (męskie)";"- Koszulka sportowa";"adidas Originals - Koszulka sportowa";219.00;PLN;30.00;159.00;"52% bawełna, 48% poliester";;"Kolor jednolity";Regular;Prosty;Okrągły;AD142D077-A11;Standardowa;"Krótki rękaw";;https://www.zalando.pl/adidas-originals-italy-t-shirt-z-nadrukiem-crystal-white-ad142d077-a11.html;3;zalando.pl;"2026-04-13 09:44:39.94+00";"2026-04-13 09:44:40.045031+00"
244;"Koszulki z krótkim rękawem (męskie)";"- T-shirt basic";"Pier One - T-shirt basic";59.00;PLN;69.00;99.00;"100% bawełna";;"Kolor jednolity";Dopasowany;;Okrągły;PI922O0GQ-Q14;Standardowa;"Krótki rękaw";;https://www.zalando.pl/pier-one-3-pack-t-shirt-basic-pi922o0gq-q14.html;3;zalando.pl;"2026-04-13 09:44:01.23+00";"2026-04-13 09:44:01.330917+00"
243;"Koszulki z krótkim rękawem (męskie)";"UNISEX - T-shirt z nadrukiem";"adidas Originals UNISEX - T-shirt z nadrukiem";143.00;PLN;127.00;159.00;"100% bawełna";;Nadruk;"Loose fit";Prosty;Okrągły;AD12100LT-M11;Standardowa;Półrękawek;;https://www.zalando.pl/adidas-originals-new-chili-unisex-t-shirt-z-nadrukiem-collegiate-green-ad12100lt-m11.html;3;zalando.pl;"2026-04-13 09:43:19.441+00";"2026-04-13 09:43:19.589731+00"
242;"Koszulki z krótkim rękawem (męskie)";"UNISEX - T-shirt z nadrukiem";"adidas Originals UNISEX - T-shirt z nadrukiem";161.00;PLN;125.00;179.00;"100% bawełna";;Nadruk;Regular;Prosty;Okrągły;AD12100LF-Q11;Długa;"Krótki rękaw";;https://www.zalando.pl/adidas-originals-airbrush-logo-unisex-t-shirt-z-nadrukiem-black-ad12100lf-q11.html;3;zalando.pl;"2026-04-13 09:42:26.771+00";"2026-04-13 09:42:26.874688+00"
241;"Koszulki z krótkim rękawem (męskie)";"- T-shirt basic";"YOURTURN - T-shirt basic";71.00;PLN;71.00;89.00;"100% bawełna";;"Kolor jednolity";"Loose fit";Prosty;Okrągły;YO12101QZ-O11;Standardowa;Półrękawek;;https://www.zalando.pl/yourturn-unisex-2-pack-t-shirt-basic-coffee-beanegret-yo12101qz-o11.html;3;zalando.pl;"2026-04-13 09:42:03.958+00";"2026-04-13 09:42:04.062258+00"
240;"Koszulki z krótkim rękawem (męskie)";"T-shirt basic";"Pier One T-shirt basic";29.00;PLN;34.00;49.00;"100% bawełna";;"Kolor jednolity";Dopasowany;;"Okrągły, głęboko wycięty";PI922O0H0-A11;Standardowa;"Krótki rękaw";;https://www.zalando.pl/pier-one-t-shirt-basic-bright-white-pi922o0h0-a11.html;3;zalando.pl;"2026-04-13 09:41:43.13+00";"2026-04-13 09:41:43.275298+00"
239;"Koszulki z krótkim rękawem (męskie)";"VENEZUELA - Koszulka reprezentacji";"adidas Performance VENEZUELA - Koszulka reprezentacji";439.00;PLN;30.00;539.00;"100% poliester";;;Regular;Prosty;"Wycięcie typu V";AD542D6R5-A11;Standardowa;"Krótki rękaw";;https://www.zalando.pl/adidas-performance-koszulka-sportowa-cloud-white-ad542d6r5-a11.html;3;zalando.pl;"2026-04-13 09:41:18.47+00";"2026-04-13 09:41:18.659545+00"
238;"Koszulki z krótkim rękawem (męskie)";"3 PACK - Koszulka polo";"Pier One 3 PACK - Koszulka polo";68.00;PLN;51.00;169.00;"100% bawełna";;"Kolor jednolity";Slim;Prosty;;PI922P05T-K15;Standardowa;"Krótki rękaw";;https://www.zalando.pl/pier-one-3-pack-koszulka-polo-bluewhitepink-pi922p05t-k15.html;3;zalando.pl;"2026-04-13 09:40:33.055+00";"2026-04-13 09:40:33.192397+00"
237;"Koszulki z krótkim rękawem (męskie)";"UNISEX - T-shirt basic";"YOURTURN UNISEX - T-shirt basic";71.00;PLN;71.00;119.00;"100% bawełna";;"Kolor jednolity";Nadwymiarowy;Prosty;Okrągły;YO12100DJ-A11;Standardowa;"Krótki rękaw";;https://www.zalando.pl/yourturn-3-pack-unisex-t-shirt-basic-whiteoff-whitelight-blue-yo12100dj-a11.html;3;zalando.pl;"2026-04-13 09:39:45.73+00";"2026-04-13 09:39:45.861183+00"
236;"Koszulki z krótkim rękawem (męskie)";"- T-shirt z nadrukiem";"BOSS - T-shirt z nadrukiem";174.00;PLN;187.00;249.00;"100% bawełna";;Nadruk;Regular;Prosty;Okrągły;BB122O0L8-Q16;Długa;"Krótki rękaw";;https://www.zalando.pl/boss-thinking-t-shirt-z-nadrukiem-black-bb122o0l8-q16.html;3;zalando.pl;"2026-04-13 09:39:11.342+00";"2026-04-13 09:39:11.488135+00"
235;"Koszulki z krótkim rękawem (męskie)";"- Bluzka z długim rękawem";"Polo Ralph Lauren - Bluzka z długim rękawem";289.00;PLN;30.00;339.00;"100% bawełna";;"Kolor jednolity";Regular;Prosty;Okrągły;PO222O03E-Q13;Standardowa;"Długi rękaw";;https://www.zalando.pl/polo-ralph-lauren-slim-fit-bluzka-z-dlugim-rekawem-po222o03e-q13.html;3;zalando.pl;"2026-04-13 09:38:32.049+00";"2026-04-13 09:38:32.152854+00"
234;"Koszulki z krótkim rękawem (męskie)";"ARGENTINA - Koszulka sportowa";"adidas Originals ARGENTINA - Koszulka sportowa";219.00;PLN;30.00;149.00;"52% bawełna, 48% poliester";;;Regular;Prosty;Okrągły;AD142D07A-K11;Standardowa;"Krótki rękaw";;https://www.zalando.pl/adidas-originals-argentina-t-shirt-z-nadrukiem-lucid-blue-ad142d07a-k11.html;3;zalando.pl;"2026-04-13 09:38:09.97+00";"2026-04-13 09:38:10.072398+00"
233;"Koszulki z krótkim rękawem (męskie)";"- Koszulka sportowa";"Nike Performance - Koszulka sportowa";80.00;PLN;80.00;159.00;"59% bawełna, 41% poliester";;Nadruk;Regular;Prosty;Okrągły;N1242D7ED-K11;Długa;"Krótki rękaw";;https://www.zalando.pl/nike-performance-tee-print-pack-koszulka-sportowa-comet-blue-n1242d7ed-k11.html;3;zalando.pl;"2026-04-13 09:37:19.969+00";"2026-04-13 09:37:20.122707+00"
232;"Koszulki z krótkim rękawem (męskie)";"UNISEX - T-shirt z nadrukiem";"adidas Originals UNISEX - T-shirt z nadrukiem";127.00;PLN;119.00;159.00;"100% bawełna";;"Kolor jednolity";Regular;Prosty;Okrągły;AD12100LW-K11;Standardowa;"Krótki rękaw";;https://www.zalando.pl/adidas-originals-tee-unisex-t-shirt-basic-crystal-sky-ad12100lw-k11.html;3;zalando.pl;"2026-04-13 09:36:34.166+00";"2026-04-13 09:36:34.268528+00"
231;"Koszulki z krótkim rękawem (męskie)";"PAUL - Koszulka polo";"BOSS PAUL - Koszulka polo";404.00;PLN;225.00;449.00;"92% bawełna, 8% elastan";;"Kolor jednolity";Regular;Prosty;;BB122O1E1-K11;Standardowa;"Krótki rękaw";;https://www.zalando.pl/boss-paul-koszulka-polo-open-blue-bb122o1e1-k11.html;3;zalando.pl;"2026-04-13 09:35:42.359+00";"2026-04-13 09:35:42.460773+00"
230;"Koszulki z krótkim rękawem (męskie)";"- T-shirt z nadrukiem";"RIPNDIP - T-shirt z nadrukiem";124.00;PLN;179.00;;"100% bawełna";"100% bawełna";Melanż;Regular;Prosty;Okrągły;RIA22O083-C11;Długa;"Krótki rękaw";;https://www.zalando.pl/ripndip-rip-n-dip-lord-nermal-pocket-t-shirt-z-nadrukiem-heather-grey-ria22o083-c11.html;3;zalando.pl;"2026-04-13 09:34:52.858+00";"2026-04-13 09:34:53.088369+00"
229;"Koszulki z krótkim rękawem (męskie)";"UNISEX - T-shirt basic";"YOURTURN UNISEX - T-shirt basic";87.00;PLN;93.00;109.00;"100% bawełna";;"Kolor jednolity";"Loose fit";Prosty;Okrągły;YO12100DJ-O11;Długa;"Krótki rękaw";;https://www.zalando.pl/yourturn-3-pack-unisex-t-shirt-basic-dark-brownoff-whitedark-grey-yo12100dj-o11.html;3;zalando.pl;"2026-04-13 09:34:32.263+00";"2026-04-13 09:34:32.365145+00"
228;"Koszulki z krótkim rękawem (męskie)";"UNISEX - T-shirt z nadrukiem";"Lacoste UNISEX - T-shirt z nadrukiem";175.00;PLN;242.00;269.00;"65% bawełna, 35% poliester";;Nadruk;Regular;Prosty;Okrągły;LA2210056-K11;Standardowa;"Krótki rękaw";;https://www.zalando.pl/lacoste-unisex-t-shirt-z-nadrukiem-light-blue-la2210056-k11.html;3;zalando.pl;"2026-04-13 09:34:12.335+00";"2026-04-13 09:34:12.438249+00"
227;"Koszulki z krótkim rękawem (męskie)";"UNISEX - T-shirt z nadrukiem";"YOURTURN UNISEX - T-shirt z nadrukiem";71.00;PLN;79.00;;"100% bawełna";;Nadruk;Regular;Prosty;Okrągły;YO12100YZ-Q11;Standardowa;"Krótki rękaw";;https://www.zalando.pl/yourturn-unisex-t-shirt-z-nadrukiem-black-yo12100yz-q11.html;3;zalando.pl;"2026-04-13 09:33:52.546+00";"2026-04-13 09:33:52.647091+00"
226;"Koszulki z krótkim rękawem (męskie)";"DERO - T-shirt basic";"HUGO DERO - T-shirt basic";125.00;PLN;143.00;179.00;"100% bawełna";;"Kolor jednolity";Regular;Prosty;Okrągły;HU722O0B2-Q12;Standardowa;"Krótki rękaw";;https://www.zalando.pl/hugo-dero-t-shirt-basic-schwarz-hu722o0b2-q12.html;3;zalando.pl;"2026-04-13 09:33:14.944+00";"2026-04-13 09:33:15.049281+00"
225;"Koszulki z krótkim rękawem (męskie)";"JAPAN 26 AWAY - Koszulka reprezentacji";"adidas Performance JAPAN 26 AWAY - Koszulka reprezentacji";439.00;PLN;30.00;449.00;"100% poliester";;"W paski";Regular;Dopasowany;"Wycięcie typu V";AD542D6CO-Q11;Standardowa;"Krótki rękaw";;https://www.zalando.pl/adidas-performance-japan-26-away-replica-lifestyle-koszulka-sportowa-off-whiteblack-ad542d6co-q11.html;3;zalando.pl;"2026-04-13 09:32:41.229+00";"2026-04-13 09:32:41.330786+00"
224;"Koszulki z krótkim rękawem (męskie)";"- T-shirt z nadrukiem";"adidas Originals - T-shirt z nadrukiem";118.00;PLN;118.00;139.00;"100% bawełna";;"Kolor jednolity";Regular;Prosty;Okrągły;AD122O19B-A11;Standardowa;"Krótki rękaw";;https://www.zalando.pl/adidas-originals-tee-t-shirt-basic-cloud-white-ad122o19b-a11.html;3;zalando.pl;"2026-04-13 09:32:18.743+00";"2026-04-13 09:32:18.845584+00"
223;"Koszulki z krótkim rękawem (męskie)";"UNISEX - T-shirt z nadrukiem";"YOURTURN UNISEX - T-shirt z nadrukiem";89.00;PLN;30.00;79.00;"100% bawełna";;Nadruk;"Loose fit";Prosty;;YO12101KI-A11;Standardowa;Półrękawek;;https://www.zalando.pl/yourturn-unisex-t-shirt-z-nadrukiem-white-yo12101ki-a11.html;2;zalando.pl;"2026-04-13 09:31:22.055+00";"2026-04-13 09:31:22.364721+00"
222;"Koszulki z krótkim rękawem (męskie)";"- Koszulka sportowa";"adidas Originals - Koszulka sportowa";229.00;PLN;30.00;159.00;"100% bawełna";;;Regular;Prosty;Okrągły;AD142D07C-A11;Standardowa;"Krótki rękaw";;https://www.zalando.pl/adidas-originals-argentina-originals-t-shirt-z-nadrukiem-off-white-ad142d07c-a11.html;2;zalando.pl;"2026-04-13 09:30:55.836+00";"2026-04-13 09:30:55.93893+00"
221;"Koszulki z krótkim rękawem (męskie)";"UNISEX - T-shirt basic";"YOURTURN UNISEX - T-shirt basic";76.00;PLN;76.00;109.00;"100% bawełna";;"Kolor jednolity";"Loose fit";Prosty;;YO12100DJ-Q13;Długa;"Krótki rękaw";;https://www.zalando.pl/yourturn-unisex-3-pack-t-shirt-basic-blackkhakipink-yo12100dj-q13.html;2;zalando.pl;"2026-04-13 09:30:13.422+00";"2026-04-13 09:30:13.524238+00"
220;"Koszulki z krótkim rękawem (męskie)";"UNISEX - T-shirt basic";"YOURTURN UNISEX - T-shirt basic";87.00;PLN;76.00;109.00;"100% bawełna";;Melanż;Nadwymiarowy;Prosty;Okrągły;YO12100DJ-Q12;Długa;Półrękawek;;https://www.zalando.pl/yourturn-3-pack-unisex-t-shirt-basic-blacklight-greywhite-yo12100dj-q12.html;2;zalando.pl;"2026-04-13 09:29:42.344+00";"2026-04-13 09:29:42.445512+00"
219;"Koszulki z krótkim rękawem (męskie)";"Bluzka z długim rękawem";"Pier One Bluzka z długim rękawem";30.00;PLN;52.00;69.00;"100% bawełna";;Nadruk;Slim;Dopasowany;Okrągły;PI922O0R6-K11;Standardowa;"Długi rękaw";;https://www.zalando.pl/pier-one-bluzka-z-dlugim-rekawem-dark-blue-pi922o0r6-k11.html;2;zalando.pl;"2026-04-13 09:29:09.99+00";"2026-04-13 09:29:10.160203+00"
218;"Koszulki z krótkim rękawem (męskie)";"5 PACK - T-shirt basic";"Pier One 5 PACK - T-shirt basic";135.00;PLN;135.00;169.00;"100% bawełna";;"Kolor jednolity";Regular;Prosty;Okrągły;PI922O0TV-A11;Standardowa;"Krótki rękaw";;https://www.zalando.pl/pier-one-5-pack-t-shirt-basic-whiteblackdark-blue-pi922o0tv-a11.html;2;zalando.pl;"2026-04-13 09:28:47.949+00";"2026-04-13 09:28:48.049849+00"
217;"Koszulki z krótkim rękawem (męskie)";"UNISEX - T-shirt basic";"Nike Sportswear UNISEX - T-shirt basic";109.00;PLN;30.00;139.00;"100% bawełna";;"Kolor jednolity";Regular;Prosty;Okrągły;NI122O0CE-K32;Standardowa;"Krótki rękaw";;https://www.zalando.pl/nike-sportswear-club-tee-t-shirt-basic-royal-pulse-ni122o0ce-k32.html;2;zalando.pl;"2026-04-13 09:28:07.772+00";"2026-04-13 09:28:07.882965+00"
216;"Koszulki z krótkim rękawem (męskie)";"BERMUDA SET - Spodnie treningowe";"PULL&amp;BEAR BERMUDA SET - Spodnie treningowe";87.90;PLN;30.00;159.00;"100% bawełna";;"Kolor jednolity";Regular;Prosty;Okrągły;PUC22O1UA-Q11;;"Krótki rękaw";;https://www.zalando.pl/pullandbear-t-shirt-basic-black-puc22o1ua-q11.html;2;zalando.pl;"2026-04-13 08:53:32.077+00";"2026-04-13 08:53:32.438308+00"
215;"Koszulki z krótkim rękawem (męskie)";"UNISEX - T-shirt z nadrukiem";"adidas Originals UNISEX - T-shirt z nadrukiem";143.00;PLN;159.00;;"100% bawełna";;Nadruk;"Loose fit";Prosty;Okrągły;AD12100NO-Q11;Standardowa;Półrękawek;;https://www.zalando.pl/adidas-originals-cherry-tee-unisex-t-shirt-z-nadrukiem-carbon-ad12100no-q11.html;2;zalando.pl;"2026-04-13 08:52:38.896+00";"2026-04-13 08:52:40.059678+00"
214;"Koszulki z krótkim rękawem (męskie)";"- T-shirt basic";"Urban Classics - T-shirt basic";49.00;PLN;49.00;79.00;"100% bawełna";;"Kolor jednolity";Nadwymiarowy;Prosty;Okrągły;UR622O03J-Q11;Standardowa;Półrękawek;;https://www.zalando.pl/urban-classics-t-shirt-basic-black-ur622o03j-q11.html;2;zalando.pl;"2026-04-13 08:51:53.366+00";"2026-04-13 08:51:53.883861+00"
213;"Koszulki z krótkim rękawem (męskie)";"- T-shirt basic";"Lacoste - T-shirt basic";179.00;PLN;179.00;299.00;"100% bawełna";;"Kolor jednolity";Regular;Prosty;Okrągły;LA222O0DK-M11;Standardowa;"Krótki rękaw";;https://www.zalando.pl/lacoste-th7318_cca-t-shirt-z-nadrukiem-green-la222o0dk-m11.html;2;zalando.pl;"2026-04-13 08:51:29.662+00";"2026-04-13 08:51:29.878533+00"
212;"Koszulki z krótkim rękawem (męskie)";"UNISEX - T-shirt z nadrukiem";"EA7 Emporio Armani UNISEX - T-shirt z nadrukiem";152.00;PLN;133.00;379.00;"60% bawełna, 40% poliester";;Nadruk;"Regular Fit";Prosty;Okrągły;EA721001V-T11;Standardowa;"Krótki rękaw";;https://www.zalando.pl/ea7-emporio-armani-train-logo-series-tee-unisex-t-shirt-z-nadrukiem-blackgold-coloured-ea721001v-t11.html;2;zalando.pl;"2026-04-13 08:50:53.445+00";"2026-04-13 08:50:53.548053+00"
211;"Koszulki z krótkim rękawem (męskie)";"- Koszulka polo";"Polo Ralph Lauren - Koszulka polo";539.00;PLN;599.00;;"95% bawełna, 5% elastan";;"Kolor jednolity";Slim;Dopasowany;;PO222P0P0-A11;Standardowa;"Krótki rękaw";;https://www.zalando.pl/polo-ralph-lauren-custom-slim-fit-stretch-mesh-polo-shirt-koszulka-polo-white-po222p0p0-a11.html;2;zalando.pl;"2026-04-13 08:50:03.337+00";"2026-04-13 08:50:03.437466+00"
210;"Koszulki z krótkim rękawem (męskie)";"- T-shirt basic";"U.S. Polo Assn. - T-shirt basic";299.99;PLN;550.00;;"100% bawełna";;"Kolor jednolity";Regular;Prosty;Okrągły;US222O07C-M11;Standardowa;"Krótki rękaw";;https://www.zalando.pl/us-polo-assn-5-pack-t-shirt-basic-white-taps-darksap-croc-forest-us222o07c-m11.html;2;zalando.pl;"2026-04-13 08:49:10.638+00";"2026-04-13 08:49:10.738493+00"
209;"Koszulki z krótkim rękawem (męskie)";"UNISEX - T-shirt z nadrukiem";"adidas Originals UNISEX - T-shirt z nadrukiem";127.00;PLN;143.00;159.00;"100% bawełna";;Nadruk;"Loose fit";Prosty;Okrągły;AD12100LR-A11;Standardowa;Półrękawek;;https://www.zalando.pl/adidas-originals-vday-cat-tee-unisex-t-shirt-z-nadrukiem-off-white-ad12100lr-a11.html;2;zalando.pl;"2026-04-13 08:48:37.363+00";"2026-04-13 08:48:37.778623+00"
208;"Koszulki z krótkim rękawem (męskie)";"ARJUN - T-shirt basic";"U.S. Polo Assn. ARJUN - T-shirt basic";209.99;PLN;375.00;;"100% bawełna";;"Kolor jednolity";Regular;Prosty;Okrągły;US222O03W-K12;Standardowa;"Krótki rękaw";;https://www.zalando.pl/us-polo-assn-arjun-3-pack-t-shirt-basic-tap-shoe-white-placid-blue-us222o03w-k12.html;2;zalando.pl;"2026-04-13 08:47:44.635+00";"2026-04-13 08:47:44.742138+00"
207;"Koszulki z krótkim rękawem (męskie)";"UNISEX - T-shirt z nadrukiem";"YOURTURN UNISEX - T-shirt z nadrukiem";79.00;PLN;30.00;79.00;"100% bawełna";;"W kwiatki";Regular;Prosty;Okrągły;YO12101YC-A11;Standardowa;Półrękawek;;https://www.zalando.pl/yourturn-unisrx-t-shirt-z-nadrukiem-bright-white-yo12101yc-a11.html;2;zalando.pl;"2026-04-13 08:47:05.767+00";"2026-04-13 08:47:05.920774+00"
206;"Koszulki z krótkim rękawem (męskie)";"- Koszulka sportowa";"Under Armour - Koszulka sportowa";143.00;PLN;119.00;159.00;"84% poliester, 16% elastan";"92% poliester, 8% elastan";"Kolor jednolity";Skinny;"Dopasowanie do figury";Okrągły;UN242D0RI-N11;Standardowa;"Krótki rękaw";;https://www.zalando.pl/under-armour-comp-ss-podkoszulki-marine-greenwhite-un242d0ri-n11.html;2;zalando.pl;"2026-04-13 08:46:12.146+00";"2026-04-13 08:46:12.247613+00"
205;"Koszulki z krótkim rękawem (męskie)";"3 PACK - Top";"Pier One 3 PACK - Top";45.00;PLN;45.00;89.00;"100% bawełna";;"Kolor jednolity";Regular;Prosty;"Okrągły, głęboko wycięty";PI922O0X4-Q11;Standardowa;"Bez rękawów";;https://www.zalando.pl/pier-one-3-pack-top-black-pi922o0x4-q11.html;2;zalando.pl;"2026-04-13 08:45:43.399+00";"2026-04-13 08:45:43.721689+00"
204;"Koszulki z krótkim rękawem (męskie)";"JJWOLFIE 5 PACK - T-shirt z nadrukiem";"Jack &amp; Jones JJWOLFIE 5 PACK - T-shirt z nadrukiem";148.00;PLN;135.00;269.00;"100% bawełna";;"W kwiatki";"Loose fit";Prosty;Okrągły;JA22100BX-O11;Standardowa;Półrękawek;;https://www.zalando.pl/jack-and-jones-jjwolfie-tee-crew-neck-unisex-5-pack-t-shirt-z-nadrukiem-chocolate-brown-whitemoonbeamblack-ja22100bx-o11.html;2;zalando.pl;"2026-04-13 08:45:11.158+00";"2026-04-13 08:45:11.289204+00"
203;"Koszulki z krótkim rękawem (męskie)";"UNISEX - T-shirt basic";"Nike Sportswear UNISEX - T-shirt basic";79.00;PLN;79.00;99.00;"100% bawełna";;Melanż;"Loose fit";Dopasowany;Okrągły;NI122O0CE-C11;Standardowa;"Krótki rękaw";;https://www.zalando.pl/nike-sportswear-club-tee-t-shirt-basic-ni122o0ce-c11.html;2;zalando.pl;"2026-04-13 08:44:47.561+00";"2026-04-13 08:44:47.875296+00"
202;"Koszulki z krótkim rękawem (męskie)";"- T-shirt basic";"Levi&#x27;s® - T-shirt basic";60.00;PLN;60.00;119.00;"100% bawełna";;Melanż;Regular;Prosty;Okrągły;LE2210035-K14;Standardowa;"Krótki rękaw";;https://www.zalando.pl/levis-original-tee-t-shirt-z-nadrukiem-true-indigodark-indigo-le2210035-k14.html;2;zalando.pl;"2026-04-13 08:44:10.338+00";"2026-04-13 08:44:10.492916+00"
201;"Koszulki z krótkim rękawem (męskie)";"UNISEX - T-shirt basic";"Lacoste UNISEX - T-shirt basic";174.00;PLN;224.00;249.00;"65% bawełna, 35% poliester";;"Kolor jednolity";Regular;Prosty;;LA2210050-N11;Standardowa;"Krótki rękaw";;https://www.zalando.pl/lacoste-unisex-t-shirt-basic-khaki-la2210050-n11.html;2;zalando.pl;"2026-04-13 08:43:27.724+00";"2026-04-13 08:43:27.825109+00"
200;"Koszulki z krótkim rękawem (męskie)";"UNISEX - T-shirt basic";"Lacoste UNISEX - T-shirt basic";174.00;PLN;224.00;249.00;"65% bawełna, 35% poliester";;"Kolor jednolity";Regular;Prosty;Okrągły;LA2210050-K12;Standardowa;"Krótki rękaw";;https://www.zalando.pl/lacoste-unisex-t-shirt-basic-light-blue-la2210050-k12.html;2;zalando.pl;"2026-04-13 08:42:54.924+00";"2026-04-13 08:42:55.257721+00"
199;"Koszulki z krótkim rękawem (męskie)";"JORCALIFLO TEE CREW NECK - T-shirt z nadrukiem";"Jack &amp; Jones JORCALIFLO TEE CREW NECK - T-shirt z nadrukiem";71.00;PLN;79.00;;"100% bawełna";;Nadruk;Regular;Prosty;Okrągły;JA222O3HA-A11;Standardowa;"Krótki rękaw";;https://www.zalando.pl/jack-and-jones-jorcaliflo-tee-crew-neck-t-shirt-z-nadrukiem-white-ja222o3ha-a11.html;1;zalando.pl;"2026-04-13 08:42:06.627+00";"2026-04-13 08:42:06.808291+00"
198;"Koszulki z krótkim rękawem (męskie)";"T-shirt z nadrukiem";"Pier One T-shirt z nadrukiem";35.00;PLN;35.00;59.00;"100% bawełna";;Nadruk;Regular;Prosty;Okrągły;PI922O09R-M11;Standardowa;"Krótki rękaw";;https://www.zalando.pl/pier-one-t-shirt-z-nadrukiem-dark-green-pi922o09r-m11.html;1;zalando.pl;"2026-04-13 08:41:17.968+00";"2026-04-13 08:41:18.072439+00"
197;"Koszulki z krótkim rękawem (męskie)";"JJFLAG TEE CREW NECK - T-shirt z nadrukiem";"Jack &amp; Jones JJFLAG TEE CREW NECK - T-shirt z nadrukiem";62.00;PLN;69.00;;"100% bawełna";;Nadruk;Regular;Prosty;Okrągły;JA222O53U-Q11;Długa;"Krótki rękaw";;https://www.zalando.pl/jack-and-jones-jjflag-tee-crew-neck-t-shirt-z-nadrukiem-black-ja222o53u-q11.html;1;zalando.pl;"2026-04-13 08:40:38.939+00";"2026-04-13 08:40:39.076752+00"
196;"Koszulki z krótkim rękawem (męskie)";"- T-shirt basic";"Levi&#x27;s® - T-shirt basic";87.00;PLN;93.00;109.00;"100% bawełna";;"Kolor jednolity";Regular;Dopasowany;Okrągły;LE222O032-K12;Standardowa;"Krótki rękaw";;https://www.zalando.pl/levisr-501-original-tee-t-shirt-basic-le222o032-k12.html;1;zalando.pl;"2026-04-13 08:39:59.95+00";"2026-04-13 08:40:00.055409+00"
195;"Koszulki z krótkim rękawem (męskie)";"- T-shirt z nadrukiem";"Ellesse - T-shirt z nadrukiem";89.00;PLN;84.00;99.00;"100% bawełna";;Nadruk;Regular;Prosty;Okrągły;EL922O0GD-Q11;Standardowa;"Krótki rękaw";;https://www.zalando.pl/ellesse-ollio-t-shirt-z-nadrukiem-black-el922o0gd-q11.html;1;zalando.pl;"2026-04-13 08:39:25.957+00";"2026-04-13 08:39:26.095627+00"
194;"Koszulki z krótkim rękawem (męskie)";"UNISEX - T-shirt z nadrukiem";"Pier One UNISEX - T-shirt z nadrukiem";41.00;PLN;35.00;69.00;"100% bawełna";;Nadruk;"Loose fit";Prosty;Okrągły;PI922O14C-M11;Standardowa;Półrękawek;;https://www.zalando.pl/pier-one-unisex-t-shirt-z-nadrukiem-pine-grove-pi922o14c-m11.html;1;zalando.pl;"2026-04-13 08:38:48.25+00";"2026-04-13 08:38:48.349933+00"
193;"Koszulki z krótkim rękawem (męskie)";"- T-shirt z nadrukiem";"Tommy Jeans - T-shirt z nadrukiem";104.00;PLN;82.00;149.00;"100% bawełna";;Nadruk;Regular;Prosty;Okrągły;TOB22O0TM-Q11;Standardowa;"Krótki rękaw";;https://www.zalando.pl/tommy-jeans-tee-t-shirt-z-nadrukiem-black-tob22o0tm-q11.html;1;zalando.pl;"2026-04-13 08:38:21.346+00";"2026-04-13 08:38:21.44643+00"
192;"Koszulki z krótkim rękawem (męskie)";"ARJUN - T-shirt basic";"U.S. Polo Assn. ARJUN - T-shirt basic";212.99;PLN;350.00;;"100% bawełna";;"Kolor jednolity";Regular;Prosty;Okrągły;US222O03W-M11;Standardowa;"Krótki rękaw";;https://www.zalando.pl/us-polo-assn-arjun-3-pack-t-shirt-basic-dark-sapphirecrockeryyucca-us222o03w-m11.html;1;zalando.pl;"2026-04-13 08:37:43.949+00";"2026-04-13 08:37:44.055063+00"
191;"Koszulki z krótkim rękawem (męskie)";"- T-shirt z nadrukiem";"Jack &amp; Jones - T-shirt z nadrukiem";63.00;PLN;55.00;79.00;"100% bawełna";;Nadruk;"Loose fit";Prosty;Okrągły;JA222O5OU-A12;Standardowa;"Krótki rękaw";;https://www.zalando.pl/jack-and-jones-t-shirt-z-nadrukiem-cloud-dancer-ja222o5ou-a12.html;1;zalando.pl;"2026-04-13 08:37:05.768+00";"2026-04-13 08:37:06.087296+00"
190;"Koszulki z krótkim rękawem (męskie)";"- T-shirt basic";"SIKSILK - T-shirt basic";87.00;PLN;104.00;174.00;"95% bawełna, 5% elastan";;"Kolor jednolity";Slim;Prosty;Okrągły;SIF22O1BV-G11;Standardowa;"Krótki rękaw";;https://www.zalando.pl/siksilk-t-shirt-basic-white-burgundy-sif22o1bv-g11.html;1;zalando.pl;"2026-04-13 08:36:44.269+00";"2026-04-13 08:36:44.491834+00"
189;"Koszulki z krótkim rękawem (męskie)";"ARJUN - T-shirt basic";"U.S. Polo Assn. ARJUN - T-shirt basic";212.99;PLN;375.00;;"100% bawełna";;"Kolor jednolity";Regular;Prosty;Okrągły;US222O03W-T11;Standardowa;"Krótki rękaw";;https://www.zalando.pl/us-polo-assn-arjun-3-pack-t-shirt-basic-tap-shoe-white-dark-sapphire-us222o03w-t11.html;1;zalando.pl;"2026-04-13 08:36:22.051+00";"2026-04-13 08:36:22.156022+00"
188;"Koszulki z krótkim rękawem (męskie)";"- Koszulka polo";"Kappa - Koszulka polo";64.99;PLN;175.00;;"100% bawełna";;"Kolor jednolity";Regular;Prosty;;K5F22Q000-K11;Standardowa;"Krótki rękaw";;https://www.zalando.pl/kappa-gara-koszulka-polo-blue-marine-k5f22q000-k11.html;1;zalando.pl;"2026-04-13 08:35:36.176+00";"2026-04-13 08:35:36.331743+00"
187;"Koszulki z krótkim rękawem (męskie)";"- T-shirt z nadrukiem";"Jack &amp; Jones - T-shirt z nadrukiem";176.95;PLN;176.95;294.99;"100% bawełna";;"Kolor jednolity";Regular;Prosty;Okrągły;JA222O6IV-Q11;Standardowa;"Krótki rękaw";;https://www.zalando.pl/jack-and-jones-t-shirt-z-nadrukiem-black-ja222o6iv-q11.html;1;zalando.pl;"2026-04-13 08:34:53.73+00";"2026-04-13 08:34:53.839788+00"
186;"Koszulki z krótkim rękawem (męskie)";"- T-shirt basic";"Pier One - T-shirt basic";50.00;PLN;69.00;99.00;"100% bawełna";;Melanż;Prosty;;Okrągły;PI922O0GQ-G11;Standardowa;"Krótki rękaw";;https://www.zalando.pl/pier-one-3-pack-t-shirt-basic-pi922o0gq-g11.html;1;zalando.pl;"2026-04-13 08:34:02.943+00";"2026-04-13 08:34:08.047804+00"
185;"Koszulki z krótkim rękawem (męskie)";"T-shirt z nadrukiem";"Pier One T-shirt z nadrukiem";30.00;PLN;24.00;59.00;"100% bawełna";;Nadruk;Regular;Prosty;Okrągły;PI922OA3B-K11;Długa;"Krótki rękaw";;https://www.zalando.pl/pier-one-t-shirt-z-nadrukiem-navywhite-pi922oa3b-k11.html;1;zalando.pl;"2026-04-13 08:33:19.425+00";"2026-04-13 08:33:19.533458+00"
184;"Koszulki z krótkim rękawem (męskie)";"- T-shirt z nadrukiem";"Calvin Klein Jeans - T-shirt z nadrukiem";103.00;PLN;71.00;129.00;"100% bawełna";;Nadruk;Regular;Prosty;Okrągły;C1822O0PZ-Q11;Standardowa;"Krótki rękaw";;https://www.zalando.pl/calvin-klein-jeans-shadow-logo-tee-t-shirt-z-nadrukiem-black-c1822o0pz-q11.html;1;zalando.pl;"2026-04-13 08:32:45.427+00";"2026-04-13 08:32:45.545716+00"
183;"Koszulki z krótkim rękawem (męskie)";"- Koszulka polo";"OCHNIK - Koszulka polo";79.90;PLN;129.90;;"100% bawełna";;"Kolor jednolity";Regular;Prosty;;OC922O02I-B11;Standardowa;"Krótki rękaw";;https://www.zalando.pl/ochnik-koszulka-polo-bezowy-oc922o02i-b11.html;1;zalando.pl;"2026-04-13 08:32:19.668+00";"2026-04-13 08:32:19.960954+00"
182;"Koszulki z krótkim rękawem (męskie)";"- T-shirt basic";"U.S. Polo Assn. - T-shirt basic";299.99;PLN;550.00;;"100% bawełna";;"Kolor jednolity";Regular;Prosty;Okrągły;US222O07C-M11;Standardowa;"Krótki rękaw";;https://www.zalando.pl/us-polo-assn-5-pack-t-shirt-basic-white-taps-darksap-croc-forest-us222o07c-m11.html;1;zalando.pl;"2026-04-13 08:31:31.536+00";"2026-04-13 08:31:31.640491+00"
181;"Koszulki z krótkim rękawem (męskie)";"ACDC - T-shirt z nadrukiem";"Mister Tee ACDC - T-shirt z nadrukiem";67.00;PLN;76.00;119.00;"100% bawełna";;Nadruk;Regular;Prosty;Okrągły;M0M22O0DV-Q11;Standardowa;"Krótki rękaw";;https://www.zalando.pl/mister-tee-acdc-back-in-black-tee-t-shirt-z-nadrukiem-black-m0m22o0dv-q11.html;1;zalando.pl;"2026-04-13 08:31:12.223+00";"2026-04-13 08:31:12.328392+00"
180;"Koszulki z krótkim rękawem (męskie)";"- T-shirt z nadrukiem";"Diverse - T-shirt z nadrukiem";44.99;PLN;49.99;;"100% bawełna";"100% bawełna";Nadruk;Regular;Prosty;Okrągły;D8D22O0OH-Q11;Standardowa;"Krótki rękaw";;https://www.zalando.pl/diverse-t-shirt-z-nadrukiem-czarny-d8d22o0oh-q11.html;1;zalando.pl;"2026-04-13 08:30:25.036+00";"2026-04-13 08:30:25.136698+00"
179;"Koszulki z krótkim rękawem (męskie)";"JJELOGO - T-shirt z nadrukiem";"Jack &amp; Jones JJELOGO - T-shirt z nadrukiem";161.00;PLN;135.00;269.00;"100% bawełna";;Nadruk;Regular;Prosty;Okrągły;JA222O5WI-Q11;Standardowa;"Krótki rękaw";;https://www.zalando.pl/jack-and-jones-jjelogo-tee-ss-o-neck-2-col-ss25-5pk-mp-t-shirt-z-nadrukiem-oceanview-packw-skycaptaincastlerockwhiteicebergg-ja222o5wi-q11.html;1;zalando.pl;"2026-04-13 08:29:44.422+00";"2026-04-13 08:29:44.528906+00"
178;"Koszulki z krótkim rękawem (męskie)";"KETHAN - T-shirt z nadrukiem";"Redefined Rebel KETHAN - T-shirt z nadrukiem";79.00;PLN;30.00;119.00;"100% bawełna";;Nadruk;"Loose fit";Prosty;Okrągły;R06210076-Q11;Długa;"Krótki rękaw";;https://www.zalando.pl/redefined-rebel-rrkethan-tee-unisex-t-shirt-z-nadrukiem-black-r06210076-q11.html;1;zalando.pl;"2026-04-13 08:29:06.426+00";"2026-04-13 08:29:06.532185+00"
177;"Koszulki z krótkim rękawem (męskie)";"- T-shirt z nadrukiem";"Jack &amp; Jones - T-shirt z nadrukiem";89.00;PLN;30.00;89.00;"100% bawełna";;Nadruk;"Loose fit";Prosty;Okrągły;JA222O5OO-C11;Długa;"Krótki rękaw";;https://www.zalando.pl/jack-and-jones-jormykonos-back-tee-crew-neck-t-shirt-z-nadrukiem-gray-mist-ja222o5oo-c11.html;1;zalando.pl;"2026-04-13 08:28:30.127+00";"2026-04-13 08:28:30.228917+00"
176;"Koszulki z krótkim rękawem (męskie)";"- T-shirt z nadrukiem";"Jack &amp; Jones - T-shirt z nadrukiem";55.00;PLN;35.00;69.00;"100% bawełna";;Nadruk;Regular;Prosty;Okrągły;JA222O5I1-K11;Standardowa;"Krótki rękaw";;https://www.zalando.pl/jack-and-jones-jjejeff-corp-logo-tee-ss-o-neck-noos-t-shirt-z-nadrukiem-navy-blazer-detailflower-ja222o5i1-k11.html;1;zalando.pl;"2026-04-13 08:27:55.624+00";"2026-04-13 08:27:55.749673+00"
